ISO-10303-21;
HEADER;
FILE_DESCRIPTION(('convert3d DWG import'),'2;1');
FILE_NAME('converted','2024-01-01',(''),(''),'','convert3d','');
FILE_SCHEMA(('AUTOMOTIVE_DESIGN { 1 0 10303 214 1 1 1 1 }'));
ENDSEC;
DATA;
#1=APPLICATION_PROTOCOL_DEFINITION('international standard','automotive_design',2000,#2);
#2=APPLICATION_CONTEXT('core data for automotive mechanical design processes');
#3=SHAPE_DEFINITION_REPRESENTATION(#4,#15199);
#4=PRODUCT_DEFINITION_SHAPE('','',#5);
#5=PRODUCT_DEFINITION('design','',#6,#9);
#6=PRODUCT_DEFINITION_FORMATION('','',#7);
#7=PRODUCT('Part','Part','',(#8));
#8=PRODUCT_CONTEXT('',#2,'mechanical');
#9=PRODUCT_DEFINITION_CONTEXT('part definition',#2,'design');
#20=CARTESIAN_POINT('',(-0.013549999999999994,-0.00001,0.));
#21=DIRECTION('',(1.,0.,0.));
#22=DIRECTION('',(0.,0.,-1.));
#23=AXIS2_PLACEMENT_3D('',#20,#21,#22);
#24=PLANE('',#23);
#25=CARTESIAN_POINT('',(-0.013549999999999994,0.,0.));
#26=DIRECTION('',(0.,0.,-1.));
#27=VECTOR('',#26,1.);
#28=LINE('',#25,#27);
#29=CARTESIAN_POINT('',(-0.013549999999999994,0.,-0.0008300000000001587));
#30=VERTEX_POINT('',#29);
#31=CARTESIAN_POINT('',(-0.013549999999999994,0.,0.006229999999999841));
#32=VERTEX_POINT('',#31);
#33=EDGE_CURVE('',#30,#32,#28,.T.);
#34=ORIENTED_EDGE('',*,*,#33,.T.);
#35=CARTESIAN_POINT('',(-0.013549999999999994,-0.00001,0.006229999999999841));
#36=DIRECTION('',(0.,1.,0.));
#37=VECTOR('',#36,1.);
#38=LINE('',#35,#37);
#39=CARTESIAN_POINT('',(-0.013549999999999994,-0.00001,0.006229999999999841));
#40=VERTEX_POINT('',#39);
#41=EDGE_CURVE('',#32,#40,#38,.T.);
#42=ORIENTED_EDGE('',*,*,#41,.T.);
#43=CARTESIAN_POINT('',(-0.013549999999999994,-0.00001,0.));
#44=DIRECTION('',(0.,0.,-1.));
#45=VECTOR('',#44,1.);
#46=LINE('',#43,#45);
#47=CARTESIAN_POINT('',(-0.013549999999999994,-0.00001,-0.0008300000000001587));
#48=VERTEX_POINT('',#47);
#49=EDGE_CURVE('',#40,#48,#46,.T.);
#50=ORIENTED_EDGE('',*,*,#49,.T.);
#51=CARTESIAN_POINT('',(-0.013549999999999994,-0.00001,-0.0008300000000001587));
#52=DIRECTION('',(0.,1.,0.));
#53=VECTOR('',#52,1.);
#54=LINE('',#51,#53);
#55=EDGE_CURVE('',#48,#30,#54,.T.);
#56=ORIENTED_EDGE('',*,*,#55,.T.);
#57=EDGE_LOOP('',(#34,#42,#50,#56));
#58=FACE_OUTER_BOUND('',#57,.T.);
#59=ADVANCED_FACE('',(#58),#24,.F.);
#60=CARTESIAN_POINT('',(0.,-0.00001,-0.0008300000000001587));
#61=DIRECTION('',(0.,0.,1.));
#62=DIRECTION('',(1.,0.,0.));
#63=AXIS2_PLACEMENT_3D('',#60,#61,#62);
#64=PLANE('',#63);
#65=CARTESIAN_POINT('',(0.,0.,-0.0008300000000001587));
#66=DIRECTION('',(1.,0.,0.));
#67=VECTOR('',#66,1.);
#68=LINE('',#65,#67);
#69=CARTESIAN_POINT('',(-0.009678571428571424,0.,-0.0008300000000001587));
#70=VERTEX_POINT('',#69);
#71=EDGE_CURVE('',#70,#30,#68,.T.);
#72=ORIENTED_EDGE('',*,*,#71,.T.);
#73=CARTESIAN_POINT('',(-0.013549999999999994,-0.00001,-0.0008300000000001587));
#74=DIRECTION('',(0.,1.,0.));
#75=VECTOR('',#74,1.);
#76=LINE('',#73,#75);
#77=EDGE_CURVE('',#48,#30,#76,.T.);
#78=ORIENTED_EDGE('',*,*,#77,.F.);
#79=CARTESIAN_POINT('',(0.,-0.00001,-0.0008300000000001587));
#80=DIRECTION('',(1.,0.,0.));
#81=VECTOR('',#80,1.);
#82=LINE('',#79,#81);
#83=CARTESIAN_POINT('',(-0.009678571428571424,-0.00001,-0.0008300000000001587));
#84=VERTEX_POINT('',#83);
#85=EDGE_CURVE('',#48,#84,#82,.T.);
#86=ORIENTED_EDGE('',*,*,#85,.T.);
#87=CARTESIAN_POINT('',(-0.009678571428571424,-0.00001,-0.0008300000000001587));
#88=DIRECTION('',(0.,1.,0.));
#89=VECTOR('',#88,1.);
#90=LINE('',#87,#89);
#91=EDGE_CURVE('',#84,#70,#90,.T.);
#92=ORIENTED_EDGE('',*,*,#91,.T.);
#93=EDGE_LOOP('',(#72,#78,#86,#92));
#94=FACE_OUTER_BOUND('',#93,.T.);
#95=ADVANCED_FACE('',(#94),#64,.F.);
#96=CARTESIAN_POINT('',(-0.009678571428571424,-0.00001,0.));
#97=DIRECTION('',(1.,0.,0.));
#98=DIRECTION('',(0.,0.,-1.));
#99=AXIS2_PLACEMENT_3D('',#96,#97,#98);
#100=PLANE('',#99);
#101=CARTESIAN_POINT('',(-0.009678571428571424,0.,0.));
#102=DIRECTION('',(0.,0.,-1.));
#103=VECTOR('',#102,1.);
#104=LINE('',#101,#103);
#105=CARTESIAN_POINT('',(-0.009678571428571424,0.,0.006229999999999841));
#106=VERTEX_POINT('',#105);
#107=EDGE_CURVE('',#106,#70,#104,.T.);
#108=ORIENTED_EDGE('',*,*,#107,.F.);
#109=CARTESIAN_POINT('',(-0.009678571428571424,-0.00001,0.006229999999999841));
#110=DIRECTION('',(0.,1.,0.));
#111=VECTOR('',#110,1.);
#112=LINE('',#109,#111);
#113=CARTESIAN_POINT('',(-0.009678571428571424,-0.00001,0.006229999999999841));
#114=VERTEX_POINT('',#113);
#115=EDGE_CURVE('',#114,#106,#112,.T.);
#116=ORIENTED_EDGE('',*,*,#115,.F.);
#117=CARTESIAN_POINT('',(-0.009678571428571424,-0.00001,0.));
#118=DIRECTION('',(0.,0.,-1.));
#119=VECTOR('',#118,1.);
#120=LINE('',#117,#119);
#121=EDGE_CURVE('',#84,#114,#120,.T.);
#122=ORIENTED_EDGE('',*,*,#121,.F.);
#123=CARTESIAN_POINT('',(-0.009678571428571424,-0.00001,-0.0008300000000001587));
#124=DIRECTION('',(0.,1.,0.));
#125=VECTOR('',#124,1.);
#126=LINE('',#123,#125);
#127=EDGE_CURVE('',#84,#70,#126,.T.);
#128=ORIENTED_EDGE('',*,*,#127,.T.);
#129=EDGE_LOOP('',(#108,#116,#122,#128));
#130=FACE_OUTER_BOUND('',#129,.T.);
#131=ADVANCED_FACE('',(#130),#100,.T.);
#132=CARTESIAN_POINT('',(0.,-0.00001,0.006229999999999841));
#133=DIRECTION('',(0.,0.,1.));
#134=DIRECTION('',(1.,0.,0.));
#135=AXIS2_PLACEMENT_3D('',#132,#133,#134);
#136=PLANE('',#135);
#137=CARTESIAN_POINT('',(0.,0.,0.006229999999999841));
#138=DIRECTION('',(1.,0.,0.));
#139=VECTOR('',#138,1.);
#140=LINE('',#137,#139);
#141=EDGE_CURVE('',#32,#106,#140,.T.);
#142=ORIENTED_EDGE('',*,*,#141,.F.);
#143=CARTESIAN_POINT('',(-0.013549999999999994,-0.00001,0.006229999999999841));
#144=DIRECTION('',(0.,1.,0.));
#145=VECTOR('',#144,1.);
#146=LINE('',#143,#145);
#147=EDGE_CURVE('',#32,#40,#146,.T.);
#148=ORIENTED_EDGE('',*,*,#147,.T.);
#149=CARTESIAN_POINT('',(0.,-0.00001,0.006229999999999841));
#150=DIRECTION('',(1.,0.,0.));
#151=VECTOR('',#150,1.);
#152=LINE('',#149,#151);
#153=EDGE_CURVE('',#114,#40,#152,.T.);
#154=ORIENTED_EDGE('',*,*,#153,.F.);
#155=CARTESIAN_POINT('',(-0.009678571428571424,-0.00001,0.006229999999999841));
#156=DIRECTION('',(0.,1.,0.));
#157=VECTOR('',#156,1.);
#158=LINE('',#155,#157);
#159=EDGE_CURVE('',#114,#106,#158,.T.);
#160=ORIENTED_EDGE('',*,*,#159,.T.);
#161=EDGE_LOOP('',(#142,#148,#154,#160));
#162=FACE_OUTER_BOUND('',#161,.T.);
#163=ADVANCED_FACE('',(#162),#136,.T.);
#164=CARTESIAN_POINT('',(0.,-0.00001,0.));
#165=DIRECTION('',(0.,-1.,0.));
#166=DIRECTION('',(0.,0.,-1.));
#167=AXIS2_PLACEMENT_3D('',#164,#165,#166);
#168=PLANE('',#167);
#169=CARTESIAN_POINT('',(-0.013549999999999994,-0.00001,0.));
#170=DIRECTION('',(0.,0.,-1.));
#171=VECTOR('',#170,1.);
#172=LINE('',#169,#171);
#173=EDGE_CURVE('',#40,#48,#172,.T.);
#174=ORIENTED_EDGE('',*,*,#173,.T.);
#175=CARTESIAN_POINT('',(0.,-0.00001,-0.0008300000000001587));
#176=DIRECTION('',(1.,0.,0.));
#177=VECTOR('',#176,1.);
#178=LINE('',#175,#177);
#179=EDGE_CURVE('',#48,#84,#178,.T.);
#180=ORIENTED_EDGE('',*,*,#179,.T.);
#181=CARTESIAN_POINT('',(-0.009678571428571424,-0.00001,0.));
#182=DIRECTION('',(0.,0.,-1.));
#183=VECTOR('',#182,1.);
#184=LINE('',#181,#183);
#185=EDGE_CURVE('',#84,#114,#184,.T.);
#186=ORIENTED_EDGE('',*,*,#185,.T.);
#187=CARTESIAN_POINT('',(0.,-0.00001,0.006229999999999841));
#188=DIRECTION('',(1.,0.,0.));
#189=VECTOR('',#188,1.);
#190=LINE('',#187,#189);
#191=EDGE_CURVE('',#114,#40,#190,.T.);
#192=ORIENTED_EDGE('',*,*,#191,.T.);
#193=EDGE_LOOP('',(#174,#180,#186,#192));
#194=FACE_OUTER_BOUND('',#193,.T.);
#195=ADVANCED_FACE('',(#194),#168,.T.);
#196=CARTESIAN_POINT('',(0.,0.,0.));
#197=DIRECTION('',(0.,-1.,0.));
#198=DIRECTION('',(0.,0.,-1.));
#199=AXIS2_PLACEMENT_3D('',#196,#197,#198);
#200=PLANE('',#199);
#201=CARTESIAN_POINT('',(-0.013549999999999994,0.,0.));
#202=DIRECTION('',(0.,0.,-1.));
#203=VECTOR('',#202,1.);
#204=LINE('',#201,#203);
#205=EDGE_CURVE('',#30,#32,#204,.T.);
#206=ORIENTED_EDGE('',*,*,#205,.F.);
#207=CARTESIAN_POINT('',(0.,0.,-0.0008300000000001587));
#208=DIRECTION('',(1.,0.,0.));
#209=VECTOR('',#208,1.);
#210=LINE('',#207,#209);
#211=EDGE_CURVE('',#70,#30,#210,.T.);
#212=ORIENTED_EDGE('',*,*,#211,.F.);
#213=CARTESIAN_POINT('',(-0.009678571428571424,0.,0.));
#214=DIRECTION('',(0.,0.,-1.));
#215=VECTOR('',#214,1.);
#216=LINE('',#213,#215);
#217=EDGE_CURVE('',#106,#70,#216,.T.);
#218=ORIENTED_EDGE('',*,*,#217,.F.);
#219=CARTESIAN_POINT('',(0.,0.,0.006229999999999841));
#220=DIRECTION('',(1.,0.,0.));
#221=VECTOR('',#220,1.);
#222=LINE('',#219,#221);
#223=EDGE_CURVE('',#32,#106,#222,.T.);
#224=ORIENTED_EDGE('',*,*,#223,.F.);
#225=EDGE_LOOP('',(#206,#212,#218,#224));
#226=FACE_OUTER_BOUND('',#225,.T.);
#227=ADVANCED_FACE('',(#226),#200,.F.);
#228=CLOSED_SHELL('',(#59,#95,#131,#163,#195,#227));
#229=MANIFOLD_SOLID_BREP('',#228);
#230=CARTESIAN_POINT('',(0.00580714285714286,-0.00001,0.));
#231=DIRECTION('',(1.,0.,0.));
#232=DIRECTION('',(0.,0.,-1.));
#233=AXIS2_PLACEMENT_3D('',#230,#231,#232);
#234=PLANE('',#233);
#235=CARTESIAN_POINT('',(0.00580714285714286,0.,0.));
#236=DIRECTION('',(0.,0.,-1.));
#237=VECTOR('',#236,1.);
#238=LINE('',#235,#237);
#239=CARTESIAN_POINT('',(0.00580714285714286,0.,0.0026999999999998414));
#240=VERTEX_POINT('',#239);
#241=CARTESIAN_POINT('',(0.00580714285714286,0.,-0.0008300000000001587));
#242=VERTEX_POINT('',#241);
#243=EDGE_CURVE('',#240,#242,#238,.T.);
#244=ORIENTED_EDGE('',*,*,#243,.F.);
#245=CARTESIAN_POINT('',(0.00580714285714286,-0.00001,0.0026999999999998414));
#246=DIRECTION('',(0.,1.,0.));
#247=VECTOR('',#246,1.);
#248=LINE('',#245,#247);
#249=CARTESIAN_POINT('',(0.00580714285714286,-0.00001,0.0026999999999998414));
#250=VERTEX_POINT('',#249);
#251=EDGE_CURVE('',#250,#240,#248,.T.);
#252=ORIENTED_EDGE('',*,*,#251,.F.);
#253=CARTESIAN_POINT('',(0.00580714285714286,-0.00001,0.));
#254=DIRECTION('',(0.,0.,-1.));
#255=VECTOR('',#254,1.);
#256=LINE('',#253,#255);
#257=CARTESIAN_POINT('',(0.00580714285714286,-0.00001,-0.0008300000000001587));
#258=VERTEX_POINT('',#257);
#259=EDGE_CURVE('',#258,#250,#256,.T.);
#260=ORIENTED_EDGE('',*,*,#259,.F.);
#261=CARTESIAN_POINT('',(0.00580714285714286,-0.00001,-0.0008300000000001587));
#262=DIRECTION('',(0.,1.,0.));
#263=VECTOR('',#262,1.);
#264=LINE('',#261,#263);
#265=EDGE_CURVE('',#242,#258,#264,.T.);
#266=ORIENTED_EDGE('',*,*,#265,.F.);
#267=EDGE_LOOP('',(#244,#252,#260,#266));
#268=FACE_OUTER_BOUND('',#267,.T.);
#269=ADVANCED_FACE('',(#268),#234,.T.);
#270=CARTESIAN_POINT('',(0.,-0.00001,0.0026999999999998414));
#271=DIRECTION('',(0.,0.,1.));
#272=DIRECTION('',(1.,0.,0.));
#273=AXIS2_PLACEMENT_3D('',#270,#271,#272);
#274=PLANE('',#273);
#275=CARTESIAN_POINT('',(0.,0.,0.0026999999999998414));
#276=DIRECTION('',(1.,0.,0.));
#277=VECTOR('',#276,1.);
#278=LINE('',#275,#277);
#279=CARTESIAN_POINT('',(0.0019357142857142889,0.,0.0026999999999998414));
#280=VERTEX_POINT('',#279);
#281=EDGE_CURVE('',#280,#240,#278,.T.);
#282=ORIENTED_EDGE('',*,*,#281,.F.);
#283=CARTESIAN_POINT('',(0.0019357142857142889,-0.00001,0.0026999999999998414));
#284=DIRECTION('',(0.,1.,0.));
#285=VECTOR('',#284,1.);
#286=LINE('',#283,#285);
#287=CARTESIAN_POINT('',(0.0019357142857142889,-0.00001,0.0026999999999998414));
#288=VERTEX_POINT('',#287);
#289=EDGE_CURVE('',#288,#280,#286,.T.);
#290=ORIENTED_EDGE('',*,*,#289,.F.);
#291=CARTESIAN_POINT('',(0.,-0.00001,0.0026999999999998414));
#292=DIRECTION('',(1.,0.,0.));
#293=VECTOR('',#292,1.);
#294=LINE('',#291,#293);
#295=EDGE_CURVE('',#250,#288,#294,.T.);
#296=ORIENTED_EDGE('',*,*,#295,.F.);
#297=CARTESIAN_POINT('',(0.00580714285714286,-0.00001,0.0026999999999998414));
#298=DIRECTION('',(0.,1.,0.));
#299=VECTOR('',#298,1.);
#300=LINE('',#297,#299);
#301=EDGE_CURVE('',#250,#240,#300,.T.);
#302=ORIENTED_EDGE('',*,*,#301,.T.);
#303=EDGE_LOOP('',(#282,#290,#296,#302));
#304=FACE_OUTER_BOUND('',#303,.T.);
#305=ADVANCED_FACE('',(#304),#274,.T.);
#306=CARTESIAN_POINT('',(0.0019357142857142889,-0.00001,0.));
#307=DIRECTION('',(1.,0.,0.));
#308=DIRECTION('',(0.,0.,-1.));
#309=AXIS2_PLACEMENT_3D('',#306,#307,#308);
#310=PLANE('',#309);
#311=CARTESIAN_POINT('',(0.0019357142857142889,0.,0.));
#312=DIRECTION('',(0.,0.,-1.));
#313=VECTOR('',#312,1.);
#314=LINE('',#311,#313);
#315=CARTESIAN_POINT('',(0.0019357142857142889,0.,-0.0008300000000001587));
#316=VERTEX_POINT('',#315);
#317=EDGE_CURVE('',#316,#280,#314,.T.);
#318=ORIENTED_EDGE('',*,*,#317,.T.);
#319=CARTESIAN_POINT('',(0.0019357142857142889,-0.00001,0.0026999999999998414));
#320=DIRECTION('',(0.,1.,0.));
#321=VECTOR('',#320,1.);
#322=LINE('',#319,#321);
#323=EDGE_CURVE('',#288,#280,#322,.T.);
#324=ORIENTED_EDGE('',*,*,#323,.F.);
#325=CARTESIAN_POINT('',(0.0019357142857142889,-0.00001,0.));
#326=DIRECTION('',(0.,0.,-1.));
#327=VECTOR('',#326,1.);
#328=LINE('',#325,#327);
#329=CARTESIAN_POINT('',(0.0019357142857142889,-0.00001,-0.0008300000000001587));
#330=VERTEX_POINT('',#329);
#331=EDGE_CURVE('',#288,#330,#328,.T.);
#332=ORIENTED_EDGE('',*,*,#331,.T.);
#333=CARTESIAN_POINT('',(0.0019357142857142889,-0.00001,-0.0008300000000001587));
#334=DIRECTION('',(0.,1.,0.));
#335=VECTOR('',#334,1.);
#336=LINE('',#333,#335);
#337=EDGE_CURVE('',#330,#316,#336,.T.);
#338=ORIENTED_EDGE('',*,*,#337,.T.);
#339=EDGE_LOOP('',(#318,#324,#332,#338));
#340=FACE_OUTER_BOUND('',#339,.T.);
#341=ADVANCED_FACE('',(#340),#310,.F.);
#342=CARTESIAN_POINT('',(0.,-0.00001,-0.0008300000000001587));
#343=DIRECTION('',(0.,0.,1.));
#344=DIRECTION('',(1.,0.,0.));
#345=AXIS2_PLACEMENT_3D('',#342,#343,#344);
#346=PLANE('',#345);
#347=CARTESIAN_POINT('',(0.,0.,-0.0008300000000001587));
#348=DIRECTION('',(1.,0.,0.));
#349=VECTOR('',#348,1.);
#350=LINE('',#347,#349);
#351=EDGE_CURVE('',#242,#316,#350,.T.);
#352=ORIENTED_EDGE('',*,*,#351,.T.);
#353=CARTESIAN_POINT('',(0.0019357142857142889,-0.00001,-0.0008300000000001587));
#354=DIRECTION('',(0.,1.,0.));
#355=VECTOR('',#354,1.);
#356=LINE('',#353,#355);
#357=EDGE_CURVE('',#330,#316,#356,.T.);
#358=ORIENTED_EDGE('',*,*,#357,.F.);
#359=CARTESIAN_POINT('',(0.,-0.00001,-0.0008300000000001587));
#360=DIRECTION('',(1.,0.,0.));
#361=VECTOR('',#360,1.);
#362=LINE('',#359,#361);
#363=EDGE_CURVE('',#330,#258,#362,.T.);
#364=ORIENTED_EDGE('',*,*,#363,.T.);
#365=CARTESIAN_POINT('',(0.00580714285714286,-0.00001,-0.0008300000000001587));
#366=DIRECTION('',(0.,1.,0.));
#367=VECTOR('',#366,1.);
#368=LINE('',#365,#367);
#369=EDGE_CURVE('',#242,#258,#368,.T.);
#370=ORIENTED_EDGE('',*,*,#369,.F.);
#371=EDGE_LOOP('',(#352,#358,#364,#370));
#372=FACE_OUTER_BOUND('',#371,.T.);
#373=ADVANCED_FACE('',(#372),#346,.F.);
#374=CARTESIAN_POINT('',(0.,-0.00001,0.));
#375=DIRECTION('',(0.,-1.,0.));
#376=DIRECTION('',(0.,0.,-1.));
#377=AXIS2_PLACEMENT_3D('',#374,#375,#376);
#378=PLANE('',#377);
#379=CARTESIAN_POINT('',(0.,-0.00001,0.0026999999999998414));
#380=DIRECTION('',(1.,0.,0.));
#381=VECTOR('',#380,1.);
#382=LINE('',#379,#381);
#383=EDGE_CURVE('',#250,#288,#382,.T.);
#384=ORIENTED_EDGE('',*,*,#383,.T.);
#385=CARTESIAN_POINT('',(0.0019357142857142889,-0.00001,0.));
#386=DIRECTION('',(0.,0.,-1.));
#387=VECTOR('',#386,1.);
#388=LINE('',#385,#387);
#389=EDGE_CURVE('',#288,#330,#388,.T.);
#390=ORIENTED_EDGE('',*,*,#389,.T.);
#391=CARTESIAN_POINT('',(0.,-0.00001,-0.0008300000000001587));
#392=DIRECTION('',(1.,0.,0.));
#393=VECTOR('',#392,1.);
#394=LINE('',#391,#393);
#395=EDGE_CURVE('',#330,#258,#394,.T.);
#396=ORIENTED_EDGE('',*,*,#395,.T.);
#397=CARTESIAN_POINT('',(0.00580714285714286,-0.00001,0.));
#398=DIRECTION('',(0.,0.,-1.));
#399=VECTOR('',#398,1.);
#400=LINE('',#397,#399);
#401=EDGE_CURVE('',#258,#250,#400,.T.);
#402=ORIENTED_EDGE('',*,*,#401,.T.);
#403=EDGE_LOOP('',(#384,#390,#396,#402));
#404=FACE_OUTER_BOUND('',#403,.T.);
#405=ADVANCED_FACE('',(#404),#378,.T.);
#406=CARTESIAN_POINT('',(0.,0.,0.));
#407=DIRECTION('',(0.,-1.,0.));
#408=DIRECTION('',(0.,0.,-1.));
#409=AXIS2_PLACEMENT_3D('',#406,#407,#408);
#410=PLANE('',#409);
#411=CARTESIAN_POINT('',(0.,0.,0.0026999999999998414));
#412=DIRECTION('',(1.,0.,0.));
#413=VECTOR('',#412,1.);
#414=LINE('',#411,#413);
#415=EDGE_CURVE('',#280,#240,#414,.T.);
#416=ORIENTED_EDGE('',*,*,#415,.F.);
#417=CARTESIAN_POINT('',(0.0019357142857142889,0.,0.));
#418=DIRECTION('',(0.,0.,-1.));
#419=VECTOR('',#418,1.);
#420=LINE('',#417,#419);
#421=EDGE_CURVE('',#316,#280,#420,.T.);
#422=ORIENTED_EDGE('',*,*,#421,.F.);
#423=CARTESIAN_POINT('',(0.,0.,-0.0008300000000001587));
#424=DIRECTION('',(1.,0.,0.));
#425=VECTOR('',#424,1.);
#426=LINE('',#423,#425);
#427=EDGE_CURVE('',#242,#316,#426,.T.);
#428=ORIENTED_EDGE('',*,*,#427,.F.);
#429=CARTESIAN_POINT('',(0.00580714285714286,0.,0.));
#430=DIRECTION('',(0.,0.,-1.));
#431=VECTOR('',#430,1.);
#432=LINE('',#429,#431);
#433=EDGE_CURVE('',#240,#242,#432,.T.);
#434=ORIENTED_EDGE('',*,*,#433,.F.);
#435=EDGE_LOOP('',(#416,#422,#428,#434));
#436=FACE_OUTER_BOUND('',#435,.T.);
#437=ADVANCED_FACE('',(#436),#410,.F.);
#438=CLOSED_SHELL('',(#269,#305,#341,#373,#405,#437));
#439=MANIFOLD_SOLID_BREP('',#438);
#440=CARTESIAN_POINT('',(-0.005807142857142853,-0.00001,0.));
#441=DIRECTION('',(1.,0.,0.));
#442=DIRECTION('',(0.,0.,-1.));
#443=AXIS2_PLACEMENT_3D('',#440,#441,#442);
#444=PLANE('',#443);
#445=CARTESIAN_POINT('',(-0.005807142857142853,0.,0.));
#446=DIRECTION('',(0.,0.,-1.));
#447=VECTOR('',#446,1.);
#448=LINE('',#445,#447);
#449=CARTESIAN_POINT('',(-0.005807142857142853,0.,-0.0008300000000001587));
#450=VERTEX_POINT('',#449);
#451=CARTESIAN_POINT('',(-0.005807142857142853,0.,-0.004360000000000157));
#452=VERTEX_POINT('',#451);
#453=EDGE_CURVE('',#450,#452,#448,.T.);
#454=ORIENTED_EDGE('',*,*,#453,.F.);
#455=CARTESIAN_POINT('',(-0.005807142857142853,-0.00001,-0.0008300000000001587));
#456=DIRECTION('',(0.,1.,0.));
#457=VECTOR('',#456,1.);
#458=LINE('',#455,#457);
#459=CARTESIAN_POINT('',(-0.005807142857142853,-0.00001,-0.0008300000000001587));
#460=VERTEX_POINT('',#459);
#461=EDGE_CURVE('',#460,#450,#458,.T.);
#462=ORIENTED_EDGE('',*,*,#461,.F.);
#463=CARTESIAN_POINT('',(-0.005807142857142853,-0.00001,0.));
#464=DIRECTION('',(0.,0.,-1.));
#465=VECTOR('',#464,1.);
#466=LINE('',#463,#465);
#467=CARTESIAN_POINT('',(-0.005807142857142853,-0.00001,-0.004360000000000157));
#468=VERTEX_POINT('',#467);
#469=EDGE_CURVE('',#468,#460,#466,.T.);
#470=ORIENTED_EDGE('',*,*,#469,.F.);
#471=CARTESIAN_POINT('',(-0.005807142857142853,-0.00001,-0.004360000000000157));
#472=DIRECTION('',(0.,1.,0.));
#473=VECTOR('',#472,1.);
#474=LINE('',#471,#473);
#475=EDGE_CURVE('',#452,#468,#474,.T.);
#476=ORIENTED_EDGE('',*,*,#475,.F.);
#477=EDGE_LOOP('',(#454,#462,#470,#476));
#478=FACE_OUTER_BOUND('',#477,.T.);
#479=ADVANCED_FACE('',(#478),#444,.T.);
#480=CARTESIAN_POINT('',(0.,-0.00001,-0.0008300000000001587));
#481=DIRECTION('',(0.,0.,1.));
#482=DIRECTION('',(1.,0.,0.));
#483=AXIS2_PLACEMENT_3D('',#480,#481,#482);
#484=PLANE('',#483);
#485=CARTESIAN_POINT('',(0.,0.,-0.0008300000000001587));
#486=DIRECTION('',(1.,0.,0.));
#487=VECTOR('',#486,1.);
#488=LINE('',#485,#487);
#489=CARTESIAN_POINT('',(-0.009678571428571424,0.,-0.0008300000000001587));
#490=VERTEX_POINT('',#489);
#491=EDGE_CURVE('',#490,#450,#488,.T.);
#492=ORIENTED_EDGE('',*,*,#491,.F.);
#493=CARTESIAN_POINT('',(-0.009678571428571424,-0.00001,-0.0008300000000001587));
#494=DIRECTION('',(0.,1.,0.));
#495=VECTOR('',#494,1.);
#496=LINE('',#493,#495);
#497=CARTESIAN_POINT('',(-0.009678571428571424,-0.00001,-0.0008300000000001587));
#498=VERTEX_POINT('',#497);
#499=EDGE_CURVE('',#498,#490,#496,.T.);
#500=ORIENTED_EDGE('',*,*,#499,.F.);
#501=CARTESIAN_POINT('',(0.,-0.00001,-0.0008300000000001587));
#502=DIRECTION('',(1.,0.,0.));
#503=VECTOR('',#502,1.);
#504=LINE('',#501,#503);
#505=EDGE_CURVE('',#460,#498,#504,.T.);
#506=ORIENTED_EDGE('',*,*,#505,.F.);
#507=CARTESIAN_POINT('',(-0.005807142857142853,-0.00001,-0.0008300000000001587));
#508=DIRECTION('',(0.,1.,0.));
#509=VECTOR('',#508,1.);
#510=LINE('',#507,#509);
#511=EDGE_CURVE('',#460,#450,#510,.T.);
#512=ORIENTED_EDGE('',*,*,#511,.T.);
#513=EDGE_LOOP('',(#492,#500,#506,#512));
#514=FACE_OUTER_BOUND('',#513,.T.);
#515=ADVANCED_FACE('',(#514),#484,.T.);
#516=CARTESIAN_POINT('',(-0.009678571428571424,-0.00001,0.));
#517=DIRECTION('',(1.,0.,0.));
#518=DIRECTION('',(0.,0.,-1.));
#519=AXIS2_PLACEMENT_3D('',#516,#517,#518);
#520=PLANE('',#519);
#521=CARTESIAN_POINT('',(-0.009678571428571424,0.,0.));
#522=DIRECTION('',(0.,0.,-1.));
#523=VECTOR('',#522,1.);
#524=LINE('',#521,#523);
#525=CARTESIAN_POINT('',(-0.009678571428571424,0.,-0.004360000000000157));
#526=VERTEX_POINT('',#525);
#527=EDGE_CURVE('',#526,#490,#524,.T.);
#528=ORIENTED_EDGE('',*,*,#527,.T.);
#529=CARTESIAN_POINT('',(-0.009678571428571424,-0.00001,-0.0008300000000001587));
#530=DIRECTION('',(0.,1.,0.));
#531=VECTOR('',#530,1.);
#532=LINE('',#529,#531);
#533=EDGE_CURVE('',#498,#490,#532,.T.);
#534=ORIENTED_EDGE('',*,*,#533,.F.);
#535=CARTESIAN_POINT('',(-0.009678571428571424,-0.00001,0.));
#536=DIRECTION('',(0.,0.,-1.));
#537=VECTOR('',#536,1.);
#538=LINE('',#535,#537);
#539=CARTESIAN_POINT('',(-0.009678571428571424,-0.00001,-0.004360000000000157));
#540=VERTEX_POINT('',#539);
#541=EDGE_CURVE('',#498,#540,#538,.T.);
#542=ORIENTED_EDGE('',*,*,#541,.T.);
#543=CARTESIAN_POINT('',(-0.009678571428571424,-0.00001,-0.004360000000000157));
#544=DIRECTION('',(0.,1.,0.));
#545=VECTOR('',#544,1.);
#546=LINE('',#543,#545);
#547=EDGE_CURVE('',#540,#526,#546,.T.);
#548=ORIENTED_EDGE('',*,*,#547,.T.);
#549=EDGE_LOOP('',(#528,#534,#542,#548));
#550=FACE_OUTER_BOUND('',#549,.T.);
#551=ADVANCED_FACE('',(#550),#520,.F.);
#552=CARTESIAN_POINT('',(0.,-0.00001,-0.004360000000000157));
#553=DIRECTION('',(0.,0.,1.));
#554=DIRECTION('',(1.,0.,0.));
#555=AXIS2_PLACEMENT_3D('',#552,#553,#554);
#556=PLANE('',#555);
#557=CARTESIAN_POINT('',(0.,0.,-0.004360000000000157));
#558=DIRECTION('',(1.,0.,0.));
#559=VECTOR('',#558,1.);
#560=LINE('',#557,#559);
#561=EDGE_CURVE('',#452,#526,#560,.T.);
#562=ORIENTED_EDGE('',*,*,#561,.T.);
#563=CARTESIAN_POINT('',(-0.009678571428571424,-0.00001,-0.004360000000000157));
#564=DIRECTION('',(0.,1.,0.));
#565=VECTOR('',#564,1.);
#566=LINE('',#563,#565);
#567=EDGE_CURVE('',#540,#526,#566,.T.);
#568=ORIENTED_EDGE('',*,*,#567,.F.);
#569=CARTESIAN_POINT('',(0.,-0.00001,-0.004360000000000157));
#570=DIRECTION('',(1.,0.,0.));
#571=VECTOR('',#570,1.);
#572=LINE('',#569,#571);
#573=EDGE_CURVE('',#540,#468,#572,.T.);
#574=ORIENTED_EDGE('',*,*,#573,.T.);
#575=CARTESIAN_POINT('',(-0.005807142857142853,-0.00001,-0.004360000000000157));
#576=DIRECTION('',(0.,1.,0.));
#577=VECTOR('',#576,1.);
#578=LINE('',#575,#577);
#579=EDGE_CURVE('',#452,#468,#578,.T.);
#580=ORIENTED_EDGE('',*,*,#579,.F.);
#581=EDGE_LOOP('',(#562,#568,#574,#580));
#582=FACE_OUTER_BOUND('',#581,.T.);
#583=ADVANCED_FACE('',(#582),#556,.F.);
#584=CARTESIAN_POINT('',(0.,-0.00001,0.));
#585=DIRECTION('',(0.,-1.,0.));
#586=DIRECTION('',(0.,0.,-1.));
#587=AXIS2_PLACEMENT_3D('',#584,#585,#586);
#588=PLANE('',#587);
#589=CARTESIAN_POINT('',(0.,-0.00001,-0.0008300000000001587));
#590=DIRECTION('',(1.,0.,0.));
#591=VECTOR('',#590,1.);
#592=LINE('',#589,#591);
#593=EDGE_CURVE('',#460,#498,#592,.T.);
#594=ORIENTED_EDGE('',*,*,#593,.T.);
#595=CARTESIAN_POINT('',(-0.009678571428571424,-0.00001,0.));
#596=DIRECTION('',(0.,0.,-1.));
#597=VECTOR('',#596,1.);
#598=LINE('',#595,#597);
#599=EDGE_CURVE('',#498,#540,#598,.T.);
#600=ORIENTED_EDGE('',*,*,#599,.T.);
#601=CARTESIAN_POINT('',(0.,-0.00001,-0.004360000000000157));
#602=DIRECTION('',(1.,0.,0.));
#603=VECTOR('',#602,1.);
#604=LINE('',#601,#603);
#605=EDGE_CURVE('',#540,#468,#604,.T.);
#606=ORIENTED_EDGE('',*,*,#605,.T.);
#607=CARTESIAN_POINT('',(-0.005807142857142853,-0.00001,0.));
#608=DIRECTION('',(0.,0.,-1.));
#609=VECTOR('',#608,1.);
#610=LINE('',#607,#609);
#611=EDGE_CURVE('',#468,#460,#610,.T.);
#612=ORIENTED_EDGE('',*,*,#611,.T.);
#613=EDGE_LOOP('',(#594,#600,#606,#612));
#614=FACE_OUTER_BOUND('',#613,.T.);
#615=ADVANCED_FACE('',(#614),#588,.T.);
#616=CARTESIAN_POINT('',(0.,0.,0.));
#617=DIRECTION('',(0.,-1.,0.));
#618=DIRECTION('',(0.,0.,-1.));
#619=AXIS2_PLACEMENT_3D('',#616,#617,#618);
#620=PLANE('',#619);
#621=CARTESIAN_POINT('',(0.,0.,-0.0008300000000001587));
#622=DIRECTION('',(1.,0.,0.));
#623=VECTOR('',#622,1.);
#624=LINE('',#621,#623);
#625=EDGE_CURVE('',#490,#450,#624,.T.);
#626=ORIENTED_EDGE('',*,*,#625,.F.);
#627=CARTESIAN_POINT('',(-0.009678571428571424,0.,0.));
#628=DIRECTION('',(0.,0.,-1.));
#629=VECTOR('',#628,1.);
#630=LINE('',#627,#629);
#631=EDGE_CURVE('',#526,#490,#630,.T.);
#632=ORIENTED_EDGE('',*,*,#631,.F.);
#633=CARTESIAN_POINT('',(0.,0.,-0.004360000000000157));
#634=DIRECTION('',(1.,0.,0.));
#635=VECTOR('',#634,1.);
#636=LINE('',#633,#635);
#637=EDGE_CURVE('',#452,#526,#636,.T.);
#638=ORIENTED_EDGE('',*,*,#637,.F.);
#639=CARTESIAN_POINT('',(-0.005807142857142853,0.,0.));
#640=DIRECTION('',(0.,0.,-1.));
#641=VECTOR('',#640,1.);
#642=LINE('',#639,#641);
#643=EDGE_CURVE('',#450,#452,#642,.T.);
#644=ORIENTED_EDGE('',*,*,#643,.F.);
#645=EDGE_LOOP('',(#626,#632,#638,#644));
#646=FACE_OUTER_BOUND('',#645,.T.);
#647=ADVANCED_FACE('',(#646),#620,.F.);
#648=CLOSED_SHELL('',(#479,#515,#551,#583,#615,#647));
#649=MANIFOLD_SOLID_BREP('',#648);
#650=CARTESIAN_POINT('',(0.0019357142857145623,-0.00001,5.42215166600922E-17));
#651=DIRECTION('',(1.,0.,2.801111561775581E-14));
#652=DIRECTION('',(2.8011115617755814E-14,0.,-1.));
#653=AXIS2_PLACEMENT_3D('',#650,#651,#652);
#654=PLANE('',#653);
#655=CARTESIAN_POINT('',(0.0019357142857145623,0.,5.42215166600922E-17));
#656=DIRECTION('',(2.8011115617755807E-14,0.,-1.));
#657=VECTOR('',#656,1.);
#658=LINE('',#655,#657);
#659=CARTESIAN_POINT('',(0.00193571428571419,0.,0.01328999999999984));
#660=VERTEX_POINT('',#659);
#661=CARTESIAN_POINT('',(0.0019357142857142889,0.,0.00975999999999984));
#662=VERTEX_POINT('',#661);
#663=EDGE_CURVE('',#660,#662,#658,.T.);
#664=ORIENTED_EDGE('',*,*,#663,.F.);
#665=CARTESIAN_POINT('',(0.00193571428571419,-0.00001,0.01328999999999984));
#666=DIRECTION('',(0.,1.,0.));
#667=VECTOR('',#666,1.);
#668=LINE('',#665,#667);
#669=CARTESIAN_POINT('',(0.00193571428571419,-0.00001,0.01328999999999984));
#670=VERTEX_POINT('',#669);
#671=EDGE_CURVE('',#670,#660,#668,.T.);
#672=ORIENTED_EDGE('',*,*,#671,.F.);
#673=CARTESIAN_POINT('',(0.0019357142857145623,-0.00001,5.42215166600922E-17));
#674=DIRECTION('',(2.8011115617755807E-14,0.,-1.));
#675=VECTOR('',#674,1.);
#676=LINE('',#673,#675);
#677=CARTESIAN_POINT('',(0.0019357142857142889,-0.00001,0.00975999999999984));
#678=VERTEX_POINT('',#677);
#679=EDGE_CURVE('',#678,#670,#676,.T.);
#680=ORIENTED_EDGE('',*,*,#679,.F.);
#681=CARTESIAN_POINT('',(0.0019357142857142889,-0.00001,0.00975999999999984));
#682=DIRECTION('',(0.,1.,0.));
#683=VECTOR('',#682,1.);
#684=LINE('',#681,#683);
#685=EDGE_CURVE('',#662,#678,#684,.T.);
#686=ORIENTED_EDGE('',*,*,#685,.F.);
#687=EDGE_LOOP('',(#664,#672,#680,#686));
#688=FACE_OUTER_BOUND('',#687,.T.);
#689=ADVANCED_FACE('',(#688),#654,.T.);
#690=CARTESIAN_POINT('',(0.,-0.00001,0.01328999999999984));
#691=DIRECTION('',(0.,0.,1.));
#692=DIRECTION('',(1.,0.,0.));
#693=AXIS2_PLACEMENT_3D('',#690,#691,#692);
#694=PLANE('',#693);
#695=CARTESIAN_POINT('',(0.,0.,0.01328999999999984));
#696=DIRECTION('',(1.,0.,0.));
#697=VECTOR('',#696,1.);
#698=LINE('',#695,#697);
#699=CARTESIAN_POINT('',(-0.0019357142857143574,0.,0.01328999999999984));
#700=VERTEX_POINT('',#699);
#701=EDGE_CURVE('',#700,#660,#698,.T.);
#702=ORIENTED_EDGE('',*,*,#701,.F.);
#703=CARTESIAN_POINT('',(-0.0019357142857143574,-0.00001,0.01328999999999984));
#704=DIRECTION('',(0.,1.,0.));
#705=VECTOR('',#704,1.);
#706=LINE('',#703,#705);
#707=CARTESIAN_POINT('',(-0.0019357142857143574,-0.00001,0.01328999999999984));
#708=VERTEX_POINT('',#707);
#709=EDGE_CURVE('',#708,#700,#706,.T.);
#710=ORIENTED_EDGE('',*,*,#709,.F.);
#711=CARTESIAN_POINT('',(0.,-0.00001,0.01328999999999984));
#712=DIRECTION('',(1.,0.,0.));
#713=VECTOR('',#712,1.);
#714=LINE('',#711,#713);
#715=EDGE_CURVE('',#670,#708,#714,.T.);
#716=ORIENTED_EDGE('',*,*,#715,.F.);
#717=CARTESIAN_POINT('',(0.00193571428571419,-0.00001,0.01328999999999984));
#718=DIRECTION('',(0.,1.,0.));
#719=VECTOR('',#718,1.);
#720=LINE('',#717,#719);
#721=EDGE_CURVE('',#670,#660,#720,.T.);
#722=ORIENTED_EDGE('',*,*,#721,.T.);
#723=EDGE_LOOP('',(#702,#710,#716,#722));
#724=FACE_OUTER_BOUND('',#723,.T.);
#725=ADVANCED_FACE('',(#724),#694,.T.);
#726=CARTESIAN_POINT('',(-0.0019357142857140733,-0.00001,-4.137957850374412E-17));
#727=DIRECTION('',(1.,0.,2.13769040240768E-14));
#728=DIRECTION('',(2.1376904024076803E-14,0.,-1.));
#729=AXIS2_PLACEMENT_3D('',#726,#727,#728);
#730=PLANE('',#729);
#731=CARTESIAN_POINT('',(-0.0019357142857140733,0.,-4.137957850374412E-17));
#732=DIRECTION('',(2.13769040240768E-14,0.,-1.));
#733=VECTOR('',#732,1.);
#734=LINE('',#731,#733);
#735=CARTESIAN_POINT('',(-0.001935714285714282,0.,0.00975999999999984));
#736=VERTEX_POINT('',#735);
#737=EDGE_CURVE('',#736,#700,#734,.T.);
#738=ORIENTED_EDGE('',*,*,#737,.T.);
#739=CARTESIAN_POINT('',(-0.0019357142857143574,-0.00001,0.01328999999999984));
#740=DIRECTION('',(0.,1.,0.));
#741=VECTOR('',#740,1.);
#742=LINE('',#739,#741);
#743=EDGE_CURVE('',#708,#700,#742,.T.);
#744=ORIENTED_EDGE('',*,*,#743,.F.);
#745=CARTESIAN_POINT('',(-0.0019357142857140733,-0.00001,-4.137957850374412E-17));
#746=DIRECTION('',(2.13769040240768E-14,0.,-1.));
#747=VECTOR('',#746,1.);
#748=LINE('',#745,#747);
#749=CARTESIAN_POINT('',(-0.001935714285714282,-0.00001,0.00975999999999984));
#750=VERTEX_POINT('',#749);
#751=EDGE_CURVE('',#708,#750,#748,.T.);
#752=ORIENTED_EDGE('',*,*,#751,.T.);
#753=CARTESIAN_POINT('',(-0.001935714285714282,-0.00001,0.00975999999999984));
#754=DIRECTION('',(0.,1.,0.));
#755=VECTOR('',#754,1.);
#756=LINE('',#753,#755);
#757=EDGE_CURVE('',#750,#736,#756,.T.);
#758=ORIENTED_EDGE('',*,*,#757,.T.);
#759=EDGE_LOOP('',(#738,#744,#752,#758));
#760=FACE_OUTER_BOUND('',#759,.T.);
#761=ADVANCED_FACE('',(#760),#730,.F.);
#762=CARTESIAN_POINT('',(0.,-0.00001,0.00975999999999984));
#763=DIRECTION('',(0.,0.,1.));
#764=DIRECTION('',(1.,0.,0.));
#765=AXIS2_PLACEMENT_3D('',#762,#763,#764);
#766=PLANE('',#765);
#767=CARTESIAN_POINT('',(0.,0.,0.00975999999999984));
#768=DIRECTION('',(1.,0.,0.));
#769=VECTOR('',#768,1.);
#770=LINE('',#767,#769);
#771=EDGE_CURVE('',#662,#736,#770,.T.);
#772=ORIENTED_EDGE('',*,*,#771,.T.);
#773=CARTESIAN_POINT('',(-0.001935714285714282,-0.00001,0.00975999999999984));
#774=DIRECTION('',(0.,1.,0.));
#775=VECTOR('',#774,1.);
#776=LINE('',#773,#775);
#777=EDGE_CURVE('',#750,#736,#776,.T.);
#778=ORIENTED_EDGE('',*,*,#777,.F.);
#779=CARTESIAN_POINT('',(0.,-0.00001,0.00975999999999984));
#780=DIRECTION('',(1.,0.,0.));
#781=VECTOR('',#780,1.);
#782=LINE('',#779,#781);
#783=EDGE_CURVE('',#750,#678,#782,.T.);
#784=ORIENTED_EDGE('',*,*,#783,.T.);
#785=CARTESIAN_POINT('',(0.0019357142857142889,-0.00001,0.00975999999999984));
#786=DIRECTION('',(0.,1.,0.));
#787=VECTOR('',#786,1.);
#788=LINE('',#785,#787);
#789=EDGE_CURVE('',#662,#678,#788,.T.);
#790=ORIENTED_EDGE('',*,*,#789,.F.);
#791=EDGE_LOOP('',(#772,#778,#784,#790));
#792=FACE_OUTER_BOUND('',#791,.T.);
#793=ADVANCED_FACE('',(#792),#766,.F.);
#794=CARTESIAN_POINT('',(0.,-0.00001,0.));
#795=DIRECTION('',(0.,-1.,0.));
#796=DIRECTION('',(0.,0.,-1.));
#797=AXIS2_PLACEMENT_3D('',#794,#795,#796);
#798=PLANE('',#797);
#799=CARTESIAN_POINT('',(0.,-0.00001,0.01328999999999984));
#800=DIRECTION('',(1.,0.,0.));
#801=VECTOR('',#800,1.);
#802=LINE('',#799,#801);
#803=EDGE_CURVE('',#670,#708,#802,.T.);
#804=ORIENTED_EDGE('',*,*,#803,.T.);
#805=CARTESIAN_POINT('',(-0.0019357142857140733,-0.00001,-4.137957850374412E-17));
#806=DIRECTION('',(2.13769040240768E-14,0.,-1.));
#807=VECTOR('',#806,1.);
#808=LINE('',#805,#807);
#809=EDGE_CURVE('',#708,#750,#808,.T.);
#810=ORIENTED_EDGE('',*,*,#809,.T.);
#811=CARTESIAN_POINT('',(0.,-0.00001,0.00975999999999984));
#812=DIRECTION('',(1.,0.,0.));
#813=VECTOR('',#812,1.);
#814=LINE('',#811,#813);
#815=EDGE_CURVE('',#750,#678,#814,.T.);
#816=ORIENTED_EDGE('',*,*,#815,.T.);
#817=CARTESIAN_POINT('',(0.0019357142857145623,-0.00001,5.42215166600922E-17));
#818=DIRECTION('',(2.8011115617755807E-14,0.,-1.));
#819=VECTOR('',#818,1.);
#820=LINE('',#817,#819);
#821=EDGE_CURVE('',#678,#670,#820,.T.);
#822=ORIENTED_EDGE('',*,*,#821,.T.);
#823=EDGE_LOOP('',(#804,#810,#816,#822));
#824=FACE_OUTER_BOUND('',#823,.T.);
#825=ADVANCED_FACE('',(#824),#798,.T.);
#826=CARTESIAN_POINT('',(0.,0.,0.));
#827=DIRECTION('',(0.,-1.,0.));
#828=DIRECTION('',(0.,0.,-1.));
#829=AXIS2_PLACEMENT_3D('',#826,#827,#828);
#830=PLANE('',#829);
#831=CARTESIAN_POINT('',(0.,0.,0.01328999999999984));
#832=DIRECTION('',(1.,0.,0.));
#833=VECTOR('',#832,1.);
#834=LINE('',#831,#833);
#835=EDGE_CURVE('',#700,#660,#834,.T.);
#836=ORIENTED_EDGE('',*,*,#835,.F.);
#837=CARTESIAN_POINT('',(-0.0019357142857140733,0.,-4.137957850374412E-17));
#838=DIRECTION('',(2.13769040240768E-14,0.,-1.));
#839=VECTOR('',#838,1.);
#840=LINE('',#837,#839);
#841=EDGE_CURVE('',#736,#700,#840,.T.);
#842=ORIENTED_EDGE('',*,*,#841,.F.);
#843=CARTESIAN_POINT('',(0.,0.,0.00975999999999984));
#844=DIRECTION('',(1.,0.,0.));
#845=VECTOR('',#844,1.);
#846=LINE('',#843,#845);
#847=EDGE_CURVE('',#662,#736,#846,.T.);
#848=ORIENTED_EDGE('',*,*,#847,.F.);
#849=CARTESIAN_POINT('',(0.0019357142857145623,0.,5.42215166600922E-17));
#850=DIRECTION('',(2.8011115617755807E-14,0.,-1.));
#851=VECTOR('',#850,1.);
#852=LINE('',#849,#851);
#853=EDGE_CURVE('',#660,#662,#852,.T.);
#854=ORIENTED_EDGE('',*,*,#853,.F.);
#855=EDGE_LOOP('',(#836,#842,#848,#854));
#856=FACE_OUTER_BOUND('',#855,.T.);
#857=ADVANCED_FACE('',(#856),#830,.F.);
#858=CLOSED_SHELL('',(#689,#725,#761,#793,#825,#857));
#859=MANIFOLD_SOLID_BREP('',#858);
#860=CARTESIAN_POINT('',(0.013550000000000001,-0.00001,0.));
#861=DIRECTION('',(1.,0.,0.));
#862=DIRECTION('',(0.,0.,-1.));
#863=AXIS2_PLACEMENT_3D('',#860,#861,#862);
#864=PLANE('',#863);
#865=CARTESIAN_POINT('',(0.013550000000000001,0.,0.));
#866=DIRECTION('',(0.,0.,-1.));
#867=VECTOR('',#866,1.);
#868=LINE('',#865,#867);
#869=CARTESIAN_POINT('',(0.013550000000000001,0.,0.0026999999999998414));
#870=VERTEX_POINT('',#869);
#871=CARTESIAN_POINT('',(0.013550000000000001,0.,-0.007890000000000156));
#872=VERTEX_POINT('',#871);
#873=EDGE_CURVE('',#870,#872,#868,.T.);
#874=ORIENTED_EDGE('',*,*,#873,.F.);
#875=CARTESIAN_POINT('',(0.013550000000000001,-0.00001,0.0026999999999998414));
#876=DIRECTION('',(0.,1.,0.));
#877=VECTOR('',#876,1.);
#878=LINE('',#875,#877);
#879=CARTESIAN_POINT('',(0.013550000000000001,-0.00001,0.0026999999999998414));
#880=VERTEX_POINT('',#879);
#881=EDGE_CURVE('',#880,#870,#878,.T.);
#882=ORIENTED_EDGE('',*,*,#881,.F.);
#883=CARTESIAN_POINT('',(0.013550000000000001,-0.00001,0.));
#884=DIRECTION('',(0.,0.,-1.));
#885=VECTOR('',#884,1.);
#886=LINE('',#883,#885);
#887=CARTESIAN_POINT('',(0.013550000000000001,-0.00001,-0.007890000000000156));
#888=VERTEX_POINT('',#887);
#889=EDGE_CURVE('',#888,#880,#886,.T.);
#890=ORIENTED_EDGE('',*,*,#889,.F.);
#891=CARTESIAN_POINT('',(0.013550000000000001,-0.00001,-0.007890000000000156));
#892=DIRECTION('',(0.,1.,0.));
#893=VECTOR('',#892,1.);
#894=LINE('',#891,#893);
#895=EDGE_CURVE('',#872,#888,#894,.T.);
#896=ORIENTED_EDGE('',*,*,#895,.F.);
#897=EDGE_LOOP('',(#874,#882,#890,#896));
#898=FACE_OUTER_BOUND('',#897,.T.);
#899=ADVANCED_FACE('',(#898),#864,.T.);
#900=CARTESIAN_POINT('',(0.,-0.00001,0.0026999999999998414));
#901=DIRECTION('',(0.,0.,1.));
#902=DIRECTION('',(1.,0.,0.));
#903=AXIS2_PLACEMENT_3D('',#900,#901,#902);
#904=PLANE('',#903);
#905=CARTESIAN_POINT('',(0.,0.,0.0026999999999998414));
#906=DIRECTION('',(1.,0.,0.));
#907=VECTOR('',#906,1.);
#908=LINE('',#905,#907);
#909=CARTESIAN_POINT('',(0.00967857142857143,0.,0.0026999999999998414));
#910=VERTEX_POINT('',#909);
#911=EDGE_CURVE('',#910,#870,#908,.T.);
#912=ORIENTED_EDGE('',*,*,#911,.F.);
#913=CARTESIAN_POINT('',(0.00967857142857143,-0.00001,0.0026999999999998414));
#914=DIRECTION('',(0.,1.,0.));
#915=VECTOR('',#914,1.);
#916=LINE('',#913,#915);
#917=CARTESIAN_POINT('',(0.00967857142857143,-0.00001,0.0026999999999998414));
#918=VERTEX_POINT('',#917);
#919=EDGE_CURVE('',#918,#910,#916,.T.);
#920=ORIENTED_EDGE('',*,*,#919,.F.);
#921=CARTESIAN_POINT('',(0.,-0.00001,0.0026999999999998414));
#922=DIRECTION('',(1.,0.,0.));
#923=VECTOR('',#922,1.);
#924=LINE('',#921,#923);
#925=EDGE_CURVE('',#880,#918,#924,.T.);
#926=ORIENTED_EDGE('',*,*,#925,.F.);
#927=CARTESIAN_POINT('',(0.013550000000000001,-0.00001,0.0026999999999998414));
#928=DIRECTION('',(0.,1.,0.));
#929=VECTOR('',#928,1.);
#930=LINE('',#927,#929);
#931=EDGE_CURVE('',#880,#870,#930,.T.);
#932=ORIENTED_EDGE('',*,*,#931,.T.);
#933=EDGE_LOOP('',(#912,#920,#926,#932));
#934=FACE_OUTER_BOUND('',#933,.T.);
#935=ADVANCED_FACE('',(#934),#904,.T.);
#936=CARTESIAN_POINT('',(0.00967857142857143,-0.00001,0.));
#937=DIRECTION('',(1.,0.,0.));
#938=DIRECTION('',(0.,0.,-1.));
#939=AXIS2_PLACEMENT_3D('',#936,#937,#938);
#940=PLANE('',#939);
#941=CARTESIAN_POINT('',(0.00967857142857143,0.,0.));
#942=DIRECTION('',(0.,0.,-1.));
#943=VECTOR('',#942,1.);
#944=LINE('',#941,#943);
#945=CARTESIAN_POINT('',(0.00967857142857143,0.,-0.007890000000000156));
#946=VERTEX_POINT('',#945);
#947=EDGE_CURVE('',#946,#910,#944,.T.);
#948=ORIENTED_EDGE('',*,*,#947,.T.);
#949=CARTESIAN_POINT('',(0.00967857142857143,-0.00001,0.0026999999999998414));
#950=DIRECTION('',(0.,1.,0.));
#951=VECTOR('',#950,1.);
#952=LINE('',#949,#951);
#953=EDGE_CURVE('',#918,#910,#952,.T.);
#954=ORIENTED_EDGE('',*,*,#953,.F.);
#955=CARTESIAN_POINT('',(0.00967857142857143,-0.00001,0.));
#956=DIRECTION('',(0.,0.,-1.));
#957=VECTOR('',#956,1.);
#958=LINE('',#955,#957);
#959=CARTESIAN_POINT('',(0.00967857142857143,-0.00001,-0.007890000000000156));
#960=VERTEX_POINT('',#959);
#961=EDGE_CURVE('',#918,#960,#958,.T.);
#962=ORIENTED_EDGE('',*,*,#961,.T.);
#963=CARTESIAN_POINT('',(0.00967857142857143,-0.00001,-0.007890000000000156));
#964=DIRECTION('',(0.,1.,0.));
#965=VECTOR('',#964,1.);
#966=LINE('',#963,#965);
#967=EDGE_CURVE('',#960,#946,#966,.T.);
#968=ORIENTED_EDGE('',*,*,#967,.T.);
#969=EDGE_LOOP('',(#948,#954,#962,#968));
#970=FACE_OUTER_BOUND('',#969,.T.);
#971=ADVANCED_FACE('',(#970),#940,.F.);
#972=CARTESIAN_POINT('',(0.,-0.00001,-0.007890000000000156));
#973=DIRECTION('',(0.,0.,1.));
#974=DIRECTION('',(1.,0.,0.));
#975=AXIS2_PLACEMENT_3D('',#972,#973,#974);
#976=PLANE('',#975);
#977=CARTESIAN_POINT('',(0.,0.,-0.007890000000000156));
#978=DIRECTION('',(1.,0.,0.));
#979=VECTOR('',#978,1.);
#980=LINE('',#977,#979);
#981=EDGE_CURVE('',#872,#946,#980,.T.);
#982=ORIENTED_EDGE('',*,*,#981,.T.);
#983=CARTESIAN_POINT('',(0.00967857142857143,-0.00001,-0.007890000000000156));
#984=DIRECTION('',(0.,1.,0.));
#985=VECTOR('',#984,1.);
#986=LINE('',#983,#985);
#987=EDGE_CURVE('',#960,#946,#986,.T.);
#988=ORIENTED_EDGE('',*,*,#987,.F.);
#989=CARTESIAN_POINT('',(0.,-0.00001,-0.007890000000000156));
#990=DIRECTION('',(1.,0.,0.));
#991=VECTOR('',#990,1.);
#992=LINE('',#989,#991);
#993=EDGE_CURVE('',#960,#888,#992,.T.);
#994=ORIENTED_EDGE('',*,*,#993,.T.);
#995=CARTESIAN_POINT('',(0.013550000000000001,-0.00001,-0.007890000000000156));
#996=DIRECTION('',(0.,1.,0.));
#997=VECTOR('',#996,1.);
#998=LINE('',#995,#997);
#999=EDGE_CURVE('',#872,#888,#998,.T.);
#1000=ORIENTED_EDGE('',*,*,#999,.F.);
#1001=EDGE_LOOP('',(#982,#988,#994,#1000));
#1002=FACE_OUTER_BOUND('',#1001,.T.);
#1003=ADVANCED_FACE('',(#1002),#976,.F.);
#1004=CARTESIAN_POINT('',(0.,-0.00001,0.));
#1005=DIRECTION('',(0.,-1.,0.));
#1006=DIRECTION('',(0.,0.,-1.));
#1007=AXIS2_PLACEMENT_3D('',#1004,#1005,#1006);
#1008=PLANE('',#1007);
#1009=CARTESIAN_POINT('',(0.,-0.00001,0.0026999999999998414));
#1010=DIRECTION('',(1.,0.,0.));
#1011=VECTOR('',#1010,1.);
#1012=LINE('',#1009,#1011);
#1013=EDGE_CURVE('',#880,#918,#1012,.T.);
#1014=ORIENTED_EDGE('',*,*,#1013,.T.);
#1015=CARTESIAN_POINT('',(0.00967857142857143,-0.00001,0.));
#1016=DIRECTION('',(0.,0.,-1.));
#1017=VECTOR('',#1016,1.);
#1018=LINE('',#1015,#1017);
#1019=EDGE_CURVE('',#918,#960,#1018,.T.);
#1020=ORIENTED_EDGE('',*,*,#1019,.T.);
#1021=CARTESIAN_POINT('',(0.,-0.00001,-0.007890000000000156));
#1022=DIRECTION('',(1.,0.,0.));
#1023=VECTOR('',#1022,1.);
#1024=LINE('',#1021,#1023);
#1025=EDGE_CURVE('',#960,#888,#1024,.T.);
#1026=ORIENTED_EDGE('',*,*,#1025,.T.);
#1027=CARTESIAN_POINT('',(0.013550000000000001,-0.00001,0.));
#1028=DIRECTION('',(0.,0.,-1.));
#1029=VECTOR('',#1028,1.);
#1030=LINE('',#1027,#1029);
#1031=EDGE_CURVE('',#888,#880,#1030,.T.);
#1032=ORIENTED_EDGE('',*,*,#1031,.T.);
#1033=EDGE_LOOP('',(#1014,#1020,#1026,#1032));
#1034=FACE_OUTER_BOUND('',#1033,.T.);
#1035=ADVANCED_FACE('',(#1034),#1008,.T.);
#1036=CARTESIAN_POINT('',(0.,0.,0.));
#1037=DIRECTION('',(0.,-1.,0.));
#1038=DIRECTION('',(0.,0.,-1.));
#1039=AXIS2_PLACEMENT_3D('',#1036,#1037,#1038);
#1040=PLANE('',#1039);
#1041=CARTESIAN_POINT('',(0.,0.,0.0026999999999998414));
#1042=DIRECTION('',(1.,0.,0.));
#1043=VECTOR('',#1042,1.);
#1044=LINE('',#1041,#1043);
#1045=EDGE_CURVE('',#910,#870,#1044,.T.);
#1046=ORIENTED_EDGE('',*,*,#1045,.F.);
#1047=CARTESIAN_POINT('',(0.00967857142857143,0.,0.));
#1048=DIRECTION('',(0.,0.,-1.));
#1049=VECTOR('',#1048,1.);
#1050=LINE('',#1047,#1049);
#1051=EDGE_CURVE('',#946,#910,#1050,.T.);
#1052=ORIENTED_EDGE('',*,*,#1051,.F.);
#1053=CARTESIAN_POINT('',(0.,0.,-0.007890000000000156));
#1054=DIRECTION('',(1.,0.,0.));
#1055=VECTOR('',#1054,1.);
#1056=LINE('',#1053,#1055);
#1057=EDGE_CURVE('',#872,#946,#1056,.T.);
#1058=ORIENTED_EDGE('',*,*,#1057,.F.);
#1059=CARTESIAN_POINT('',(0.013550000000000001,0.,0.));
#1060=DIRECTION('',(0.,0.,-1.));
#1061=VECTOR('',#1060,1.);
#1062=LINE('',#1059,#1061);
#1063=EDGE_CURVE('',#870,#872,#1062,.T.);
#1064=ORIENTED_EDGE('',*,*,#1063,.F.);
#1065=EDGE_LOOP('',(#1046,#1052,#1058,#1064));
#1066=FACE_OUTER_BOUND('',#1065,.T.);
#1067=ADVANCED_FACE('',(#1066),#1040,.F.);
#1068=CLOSED_SHELL('',(#899,#935,#971,#1003,#1035,#1067));
#1069=MANIFOLD_SOLID_BREP('',#1068);
#1070=CARTESIAN_POINT('',(0.00967857142857143,-0.00001,0.));
#1071=DIRECTION('',(1.,0.,0.));
#1072=DIRECTION('',(0.,0.,-1.));
#1073=AXIS2_PLACEMENT_3D('',#1070,#1071,#1072);
#1074=PLANE('',#1073);
#1075=CARTESIAN_POINT('',(0.00967857142857143,0.,0.));
#1076=DIRECTION('',(0.,0.,-1.));
#1077=VECTOR('',#1076,1.);
#1078=LINE('',#1075,#1077);
#1079=CARTESIAN_POINT('',(0.00967857142857143,0.,0.006229999999999841));
#1080=VERTEX_POINT('',#1079);
#1081=CARTESIAN_POINT('',(0.00967857142857143,0.,0.0026999999999998414));
#1082=VERTEX_POINT('',#1081);
#1083=EDGE_CURVE('',#1080,#1082,#1078,.T.);
#1084=ORIENTED_EDGE('',*,*,#1083,.F.);
#1085=CARTESIAN_POINT('',(0.00967857142857143,-0.00001,0.006229999999999841));
#1086=DIRECTION('',(0.,1.,0.));
#1087=VECTOR('',#1086,1.);
#1088=LINE('',#1085,#1087);
#1089=CARTESIAN_POINT('',(0.00967857142857143,-0.00001,0.006229999999999841));
#1090=VERTEX_POINT('',#1089);
#1091=EDGE_CURVE('',#1090,#1080,#1088,.T.);
#1092=ORIENTED_EDGE('',*,*,#1091,.F.);
#1093=CARTESIAN_POINT('',(0.00967857142857143,-0.00001,0.));
#1094=DIRECTION('',(0.,0.,-1.));
#1095=VECTOR('',#1094,1.);
#1096=LINE('',#1093,#1095);
#1097=CARTESIAN_POINT('',(0.00967857142857143,-0.00001,0.0026999999999998414));
#1098=VERTEX_POINT('',#1097);
#1099=EDGE_CURVE('',#1098,#1090,#1096,.T.);
#1100=ORIENTED_EDGE('',*,*,#1099,.F.);
#1101=CARTESIAN_POINT('',(0.00967857142857143,-0.00001,0.0026999999999998414));
#1102=DIRECTION('',(0.,1.,0.));
#1103=VECTOR('',#1102,1.);
#1104=LINE('',#1101,#1103);
#1105=EDGE_CURVE('',#1082,#1098,#1104,.T.);
#1106=ORIENTED_EDGE('',*,*,#1105,.F.);
#1107=EDGE_LOOP('',(#1084,#1092,#1100,#1106));
#1108=FACE_OUTER_BOUND('',#1107,.T.);
#1109=ADVANCED_FACE('',(#1108),#1074,.T.);
#1110=CARTESIAN_POINT('',(0.,-0.00001,0.006229999999999841));
#1111=DIRECTION('',(0.,0.,1.));
#1112=DIRECTION('',(1.,0.,0.));
#1113=AXIS2_PLACEMENT_3D('',#1110,#1111,#1112);
#1114=PLANE('',#1113);
#1115=CARTESIAN_POINT('',(0.,0.,0.006229999999999841));
#1116=DIRECTION('',(1.,0.,0.));
#1117=VECTOR('',#1116,1.);
#1118=LINE('',#1115,#1117);
#1119=CARTESIAN_POINT('',(0.00580714285714286,0.,0.006229999999999841));
#1120=VERTEX_POINT('',#1119);
#1121=EDGE_CURVE('',#1120,#1080,#1118,.T.);
#1122=ORIENTED_EDGE('',*,*,#1121,.F.);
#1123=CARTESIAN_POINT('',(0.00580714285714286,-0.00001,0.006229999999999841));
#1124=DIRECTION('',(0.,1.,0.));
#1125=VECTOR('',#1124,1.);
#1126=LINE('',#1123,#1125);
#1127=CARTESIAN_POINT('',(0.00580714285714286,-0.00001,0.006229999999999841));
#1128=VERTEX_POINT('',#1127);
#1129=EDGE_CURVE('',#1128,#1120,#1126,.T.);
#1130=ORIENTED_EDGE('',*,*,#1129,.F.);
#1131=CARTESIAN_POINT('',(0.,-0.00001,0.006229999999999841));
#1132=DIRECTION('',(1.,0.,0.));
#1133=VECTOR('',#1132,1.);
#1134=LINE('',#1131,#1133);
#1135=EDGE_CURVE('',#1090,#1128,#1134,.T.);
#1136=ORIENTED_EDGE('',*,*,#1135,.F.);
#1137=CARTESIAN_POINT('',(0.00967857142857143,-0.00001,0.006229999999999841));
#1138=DIRECTION('',(0.,1.,0.));
#1139=VECTOR('',#1138,1.);
#1140=LINE('',#1137,#1139);
#1141=EDGE_CURVE('',#1090,#1080,#1140,.T.);
#1142=ORIENTED_EDGE('',*,*,#1141,.T.);
#1143=EDGE_LOOP('',(#1122,#1130,#1136,#1142));
#1144=FACE_OUTER_BOUND('',#1143,.T.);
#1145=ADVANCED_FACE('',(#1144),#1114,.T.);
#1146=CARTESIAN_POINT('',(0.00580714285714286,-0.00001,0.));
#1147=DIRECTION('',(1.,0.,0.));
#1148=DIRECTION('',(0.,0.,-1.));
#1149=AXIS2_PLACEMENT_3D('',#1146,#1147,#1148);
#1150=PLANE('',#1149);
#1151=CARTESIAN_POINT('',(0.00580714285714286,0.,0.));
#1152=DIRECTION('',(0.,0.,-1.));
#1153=VECTOR('',#1152,1.);
#1154=LINE('',#1151,#1153);
#1155=CARTESIAN_POINT('',(0.00580714285714286,0.,0.0026999999999998414));
#1156=VERTEX_POINT('',#1155);
#1157=EDGE_CURVE('',#1156,#1120,#1154,.T.);
#1158=ORIENTED_EDGE('',*,*,#1157,.T.);
#1159=CARTESIAN_POINT('',(0.00580714285714286,-0.00001,0.006229999999999841));
#1160=DIRECTION('',(0.,1.,0.));
#1161=VECTOR('',#1160,1.);
#1162=LINE('',#1159,#1161);
#1163=EDGE_CURVE('',#1128,#1120,#1162,.T.);
#1164=ORIENTED_EDGE('',*,*,#1163,.F.);
#1165=CARTESIAN_POINT('',(0.00580714285714286,-0.00001,0.));
#1166=DIRECTION('',(0.,0.,-1.));
#1167=VECTOR('',#1166,1.);
#1168=LINE('',#1165,#1167);
#1169=CARTESIAN_POINT('',(0.00580714285714286,-0.00001,0.0026999999999998414));
#1170=VERTEX_POINT('',#1169);
#1171=EDGE_CURVE('',#1128,#1170,#1168,.T.);
#1172=ORIENTED_EDGE('',*,*,#1171,.T.);
#1173=CARTESIAN_POINT('',(0.00580714285714286,-0.00001,0.0026999999999998414));
#1174=DIRECTION('',(0.,1.,0.));
#1175=VECTOR('',#1174,1.);
#1176=LINE('',#1173,#1175);
#1177=EDGE_CURVE('',#1170,#1156,#1176,.T.);
#1178=ORIENTED_EDGE('',*,*,#1177,.T.);
#1179=EDGE_LOOP('',(#1158,#1164,#1172,#1178));
#1180=FACE_OUTER_BOUND('',#1179,.T.);
#1181=ADVANCED_FACE('',(#1180),#1150,.F.);
#1182=CARTESIAN_POINT('',(0.,-0.00001,0.0026999999999998414));
#1183=DIRECTION('',(0.,0.,1.));
#1184=DIRECTION('',(1.,0.,0.));
#1185=AXIS2_PLACEMENT_3D('',#1182,#1183,#1184);
#1186=PLANE('',#1185);
#1187=CARTESIAN_POINT('',(0.,0.,0.0026999999999998414));
#1188=DIRECTION('',(1.,0.,0.));
#1189=VECTOR('',#1188,1.);
#1190=LINE('',#1187,#1189);
#1191=EDGE_CURVE('',#1082,#1156,#1190,.T.);
#1192=ORIENTED_EDGE('',*,*,#1191,.T.);
#1193=CARTESIAN_POINT('',(0.00580714285714286,-0.00001,0.0026999999999998414));
#1194=DIRECTION('',(0.,1.,0.));
#1195=VECTOR('',#1194,1.);
#1196=LINE('',#1193,#1195);
#1197=EDGE_CURVE('',#1170,#1156,#1196,.T.);
#1198=ORIENTED_EDGE('',*,*,#1197,.F.);
#1199=CARTESIAN_POINT('',(0.,-0.00001,0.0026999999999998414));
#1200=DIRECTION('',(1.,0.,0.));
#1201=VECTOR('',#1200,1.);
#1202=LINE('',#1199,#1201);
#1203=EDGE_CURVE('',#1170,#1098,#1202,.T.);
#1204=ORIENTED_EDGE('',*,*,#1203,.T.);
#1205=CARTESIAN_POINT('',(0.00967857142857143,-0.00001,0.0026999999999998414));
#1206=DIRECTION('',(0.,1.,0.));
#1207=VECTOR('',#1206,1.);
#1208=LINE('',#1205,#1207);
#1209=EDGE_CURVE('',#1082,#1098,#1208,.T.);
#1210=ORIENTED_EDGE('',*,*,#1209,.F.);
#1211=EDGE_LOOP('',(#1192,#1198,#1204,#1210));
#1212=FACE_OUTER_BOUND('',#1211,.T.);
#1213=ADVANCED_FACE('',(#1212),#1186,.F.);
#1214=CARTESIAN_POINT('',(0.,-0.00001,0.));
#1215=DIRECTION('',(0.,-1.,0.));
#1216=DIRECTION('',(0.,0.,-1.));
#1217=AXIS2_PLACEMENT_3D('',#1214,#1215,#1216);
#1218=PLANE('',#1217);
#1219=CARTESIAN_POINT('',(0.,-0.00001,0.006229999999999841));
#1220=DIRECTION('',(1.,0.,0.));
#1221=VECTOR('',#1220,1.);
#1222=LINE('',#1219,#1221);
#1223=EDGE_CURVE('',#1090,#1128,#1222,.T.);
#1224=ORIENTED_EDGE('',*,*,#1223,.T.);
#1225=CARTESIAN_POINT('',(0.00580714285714286,-0.00001,0.));
#1226=DIRECTION('',(0.,0.,-1.));
#1227=VECTOR('',#1226,1.);
#1228=LINE('',#1225,#1227);
#1229=EDGE_CURVE('',#1128,#1170,#1228,.T.);
#1230=ORIENTED_EDGE('',*,*,#1229,.T.);
#1231=CARTESIAN_POINT('',(0.,-0.00001,0.0026999999999998414));
#1232=DIRECTION('',(1.,0.,0.));
#1233=VECTOR('',#1232,1.);
#1234=LINE('',#1231,#1233);
#1235=EDGE_CURVE('',#1170,#1098,#1234,.T.);
#1236=ORIENTED_EDGE('',*,*,#1235,.T.);
#1237=CARTESIAN_POINT('',(0.00967857142857143,-0.00001,0.));
#1238=DIRECTION('',(0.,0.,-1.));
#1239=VECTOR('',#1238,1.);
#1240=LINE('',#1237,#1239);
#1241=EDGE_CURVE('',#1098,#1090,#1240,.T.);
#1242=ORIENTED_EDGE('',*,*,#1241,.T.);
#1243=EDGE_LOOP('',(#1224,#1230,#1236,#1242));
#1244=FACE_OUTER_BOUND('',#1243,.T.);
#1245=ADVANCED_FACE('',(#1244),#1218,.T.);
#1246=CARTESIAN_POINT('',(0.,0.,0.));
#1247=DIRECTION('',(0.,-1.,0.));
#1248=DIRECTION('',(0.,0.,-1.));
#1249=AXIS2_PLACEMENT_3D('',#1246,#1247,#1248);
#1250=PLANE('',#1249);
#1251=CARTESIAN_POINT('',(0.,0.,0.006229999999999841));
#1252=DIRECTION('',(1.,0.,0.));
#1253=VECTOR('',#1252,1.);
#1254=LINE('',#1251,#1253);
#1255=EDGE_CURVE('',#1120,#1080,#1254,.T.);
#1256=ORIENTED_EDGE('',*,*,#1255,.F.);
#1257=CARTESIAN_POINT('',(0.00580714285714286,0.,0.));
#1258=DIRECTION('',(0.,0.,-1.));
#1259=VECTOR('',#1258,1.);
#1260=LINE('',#1257,#1259);
#1261=EDGE_CURVE('',#1156,#1120,#1260,.T.);
#1262=ORIENTED_EDGE('',*,*,#1261,.F.);
#1263=CARTESIAN_POINT('',(0.,0.,0.0026999999999998414));
#1264=DIRECTION('',(1.,0.,0.));
#1265=VECTOR('',#1264,1.);
#1266=LINE('',#1263,#1265);
#1267=EDGE_CURVE('',#1082,#1156,#1266,.T.);
#1268=ORIENTED_EDGE('',*,*,#1267,.F.);
#1269=CARTESIAN_POINT('',(0.00967857142857143,0.,0.));
#1270=DIRECTION('',(0.,0.,-1.));
#1271=VECTOR('',#1270,1.);
#1272=LINE('',#1269,#1271);
#1273=EDGE_CURVE('',#1080,#1082,#1272,.T.);
#1274=ORIENTED_EDGE('',*,*,#1273,.F.);
#1275=EDGE_LOOP('',(#1256,#1262,#1268,#1274));
#1276=FACE_OUTER_BOUND('',#1275,.T.);
#1277=ADVANCED_FACE('',(#1276),#1250,.F.);
#1278=CLOSED_SHELL('',(#1109,#1145,#1181,#1213,#1245,#1277));
#1279=MANIFOLD_SOLID_BREP('',#1278);
#1280=CARTESIAN_POINT('',(0.013550000000000001,-0.00001,0.));
#1281=DIRECTION('',(1.,0.,0.));
#1282=DIRECTION('',(0.,0.,-1.));
#1283=AXIS2_PLACEMENT_3D('',#1280,#1281,#1282);
#1284=PLANE('',#1283);
#1285=CARTESIAN_POINT('',(0.013550000000000001,0.,0.));
#1286=DIRECTION('',(0.,0.,-1.));
#1287=VECTOR('',#1286,1.);
#1288=LINE('',#1285,#1287);
#1289=CARTESIAN_POINT('',(0.013550000000000001,0.,0.00975999999999984));
#1290=VERTEX_POINT('',#1289);
#1291=CARTESIAN_POINT('',(0.013550000000000001,0.,0.006229999999999841));
#1292=VERTEX_POINT('',#1291);
#1293=EDGE_CURVE('',#1290,#1292,#1288,.T.);
#1294=ORIENTED_EDGE('',*,*,#1293,.F.);
#1295=CARTESIAN_POINT('',(0.013550000000000001,-0.00001,0.00975999999999984));
#1296=DIRECTION('',(0.,1.,0.));
#1297=VECTOR('',#1296,1.);
#1298=LINE('',#1295,#1297);
#1299=CARTESIAN_POINT('',(0.013550000000000001,-0.00001,0.00975999999999984));
#1300=VERTEX_POINT('',#1299);
#1301=EDGE_CURVE('',#1300,#1290,#1298,.T.);
#1302=ORIENTED_EDGE('',*,*,#1301,.F.);
#1303=CARTESIAN_POINT('',(0.013550000000000001,-0.00001,0.));
#1304=DIRECTION('',(0.,0.,-1.));
#1305=VECTOR('',#1304,1.);
#1306=LINE('',#1303,#1305);
#1307=CARTESIAN_POINT('',(0.013550000000000001,-0.00001,0.006229999999999841));
#1308=VERTEX_POINT('',#1307);
#1309=EDGE_CURVE('',#1308,#1300,#1306,.T.);
#1310=ORIENTED_EDGE('',*,*,#1309,.F.);
#1311=CARTESIAN_POINT('',(0.013550000000000001,-0.00001,0.006229999999999841));
#1312=DIRECTION('',(0.,1.,0.));
#1313=VECTOR('',#1312,1.);
#1314=LINE('',#1311,#1313);
#1315=EDGE_CURVE('',#1292,#1308,#1314,.T.);
#1316=ORIENTED_EDGE('',*,*,#1315,.F.);
#1317=EDGE_LOOP('',(#1294,#1302,#1310,#1316));
#1318=FACE_OUTER_BOUND('',#1317,.T.);
#1319=ADVANCED_FACE('',(#1318),#1284,.T.);
#1320=CARTESIAN_POINT('',(0.,-0.00001,0.00975999999999984));
#1321=DIRECTION('',(0.,0.,1.));
#1322=DIRECTION('',(1.,0.,0.));
#1323=AXIS2_PLACEMENT_3D('',#1320,#1321,#1322);
#1324=PLANE('',#1323);
#1325=CARTESIAN_POINT('',(0.,0.,0.00975999999999984));
#1326=DIRECTION('',(1.,0.,0.));
#1327=VECTOR('',#1326,1.);
#1328=LINE('',#1325,#1327);
#1329=CARTESIAN_POINT('',(0.00967857142857143,0.,0.00975999999999984));
#1330=VERTEX_POINT('',#1329);
#1331=EDGE_CURVE('',#1330,#1290,#1328,.T.);
#1332=ORIENTED_EDGE('',*,*,#1331,.F.);
#1333=CARTESIAN_POINT('',(0.00967857142857143,-0.00001,0.00975999999999984));
#1334=DIRECTION('',(0.,1.,0.));
#1335=VECTOR('',#1334,1.);
#1336=LINE('',#1333,#1335);
#1337=CARTESIAN_POINT('',(0.00967857142857143,-0.00001,0.00975999999999984));
#1338=VERTEX_POINT('',#1337);
#1339=EDGE_CURVE('',#1338,#1330,#1336,.T.);
#1340=ORIENTED_EDGE('',*,*,#1339,.F.);
#1341=CARTESIAN_POINT('',(0.,-0.00001,0.00975999999999984));
#1342=DIRECTION('',(1.,0.,0.));
#1343=VECTOR('',#1342,1.);
#1344=LINE('',#1341,#1343);
#1345=EDGE_CURVE('',#1300,#1338,#1344,.T.);
#1346=ORIENTED_EDGE('',*,*,#1345,.F.);
#1347=CARTESIAN_POINT('',(0.013550000000000001,-0.00001,0.00975999999999984));
#1348=DIRECTION('',(0.,1.,0.));
#1349=VECTOR('',#1348,1.);
#1350=LINE('',#1347,#1349);
#1351=EDGE_CURVE('',#1300,#1290,#1350,.T.);
#1352=ORIENTED_EDGE('',*,*,#1351,.T.);
#1353=EDGE_LOOP('',(#1332,#1340,#1346,#1352));
#1354=FACE_OUTER_BOUND('',#1353,.T.);
#1355=ADVANCED_FACE('',(#1354),#1324,.T.);
#1356=CARTESIAN_POINT('',(0.00967857142857143,-0.00001,0.));
#1357=DIRECTION('',(1.,0.,0.));
#1358=DIRECTION('',(0.,0.,-1.));
#1359=AXIS2_PLACEMENT_3D('',#1356,#1357,#1358);
#1360=PLANE('',#1359);
#1361=CARTESIAN_POINT('',(0.00967857142857143,0.,0.));
#1362=DIRECTION('',(0.,0.,-1.));
#1363=VECTOR('',#1362,1.);
#1364=LINE('',#1361,#1363);
#1365=CARTESIAN_POINT('',(0.00967857142857143,0.,0.006229999999999841));
#1366=VERTEX_POINT('',#1365);
#1367=EDGE_CURVE('',#1366,#1330,#1364,.T.);
#1368=ORIENTED_EDGE('',*,*,#1367,.T.);
#1369=CARTESIAN_POINT('',(0.00967857142857143,-0.00001,0.00975999999999984));
#1370=DIRECTION('',(0.,1.,0.));
#1371=VECTOR('',#1370,1.);
#1372=LINE('',#1369,#1371);
#1373=EDGE_CURVE('',#1338,#1330,#1372,.T.);
#1374=ORIENTED_EDGE('',*,*,#1373,.F.);
#1375=CARTESIAN_POINT('',(0.00967857142857143,-0.00001,0.));
#1376=DIRECTION('',(0.,0.,-1.));
#1377=VECTOR('',#1376,1.);
#1378=LINE('',#1375,#1377);
#1379=CARTESIAN_POINT('',(0.00967857142857143,-0.00001,0.006229999999999841));
#1380=VERTEX_POINT('',#1379);
#1381=EDGE_CURVE('',#1338,#1380,#1378,.T.);
#1382=ORIENTED_EDGE('',*,*,#1381,.T.);
#1383=CARTESIAN_POINT('',(0.00967857142857143,-0.00001,0.006229999999999841));
#1384=DIRECTION('',(0.,1.,0.));
#1385=VECTOR('',#1384,1.);
#1386=LINE('',#1383,#1385);
#1387=EDGE_CURVE('',#1380,#1366,#1386,.T.);
#1388=ORIENTED_EDGE('',*,*,#1387,.T.);
#1389=EDGE_LOOP('',(#1368,#1374,#1382,#1388));
#1390=FACE_OUTER_BOUND('',#1389,.T.);
#1391=ADVANCED_FACE('',(#1390),#1360,.F.);
#1392=CARTESIAN_POINT('',(0.,-0.00001,0.006229999999999841));
#1393=DIRECTION('',(0.,0.,1.));
#1394=DIRECTION('',(1.,0.,0.));
#1395=AXIS2_PLACEMENT_3D('',#1392,#1393,#1394);
#1396=PLANE('',#1395);
#1397=CARTESIAN_POINT('',(0.,0.,0.006229999999999841));
#1398=DIRECTION('',(1.,0.,0.));
#1399=VECTOR('',#1398,1.);
#1400=LINE('',#1397,#1399);
#1401=EDGE_CURVE('',#1292,#1366,#1400,.T.);
#1402=ORIENTED_EDGE('',*,*,#1401,.T.);
#1403=CARTESIAN_POINT('',(0.00967857142857143,-0.00001,0.006229999999999841));
#1404=DIRECTION('',(0.,1.,0.));
#1405=VECTOR('',#1404,1.);
#1406=LINE('',#1403,#1405);
#1407=EDGE_CURVE('',#1380,#1366,#1406,.T.);
#1408=ORIENTED_EDGE('',*,*,#1407,.F.);
#1409=CARTESIAN_POINT('',(0.,-0.00001,0.006229999999999841));
#1410=DIRECTION('',(1.,0.,0.));
#1411=VECTOR('',#1410,1.);
#1412=LINE('',#1409,#1411);
#1413=EDGE_CURVE('',#1380,#1308,#1412,.T.);
#1414=ORIENTED_EDGE('',*,*,#1413,.T.);
#1415=CARTESIAN_POINT('',(0.013550000000000001,-0.00001,0.006229999999999841));
#1416=DIRECTION('',(0.,1.,0.));
#1417=VECTOR('',#1416,1.);
#1418=LINE('',#1415,#1417);
#1419=EDGE_CURVE('',#1292,#1308,#1418,.T.);
#1420=ORIENTED_EDGE('',*,*,#1419,.F.);
#1421=EDGE_LOOP('',(#1402,#1408,#1414,#1420));
#1422=FACE_OUTER_BOUND('',#1421,.T.);
#1423=ADVANCED_FACE('',(#1422),#1396,.F.);
#1424=CARTESIAN_POINT('',(0.,-0.00001,0.));
#1425=DIRECTION('',(0.,-1.,0.));
#1426=DIRECTION('',(0.,0.,-1.));
#1427=AXIS2_PLACEMENT_3D('',#1424,#1425,#1426);
#1428=PLANE('',#1427);
#1429=CARTESIAN_POINT('',(0.,-0.00001,0.00975999999999984));
#1430=DIRECTION('',(1.,0.,0.));
#1431=VECTOR('',#1430,1.);
#1432=LINE('',#1429,#1431);
#1433=EDGE_CURVE('',#1300,#1338,#1432,.T.);
#1434=ORIENTED_EDGE('',*,*,#1433,.T.);
#1435=CARTESIAN_POINT('',(0.00967857142857143,-0.00001,0.));
#1436=DIRECTION('',(0.,0.,-1.));
#1437=VECTOR('',#1436,1.);
#1438=LINE('',#1435,#1437);
#1439=EDGE_CURVE('',#1338,#1380,#1438,.T.);
#1440=ORIENTED_EDGE('',*,*,#1439,.T.);
#1441=CARTESIAN_POINT('',(0.,-0.00001,0.006229999999999841));
#1442=DIRECTION('',(1.,0.,0.));
#1443=VECTOR('',#1442,1.);
#1444=LINE('',#1441,#1443);
#1445=EDGE_CURVE('',#1380,#1308,#1444,.T.);
#1446=ORIENTED_EDGE('',*,*,#1445,.T.);
#1447=CARTESIAN_POINT('',(0.013550000000000001,-0.00001,0.));
#1448=DIRECTION('',(0.,0.,-1.));
#1449=VECTOR('',#1448,1.);
#1450=LINE('',#1447,#1449);
#1451=EDGE_CURVE('',#1308,#1300,#1450,.T.);
#1452=ORIENTED_EDGE('',*,*,#1451,.T.);
#1453=EDGE_LOOP('',(#1434,#1440,#1446,#1452));
#1454=FACE_OUTER_BOUND('',#1453,.T.);
#1455=ADVANCED_FACE('',(#1454),#1428,.T.);
#1456=CARTESIAN_POINT('',(0.,0.,0.));
#1457=DIRECTION('',(0.,-1.,0.));
#1458=DIRECTION('',(0.,0.,-1.));
#1459=AXIS2_PLACEMENT_3D('',#1456,#1457,#1458);
#1460=PLANE('',#1459);
#1461=CARTESIAN_POINT('',(0.,0.,0.00975999999999984));
#1462=DIRECTION('',(1.,0.,0.));
#1463=VECTOR('',#1462,1.);
#1464=LINE('',#1461,#1463);
#1465=EDGE_CURVE('',#1330,#1290,#1464,.T.);
#1466=ORIENTED_EDGE('',*,*,#1465,.F.);
#1467=CARTESIAN_POINT('',(0.00967857142857143,0.,0.));
#1468=DIRECTION('',(0.,0.,-1.));
#1469=VECTOR('',#1468,1.);
#1470=LINE('',#1467,#1469);
#1471=EDGE_CURVE('',#1366,#1330,#1470,.T.);
#1472=ORIENTED_EDGE('',*,*,#1471,.F.);
#1473=CARTESIAN_POINT('',(0.,0.,0.006229999999999841));
#1474=DIRECTION('',(1.,0.,0.));
#1475=VECTOR('',#1474,1.);
#1476=LINE('',#1473,#1475);
#1477=EDGE_CURVE('',#1292,#1366,#1476,.T.);
#1478=ORIENTED_EDGE('',*,*,#1477,.F.);
#1479=CARTESIAN_POINT('',(0.013550000000000001,0.,0.));
#1480=DIRECTION('',(0.,0.,-1.));
#1481=VECTOR('',#1480,1.);
#1482=LINE('',#1479,#1481);
#1483=EDGE_CURVE('',#1290,#1292,#1482,.T.);
#1484=ORIENTED_EDGE('',*,*,#1483,.F.);
#1485=EDGE_LOOP('',(#1466,#1472,#1478,#1484));
#1486=FACE_OUTER_BOUND('',#1485,.T.);
#1487=ADVANCED_FACE('',(#1486),#1460,.F.);
#1488=CLOSED_SHELL('',(#1319,#1355,#1391,#1423,#1455,#1487));
#1489=MANIFOLD_SOLID_BREP('',#1488);
#1490=CARTESIAN_POINT('',(0.009678571428571828,-0.00001,3.94770691472561E-16));
#1491=DIRECTION('',(1.,0.,4.078811572410057E-14));
#1492=DIRECTION('',(4.078811572410057E-14,0.,-1.));
#1493=AXIS2_PLACEMENT_3D('',#1490,#1491,#1492);
#1494=PLANE('',#1493);
#1495=CARTESIAN_POINT('',(0.009678571428571828,0.,3.94770691472561E-16));
#1496=DIRECTION('',(4.078811572410056E-14,0.,-1.));
#1497=VECTOR('',#1496,1.);
#1498=LINE('',#1495,#1497);
#1499=CARTESIAN_POINT('',(0.009678571428571286,0.,0.01328999999999984));
#1500=VERTEX_POINT('',#1499);
#1501=CARTESIAN_POINT('',(0.00967857142857143,0.,0.00975999999999984));
#1502=VERTEX_POINT('',#1501);
#1503=EDGE_CURVE('',#1500,#1502,#1498,.T.);
#1504=ORIENTED_EDGE('',*,*,#1503,.F.);
#1505=CARTESIAN_POINT('',(0.009678571428571286,-0.00001,0.01328999999999984));
#1506=DIRECTION('',(0.,1.,0.));
#1507=VECTOR('',#1506,1.);
#1508=LINE('',#1505,#1507);
#1509=CARTESIAN_POINT('',(0.009678571428571286,-0.00001,0.01328999999999984));
#1510=VERTEX_POINT('',#1509);
#1511=EDGE_CURVE('',#1510,#1500,#1508,.T.);
#1512=ORIENTED_EDGE('',*,*,#1511,.F.);
#1513=CARTESIAN_POINT('',(0.009678571428571828,-0.00001,3.94770691472561E-16));
#1514=DIRECTION('',(4.078811572410056E-14,0.,-1.));
#1515=VECTOR('',#1514,1.);
#1516=LINE('',#1513,#1515);
#1517=CARTESIAN_POINT('',(0.00967857142857143,-0.00001,0.00975999999999984));
#1518=VERTEX_POINT('',#1517);
#1519=EDGE_CURVE('',#1518,#1510,#1516,.T.);
#1520=ORIENTED_EDGE('',*,*,#1519,.F.);
#1521=CARTESIAN_POINT('',(0.00967857142857143,-0.00001,0.00975999999999984));
#1522=DIRECTION('',(0.,1.,0.));
#1523=VECTOR('',#1522,1.);
#1524=LINE('',#1521,#1523);
#1525=EDGE_CURVE('',#1502,#1518,#1524,.T.);
#1526=ORIENTED_EDGE('',*,*,#1525,.F.);
#1527=EDGE_LOOP('',(#1504,#1512,#1520,#1526));
#1528=FACE_OUTER_BOUND('',#1527,.T.);
#1529=ADVANCED_FACE('',(#1528),#1494,.T.);
#1530=CARTESIAN_POINT('',(0.,-0.00001,0.01328999999999984));
#1531=DIRECTION('',(0.,0.,1.));
#1532=DIRECTION('',(1.,0.,0.));
#1533=AXIS2_PLACEMENT_3D('',#1530,#1531,#1532);
#1534=PLANE('',#1533);
#1535=CARTESIAN_POINT('',(0.,0.,0.01328999999999984));
#1536=DIRECTION('',(1.,0.,0.));
#1537=VECTOR('',#1536,1.);
#1538=LINE('',#1535,#1537);
#1539=CARTESIAN_POINT('',(0.005807142857142738,0.,0.01328999999999984));
#1540=VERTEX_POINT('',#1539);
#1541=EDGE_CURVE('',#1540,#1500,#1538,.T.);
#1542=ORIENTED_EDGE('',*,*,#1541,.F.);
#1543=CARTESIAN_POINT('',(0.005807142857142738,-0.00001,0.01328999999999984));
#1544=DIRECTION('',(0.,1.,0.));
#1545=VECTOR('',#1544,1.);
#1546=LINE('',#1543,#1545);
#1547=CARTESIAN_POINT('',(0.005807142857142738,-0.00001,0.01328999999999984));
#1548=VERTEX_POINT('',#1547);
#1549=EDGE_CURVE('',#1548,#1540,#1546,.T.);
#1550=ORIENTED_EDGE('',*,*,#1549,.F.);
#1551=CARTESIAN_POINT('',(0.,-0.00001,0.01328999999999984));
#1552=DIRECTION('',(1.,0.,0.));
#1553=VECTOR('',#1552,1.);
#1554=LINE('',#1551,#1553);
#1555=EDGE_CURVE('',#1510,#1548,#1554,.T.);
#1556=ORIENTED_EDGE('',*,*,#1555,.F.);
#1557=CARTESIAN_POINT('',(0.009678571428571286,-0.00001,0.01328999999999984));
#1558=DIRECTION('',(0.,1.,0.));
#1559=VECTOR('',#1558,1.);
#1560=LINE('',#1557,#1559);
#1561=EDGE_CURVE('',#1510,#1500,#1560,.T.);
#1562=ORIENTED_EDGE('',*,*,#1561,.T.);
#1563=EDGE_LOOP('',(#1542,#1550,#1556,#1562));
#1564=FACE_OUTER_BOUND('',#1563,.T.);
#1565=ADVANCED_FACE('',(#1564),#1534,.T.);
#1566=CARTESIAN_POINT('',(0.005807142857143195,-0.00001,1.9976348243190174E-16));
#1567=DIRECTION('',(1.,0.,3.4399615670928185E-14));
#1568=DIRECTION('',(3.4399615670928185E-14,0.,-1.));
#1569=AXIS2_PLACEMENT_3D('',#1566,#1567,#1568);
#1570=PLANE('',#1569);
#1571=CARTESIAN_POINT('',(0.005807142857143195,0.,1.9976348243190174E-16));
#1572=DIRECTION('',(3.4399615670928185E-14,0.,-1.));
#1573=VECTOR('',#1572,1.);
#1574=LINE('',#1571,#1573);
#1575=CARTESIAN_POINT('',(0.00580714285714286,0.,0.00975999999999984));
#1576=VERTEX_POINT('',#1575);
#1577=EDGE_CURVE('',#1576,#1540,#1574,.T.);
#1578=ORIENTED_EDGE('',*,*,#1577,.T.);
#1579=CARTESIAN_POINT('',(0.005807142857142738,-0.00001,0.01328999999999984));
#1580=DIRECTION('',(0.,1.,0.));
#1581=VECTOR('',#1580,1.);
#1582=LINE('',#1579,#1581);
#1583=EDGE_CURVE('',#1548,#1540,#1582,.T.);
#1584=ORIENTED_EDGE('',*,*,#1583,.F.);
#1585=CARTESIAN_POINT('',(0.005807142857143195,-0.00001,1.9976348243190174E-16));
#1586=DIRECTION('',(3.4399615670928185E-14,0.,-1.));
#1587=VECTOR('',#1586,1.);
#1588=LINE('',#1585,#1587);
#1589=CARTESIAN_POINT('',(0.00580714285714286,-0.00001,0.00975999999999984));
#1590=VERTEX_POINT('',#1589);
#1591=EDGE_CURVE('',#1548,#1590,#1588,.T.);
#1592=ORIENTED_EDGE('',*,*,#1591,.T.);
#1593=CARTESIAN_POINT('',(0.00580714285714286,-0.00001,0.00975999999999984));
#1594=DIRECTION('',(0.,1.,0.));
#1595=VECTOR('',#1594,1.);
#1596=LINE('',#1593,#1595);
#1597=EDGE_CURVE('',#1590,#1576,#1596,.T.);
#1598=ORIENTED_EDGE('',*,*,#1597,.T.);
#1599=EDGE_LOOP('',(#1578,#1584,#1592,#1598));
#1600=FACE_OUTER_BOUND('',#1599,.T.);
#1601=ADVANCED_FACE('',(#1600),#1570,.F.);
#1602=CARTESIAN_POINT('',(0.,-0.00001,0.00975999999999984));
#1603=DIRECTION('',(0.,0.,1.));
#1604=DIRECTION('',(1.,0.,0.));
#1605=AXIS2_PLACEMENT_3D('',#1602,#1603,#1604);
#1606=PLANE('',#1605);
#1607=CARTESIAN_POINT('',(0.,0.,0.00975999999999984));
#1608=DIRECTION('',(1.,0.,0.));
#1609=VECTOR('',#1608,1.);
#1610=LINE('',#1607,#1609);
#1611=EDGE_CURVE('',#1502,#1576,#1610,.T.);
#1612=ORIENTED_EDGE('',*,*,#1611,.T.);
#1613=CARTESIAN_POINT('',(0.00580714285714286,-0.00001,0.00975999999999984));
#1614=DIRECTION('',(0.,1.,0.));
#1615=VECTOR('',#1614,1.);
#1616=LINE('',#1613,#1615);
#1617=EDGE_CURVE('',#1590,#1576,#1616,.T.);
#1618=ORIENTED_EDGE('',*,*,#1617,.F.);
#1619=CARTESIAN_POINT('',(0.,-0.00001,0.00975999999999984));
#1620=DIRECTION('',(1.,0.,0.));
#1621=VECTOR('',#1620,1.);
#1622=LINE('',#1619,#1621);
#1623=EDGE_CURVE('',#1590,#1518,#1622,.T.);
#1624=ORIENTED_EDGE('',*,*,#1623,.T.);
#1625=CARTESIAN_POINT('',(0.00967857142857143,-0.00001,0.00975999999999984));
#1626=DIRECTION('',(0.,1.,0.));
#1627=VECTOR('',#1626,1.);
#1628=LINE('',#1625,#1627);
#1629=EDGE_CURVE('',#1502,#1518,#1628,.T.);
#1630=ORIENTED_EDGE('',*,*,#1629,.F.);
#1631=EDGE_LOOP('',(#1612,#1618,#1624,#1630));
#1632=FACE_OUTER_BOUND('',#1631,.T.);
#1633=ADVANCED_FACE('',(#1632),#1606,.F.);
#1634=CARTESIAN_POINT('',(0.,-0.00001,0.));
#1635=DIRECTION('',(0.,-1.,0.));
#1636=DIRECTION('',(0.,0.,-1.));
#1637=AXIS2_PLACEMENT_3D('',#1634,#1635,#1636);
#1638=PLANE('',#1637);
#1639=CARTESIAN_POINT('',(0.,-0.00001,0.01328999999999984));
#1640=DIRECTION('',(1.,0.,0.));
#1641=VECTOR('',#1640,1.);
#1642=LINE('',#1639,#1641);
#1643=EDGE_CURVE('',#1510,#1548,#1642,.T.);
#1644=ORIENTED_EDGE('',*,*,#1643,.T.);
#1645=CARTESIAN_POINT('',(0.005807142857143195,-0.00001,1.9976348243190174E-16));
#1646=DIRECTION('',(3.4399615670928185E-14,0.,-1.));
#1647=VECTOR('',#1646,1.);
#1648=LINE('',#1645,#1647);
#1649=EDGE_CURVE('',#1548,#1590,#1648,.T.);
#1650=ORIENTED_EDGE('',*,*,#1649,.T.);
#1651=CARTESIAN_POINT('',(0.,-0.00001,0.00975999999999984));
#1652=DIRECTION('',(1.,0.,0.));
#1653=VECTOR('',#1652,1.);
#1654=LINE('',#1651,#1653);
#1655=EDGE_CURVE('',#1590,#1518,#1654,.T.);
#1656=ORIENTED_EDGE('',*,*,#1655,.T.);
#1657=CARTESIAN_POINT('',(0.009678571428571828,-0.00001,3.94770691472561E-16));
#1658=DIRECTION('',(4.078811572410056E-14,0.,-1.));
#1659=VECTOR('',#1658,1.);
#1660=LINE('',#1657,#1659);
#1661=EDGE_CURVE('',#1518,#1510,#1660,.T.);
#1662=ORIENTED_EDGE('',*,*,#1661,.T.);
#1663=EDGE_LOOP('',(#1644,#1650,#1656,#1662));
#1664=FACE_OUTER_BOUND('',#1663,.T.);
#1665=ADVANCED_FACE('',(#1664),#1638,.T.);
#1666=CARTESIAN_POINT('',(0.,0.,0.));
#1667=DIRECTION('',(0.,-1.,0.));
#1668=DIRECTION('',(0.,0.,-1.));
#1669=AXIS2_PLACEMENT_3D('',#1666,#1667,#1668);
#1670=PLANE('',#1669);
#1671=CARTESIAN_POINT('',(0.,0.,0.01328999999999984));
#1672=DIRECTION('',(1.,0.,0.));
#1673=VECTOR('',#1672,1.);
#1674=LINE('',#1671,#1673);
#1675=EDGE_CURVE('',#1540,#1500,#1674,.T.);
#1676=ORIENTED_EDGE('',*,*,#1675,.F.);
#1677=CARTESIAN_POINT('',(0.005807142857143195,0.,1.9976348243190174E-16));
#1678=DIRECTION('',(3.4399615670928185E-14,0.,-1.));
#1679=VECTOR('',#1678,1.);
#1680=LINE('',#1677,#1679);
#1681=EDGE_CURVE('',#1576,#1540,#1680,.T.);
#1682=ORIENTED_EDGE('',*,*,#1681,.F.);
#1683=CARTESIAN_POINT('',(0.,0.,0.00975999999999984));
#1684=DIRECTION('',(1.,0.,0.));
#1685=VECTOR('',#1684,1.);
#1686=LINE('',#1683,#1685);
#1687=EDGE_CURVE('',#1502,#1576,#1686,.T.);
#1688=ORIENTED_EDGE('',*,*,#1687,.F.);
#1689=CARTESIAN_POINT('',(0.009678571428571828,0.,3.94770691472561E-16));
#1690=DIRECTION('',(4.078811572410056E-14,0.,-1.));
#1691=VECTOR('',#1690,1.);
#1692=LINE('',#1689,#1691);
#1693=EDGE_CURVE('',#1500,#1502,#1692,.T.);
#1694=ORIENTED_EDGE('',*,*,#1693,.F.);
#1695=EDGE_LOOP('',(#1676,#1682,#1688,#1694));
#1696=FACE_OUTER_BOUND('',#1695,.T.);
#1697=ADVANCED_FACE('',(#1696),#1670,.F.);
#1698=CLOSED_SHELL('',(#1529,#1565,#1601,#1633,#1665,#1697));
#1699=MANIFOLD_SOLID_BREP('',#1698);
#1700=CARTESIAN_POINT('',(0.,-0.00001,0.00975999999999984));
#1701=DIRECTION('',(0.,0.,1.));
#1702=DIRECTION('',(1.,0.,0.));
#1703=AXIS2_PLACEMENT_3D('',#1700,#1701,#1702);
#1704=PLANE('',#1703);
#1705=CARTESIAN_POINT('',(0.,0.,0.00975999999999984));
#1706=DIRECTION('',(1.,0.,0.));
#1707=VECTOR('',#1706,1.);
#1708=LINE('',#1705,#1707);
#1709=CARTESIAN_POINT('',(-0.009678571428571424,0.,0.00975999999999984));
#1710=VERTEX_POINT('',#1709);
#1711=CARTESIAN_POINT('',(-0.013549999999999994,0.,0.00975999999999984));
#1712=VERTEX_POINT('',#1711);
#1713=EDGE_CURVE('',#1710,#1712,#1708,.T.);
#1714=ORIENTED_EDGE('',*,*,#1713,.T.);
#1715=CARTESIAN_POINT('',(-0.013549999999999994,-0.00001,0.00975999999999984));
#1716=DIRECTION('',(0.,1.,0.));
#1717=VECTOR('',#1716,1.);
#1718=LINE('',#1715,#1717);
#1719=CARTESIAN_POINT('',(-0.013549999999999994,-0.00001,0.00975999999999984));
#1720=VERTEX_POINT('',#1719);
#1721=EDGE_CURVE('',#1712,#1720,#1718,.T.);
#1722=ORIENTED_EDGE('',*,*,#1721,.T.);
#1723=CARTESIAN_POINT('',(0.,-0.00001,0.00975999999999984));
#1724=DIRECTION('',(1.,0.,0.));
#1725=VECTOR('',#1724,1.);
#1726=LINE('',#1723,#1725);
#1727=CARTESIAN_POINT('',(-0.009678571428571424,-0.00001,0.00975999999999984));
#1728=VERTEX_POINT('',#1727);
#1729=EDGE_CURVE('',#1720,#1728,#1726,.T.);
#1730=ORIENTED_EDGE('',*,*,#1729,.T.);
#1731=CARTESIAN_POINT('',(-0.009678571428571424,-0.00001,0.00975999999999984));
#1732=DIRECTION('',(0.,1.,0.));
#1733=VECTOR('',#1732,1.);
#1734=LINE('',#1731,#1733);
#1735=EDGE_CURVE('',#1728,#1710,#1734,.T.);
#1736=ORIENTED_EDGE('',*,*,#1735,.T.);
#1737=EDGE_LOOP('',(#1714,#1722,#1730,#1736));
#1738=FACE_OUTER_BOUND('',#1737,.T.);
#1739=ADVANCED_FACE('',(#1738),#1704,.F.);
#1740=CARTESIAN_POINT('',(-0.009678571428571424,-0.00001,0.));
#1741=DIRECTION('',(1.,0.,0.));
#1742=DIRECTION('',(0.,0.,-1.));
#1743=AXIS2_PLACEMENT_3D('',#1740,#1741,#1742);
#1744=PLANE('',#1743);
#1745=CARTESIAN_POINT('',(-0.009678571428571424,0.,0.));
#1746=DIRECTION('',(0.,0.,-1.));
#1747=VECTOR('',#1746,1.);
#1748=LINE('',#1745,#1747);
#1749=CARTESIAN_POINT('',(-0.009678571428571424,0.,0.006229999999999841));
#1750=VERTEX_POINT('',#1749);
#1751=EDGE_CURVE('',#1750,#1710,#1748,.T.);
#1752=ORIENTED_EDGE('',*,*,#1751,.T.);
#1753=CARTESIAN_POINT('',(-0.009678571428571424,-0.00001,0.00975999999999984));
#1754=DIRECTION('',(0.,1.,0.));
#1755=VECTOR('',#1754,1.);
#1756=LINE('',#1753,#1755);
#1757=EDGE_CURVE('',#1728,#1710,#1756,.T.);
#1758=ORIENTED_EDGE('',*,*,#1757,.F.);
#1759=CARTESIAN_POINT('',(-0.009678571428571424,-0.00001,0.));
#1760=DIRECTION('',(0.,0.,-1.));
#1761=VECTOR('',#1760,1.);
#1762=LINE('',#1759,#1761);
#1763=CARTESIAN_POINT('',(-0.009678571428571424,-0.00001,0.006229999999999841));
#1764=VERTEX_POINT('',#1763);
#1765=EDGE_CURVE('',#1728,#1764,#1762,.T.);
#1766=ORIENTED_EDGE('',*,*,#1765,.T.);
#1767=CARTESIAN_POINT('',(-0.009678571428571424,-0.00001,0.006229999999999841));
#1768=DIRECTION('',(0.,1.,0.));
#1769=VECTOR('',#1768,1.);
#1770=LINE('',#1767,#1769);
#1771=EDGE_CURVE('',#1764,#1750,#1770,.T.);
#1772=ORIENTED_EDGE('',*,*,#1771,.T.);
#1773=EDGE_LOOP('',(#1752,#1758,#1766,#1772));
#1774=FACE_OUTER_BOUND('',#1773,.T.);
#1775=ADVANCED_FACE('',(#1774),#1744,.F.);
#1776=CARTESIAN_POINT('',(0.,-0.00001,0.006229999999999841));
#1777=DIRECTION('',(0.,0.,1.));
#1778=DIRECTION('',(1.,0.,0.));
#1779=AXIS2_PLACEMENT_3D('',#1776,#1777,#1778);
#1780=PLANE('',#1779);
#1781=CARTESIAN_POINT('',(0.,0.,0.006229999999999841));
#1782=DIRECTION('',(1.,0.,0.));
#1783=VECTOR('',#1782,1.);
#1784=LINE('',#1781,#1783);
#1785=CARTESIAN_POINT('',(-0.001935714285714282,0.,0.006229999999999841));
#1786=VERTEX_POINT('',#1785);
#1787=EDGE_CURVE('',#1786,#1750,#1784,.T.);
#1788=ORIENTED_EDGE('',*,*,#1787,.T.);
#1789=CARTESIAN_POINT('',(-0.009678571428571424,-0.00001,0.006229999999999841));
#1790=DIRECTION('',(0.,1.,0.));
#1791=VECTOR('',#1790,1.);
#1792=LINE('',#1789,#1791);
#1793=EDGE_CURVE('',#1764,#1750,#1792,.T.);
#1794=ORIENTED_EDGE('',*,*,#1793,.F.);
#1795=CARTESIAN_POINT('',(0.,-0.00001,0.006229999999999841));
#1796=DIRECTION('',(1.,0.,0.));
#1797=VECTOR('',#1796,1.);
#1798=LINE('',#1795,#1797);
#1799=CARTESIAN_POINT('',(-0.001935714285714282,-0.00001,0.006229999999999841));
#1800=VERTEX_POINT('',#1799);
#1801=EDGE_CURVE('',#1764,#1800,#1798,.T.);
#1802=ORIENTED_EDGE('',*,*,#1801,.T.);
#1803=CARTESIAN_POINT('',(-0.001935714285714282,-0.00001,0.006229999999999841));
#1804=DIRECTION('',(0.,1.,0.));
#1805=VECTOR('',#1804,1.);
#1806=LINE('',#1803,#1805);
#1807=EDGE_CURVE('',#1800,#1786,#1806,.T.);
#1808=ORIENTED_EDGE('',*,*,#1807,.T.);
#1809=EDGE_LOOP('',(#1788,#1794,#1802,#1808));
#1810=FACE_OUTER_BOUND('',#1809,.T.);
#1811=ADVANCED_FACE('',(#1810),#1780,.F.);
#1812=CARTESIAN_POINT('',(-0.001935714285714282,-0.00001,0.));
#1813=DIRECTION('',(1.,0.,0.));
#1814=DIRECTION('',(0.,0.,-1.));
#1815=AXIS2_PLACEMENT_3D('',#1812,#1813,#1814);
#1816=PLANE('',#1815);
#1817=CARTESIAN_POINT('',(-0.001935714285714282,0.,0.));
#1818=DIRECTION('',(0.,0.,-1.));
#1819=VECTOR('',#1818,1.);
#1820=LINE('',#1817,#1819);
#1821=CARTESIAN_POINT('',(-0.001935714285714282,0.,0.00975999999999984));
#1822=VERTEX_POINT('',#1821);
#1823=EDGE_CURVE('',#1822,#1786,#1820,.T.);
#1824=ORIENTED_EDGE('',*,*,#1823,.F.);
#1825=CARTESIAN_POINT('',(-0.001935714285714282,-0.00001,0.00975999999999984));
#1826=DIRECTION('',(0.,1.,0.));
#1827=VECTOR('',#1826,1.);
#1828=LINE('',#1825,#1827);
#1829=CARTESIAN_POINT('',(-0.001935714285714282,-0.00001,0.00975999999999984));
#1830=VERTEX_POINT('',#1829);
#1831=EDGE_CURVE('',#1830,#1822,#1828,.T.);
#1832=ORIENTED_EDGE('',*,*,#1831,.F.);
#1833=CARTESIAN_POINT('',(-0.001935714285714282,-0.00001,0.));
#1834=DIRECTION('',(0.,0.,-1.));
#1835=VECTOR('',#1834,1.);
#1836=LINE('',#1833,#1835);
#1837=EDGE_CURVE('',#1800,#1830,#1836,.T.);
#1838=ORIENTED_EDGE('',*,*,#1837,.F.);
#1839=CARTESIAN_POINT('',(-0.001935714285714282,-0.00001,0.006229999999999841));
#1840=DIRECTION('',(0.,1.,0.));
#1841=VECTOR('',#1840,1.);
#1842=LINE('',#1839,#1841);
#1843=EDGE_CURVE('',#1800,#1786,#1842,.T.);
#1844=ORIENTED_EDGE('',*,*,#1843,.T.);
#1845=EDGE_LOOP('',(#1824,#1832,#1838,#1844));
#1846=FACE_OUTER_BOUND('',#1845,.T.);
#1847=ADVANCED_FACE('',(#1846),#1816,.T.);
#1848=CARTESIAN_POINT('',(0.,-0.00001,0.00975999999999984));
#1849=DIRECTION('',(0.,0.,1.));
#1850=DIRECTION('',(1.,0.,0.));
#1851=AXIS2_PLACEMENT_3D('',#1848,#1849,#1850);
#1852=PLANE('',#1851);
#1853=CARTESIAN_POINT('',(0.,0.,0.00975999999999984));
#1854=DIRECTION('',(1.,0.,0.));
#1855=VECTOR('',#1854,1.);
#1856=LINE('',#1853,#1855);
#1857=CARTESIAN_POINT('',(-0.005807142857142853,0.,0.00975999999999984));
#1858=VERTEX_POINT('',#1857);
#1859=EDGE_CURVE('',#1858,#1822,#1856,.T.);
#1860=ORIENTED_EDGE('',*,*,#1859,.F.);
#1861=CARTESIAN_POINT('',(-0.005807142857142853,-0.00001,0.00975999999999984));
#1862=DIRECTION('',(0.,1.,0.));
#1863=VECTOR('',#1862,1.);
#1864=LINE('',#1861,#1863);
#1865=CARTESIAN_POINT('',(-0.005807142857142853,-0.00001,0.00975999999999984));
#1866=VERTEX_POINT('',#1865);
#1867=EDGE_CURVE('',#1866,#1858,#1864,.T.);
#1868=ORIENTED_EDGE('',*,*,#1867,.F.);
#1869=CARTESIAN_POINT('',(0.,-0.00001,0.00975999999999984));
#1870=DIRECTION('',(1.,0.,0.));
#1871=VECTOR('',#1870,1.);
#1872=LINE('',#1869,#1871);
#1873=EDGE_CURVE('',#1830,#1866,#1872,.T.);
#1874=ORIENTED_EDGE('',*,*,#1873,.F.);
#1875=CARTESIAN_POINT('',(-0.001935714285714282,-0.00001,0.00975999999999984));
#1876=DIRECTION('',(0.,1.,0.));
#1877=VECTOR('',#1876,1.);
#1878=LINE('',#1875,#1877);
#1879=EDGE_CURVE('',#1830,#1822,#1878,.T.);
#1880=ORIENTED_EDGE('',*,*,#1879,.T.);
#1881=EDGE_LOOP('',(#1860,#1868,#1874,#1880));
#1882=FACE_OUTER_BOUND('',#1881,.T.);
#1883=ADVANCED_FACE('',(#1882),#1852,.T.);
#1884=CARTESIAN_POINT('',(-0.005807142857142709,-0.00001,-8.561292104223643E-17));
#1885=DIRECTION('',(1.,0.,1.4742692430397796E-14));
#1886=DIRECTION('',(1.4742692430397796E-14,0.,-1.));
#1887=AXIS2_PLACEMENT_3D('',#1884,#1885,#1886);
#1888=PLANE('',#1887);
#1889=CARTESIAN_POINT('',(-0.005807142857142709,0.,-8.561292104223643E-17));
#1890=DIRECTION('',(1.4742692430397793E-14,0.,-1.));
#1891=VECTOR('',#1890,1.);
#1892=LINE('',#1889,#1891);
#1893=CARTESIAN_POINT('',(-0.005807142857142905,0.,0.01328999999999984));
#1894=VERTEX_POINT('',#1893);
#1895=EDGE_CURVE('',#1894,#1858,#1892,.T.);
#1896=ORIENTED_EDGE('',*,*,#1895,.F.);
#1897=CARTESIAN_POINT('',(-0.005807142857142905,-0.00001,0.01328999999999984));
#1898=DIRECTION('',(0.,1.,0.));
#1899=VECTOR('',#1898,1.);
#1900=LINE('',#1897,#1899);
#1901=CARTESIAN_POINT('',(-0.005807142857142905,-0.00001,0.01328999999999984));
#1902=VERTEX_POINT('',#1901);
#1903=EDGE_CURVE('',#1902,#1894,#1900,.T.);
#1904=ORIENTED_EDGE('',*,*,#1903,.F.);
#1905=CARTESIAN_POINT('',(-0.005807142857142709,-0.00001,-8.561292104223643E-17));
#1906=DIRECTION('',(1.4742692430397793E-14,0.,-1.));
#1907=VECTOR('',#1906,1.);
#1908=LINE('',#1905,#1907);
#1909=EDGE_CURVE('',#1866,#1902,#1908,.T.);
#1910=ORIENTED_EDGE('',*,*,#1909,.F.);
#1911=CARTESIAN_POINT('',(-0.005807142857142853,-0.00001,0.00975999999999984));
#1912=DIRECTION('',(0.,1.,0.));
#1913=VECTOR('',#1912,1.);
#1914=LINE('',#1911,#1913);
#1915=EDGE_CURVE('',#1866,#1858,#1914,.T.);
#1916=ORIENTED_EDGE('',*,*,#1915,.T.);
#1917=EDGE_LOOP('',(#1896,#1904,#1910,#1916));
#1918=FACE_OUTER_BOUND('',#1917,.T.);
#1919=ADVANCED_FACE('',(#1918),#1888,.T.);
#1920=CARTESIAN_POINT('',(5.955030441701895E-18,-0.00001,0.013289999999999835));
#1921=DIRECTION('',(4.480835546803589E-16,0.,1.));
#1922=DIRECTION('',(1.,0.,-4.480835546803589E-16));
#1923=AXIS2_PLACEMENT_3D('',#1920,#1921,#1922);
#1924=PLANE('',#1923);
#1925=CARTESIAN_POINT('',(5.955030441701895E-18,0.,0.013289999999999835));
#1926=DIRECTION('',(1.,0.,-4.480835546803588E-16));
#1927=VECTOR('',#1926,1.);
#1928=LINE('',#1925,#1927);
#1929=CARTESIAN_POINT('',(-0.013550000000000001,0.,0.013289999999999842));
#1930=VERTEX_POINT('',#1929);
#1931=EDGE_CURVE('',#1930,#1894,#1928,.T.);
#1932=ORIENTED_EDGE('',*,*,#1931,.F.);
#1933=CARTESIAN_POINT('',(-0.013550000000000001,-0.00001,0.013289999999999842));
#1934=DIRECTION('',(0.,1.,0.));
#1935=VECTOR('',#1934,1.);
#1936=LINE('',#1933,#1935);
#1937=CARTESIAN_POINT('',(-0.013550000000000001,-0.00001,0.013289999999999842));
#1938=VERTEX_POINT('',#1937);
#1939=EDGE_CURVE('',#1938,#1930,#1936,.T.);
#1940=ORIENTED_EDGE('',*,*,#1939,.F.);
#1941=CARTESIAN_POINT('',(5.955030441701895E-18,-0.00001,0.013289999999999835));
#1942=DIRECTION('',(1.,0.,-4.480835546803588E-16));
#1943=VECTOR('',#1942,1.);
#1944=LINE('',#1941,#1943);
#1945=EDGE_CURVE('',#1902,#1938,#1944,.T.);
#1946=ORIENTED_EDGE('',*,*,#1945,.F.);
#1947=CARTESIAN_POINT('',(-0.005807142857142905,-0.00001,0.01328999999999984));
#1948=DIRECTION('',(0.,1.,0.));
#1949=VECTOR('',#1948,1.);
#1950=LINE('',#1947,#1949);
#1951=EDGE_CURVE('',#1902,#1894,#1950,.T.);
#1952=ORIENTED_EDGE('',*,*,#1951,.T.);
#1953=EDGE_LOOP('',(#1932,#1940,#1946,#1952));
#1954=FACE_OUTER_BOUND('',#1953,.T.);
#1955=ADVANCED_FACE('',(#1954),#1924,.T.);
#1956=CARTESIAN_POINT('',(-0.013549999999999975,-0.00001,-2.6635130990918617E-17));
#1957=DIRECTION('',(1.,0.,1.9656923240530385E-15));
#1958=DIRECTION('',(1.9656923240530385E-15,0.,-1.));
#1959=AXIS2_PLACEMENT_3D('',#1956,#1957,#1958);
#1960=PLANE('',#1959);
#1961=CARTESIAN_POINT('',(-0.013549999999999975,0.,-2.6635130990918617E-17));
#1962=DIRECTION('',(1.965692324053038E-15,0.,-1.));
#1963=VECTOR('',#1962,1.);
#1964=LINE('',#1961,#1963);
#1965=EDGE_CURVE('',#1712,#1930,#1964,.T.);
#1966=ORIENTED_EDGE('',*,*,#1965,.T.);
#1967=CARTESIAN_POINT('',(-0.013550000000000001,-0.00001,0.013289999999999842));
#1968=DIRECTION('',(0.,1.,0.));
#1969=VECTOR('',#1968,1.);
#1970=LINE('',#1967,#1969);
#1971=EDGE_CURVE('',#1938,#1930,#1970,.T.);
#1972=ORIENTED_EDGE('',*,*,#1971,.F.);
#1973=CARTESIAN_POINT('',(-0.013549999999999975,-0.00001,-2.6635130990918617E-17));
#1974=DIRECTION('',(1.965692324053038E-15,0.,-1.));
#1975=VECTOR('',#1974,1.);
#1976=LINE('',#1973,#1975);
#1977=EDGE_CURVE('',#1938,#1720,#1976,.T.);
#1978=ORIENTED_EDGE('',*,*,#1977,.T.);
#1979=CARTESIAN_POINT('',(-0.013549999999999994,-0.00001,0.00975999999999984));
#1980=DIRECTION('',(0.,1.,0.));
#1981=VECTOR('',#1980,1.);
#1982=LINE('',#1979,#1981);
#1983=EDGE_CURVE('',#1712,#1720,#1982,.T.);
#1984=ORIENTED_EDGE('',*,*,#1983,.F.);
#1985=EDGE_LOOP('',(#1966,#1972,#1978,#1984));
#1986=FACE_OUTER_BOUND('',#1985,.T.);
#1987=ADVANCED_FACE('',(#1986),#1960,.F.);
#1988=CARTESIAN_POINT('',(0.,-0.00001,0.));
#1989=DIRECTION('',(0.,-1.,0.));
#1990=DIRECTION('',(0.,0.,-1.));
#1991=AXIS2_PLACEMENT_3D('',#1988,#1989,#1990);
#1992=PLANE('',#1991);
#1993=CARTESIAN_POINT('',(0.,-0.00001,0.00975999999999984));
#1994=DIRECTION('',(1.,0.,0.));
#1995=VECTOR('',#1994,1.);
#1996=LINE('',#1993,#1995);
#1997=EDGE_CURVE('',#1720,#1728,#1996,.T.);
#1998=ORIENTED_EDGE('',*,*,#1997,.T.);
#1999=CARTESIAN_POINT('',(-0.009678571428571424,-0.00001,0.));
#2000=DIRECTION('',(0.,0.,-1.));
#2001=VECTOR('',#2000,1.);
#2002=LINE('',#1999,#2001);
#2003=EDGE_CURVE('',#1728,#1764,#2002,.T.);
#2004=ORIENTED_EDGE('',*,*,#2003,.T.);
#2005=CARTESIAN_POINT('',(0.,-0.00001,0.006229999999999841));
#2006=DIRECTION('',(1.,0.,0.));
#2007=VECTOR('',#2006,1.);
#2008=LINE('',#2005,#2007);
#2009=EDGE_CURVE('',#1764,#1800,#2008,.T.);
#2010=ORIENTED_EDGE('',*,*,#2009,.T.);
#2011=CARTESIAN_POINT('',(-0.001935714285714282,-0.00001,0.));
#2012=DIRECTION('',(0.,0.,-1.));
#2013=VECTOR('',#2012,1.);
#2014=LINE('',#2011,#2013);
#2015=EDGE_CURVE('',#1800,#1830,#2014,.T.);
#2016=ORIENTED_EDGE('',*,*,#2015,.T.);
#2017=CARTESIAN_POINT('',(0.,-0.00001,0.00975999999999984));
#2018=DIRECTION('',(1.,0.,0.));
#2019=VECTOR('',#2018,1.);
#2020=LINE('',#2017,#2019);
#2021=EDGE_CURVE('',#1830,#1866,#2020,.T.);
#2022=ORIENTED_EDGE('',*,*,#2021,.T.);
#2023=CARTESIAN_POINT('',(-0.005807142857142709,-0.00001,-8.561292104223643E-17));
#2024=DIRECTION('',(1.4742692430397793E-14,0.,-1.));
#2025=VECTOR('',#2024,1.);
#2026=LINE('',#2023,#2025);
#2027=EDGE_CURVE('',#1866,#1902,#2026,.T.);
#2028=ORIENTED_EDGE('',*,*,#2027,.T.);
#2029=CARTESIAN_POINT('',(5.955030441701895E-18,-0.00001,0.013289999999999835));
#2030=DIRECTION('',(1.,0.,-4.480835546803588E-16));
#2031=VECTOR('',#2030,1.);
#2032=LINE('',#2029,#2031);
#2033=EDGE_CURVE('',#1902,#1938,#2032,.T.);
#2034=ORIENTED_EDGE('',*,*,#2033,.T.);
#2035=CARTESIAN_POINT('',(-0.013549999999999975,-0.00001,-2.6635130990918617E-17));
#2036=DIRECTION('',(1.965692324053038E-15,0.,-1.));
#2037=VECTOR('',#2036,1.);
#2038=LINE('',#2035,#2037);
#2039=EDGE_CURVE('',#1938,#1720,#2038,.T.);
#2040=ORIENTED_EDGE('',*,*,#2039,.T.);
#2041=EDGE_LOOP('',(#1998,#2004,#2010,#2016,#2022,#2028,#2034,#2040));
#2042=FACE_OUTER_BOUND('',#2041,.T.);
#2043=ADVANCED_FACE('',(#2042),#1992,.T.);
#2044=CARTESIAN_POINT('',(0.,0.,0.));
#2045=DIRECTION('',(0.,-1.,0.));
#2046=DIRECTION('',(0.,0.,-1.));
#2047=AXIS2_PLACEMENT_3D('',#2044,#2045,#2046);
#2048=PLANE('',#2047);
#2049=CARTESIAN_POINT('',(0.,0.,0.00975999999999984));
#2050=DIRECTION('',(1.,0.,0.));
#2051=VECTOR('',#2050,1.);
#2052=LINE('',#2049,#2051);
#2053=EDGE_CURVE('',#1710,#1712,#2052,.T.);
#2054=ORIENTED_EDGE('',*,*,#2053,.F.);
#2055=CARTESIAN_POINT('',(-0.009678571428571424,0.,0.));
#2056=DIRECTION('',(0.,0.,-1.));
#2057=VECTOR('',#2056,1.);
#2058=LINE('',#2055,#2057);
#2059=EDGE_CURVE('',#1750,#1710,#2058,.T.);
#2060=ORIENTED_EDGE('',*,*,#2059,.F.);
#2061=CARTESIAN_POINT('',(0.,0.,0.006229999999999841));
#2062=DIRECTION('',(1.,0.,0.));
#2063=VECTOR('',#2062,1.);
#2064=LINE('',#2061,#2063);
#2065=EDGE_CURVE('',#1786,#1750,#2064,.T.);
#2066=ORIENTED_EDGE('',*,*,#2065,.F.);
#2067=CARTESIAN_POINT('',(-0.001935714285714282,0.,0.));
#2068=DIRECTION('',(0.,0.,-1.));
#2069=VECTOR('',#2068,1.);
#2070=LINE('',#2067,#2069);
#2071=EDGE_CURVE('',#1822,#1786,#2070,.T.);
#2072=ORIENTED_EDGE('',*,*,#2071,.F.);
#2073=CARTESIAN_POINT('',(0.,0.,0.00975999999999984));
#2074=DIRECTION('',(1.,0.,0.));
#2075=VECTOR('',#2074,1.);
#2076=LINE('',#2073,#2075);
#2077=EDGE_CURVE('',#1858,#1822,#2076,.T.);
#2078=ORIENTED_EDGE('',*,*,#2077,.F.);
#2079=CARTESIAN_POINT('',(-0.005807142857142709,0.,-8.561292104223643E-17));
#2080=DIRECTION('',(1.4742692430397793E-14,0.,-1.));
#2081=VECTOR('',#2080,1.);
#2082=LINE('',#2079,#2081);
#2083=EDGE_CURVE('',#1894,#1858,#2082,.T.);
#2084=ORIENTED_EDGE('',*,*,#2083,.F.);
#2085=CARTESIAN_POINT('',(5.955030441701895E-18,0.,0.013289999999999835));
#2086=DIRECTION('',(1.,0.,-4.480835546803588E-16));
#2087=VECTOR('',#2086,1.);
#2088=LINE('',#2085,#2087);
#2089=EDGE_CURVE('',#1930,#1894,#2088,.T.);
#2090=ORIENTED_EDGE('',*,*,#2089,.F.);
#2091=CARTESIAN_POINT('',(-0.013549999999999975,0.,-2.6635130990918617E-17));
#2092=DIRECTION('',(1.965692324053038E-15,0.,-1.));
#2093=VECTOR('',#2092,1.);
#2094=LINE('',#2091,#2093);
#2095=EDGE_CURVE('',#1712,#1930,#2094,.T.);
#2096=ORIENTED_EDGE('',*,*,#2095,.F.);
#2097=EDGE_LOOP('',(#2054,#2060,#2066,#2072,#2078,#2084,#2090,#2096));
#2098=FACE_OUTER_BOUND('',#2097,.T.);
#2099=ADVANCED_FACE('',(#2098),#2048,.F.);
#2100=CLOSED_SHELL('',(#1739,#1775,#1811,#1847,#1883,#1919,#1955,#1987,#2043,#2099));
#2101=MANIFOLD_SOLID_BREP('',#2100);
#2102=CARTESIAN_POINT('',(-0.001935714285714282,-0.00001,0.));
#2103=DIRECTION('',(1.,0.,0.));
#2104=DIRECTION('',(0.,0.,-1.));
#2105=AXIS2_PLACEMENT_3D('',#2102,#2103,#2104);
#2106=PLANE('',#2105);
#2107=CARTESIAN_POINT('',(-0.001935714285714282,0.,0.));
#2108=DIRECTION('',(0.,0.,-1.));
#2109=VECTOR('',#2108,1.);
#2110=LINE('',#2107,#2109);
#2111=CARTESIAN_POINT('',(-0.001935714285714282,0.,0.0026999999999998414));
#2112=VERTEX_POINT('',#2111);
#2113=CARTESIAN_POINT('',(-0.001935714285714282,0.,-0.0008300000000001587));
#2114=VERTEX_POINT('',#2113);
#2115=EDGE_CURVE('',#2112,#2114,#2110,.T.);
#2116=ORIENTED_EDGE('',*,*,#2115,.F.);
#2117=CARTESIAN_POINT('',(-0.001935714285714282,-0.00001,0.0026999999999998414));
#2118=DIRECTION('',(0.,1.,0.));
#2119=VECTOR('',#2118,1.);
#2120=LINE('',#2117,#2119);
#2121=CARTESIAN_POINT('',(-0.001935714285714282,-0.00001,0.0026999999999998414));
#2122=VERTEX_POINT('',#2121);
#2123=EDGE_CURVE('',#2122,#2112,#2120,.T.);
#2124=ORIENTED_EDGE('',*,*,#2123,.F.);
#2125=CARTESIAN_POINT('',(-0.001935714285714282,-0.00001,0.));
#2126=DIRECTION('',(0.,0.,-1.));
#2127=VECTOR('',#2126,1.);
#2128=LINE('',#2125,#2127);
#2129=CARTESIAN_POINT('',(-0.001935714285714282,-0.00001,-0.0008300000000001587));
#2130=VERTEX_POINT('',#2129);
#2131=EDGE_CURVE('',#2130,#2122,#2128,.T.);
#2132=ORIENTED_EDGE('',*,*,#2131,.F.);
#2133=CARTESIAN_POINT('',(-0.001935714285714282,-0.00001,-0.0008300000000001587));
#2134=DIRECTION('',(0.,1.,0.));
#2135=VECTOR('',#2134,1.);
#2136=LINE('',#2133,#2135);
#2137=EDGE_CURVE('',#2114,#2130,#2136,.T.);
#2138=ORIENTED_EDGE('',*,*,#2137,.F.);
#2139=EDGE_LOOP('',(#2116,#2124,#2132,#2138));
#2140=FACE_OUTER_BOUND('',#2139,.T.);
#2141=ADVANCED_FACE('',(#2140),#2106,.T.);
#2142=CARTESIAN_POINT('',(0.,-0.00001,0.0026999999999998414));
#2143=DIRECTION('',(0.,0.,1.));
#2144=DIRECTION('',(1.,0.,0.));
#2145=AXIS2_PLACEMENT_3D('',#2142,#2143,#2144);
#2146=PLANE('',#2145);
#2147=CARTESIAN_POINT('',(0.,0.,0.0026999999999998414));
#2148=DIRECTION('',(1.,0.,0.));
#2149=VECTOR('',#2148,1.);
#2150=LINE('',#2147,#2149);
#2151=CARTESIAN_POINT('',(-0.005807142857142853,0.,0.0026999999999998414));
#2152=VERTEX_POINT('',#2151);
#2153=EDGE_CURVE('',#2152,#2112,#2150,.T.);
#2154=ORIENTED_EDGE('',*,*,#2153,.F.);
#2155=CARTESIAN_POINT('',(-0.005807142857142853,-0.00001,0.0026999999999998414));
#2156=DIRECTION('',(0.,1.,0.));
#2157=VECTOR('',#2156,1.);
#2158=LINE('',#2155,#2157);
#2159=CARTESIAN_POINT('',(-0.005807142857142853,-0.00001,0.0026999999999998414));
#2160=VERTEX_POINT('',#2159);
#2161=EDGE_CURVE('',#2160,#2152,#2158,.T.);
#2162=ORIENTED_EDGE('',*,*,#2161,.F.);
#2163=CARTESIAN_POINT('',(0.,-0.00001,0.0026999999999998414));
#2164=DIRECTION('',(1.,0.,0.));
#2165=VECTOR('',#2164,1.);
#2166=LINE('',#2163,#2165);
#2167=EDGE_CURVE('',#2122,#2160,#2166,.T.);
#2168=ORIENTED_EDGE('',*,*,#2167,.F.);
#2169=CARTESIAN_POINT('',(-0.001935714285714282,-0.00001,0.0026999999999998414));
#2170=DIRECTION('',(0.,1.,0.));
#2171=VECTOR('',#2170,1.);
#2172=LINE('',#2169,#2171);
#2173=EDGE_CURVE('',#2122,#2112,#2172,.T.);
#2174=ORIENTED_EDGE('',*,*,#2173,.T.);
#2175=EDGE_LOOP('',(#2154,#2162,#2168,#2174));
#2176=FACE_OUTER_BOUND('',#2175,.T.);
#2177=ADVANCED_FACE('',(#2176),#2146,.T.);
#2178=CARTESIAN_POINT('',(-0.005807142857142853,-0.00001,0.));
#2179=DIRECTION('',(1.,0.,0.));
#2180=DIRECTION('',(0.,0.,-1.));
#2181=AXIS2_PLACEMENT_3D('',#2178,#2179,#2180);
#2182=PLANE('',#2181);
#2183=CARTESIAN_POINT('',(-0.005807142857142853,0.,0.));
#2184=DIRECTION('',(0.,0.,-1.));
#2185=VECTOR('',#2184,1.);
#2186=LINE('',#2183,#2185);
#2187=CARTESIAN_POINT('',(-0.005807142857142853,0.,-0.0008300000000001587));
#2188=VERTEX_POINT('',#2187);
#2189=EDGE_CURVE('',#2188,#2152,#2186,.T.);
#2190=ORIENTED_EDGE('',*,*,#2189,.T.);
#2191=CARTESIAN_POINT('',(-0.005807142857142853,-0.00001,0.0026999999999998414));
#2192=DIRECTION('',(0.,1.,0.));
#2193=VECTOR('',#2192,1.);
#2194=LINE('',#2191,#2193);
#2195=EDGE_CURVE('',#2160,#2152,#2194,.T.);
#2196=ORIENTED_EDGE('',*,*,#2195,.F.);
#2197=CARTESIAN_POINT('',(-0.005807142857142853,-0.00001,0.));
#2198=DIRECTION('',(0.,0.,-1.));
#2199=VECTOR('',#2198,1.);
#2200=LINE('',#2197,#2199);
#2201=CARTESIAN_POINT('',(-0.005807142857142853,-0.00001,-0.0008300000000001587));
#2202=VERTEX_POINT('',#2201);
#2203=EDGE_CURVE('',#2160,#2202,#2200,.T.);
#2204=ORIENTED_EDGE('',*,*,#2203,.T.);
#2205=CARTESIAN_POINT('',(-0.005807142857142853,-0.00001,-0.0008300000000001587));
#2206=DIRECTION('',(0.,1.,0.));
#2207=VECTOR('',#2206,1.);
#2208=LINE('',#2205,#2207);
#2209=EDGE_CURVE('',#2202,#2188,#2208,.T.);
#2210=ORIENTED_EDGE('',*,*,#2209,.T.);
#2211=EDGE_LOOP('',(#2190,#2196,#2204,#2210));
#2212=FACE_OUTER_BOUND('',#2211,.T.);
#2213=ADVANCED_FACE('',(#2212),#2182,.F.);
#2214=CARTESIAN_POINT('',(0.,-0.00001,-0.0008300000000001587));
#2215=DIRECTION('',(0.,0.,1.));
#2216=DIRECTION('',(1.,0.,0.));
#2217=AXIS2_PLACEMENT_3D('',#2214,#2215,#2216);
#2218=PLANE('',#2217);
#2219=CARTESIAN_POINT('',(0.,0.,-0.0008300000000001587));
#2220=DIRECTION('',(1.,0.,0.));
#2221=VECTOR('',#2220,1.);
#2222=LINE('',#2219,#2221);
#2223=EDGE_CURVE('',#2114,#2188,#2222,.T.);
#2224=ORIENTED_EDGE('',*,*,#2223,.T.);
#2225=CARTESIAN_POINT('',(-0.005807142857142853,-0.00001,-0.0008300000000001587));
#2226=DIRECTION('',(0.,1.,0.));
#2227=VECTOR('',#2226,1.);
#2228=LINE('',#2225,#2227);
#2229=EDGE_CURVE('',#2202,#2188,#2228,.T.);
#2230=ORIENTED_EDGE('',*,*,#2229,.F.);
#2231=CARTESIAN_POINT('',(0.,-0.00001,-0.0008300000000001587));
#2232=DIRECTION('',(1.,0.,0.));
#2233=VECTOR('',#2232,1.);
#2234=LINE('',#2231,#2233);
#2235=EDGE_CURVE('',#2202,#2130,#2234,.T.);
#2236=ORIENTED_EDGE('',*,*,#2235,.T.);
#2237=CARTESIAN_POINT('',(-0.001935714285714282,-0.00001,-0.0008300000000001587));
#2238=DIRECTION('',(0.,1.,0.));
#2239=VECTOR('',#2238,1.);
#2240=LINE('',#2237,#2239);
#2241=EDGE_CURVE('',#2114,#2130,#2240,.T.);
#2242=ORIENTED_EDGE('',*,*,#2241,.F.);
#2243=EDGE_LOOP('',(#2224,#2230,#2236,#2242));
#2244=FACE_OUTER_BOUND('',#2243,.T.);
#2245=ADVANCED_FACE('',(#2244),#2218,.F.);
#2246=CARTESIAN_POINT('',(0.,-0.00001,0.));
#2247=DIRECTION('',(0.,-1.,0.));
#2248=DIRECTION('',(0.,0.,-1.));
#2249=AXIS2_PLACEMENT_3D('',#2246,#2247,#2248);
#2250=PLANE('',#2249);
#2251=CARTESIAN_POINT('',(0.,-0.00001,0.0026999999999998414));
#2252=DIRECTION('',(1.,0.,0.));
#2253=VECTOR('',#2252,1.);
#2254=LINE('',#2251,#2253);
#2255=EDGE_CURVE('',#2122,#2160,#2254,.T.);
#2256=ORIENTED_EDGE('',*,*,#2255,.T.);
#2257=CARTESIAN_POINT('',(-0.005807142857142853,-0.00001,0.));
#2258=DIRECTION('',(0.,0.,-1.));
#2259=VECTOR('',#2258,1.);
#2260=LINE('',#2257,#2259);
#2261=EDGE_CURVE('',#2160,#2202,#2260,.T.);
#2262=ORIENTED_EDGE('',*,*,#2261,.T.);
#2263=CARTESIAN_POINT('',(0.,-0.00001,-0.0008300000000001587));
#2264=DIRECTION('',(1.,0.,0.));
#2265=VECTOR('',#2264,1.);
#2266=LINE('',#2263,#2265);
#2267=EDGE_CURVE('',#2202,#2130,#2266,.T.);
#2268=ORIENTED_EDGE('',*,*,#2267,.T.);
#2269=CARTESIAN_POINT('',(-0.001935714285714282,-0.00001,0.));
#2270=DIRECTION('',(0.,0.,-1.));
#2271=VECTOR('',#2270,1.);
#2272=LINE('',#2269,#2271);
#2273=EDGE_CURVE('',#2130,#2122,#2272,.T.);
#2274=ORIENTED_EDGE('',*,*,#2273,.T.);
#2275=EDGE_LOOP('',(#2256,#2262,#2268,#2274));
#2276=FACE_OUTER_BOUND('',#2275,.T.);
#2277=ADVANCED_FACE('',(#2276),#2250,.T.);
#2278=CARTESIAN_POINT('',(0.,0.,0.));
#2279=DIRECTION('',(0.,-1.,0.));
#2280=DIRECTION('',(0.,0.,-1.));
#2281=AXIS2_PLACEMENT_3D('',#2278,#2279,#2280);
#2282=PLANE('',#2281);
#2283=CARTESIAN_POINT('',(0.,0.,0.0026999999999998414));
#2284=DIRECTION('',(1.,0.,0.));
#2285=VECTOR('',#2284,1.);
#2286=LINE('',#2283,#2285);
#2287=EDGE_CURVE('',#2152,#2112,#2286,.T.);
#2288=ORIENTED_EDGE('',*,*,#2287,.F.);
#2289=CARTESIAN_POINT('',(-0.005807142857142853,0.,0.));
#2290=DIRECTION('',(0.,0.,-1.));
#2291=VECTOR('',#2290,1.);
#2292=LINE('',#2289,#2291);
#2293=EDGE_CURVE('',#2188,#2152,#2292,.T.);
#2294=ORIENTED_EDGE('',*,*,#2293,.F.);
#2295=CARTESIAN_POINT('',(0.,0.,-0.0008300000000001587));
#2296=DIRECTION('',(1.,0.,0.));
#2297=VECTOR('',#2296,1.);
#2298=LINE('',#2295,#2297);
#2299=EDGE_CURVE('',#2114,#2188,#2298,.T.);
#2300=ORIENTED_EDGE('',*,*,#2299,.F.);
#2301=CARTESIAN_POINT('',(-0.001935714285714282,0.,0.));
#2302=DIRECTION('',(0.,0.,-1.));
#2303=VECTOR('',#2302,1.);
#2304=LINE('',#2301,#2303);
#2305=EDGE_CURVE('',#2112,#2114,#2304,.T.);
#2306=ORIENTED_EDGE('',*,*,#2305,.F.);
#2307=EDGE_LOOP('',(#2288,#2294,#2300,#2306));
#2308=FACE_OUTER_BOUND('',#2307,.T.);
#2309=ADVANCED_FACE('',(#2308),#2282,.F.);
#2310=CLOSED_SHELL('',(#2141,#2177,#2213,#2245,#2277,#2309));
#2311=MANIFOLD_SOLID_BREP('',#2310);
#2312=CARTESIAN_POINT('',(0.0019357142857142889,-0.00001,0.));
#2313=DIRECTION('',(1.,0.,0.));
#2314=DIRECTION('',(0.,0.,-1.));
#2315=AXIS2_PLACEMENT_3D('',#2312,#2313,#2314);
#2316=PLANE('',#2315);
#2317=CARTESIAN_POINT('',(0.0019357142857142889,0.,0.));
#2318=DIRECTION('',(0.,0.,-1.));
#2319=VECTOR('',#2318,1.);
#2320=LINE('',#2317,#2319);
#2321=CARTESIAN_POINT('',(0.0019357142857142889,0.,0.006229999999999841));
#2322=VERTEX_POINT('',#2321);
#2323=CARTESIAN_POINT('',(0.0019357142857142889,0.,0.0026999999999998414));
#2324=VERTEX_POINT('',#2323);
#2325=EDGE_CURVE('',#2322,#2324,#2320,.T.);
#2326=ORIENTED_EDGE('',*,*,#2325,.F.);
#2327=CARTESIAN_POINT('',(0.0019357142857142889,-0.00001,0.006229999999999841));
#2328=DIRECTION('',(0.,1.,0.));
#2329=VECTOR('',#2328,1.);
#2330=LINE('',#2327,#2329);
#2331=CARTESIAN_POINT('',(0.0019357142857142889,-0.00001,0.006229999999999841));
#2332=VERTEX_POINT('',#2331);
#2333=EDGE_CURVE('',#2332,#2322,#2330,.T.);
#2334=ORIENTED_EDGE('',*,*,#2333,.F.);
#2335=CARTESIAN_POINT('',(0.0019357142857142889,-0.00001,0.));
#2336=DIRECTION('',(0.,0.,-1.));
#2337=VECTOR('',#2336,1.);
#2338=LINE('',#2335,#2337);
#2339=CARTESIAN_POINT('',(0.0019357142857142889,-0.00001,0.0026999999999998414));
#2340=VERTEX_POINT('',#2339);
#2341=EDGE_CURVE('',#2340,#2332,#2338,.T.);
#2342=ORIENTED_EDGE('',*,*,#2341,.F.);
#2343=CARTESIAN_POINT('',(0.0019357142857142889,-0.00001,0.0026999999999998414));
#2344=DIRECTION('',(0.,1.,0.));
#2345=VECTOR('',#2344,1.);
#2346=LINE('',#2343,#2345);
#2347=EDGE_CURVE('',#2324,#2340,#2346,.T.);
#2348=ORIENTED_EDGE('',*,*,#2347,.F.);
#2349=EDGE_LOOP('',(#2326,#2334,#2342,#2348));
#2350=FACE_OUTER_BOUND('',#2349,.T.);
#2351=ADVANCED_FACE('',(#2350),#2316,.T.);
#2352=CARTESIAN_POINT('',(0.,-0.00001,0.006229999999999841));
#2353=DIRECTION('',(0.,0.,1.));
#2354=DIRECTION('',(1.,0.,0.));
#2355=AXIS2_PLACEMENT_3D('',#2352,#2353,#2354);
#2356=PLANE('',#2355);
#2357=CARTESIAN_POINT('',(0.,0.,0.006229999999999841));
#2358=DIRECTION('',(1.,0.,0.));
#2359=VECTOR('',#2358,1.);
#2360=LINE('',#2357,#2359);
#2361=CARTESIAN_POINT('',(-0.001935714285714282,0.,0.006229999999999841));
#2362=VERTEX_POINT('',#2361);
#2363=EDGE_CURVE('',#2362,#2322,#2360,.T.);
#2364=ORIENTED_EDGE('',*,*,#2363,.F.);
#2365=CARTESIAN_POINT('',(-0.001935714285714282,-0.00001,0.006229999999999841));
#2366=DIRECTION('',(0.,1.,0.));
#2367=VECTOR('',#2366,1.);
#2368=LINE('',#2365,#2367);
#2369=CARTESIAN_POINT('',(-0.001935714285714282,-0.00001,0.006229999999999841));
#2370=VERTEX_POINT('',#2369);
#2371=EDGE_CURVE('',#2370,#2362,#2368,.T.);
#2372=ORIENTED_EDGE('',*,*,#2371,.F.);
#2373=CARTESIAN_POINT('',(0.,-0.00001,0.006229999999999841));
#2374=DIRECTION('',(1.,0.,0.));
#2375=VECTOR('',#2374,1.);
#2376=LINE('',#2373,#2375);
#2377=EDGE_CURVE('',#2332,#2370,#2376,.T.);
#2378=ORIENTED_EDGE('',*,*,#2377,.F.);
#2379=CARTESIAN_POINT('',(0.0019357142857142889,-0.00001,0.006229999999999841));
#2380=DIRECTION('',(0.,1.,0.));
#2381=VECTOR('',#2380,1.);
#2382=LINE('',#2379,#2381);
#2383=EDGE_CURVE('',#2332,#2322,#2382,.T.);
#2384=ORIENTED_EDGE('',*,*,#2383,.T.);
#2385=EDGE_LOOP('',(#2364,#2372,#2378,#2384));
#2386=FACE_OUTER_BOUND('',#2385,.T.);
#2387=ADVANCED_FACE('',(#2386),#2356,.T.);
#2388=CARTESIAN_POINT('',(-0.001935714285714282,-0.00001,0.));
#2389=DIRECTION('',(1.,0.,0.));
#2390=DIRECTION('',(0.,0.,-1.));
#2391=AXIS2_PLACEMENT_3D('',#2388,#2389,#2390);
#2392=PLANE('',#2391);
#2393=CARTESIAN_POINT('',(-0.001935714285714282,0.,0.));
#2394=DIRECTION('',(0.,0.,-1.));
#2395=VECTOR('',#2394,1.);
#2396=LINE('',#2393,#2395);
#2397=CARTESIAN_POINT('',(-0.001935714285714282,0.,0.0026999999999998414));
#2398=VERTEX_POINT('',#2397);
#2399=EDGE_CURVE('',#2398,#2362,#2396,.T.);
#2400=ORIENTED_EDGE('',*,*,#2399,.T.);
#2401=CARTESIAN_POINT('',(-0.001935714285714282,-0.00001,0.006229999999999841));
#2402=DIRECTION('',(0.,1.,0.));
#2403=VECTOR('',#2402,1.);
#2404=LINE('',#2401,#2403);
#2405=EDGE_CURVE('',#2370,#2362,#2404,.T.);
#2406=ORIENTED_EDGE('',*,*,#2405,.F.);
#2407=CARTESIAN_POINT('',(-0.001935714285714282,-0.00001,0.));
#2408=DIRECTION('',(0.,0.,-1.));
#2409=VECTOR('',#2408,1.);
#2410=LINE('',#2407,#2409);
#2411=CARTESIAN_POINT('',(-0.001935714285714282,-0.00001,0.0026999999999998414));
#2412=VERTEX_POINT('',#2411);
#2413=EDGE_CURVE('',#2370,#2412,#2410,.T.);
#2414=ORIENTED_EDGE('',*,*,#2413,.T.);
#2415=CARTESIAN_POINT('',(-0.001935714285714282,-0.00001,0.0026999999999998414));
#2416=DIRECTION('',(0.,1.,0.));
#2417=VECTOR('',#2416,1.);
#2418=LINE('',#2415,#2417);
#2419=EDGE_CURVE('',#2412,#2398,#2418,.T.);
#2420=ORIENTED_EDGE('',*,*,#2419,.T.);
#2421=EDGE_LOOP('',(#2400,#2406,#2414,#2420));
#2422=FACE_OUTER_BOUND('',#2421,.T.);
#2423=ADVANCED_FACE('',(#2422),#2392,.F.);
#2424=CARTESIAN_POINT('',(0.,-0.00001,0.0026999999999998414));
#2425=DIRECTION('',(0.,0.,1.));
#2426=DIRECTION('',(1.,0.,0.));
#2427=AXIS2_PLACEMENT_3D('',#2424,#2425,#2426);
#2428=PLANE('',#2427);
#2429=CARTESIAN_POINT('',(0.,0.,0.0026999999999998414));
#2430=DIRECTION('',(1.,0.,0.));
#2431=VECTOR('',#2430,1.);
#2432=LINE('',#2429,#2431);
#2433=EDGE_CURVE('',#2324,#2398,#2432,.T.);
#2434=ORIENTED_EDGE('',*,*,#2433,.T.);
#2435=CARTESIAN_POINT('',(-0.001935714285714282,-0.00001,0.0026999999999998414));
#2436=DIRECTION('',(0.,1.,0.));
#2437=VECTOR('',#2436,1.);
#2438=LINE('',#2435,#2437);
#2439=EDGE_CURVE('',#2412,#2398,#2438,.T.);
#2440=ORIENTED_EDGE('',*,*,#2439,.F.);
#2441=CARTESIAN_POINT('',(0.,-0.00001,0.0026999999999998414));
#2442=DIRECTION('',(1.,0.,0.));
#2443=VECTOR('',#2442,1.);
#2444=LINE('',#2441,#2443);
#2445=EDGE_CURVE('',#2412,#2340,#2444,.T.);
#2446=ORIENTED_EDGE('',*,*,#2445,.T.);
#2447=CARTESIAN_POINT('',(0.0019357142857142889,-0.00001,0.0026999999999998414));
#2448=DIRECTION('',(0.,1.,0.));
#2449=VECTOR('',#2448,1.);
#2450=LINE('',#2447,#2449);
#2451=EDGE_CURVE('',#2324,#2340,#2450,.T.);
#2452=ORIENTED_EDGE('',*,*,#2451,.F.);
#2453=EDGE_LOOP('',(#2434,#2440,#2446,#2452));
#2454=FACE_OUTER_BOUND('',#2453,.T.);
#2455=ADVANCED_FACE('',(#2454),#2428,.F.);
#2456=CARTESIAN_POINT('',(0.,-0.00001,0.));
#2457=DIRECTION('',(0.,-1.,0.));
#2458=DIRECTION('',(0.,0.,-1.));
#2459=AXIS2_PLACEMENT_3D('',#2456,#2457,#2458);
#2460=PLANE('',#2459);
#2461=CARTESIAN_POINT('',(0.,-0.00001,0.006229999999999841));
#2462=DIRECTION('',(1.,0.,0.));
#2463=VECTOR('',#2462,1.);
#2464=LINE('',#2461,#2463);
#2465=EDGE_CURVE('',#2332,#2370,#2464,.T.);
#2466=ORIENTED_EDGE('',*,*,#2465,.T.);
#2467=CARTESIAN_POINT('',(-0.001935714285714282,-0.00001,0.));
#2468=DIRECTION('',(0.,0.,-1.));
#2469=VECTOR('',#2468,1.);
#2470=LINE('',#2467,#2469);
#2471=EDGE_CURVE('',#2370,#2412,#2470,.T.);
#2472=ORIENTED_EDGE('',*,*,#2471,.T.);
#2473=CARTESIAN_POINT('',(0.,-0.00001,0.0026999999999998414));
#2474=DIRECTION('',(1.,0.,0.));
#2475=VECTOR('',#2474,1.);
#2476=LINE('',#2473,#2475);
#2477=EDGE_CURVE('',#2412,#2340,#2476,.T.);
#2478=ORIENTED_EDGE('',*,*,#2477,.T.);
#2479=CARTESIAN_POINT('',(0.0019357142857142889,-0.00001,0.));
#2480=DIRECTION('',(0.,0.,-1.));
#2481=VECTOR('',#2480,1.);
#2482=LINE('',#2479,#2481);
#2483=EDGE_CURVE('',#2340,#2332,#2482,.T.);
#2484=ORIENTED_EDGE('',*,*,#2483,.T.);
#2485=EDGE_LOOP('',(#2466,#2472,#2478,#2484));
#2486=FACE_OUTER_BOUND('',#2485,.T.);
#2487=ADVANCED_FACE('',(#2486),#2460,.T.);
#2488=CARTESIAN_POINT('',(0.,0.,0.));
#2489=DIRECTION('',(0.,-1.,0.));
#2490=DIRECTION('',(0.,0.,-1.));
#2491=AXIS2_PLACEMENT_3D('',#2488,#2489,#2490);
#2492=PLANE('',#2491);
#2493=CARTESIAN_POINT('',(0.,0.,0.006229999999999841));
#2494=DIRECTION('',(1.,0.,0.));
#2495=VECTOR('',#2494,1.);
#2496=LINE('',#2493,#2495);
#2497=EDGE_CURVE('',#2362,#2322,#2496,.T.);
#2498=ORIENTED_EDGE('',*,*,#2497,.F.);
#2499=CARTESIAN_POINT('',(-0.001935714285714282,0.,0.));
#2500=DIRECTION('',(0.,0.,-1.));
#2501=VECTOR('',#2500,1.);
#2502=LINE('',#2499,#2501);
#2503=EDGE_CURVE('',#2398,#2362,#2502,.T.);
#2504=ORIENTED_EDGE('',*,*,#2503,.F.);
#2505=CARTESIAN_POINT('',(0.,0.,0.0026999999999998414));
#2506=DIRECTION('',(1.,0.,0.));
#2507=VECTOR('',#2506,1.);
#2508=LINE('',#2505,#2507);
#2509=EDGE_CURVE('',#2324,#2398,#2508,.T.);
#2510=ORIENTED_EDGE('',*,*,#2509,.F.);
#2511=CARTESIAN_POINT('',(0.0019357142857142889,0.,0.));
#2512=DIRECTION('',(0.,0.,-1.));
#2513=VECTOR('',#2512,1.);
#2514=LINE('',#2511,#2513);
#2515=EDGE_CURVE('',#2322,#2324,#2514,.T.);
#2516=ORIENTED_EDGE('',*,*,#2515,.F.);
#2517=EDGE_LOOP('',(#2498,#2504,#2510,#2516));
#2518=FACE_OUTER_BOUND('',#2517,.T.);
#2519=ADVANCED_FACE('',(#2518),#2492,.F.);
#2520=CLOSED_SHELL('',(#2351,#2387,#2423,#2455,#2487,#2519));
#2521=MANIFOLD_SOLID_BREP('',#2520);
#2522=CARTESIAN_POINT('',(0.0019357142857142889,-0.00001,0.));
#2523=DIRECTION('',(1.,0.,0.));
#2524=DIRECTION('',(0.,0.,-1.));
#2525=AXIS2_PLACEMENT_3D('',#2522,#2523,#2524);
#2526=PLANE('',#2525);
#2527=CARTESIAN_POINT('',(0.0019357142857142889,0.,0.));
#2528=DIRECTION('',(0.,0.,-1.));
#2529=VECTOR('',#2528,1.);
#2530=LINE('',#2527,#2529);
#2531=CARTESIAN_POINT('',(0.0019357142857142889,0.,-0.007890000000000156));
#2532=VERTEX_POINT('',#2531);
#2533=CARTESIAN_POINT('',(0.0019357142857142889,0.,-0.011420000000000157));
#2534=VERTEX_POINT('',#2533);
#2535=EDGE_CURVE('',#2532,#2534,#2530,.T.);
#2536=ORIENTED_EDGE('',*,*,#2535,.F.);
#2537=CARTESIAN_POINT('',(0.0019357142857142889,-0.00001,-0.007890000000000156));
#2538=DIRECTION('',(0.,1.,0.));
#2539=VECTOR('',#2538,1.);
#2540=LINE('',#2537,#2539);
#2541=CARTESIAN_POINT('',(0.0019357142857142889,-0.00001,-0.007890000000000156));
#2542=VERTEX_POINT('',#2541);
#2543=EDGE_CURVE('',#2542,#2532,#2540,.T.);
#2544=ORIENTED_EDGE('',*,*,#2543,.F.);
#2545=CARTESIAN_POINT('',(0.0019357142857142889,-0.00001,0.));
#2546=DIRECTION('',(0.,0.,-1.));
#2547=VECTOR('',#2546,1.);
#2548=LINE('',#2545,#2547);
#2549=CARTESIAN_POINT('',(0.0019357142857142889,-0.00001,-0.011420000000000157));
#2550=VERTEX_POINT('',#2549);
#2551=EDGE_CURVE('',#2550,#2542,#2548,.T.);
#2552=ORIENTED_EDGE('',*,*,#2551,.F.);
#2553=CARTESIAN_POINT('',(0.0019357142857142889,-0.00001,-0.011420000000000157));
#2554=DIRECTION('',(0.,1.,0.));
#2555=VECTOR('',#2554,1.);
#2556=LINE('',#2553,#2555);
#2557=EDGE_CURVE('',#2534,#2550,#2556,.T.);
#2558=ORIENTED_EDGE('',*,*,#2557,.F.);
#2559=EDGE_LOOP('',(#2536,#2544,#2552,#2558));
#2560=FACE_OUTER_BOUND('',#2559,.T.);
#2561=ADVANCED_FACE('',(#2560),#2526,.T.);
#2562=CARTESIAN_POINT('',(0.,-0.00001,-0.007890000000000156));
#2563=DIRECTION('',(0.,0.,1.));
#2564=DIRECTION('',(1.,0.,0.));
#2565=AXIS2_PLACEMENT_3D('',#2562,#2563,#2564);
#2566=PLANE('',#2565);
#2567=CARTESIAN_POINT('',(0.,0.,-0.007890000000000156));
#2568=DIRECTION('',(1.,0.,0.));
#2569=VECTOR('',#2568,1.);
#2570=LINE('',#2567,#2569);
#2571=CARTESIAN_POINT('',(-0.001935714285714282,0.,-0.007890000000000156));
#2572=VERTEX_POINT('',#2571);
#2573=EDGE_CURVE('',#2572,#2532,#2570,.T.);
#2574=ORIENTED_EDGE('',*,*,#2573,.F.);
#2575=CARTESIAN_POINT('',(-0.001935714285714282,-0.00001,-0.007890000000000156));
#2576=DIRECTION('',(0.,1.,0.));
#2577=VECTOR('',#2576,1.);
#2578=LINE('',#2575,#2577);
#2579=CARTESIAN_POINT('',(-0.001935714285714282,-0.00001,-0.007890000000000156));
#2580=VERTEX_POINT('',#2579);
#2581=EDGE_CURVE('',#2580,#2572,#2578,.T.);
#2582=ORIENTED_EDGE('',*,*,#2581,.F.);
#2583=CARTESIAN_POINT('',(0.,-0.00001,-0.007890000000000156));
#2584=DIRECTION('',(1.,0.,0.));
#2585=VECTOR('',#2584,1.);
#2586=LINE('',#2583,#2585);
#2587=EDGE_CURVE('',#2542,#2580,#2586,.T.);
#2588=ORIENTED_EDGE('',*,*,#2587,.F.);
#2589=CARTESIAN_POINT('',(0.0019357142857142889,-0.00001,-0.007890000000000156));
#2590=DIRECTION('',(0.,1.,0.));
#2591=VECTOR('',#2590,1.);
#2592=LINE('',#2589,#2591);
#2593=EDGE_CURVE('',#2542,#2532,#2592,.T.);
#2594=ORIENTED_EDGE('',*,*,#2593,.T.);
#2595=EDGE_LOOP('',(#2574,#2582,#2588,#2594));
#2596=FACE_OUTER_BOUND('',#2595,.T.);
#2597=ADVANCED_FACE('',(#2596),#2566,.T.);
#2598=CARTESIAN_POINT('',(-0.001935714285714282,-0.00001,0.));
#2599=DIRECTION('',(1.,0.,0.));
#2600=DIRECTION('',(0.,0.,-1.));
#2601=AXIS2_PLACEMENT_3D('',#2598,#2599,#2600);
#2602=PLANE('',#2601);
#2603=CARTESIAN_POINT('',(-0.001935714285714282,0.,0.));
#2604=DIRECTION('',(0.,0.,-1.));
#2605=VECTOR('',#2604,1.);
#2606=LINE('',#2603,#2605);
#2607=CARTESIAN_POINT('',(-0.001935714285714282,0.,-0.011420000000000157));
#2608=VERTEX_POINT('',#2607);
#2609=EDGE_CURVE('',#2608,#2572,#2606,.T.);
#2610=ORIENTED_EDGE('',*,*,#2609,.T.);
#2611=CARTESIAN_POINT('',(-0.001935714285714282,-0.00001,-0.007890000000000156));
#2612=DIRECTION('',(0.,1.,0.));
#2613=VECTOR('',#2612,1.);
#2614=LINE('',#2611,#2613);
#2615=EDGE_CURVE('',#2580,#2572,#2614,.T.);
#2616=ORIENTED_EDGE('',*,*,#2615,.F.);
#2617=CARTESIAN_POINT('',(-0.001935714285714282,-0.00001,0.));
#2618=DIRECTION('',(0.,0.,-1.));
#2619=VECTOR('',#2618,1.);
#2620=LINE('',#2617,#2619);
#2621=CARTESIAN_POINT('',(-0.001935714285714282,-0.00001,-0.011420000000000157));
#2622=VERTEX_POINT('',#2621);
#2623=EDGE_CURVE('',#2580,#2622,#2620,.T.);
#2624=ORIENTED_EDGE('',*,*,#2623,.T.);
#2625=CARTESIAN_POINT('',(-0.001935714285714282,-0.00001,-0.011420000000000157));
#2626=DIRECTION('',(0.,1.,0.));
#2627=VECTOR('',#2626,1.);
#2628=LINE('',#2625,#2627);
#2629=EDGE_CURVE('',#2622,#2608,#2628,.T.);
#2630=ORIENTED_EDGE('',*,*,#2629,.T.);
#2631=EDGE_LOOP('',(#2610,#2616,#2624,#2630));
#2632=FACE_OUTER_BOUND('',#2631,.T.);
#2633=ADVANCED_FACE('',(#2632),#2602,.F.);
#2634=CARTESIAN_POINT('',(0.,-0.00001,-0.011420000000000157));
#2635=DIRECTION('',(0.,0.,1.));
#2636=DIRECTION('',(1.,0.,0.));
#2637=AXIS2_PLACEMENT_3D('',#2634,#2635,#2636);
#2638=PLANE('',#2637);
#2639=CARTESIAN_POINT('',(0.,0.,-0.011420000000000157));
#2640=DIRECTION('',(1.,0.,0.));
#2641=VECTOR('',#2640,1.);
#2642=LINE('',#2639,#2641);
#2643=EDGE_CURVE('',#2534,#2608,#2642,.T.);
#2644=ORIENTED_EDGE('',*,*,#2643,.T.);
#2645=CARTESIAN_POINT('',(-0.001935714285714282,-0.00001,-0.011420000000000157));
#2646=DIRECTION('',(0.,1.,0.));
#2647=VECTOR('',#2646,1.);
#2648=LINE('',#2645,#2647);
#2649=EDGE_CURVE('',#2622,#2608,#2648,.T.);
#2650=ORIENTED_EDGE('',*,*,#2649,.F.);
#2651=CARTESIAN_POINT('',(0.,-0.00001,-0.011420000000000157));
#2652=DIRECTION('',(1.,0.,0.));
#2653=VECTOR('',#2652,1.);
#2654=LINE('',#2651,#2653);
#2655=EDGE_CURVE('',#2622,#2550,#2654,.T.);
#2656=ORIENTED_EDGE('',*,*,#2655,.T.);
#2657=CARTESIAN_POINT('',(0.0019357142857142889,-0.00001,-0.011420000000000157));
#2658=DIRECTION('',(0.,1.,0.));
#2659=VECTOR('',#2658,1.);
#2660=LINE('',#2657,#2659);
#2661=EDGE_CURVE('',#2534,#2550,#2660,.T.);
#2662=ORIENTED_EDGE('',*,*,#2661,.F.);
#2663=EDGE_LOOP('',(#2644,#2650,#2656,#2662));
#2664=FACE_OUTER_BOUND('',#2663,.T.);
#2665=ADVANCED_FACE('',(#2664),#2638,.F.);
#2666=CARTESIAN_POINT('',(0.,-0.00001,0.));
#2667=DIRECTION('',(0.,-1.,0.));
#2668=DIRECTION('',(0.,0.,-1.));
#2669=AXIS2_PLACEMENT_3D('',#2666,#2667,#2668);
#2670=PLANE('',#2669);
#2671=CARTESIAN_POINT('',(0.,-0.00001,-0.007890000000000156));
#2672=DIRECTION('',(1.,0.,0.));
#2673=VECTOR('',#2672,1.);
#2674=LINE('',#2671,#2673);
#2675=EDGE_CURVE('',#2542,#2580,#2674,.T.);
#2676=ORIENTED_EDGE('',*,*,#2675,.T.);
#2677=CARTESIAN_POINT('',(-0.001935714285714282,-0.00001,0.));
#2678=DIRECTION('',(0.,0.,-1.));
#2679=VECTOR('',#2678,1.);
#2680=LINE('',#2677,#2679);
#2681=EDGE_CURVE('',#2580,#2622,#2680,.T.);
#2682=ORIENTED_EDGE('',*,*,#2681,.T.);
#2683=CARTESIAN_POINT('',(0.,-0.00001,-0.011420000000000157));
#2684=DIRECTION('',(1.,0.,0.));
#2685=VECTOR('',#2684,1.);
#2686=LINE('',#2683,#2685);
#2687=EDGE_CURVE('',#2622,#2550,#2686,.T.);
#2688=ORIENTED_EDGE('',*,*,#2687,.T.);
#2689=CARTESIAN_POINT('',(0.0019357142857142889,-0.00001,0.));
#2690=DIRECTION('',(0.,0.,-1.));
#2691=VECTOR('',#2690,1.);
#2692=LINE('',#2689,#2691);
#2693=EDGE_CURVE('',#2550,#2542,#2692,.T.);
#2694=ORIENTED_EDGE('',*,*,#2693,.T.);
#2695=EDGE_LOOP('',(#2676,#2682,#2688,#2694));
#2696=FACE_OUTER_BOUND('',#2695,.T.);
#2697=ADVANCED_FACE('',(#2696),#2670,.T.);
#2698=CARTESIAN_POINT('',(0.,0.,0.));
#2699=DIRECTION('',(0.,-1.,0.));
#2700=DIRECTION('',(0.,0.,-1.));
#2701=AXIS2_PLACEMENT_3D('',#2698,#2699,#2700);
#2702=PLANE('',#2701);
#2703=CARTESIAN_POINT('',(0.,0.,-0.007890000000000156));
#2704=DIRECTION('',(1.,0.,0.));
#2705=VECTOR('',#2704,1.);
#2706=LINE('',#2703,#2705);
#2707=EDGE_CURVE('',#2572,#2532,#2706,.T.);
#2708=ORIENTED_EDGE('',*,*,#2707,.F.);
#2709=CARTESIAN_POINT('',(-0.001935714285714282,0.,0.));
#2710=DIRECTION('',(0.,0.,-1.));
#2711=VECTOR('',#2710,1.);
#2712=LINE('',#2709,#2711);
#2713=EDGE_CURVE('',#2608,#2572,#2712,.T.);
#2714=ORIENTED_EDGE('',*,*,#2713,.F.);
#2715=CARTESIAN_POINT('',(0.,0.,-0.011420000000000157));
#2716=DIRECTION('',(1.,0.,0.));
#2717=VECTOR('',#2716,1.);
#2718=LINE('',#2715,#2717);
#2719=EDGE_CURVE('',#2534,#2608,#2718,.T.);
#2720=ORIENTED_EDGE('',*,*,#2719,.F.);
#2721=CARTESIAN_POINT('',(0.0019357142857142889,0.,0.));
#2722=DIRECTION('',(0.,0.,-1.));
#2723=VECTOR('',#2722,1.);
#2724=LINE('',#2721,#2723);
#2725=EDGE_CURVE('',#2532,#2534,#2724,.T.);
#2726=ORIENTED_EDGE('',*,*,#2725,.F.);
#2727=EDGE_LOOP('',(#2708,#2714,#2720,#2726));
#2728=FACE_OUTER_BOUND('',#2727,.T.);
#2729=ADVANCED_FACE('',(#2728),#2702,.F.);
#2730=CLOSED_SHELL('',(#2561,#2597,#2633,#2665,#2697,#2729));
#2731=MANIFOLD_SOLID_BREP('',#2730);
#2732=CARTESIAN_POINT('',(0.00967857142857143,-0.00001,0.));
#2733=DIRECTION('',(1.,0.,0.));
#2734=DIRECTION('',(0.,0.,-1.));
#2735=AXIS2_PLACEMENT_3D('',#2732,#2733,#2734);
#2736=PLANE('',#2735);
#2737=CARTESIAN_POINT('',(0.00967857142857143,0.,0.));
#2738=DIRECTION('',(0.,0.,-1.));
#2739=VECTOR('',#2738,1.);
#2740=LINE('',#2737,#2739);
#2741=CARTESIAN_POINT('',(0.00967857142857143,0.,-0.007890000000000156));
#2742=VERTEX_POINT('',#2741);
#2743=CARTESIAN_POINT('',(0.00967857142857143,0.,-0.011420000000000157));
#2744=VERTEX_POINT('',#2743);
#2745=EDGE_CURVE('',#2742,#2744,#2740,.T.);
#2746=ORIENTED_EDGE('',*,*,#2745,.F.);
#2747=CARTESIAN_POINT('',(0.00967857142857143,-0.00001,-0.007890000000000156));
#2748=DIRECTION('',(0.,1.,0.));
#2749=VECTOR('',#2748,1.);
#2750=LINE('',#2747,#2749);
#2751=CARTESIAN_POINT('',(0.00967857142857143,-0.00001,-0.007890000000000156));
#2752=VERTEX_POINT('',#2751);
#2753=EDGE_CURVE('',#2752,#2742,#2750,.T.);
#2754=ORIENTED_EDGE('',*,*,#2753,.F.);
#2755=CARTESIAN_POINT('',(0.00967857142857143,-0.00001,0.));
#2756=DIRECTION('',(0.,0.,-1.));
#2757=VECTOR('',#2756,1.);
#2758=LINE('',#2755,#2757);
#2759=CARTESIAN_POINT('',(0.00967857142857143,-0.00001,-0.011420000000000157));
#2760=VERTEX_POINT('',#2759);
#2761=EDGE_CURVE('',#2760,#2752,#2758,.T.);
#2762=ORIENTED_EDGE('',*,*,#2761,.F.);
#2763=CARTESIAN_POINT('',(0.00967857142857143,-0.00001,-0.011420000000000157));
#2764=DIRECTION('',(0.,1.,0.));
#2765=VECTOR('',#2764,1.);
#2766=LINE('',#2763,#2765);
#2767=EDGE_CURVE('',#2744,#2760,#2766,.T.);
#2768=ORIENTED_EDGE('',*,*,#2767,.F.);
#2769=EDGE_LOOP('',(#2746,#2754,#2762,#2768));
#2770=FACE_OUTER_BOUND('',#2769,.T.);
#2771=ADVANCED_FACE('',(#2770),#2736,.T.);
#2772=CARTESIAN_POINT('',(0.,-0.00001,-0.007890000000000156));
#2773=DIRECTION('',(0.,0.,1.));
#2774=DIRECTION('',(1.,0.,0.));
#2775=AXIS2_PLACEMENT_3D('',#2772,#2773,#2774);
#2776=PLANE('',#2775);
#2777=CARTESIAN_POINT('',(0.,0.,-0.007890000000000156));
#2778=DIRECTION('',(1.,0.,0.));
#2779=VECTOR('',#2778,1.);
#2780=LINE('',#2777,#2779);
#2781=CARTESIAN_POINT('',(0.00580714285714286,0.,-0.007890000000000156));
#2782=VERTEX_POINT('',#2781);
#2783=EDGE_CURVE('',#2782,#2742,#2780,.T.);
#2784=ORIENTED_EDGE('',*,*,#2783,.F.);
#2785=CARTESIAN_POINT('',(0.00580714285714286,-0.00001,-0.007890000000000156));
#2786=DIRECTION('',(0.,1.,0.));
#2787=VECTOR('',#2786,1.);
#2788=LINE('',#2785,#2787);
#2789=CARTESIAN_POINT('',(0.00580714285714286,-0.00001,-0.007890000000000156));
#2790=VERTEX_POINT('',#2789);
#2791=EDGE_CURVE('',#2790,#2782,#2788,.T.);
#2792=ORIENTED_EDGE('',*,*,#2791,.F.);
#2793=CARTESIAN_POINT('',(0.,-0.00001,-0.007890000000000156));
#2794=DIRECTION('',(1.,0.,0.));
#2795=VECTOR('',#2794,1.);
#2796=LINE('',#2793,#2795);
#2797=EDGE_CURVE('',#2752,#2790,#2796,.T.);
#2798=ORIENTED_EDGE('',*,*,#2797,.F.);
#2799=CARTESIAN_POINT('',(0.00967857142857143,-0.00001,-0.007890000000000156));
#2800=DIRECTION('',(0.,1.,0.));
#2801=VECTOR('',#2800,1.);
#2802=LINE('',#2799,#2801);
#2803=EDGE_CURVE('',#2752,#2742,#2802,.T.);
#2804=ORIENTED_EDGE('',*,*,#2803,.T.);
#2805=EDGE_LOOP('',(#2784,#2792,#2798,#2804));
#2806=FACE_OUTER_BOUND('',#2805,.T.);
#2807=ADVANCED_FACE('',(#2806),#2776,.T.);
#2808=CARTESIAN_POINT('',(0.00580714285714286,-0.00001,0.));
#2809=DIRECTION('',(1.,0.,0.));
#2810=DIRECTION('',(0.,0.,-1.));
#2811=AXIS2_PLACEMENT_3D('',#2808,#2809,#2810);
#2812=PLANE('',#2811);
#2813=CARTESIAN_POINT('',(0.00580714285714286,0.,0.));
#2814=DIRECTION('',(0.,0.,-1.));
#2815=VECTOR('',#2814,1.);
#2816=LINE('',#2813,#2815);
#2817=CARTESIAN_POINT('',(0.00580714285714286,0.,-0.011420000000000157));
#2818=VERTEX_POINT('',#2817);
#2819=EDGE_CURVE('',#2818,#2782,#2816,.T.);
#2820=ORIENTED_EDGE('',*,*,#2819,.T.);
#2821=CARTESIAN_POINT('',(0.00580714285714286,-0.00001,-0.007890000000000156));
#2822=DIRECTION('',(0.,1.,0.));
#2823=VECTOR('',#2822,1.);
#2824=LINE('',#2821,#2823);
#2825=EDGE_CURVE('',#2790,#2782,#2824,.T.);
#2826=ORIENTED_EDGE('',*,*,#2825,.F.);
#2827=CARTESIAN_POINT('',(0.00580714285714286,-0.00001,0.));
#2828=DIRECTION('',(0.,0.,-1.));
#2829=VECTOR('',#2828,1.);
#2830=LINE('',#2827,#2829);
#2831=CARTESIAN_POINT('',(0.00580714285714286,-0.00001,-0.011420000000000157));
#2832=VERTEX_POINT('',#2831);
#2833=EDGE_CURVE('',#2790,#2832,#2830,.T.);
#2834=ORIENTED_EDGE('',*,*,#2833,.T.);
#2835=CARTESIAN_POINT('',(0.00580714285714286,-0.00001,-0.011420000000000157));
#2836=DIRECTION('',(0.,1.,0.));
#2837=VECTOR('',#2836,1.);
#2838=LINE('',#2835,#2837);
#2839=EDGE_CURVE('',#2832,#2818,#2838,.T.);
#2840=ORIENTED_EDGE('',*,*,#2839,.T.);
#2841=EDGE_LOOP('',(#2820,#2826,#2834,#2840));
#2842=FACE_OUTER_BOUND('',#2841,.T.);
#2843=ADVANCED_FACE('',(#2842),#2812,.F.);
#2844=CARTESIAN_POINT('',(0.,-0.00001,-0.011420000000000157));
#2845=DIRECTION('',(0.,0.,1.));
#2846=DIRECTION('',(1.,0.,0.));
#2847=AXIS2_PLACEMENT_3D('',#2844,#2845,#2846);
#2848=PLANE('',#2847);
#2849=CARTESIAN_POINT('',(0.,0.,-0.011420000000000157));
#2850=DIRECTION('',(1.,0.,0.));
#2851=VECTOR('',#2850,1.);
#2852=LINE('',#2849,#2851);
#2853=EDGE_CURVE('',#2744,#2818,#2852,.T.);
#2854=ORIENTED_EDGE('',*,*,#2853,.T.);
#2855=CARTESIAN_POINT('',(0.00580714285714286,-0.00001,-0.011420000000000157));
#2856=DIRECTION('',(0.,1.,0.));
#2857=VECTOR('',#2856,1.);
#2858=LINE('',#2855,#2857);
#2859=EDGE_CURVE('',#2832,#2818,#2858,.T.);
#2860=ORIENTED_EDGE('',*,*,#2859,.F.);
#2861=CARTESIAN_POINT('',(0.,-0.00001,-0.011420000000000157));
#2862=DIRECTION('',(1.,0.,0.));
#2863=VECTOR('',#2862,1.);
#2864=LINE('',#2861,#2863);
#2865=EDGE_CURVE('',#2832,#2760,#2864,.T.);
#2866=ORIENTED_EDGE('',*,*,#2865,.T.);
#2867=CARTESIAN_POINT('',(0.00967857142857143,-0.00001,-0.011420000000000157));
#2868=DIRECTION('',(0.,1.,0.));
#2869=VECTOR('',#2868,1.);
#2870=LINE('',#2867,#2869);
#2871=EDGE_CURVE('',#2744,#2760,#2870,.T.);
#2872=ORIENTED_EDGE('',*,*,#2871,.F.);
#2873=EDGE_LOOP('',(#2854,#2860,#2866,#2872));
#2874=FACE_OUTER_BOUND('',#2873,.T.);
#2875=ADVANCED_FACE('',(#2874),#2848,.F.);
#2876=CARTESIAN_POINT('',(0.,-0.00001,0.));
#2877=DIRECTION('',(0.,-1.,0.));
#2878=DIRECTION('',(0.,0.,-1.));
#2879=AXIS2_PLACEMENT_3D('',#2876,#2877,#2878);
#2880=PLANE('',#2879);
#2881=CARTESIAN_POINT('',(0.,-0.00001,-0.007890000000000156));
#2882=DIRECTION('',(1.,0.,0.));
#2883=VECTOR('',#2882,1.);
#2884=LINE('',#2881,#2883);
#2885=EDGE_CURVE('',#2752,#2790,#2884,.T.);
#2886=ORIENTED_EDGE('',*,*,#2885,.T.);
#2887=CARTESIAN_POINT('',(0.00580714285714286,-0.00001,0.));
#2888=DIRECTION('',(0.,0.,-1.));
#2889=VECTOR('',#2888,1.);
#2890=LINE('',#2887,#2889);
#2891=EDGE_CURVE('',#2790,#2832,#2890,.T.);
#2892=ORIENTED_EDGE('',*,*,#2891,.T.);
#2893=CARTESIAN_POINT('',(0.,-0.00001,-0.011420000000000157));
#2894=DIRECTION('',(1.,0.,0.));
#2895=VECTOR('',#2894,1.);
#2896=LINE('',#2893,#2895);
#2897=EDGE_CURVE('',#2832,#2760,#2896,.T.);
#2898=ORIENTED_EDGE('',*,*,#2897,.T.);
#2899=CARTESIAN_POINT('',(0.00967857142857143,-0.00001,0.));
#2900=DIRECTION('',(0.,0.,-1.));
#2901=VECTOR('',#2900,1.);
#2902=LINE('',#2899,#2901);
#2903=EDGE_CURVE('',#2760,#2752,#2902,.T.);
#2904=ORIENTED_EDGE('',*,*,#2903,.T.);
#2905=EDGE_LOOP('',(#2886,#2892,#2898,#2904));
#2906=FACE_OUTER_BOUND('',#2905,.T.);
#2907=ADVANCED_FACE('',(#2906),#2880,.T.);
#2908=CARTESIAN_POINT('',(0.,0.,0.));
#2909=DIRECTION('',(0.,-1.,0.));
#2910=DIRECTION('',(0.,0.,-1.));
#2911=AXIS2_PLACEMENT_3D('',#2908,#2909,#2910);
#2912=PLANE('',#2911);
#2913=CARTESIAN_POINT('',(0.,0.,-0.007890000000000156));
#2914=DIRECTION('',(1.,0.,0.));
#2915=VECTOR('',#2914,1.);
#2916=LINE('',#2913,#2915);
#2917=EDGE_CURVE('',#2782,#2742,#2916,.T.);
#2918=ORIENTED_EDGE('',*,*,#2917,.F.);
#2919=CARTESIAN_POINT('',(0.00580714285714286,0.,0.));
#2920=DIRECTION('',(0.,0.,-1.));
#2921=VECTOR('',#2920,1.);
#2922=LINE('',#2919,#2921);
#2923=EDGE_CURVE('',#2818,#2782,#2922,.T.);
#2924=ORIENTED_EDGE('',*,*,#2923,.F.);
#2925=CARTESIAN_POINT('',(0.,0.,-0.011420000000000157));
#2926=DIRECTION('',(1.,0.,0.));
#2927=VECTOR('',#2926,1.);
#2928=LINE('',#2925,#2927);
#2929=EDGE_CURVE('',#2744,#2818,#2928,.T.);
#2930=ORIENTED_EDGE('',*,*,#2929,.F.);
#2931=CARTESIAN_POINT('',(0.00967857142857143,0.,0.));
#2932=DIRECTION('',(0.,0.,-1.));
#2933=VECTOR('',#2932,1.);
#2934=LINE('',#2931,#2933);
#2935=EDGE_CURVE('',#2742,#2744,#2934,.T.);
#2936=ORIENTED_EDGE('',*,*,#2935,.F.);
#2937=EDGE_LOOP('',(#2918,#2924,#2930,#2936));
#2938=FACE_OUTER_BOUND('',#2937,.T.);
#2939=ADVANCED_FACE('',(#2938),#2912,.F.);
#2940=CLOSED_SHELL('',(#2771,#2807,#2843,#2875,#2907,#2939));
#2941=MANIFOLD_SOLID_BREP('',#2940);
#2942=CARTESIAN_POINT('',(0.005807142857142405,-0.00001,2.311548868140262E-16));
#2943=DIRECTION('',(1.,0.,3.980526956207403E-14));
#2944=DIRECTION('',(3.980526956207403E-14,0.,-1.));
#2945=AXIS2_PLACEMENT_3D('',#2942,#2943,#2944);
#2946=PLANE('',#2945);
#2947=CARTESIAN_POINT('',(0.005807142857142405,0.,2.311548868140262E-16));
#2948=DIRECTION('',(3.980526956207403E-14,0.,-1.));
#2949=VECTOR('',#2948,1.);
#2950=LINE('',#2947,#2949);
#2951=CARTESIAN_POINT('',(0.00580714285714286,0.,-0.011420000000000157));
#2952=VERTEX_POINT('',#2951);
#2953=CARTESIAN_POINT('',(0.005807142857143,0.,-0.014950000000000158));
#2954=VERTEX_POINT('',#2953);
#2955=EDGE_CURVE('',#2952,#2954,#2950,.T.);
#2956=ORIENTED_EDGE('',*,*,#2955,.F.);
#2957=CARTESIAN_POINT('',(0.00580714285714286,-0.00001,-0.011420000000000157));
#2958=DIRECTION('',(0.,1.,0.));
#2959=VECTOR('',#2958,1.);
#2960=LINE('',#2957,#2959);
#2961=CARTESIAN_POINT('',(0.00580714285714286,-0.00001,-0.011420000000000157));
#2962=VERTEX_POINT('',#2961);
#2963=EDGE_CURVE('',#2962,#2952,#2960,.T.);
#2964=ORIENTED_EDGE('',*,*,#2963,.F.);
#2965=CARTESIAN_POINT('',(0.005807142857142405,-0.00001,2.311548868140262E-16));
#2966=DIRECTION('',(3.980526956207403E-14,0.,-1.));
#2967=VECTOR('',#2966,1.);
#2968=LINE('',#2965,#2967);
#2969=CARTESIAN_POINT('',(0.005807142857143,-0.00001,-0.014950000000000158));
#2970=VERTEX_POINT('',#2969);
#2971=EDGE_CURVE('',#2970,#2962,#2968,.T.);
#2972=ORIENTED_EDGE('',*,*,#2971,.F.);
#2973=CARTESIAN_POINT('',(0.005807142857143,-0.00001,-0.014950000000000158));
#2974=DIRECTION('',(0.,1.,0.));
#2975=VECTOR('',#2974,1.);
#2976=LINE('',#2973,#2975);
#2977=EDGE_CURVE('',#2954,#2970,#2976,.T.);
#2978=ORIENTED_EDGE('',*,*,#2977,.F.);
#2979=EDGE_LOOP('',(#2956,#2964,#2972,#2978));
#2980=FACE_OUTER_BOUND('',#2979,.T.);
#2981=ADVANCED_FACE('',(#2980),#2946,.T.);
#2982=CARTESIAN_POINT('',(0.,-0.00001,-0.011420000000000157));
#2983=DIRECTION('',(0.,0.,1.));
#2984=DIRECTION('',(1.,0.,0.));
#2985=AXIS2_PLACEMENT_3D('',#2982,#2983,#2984);
#2986=PLANE('',#2985);
#2987=CARTESIAN_POINT('',(0.,0.,-0.011420000000000157));
#2988=DIRECTION('',(1.,0.,0.));
#2989=VECTOR('',#2988,1.);
#2990=LINE('',#2987,#2989);
#2991=CARTESIAN_POINT('',(0.0019357142857142889,0.,-0.011420000000000157));
#2992=VERTEX_POINT('',#2991);
#2993=EDGE_CURVE('',#2992,#2952,#2990,.T.);
#2994=ORIENTED_EDGE('',*,*,#2993,.F.);
#2995=CARTESIAN_POINT('',(0.0019357142857142889,-0.00001,-0.011420000000000157));
#2996=DIRECTION('',(0.,1.,0.));
#2997=VECTOR('',#2996,1.);
#2998=LINE('',#2995,#2997);
#2999=CARTESIAN_POINT('',(0.0019357142857142889,-0.00001,-0.011420000000000157));
#3000=VERTEX_POINT('',#2999);
#3001=EDGE_CURVE('',#3000,#2992,#2998,.T.);
#3002=ORIENTED_EDGE('',*,*,#3001,.F.);
#3003=CARTESIAN_POINT('',(0.,-0.00001,-0.011420000000000157));
#3004=DIRECTION('',(1.,0.,0.));
#3005=VECTOR('',#3004,1.);
#3006=LINE('',#3003,#3005);
#3007=EDGE_CURVE('',#2962,#3000,#3006,.T.);
#3008=ORIENTED_EDGE('',*,*,#3007,.F.);
#3009=CARTESIAN_POINT('',(0.00580714285714286,-0.00001,-0.011420000000000157));
#3010=DIRECTION('',(0.,1.,0.));
#3011=VECTOR('',#3010,1.);
#3012=LINE('',#3009,#3011);
#3013=EDGE_CURVE('',#2962,#2952,#3012,.T.);
#3014=ORIENTED_EDGE('',*,*,#3013,.T.);
#3015=EDGE_LOOP('',(#2994,#3002,#3008,#3014));
#3016=FACE_OUTER_BOUND('',#3015,.T.);
#3017=ADVANCED_FACE('',(#3016),#2986,.T.);
#3018=CARTESIAN_POINT('',(0.0019357142857137613,-0.00001,8.941793975520273E-17));
#3019=DIRECTION('',(1.,0.,4.6193769615246396E-14));
#3020=DIRECTION('',(4.61937696152464E-14,0.,-1.));
#3021=AXIS2_PLACEMENT_3D('',#3018,#3019,#3020);
#3022=PLANE('',#3021);
#3023=CARTESIAN_POINT('',(0.0019357142857137613,0.,8.941793975520273E-17));
#3024=DIRECTION('',(4.6193769615246396E-14,0.,-1.));
#3025=VECTOR('',#3024,1.);
#3026=LINE('',#3023,#3025);
#3027=CARTESIAN_POINT('',(0.001935714285714452,0.,-0.014950000000000158));
#3028=VERTEX_POINT('',#3027);
#3029=EDGE_CURVE('',#3028,#2992,#3026,.T.);
#3030=ORIENTED_EDGE('',*,*,#3029,.T.);
#3031=CARTESIAN_POINT('',(0.0019357142857142889,-0.00001,-0.011420000000000157));
#3032=DIRECTION('',(0.,1.,0.));
#3033=VECTOR('',#3032,1.);
#3034=LINE('',#3031,#3033);
#3035=EDGE_CURVE('',#3000,#2992,#3034,.T.);
#3036=ORIENTED_EDGE('',*,*,#3035,.F.);
#3037=CARTESIAN_POINT('',(0.0019357142857137613,-0.00001,8.941793975520273E-17));
#3038=DIRECTION('',(4.6193769615246396E-14,0.,-1.));
#3039=VECTOR('',#3038,1.);
#3040=LINE('',#3037,#3039);
#3041=CARTESIAN_POINT('',(0.001935714285714452,-0.00001,-0.014950000000000158));
#3042=VERTEX_POINT('',#3041);
#3043=EDGE_CURVE('',#3000,#3042,#3040,.T.);
#3044=ORIENTED_EDGE('',*,*,#3043,.T.);
#3045=CARTESIAN_POINT('',(0.001935714285714452,-0.00001,-0.014950000000000158));
#3046=DIRECTION('',(0.,1.,0.));
#3047=VECTOR('',#3046,1.);
#3048=LINE('',#3045,#3047);
#3049=EDGE_CURVE('',#3042,#3028,#3048,.T.);
#3050=ORIENTED_EDGE('',*,*,#3049,.T.);
#3051=EDGE_LOOP('',(#3030,#3036,#3044,#3050));
#3052=FACE_OUTER_BOUND('',#3051,.T.);
#3053=ADVANCED_FACE('',(#3052),#3022,.F.);
#3054=CARTESIAN_POINT('',(0.,-0.00001,-0.014950000000000158));
#3055=DIRECTION('',(0.,0.,1.));
#3056=DIRECTION('',(1.,0.,0.));
#3057=AXIS2_PLACEMENT_3D('',#3054,#3055,#3056);
#3058=PLANE('',#3057);
#3059=CARTESIAN_POINT('',(0.,0.,-0.014950000000000158));
#3060=DIRECTION('',(1.,0.,0.));
#3061=VECTOR('',#3060,1.);
#3062=LINE('',#3059,#3061);
#3063=EDGE_CURVE('',#2954,#3028,#3062,.T.);
#3064=ORIENTED_EDGE('',*,*,#3063,.T.);
#3065=CARTESIAN_POINT('',(0.001935714285714452,-0.00001,-0.014950000000000158));
#3066=DIRECTION('',(0.,1.,0.));
#3067=VECTOR('',#3066,1.);
#3068=LINE('',#3065,#3067);
#3069=EDGE_CURVE('',#3042,#3028,#3068,.T.);
#3070=ORIENTED_EDGE('',*,*,#3069,.F.);
#3071=CARTESIAN_POINT('',(0.,-0.00001,-0.014950000000000158));
#3072=DIRECTION('',(1.,0.,0.));
#3073=VECTOR('',#3072,1.);
#3074=LINE('',#3071,#3073);
#3075=EDGE_CURVE('',#3042,#2970,#3074,.T.);
#3076=ORIENTED_EDGE('',*,*,#3075,.T.);
#3077=CARTESIAN_POINT('',(0.005807142857143,-0.00001,-0.014950000000000158));
#3078=DIRECTION('',(0.,1.,0.));
#3079=VECTOR('',#3078,1.);
#3080=LINE('',#3077,#3079);
#3081=EDGE_CURVE('',#2954,#2970,#3080,.T.);
#3082=ORIENTED_EDGE('',*,*,#3081,.F.);
#3083=EDGE_LOOP('',(#3064,#3070,#3076,#3082));
#3084=FACE_OUTER_BOUND('',#3083,.T.);
#3085=ADVANCED_FACE('',(#3084),#3058,.F.);
#3086=CARTESIAN_POINT('',(0.,-0.00001,0.));
#3087=DIRECTION('',(0.,-1.,0.));
#3088=DIRECTION('',(0.,0.,-1.));
#3089=AXIS2_PLACEMENT_3D('',#3086,#3087,#3088);
#3090=PLANE('',#3089);
#3091=CARTESIAN_POINT('',(0.,-0.00001,-0.011420000000000157));
#3092=DIRECTION('',(1.,0.,0.));
#3093=VECTOR('',#3092,1.);
#3094=LINE('',#3091,#3093);
#3095=EDGE_CURVE('',#2962,#3000,#3094,.T.);
#3096=ORIENTED_EDGE('',*,*,#3095,.T.);
#3097=CARTESIAN_POINT('',(0.0019357142857137613,-0.00001,8.941793975520273E-17));
#3098=DIRECTION('',(4.6193769615246396E-14,0.,-1.));
#3099=VECTOR('',#3098,1.);
#3100=LINE('',#3097,#3099);
#3101=EDGE_CURVE('',#3000,#3042,#3100,.T.);
#3102=ORIENTED_EDGE('',*,*,#3101,.T.);
#3103=CARTESIAN_POINT('',(0.,-0.00001,-0.014950000000000158));
#3104=DIRECTION('',(1.,0.,0.));
#3105=VECTOR('',#3104,1.);
#3106=LINE('',#3103,#3105);
#3107=EDGE_CURVE('',#3042,#2970,#3106,.T.);
#3108=ORIENTED_EDGE('',*,*,#3107,.T.);
#3109=CARTESIAN_POINT('',(0.005807142857142405,-0.00001,2.311548868140262E-16));
#3110=DIRECTION('',(3.980526956207403E-14,0.,-1.));
#3111=VECTOR('',#3110,1.);
#3112=LINE('',#3109,#3111);
#3113=EDGE_CURVE('',#2970,#2962,#3112,.T.);
#3114=ORIENTED_EDGE('',*,*,#3113,.T.);
#3115=EDGE_LOOP('',(#3096,#3102,#3108,#3114));
#3116=FACE_OUTER_BOUND('',#3115,.T.);
#3117=ADVANCED_FACE('',(#3116),#3090,.T.);
#3118=CARTESIAN_POINT('',(0.,0.,0.));
#3119=DIRECTION('',(0.,-1.,0.));
#3120=DIRECTION('',(0.,0.,-1.));
#3121=AXIS2_PLACEMENT_3D('',#3118,#3119,#3120);
#3122=PLANE('',#3121);
#3123=CARTESIAN_POINT('',(0.,0.,-0.011420000000000157));
#3124=DIRECTION('',(1.,0.,0.));
#3125=VECTOR('',#3124,1.);
#3126=LINE('',#3123,#3125);
#3127=EDGE_CURVE('',#2992,#2952,#3126,.T.);
#3128=ORIENTED_EDGE('',*,*,#3127,.F.);
#3129=CARTESIAN_POINT('',(0.0019357142857137613,0.,8.941793975520273E-17));
#3130=DIRECTION('',(4.6193769615246396E-14,0.,-1.));
#3131=VECTOR('',#3130,1.);
#3132=LINE('',#3129,#3131);
#3133=EDGE_CURVE('',#3028,#2992,#3132,.T.);
#3134=ORIENTED_EDGE('',*,*,#3133,.F.);
#3135=CARTESIAN_POINT('',(0.,0.,-0.014950000000000158));
#3136=DIRECTION('',(1.,0.,0.));
#3137=VECTOR('',#3136,1.);
#3138=LINE('',#3135,#3137);
#3139=EDGE_CURVE('',#2954,#3028,#3138,.T.);
#3140=ORIENTED_EDGE('',*,*,#3139,.F.);
#3141=CARTESIAN_POINT('',(0.005807142857142405,0.,2.311548868140262E-16));
#3142=DIRECTION('',(3.980526956207403E-14,0.,-1.));
#3143=VECTOR('',#3142,1.);
#3144=LINE('',#3141,#3143);
#3145=EDGE_CURVE('',#2952,#2954,#3144,.T.);
#3146=ORIENTED_EDGE('',*,*,#3145,.F.);
#3147=EDGE_LOOP('',(#3128,#3134,#3140,#3146));
#3148=FACE_OUTER_BOUND('',#3147,.T.);
#3149=ADVANCED_FACE('',(#3148),#3122,.F.);
#3150=CLOSED_SHELL('',(#2981,#3017,#3053,#3085,#3117,#3149));
#3151=MANIFOLD_SOLID_BREP('',#3150);
#3152=CARTESIAN_POINT('',(0.013550000000000001,-0.00001,0.));
#3153=DIRECTION('',(1.,0.,0.));
#3154=DIRECTION('',(0.,0.,-1.));
#3155=AXIS2_PLACEMENT_3D('',#3152,#3153,#3154);
#3156=PLANE('',#3155);
#3157=CARTESIAN_POINT('',(0.013550000000000001,0.,0.));
#3158=DIRECTION('',(0.,0.,-1.));
#3159=VECTOR('',#3158,1.);
#3160=LINE('',#3157,#3159);
#3161=CARTESIAN_POINT('',(0.013550000000000001,0.,-0.011420000000000157));
#3162=VERTEX_POINT('',#3161);
#3163=CARTESIAN_POINT('',(0.013550000000000001,0.,-0.014950000000000158));
#3164=VERTEX_POINT('',#3163);
#3165=EDGE_CURVE('',#3162,#3164,#3160,.T.);
#3166=ORIENTED_EDGE('',*,*,#3165,.F.);
#3167=CARTESIAN_POINT('',(0.013550000000000001,-0.00001,-0.011420000000000157));
#3168=DIRECTION('',(0.,1.,0.));
#3169=VECTOR('',#3168,1.);
#3170=LINE('',#3167,#3169);
#3171=CARTESIAN_POINT('',(0.013550000000000001,-0.00001,-0.011420000000000157));
#3172=VERTEX_POINT('',#3171);
#3173=EDGE_CURVE('',#3172,#3162,#3170,.T.);
#3174=ORIENTED_EDGE('',*,*,#3173,.F.);
#3175=CARTESIAN_POINT('',(0.013550000000000001,-0.00001,0.));
#3176=DIRECTION('',(0.,0.,-1.));
#3177=VECTOR('',#3176,1.);
#3178=LINE('',#3175,#3177);
#3179=CARTESIAN_POINT('',(0.013550000000000001,-0.00001,-0.014950000000000158));
#3180=VERTEX_POINT('',#3179);
#3181=EDGE_CURVE('',#3180,#3172,#3178,.T.);
#3182=ORIENTED_EDGE('',*,*,#3181,.F.);
#3183=CARTESIAN_POINT('',(0.013550000000000001,-0.00001,-0.014950000000000158));
#3184=DIRECTION('',(0.,1.,0.));
#3185=VECTOR('',#3184,1.);
#3186=LINE('',#3183,#3185);
#3187=EDGE_CURVE('',#3164,#3180,#3186,.T.);
#3188=ORIENTED_EDGE('',*,*,#3187,.F.);
#3189=EDGE_LOOP('',(#3166,#3174,#3182,#3188));
#3190=FACE_OUTER_BOUND('',#3189,.T.);
#3191=ADVANCED_FACE('',(#3190),#3156,.T.);
#3192=CARTESIAN_POINT('',(0.,-0.00001,-0.011420000000000157));
#3193=DIRECTION('',(0.,0.,1.));
#3194=DIRECTION('',(1.,0.,0.));
#3195=AXIS2_PLACEMENT_3D('',#3192,#3193,#3194);
#3196=PLANE('',#3195);
#3197=CARTESIAN_POINT('',(0.,0.,-0.011420000000000157));
#3198=DIRECTION('',(1.,0.,0.));
#3199=VECTOR('',#3198,1.);
#3200=LINE('',#3197,#3199);
#3201=CARTESIAN_POINT('',(0.00967857142857143,0.,-0.011420000000000157));
#3202=VERTEX_POINT('',#3201);
#3203=EDGE_CURVE('',#3202,#3162,#3200,.T.);
#3204=ORIENTED_EDGE('',*,*,#3203,.F.);
#3205=CARTESIAN_POINT('',(0.00967857142857143,-0.00001,-0.011420000000000157));
#3206=DIRECTION('',(0.,1.,0.));
#3207=VECTOR('',#3206,1.);
#3208=LINE('',#3205,#3207);
#3209=CARTESIAN_POINT('',(0.00967857142857143,-0.00001,-0.011420000000000157));
#3210=VERTEX_POINT('',#3209);
#3211=EDGE_CURVE('',#3210,#3202,#3208,.T.);
#3212=ORIENTED_EDGE('',*,*,#3211,.F.);
#3213=CARTESIAN_POINT('',(0.,-0.00001,-0.011420000000000157));
#3214=DIRECTION('',(1.,0.,0.));
#3215=VECTOR('',#3214,1.);
#3216=LINE('',#3213,#3215);
#3217=EDGE_CURVE('',#3172,#3210,#3216,.T.);
#3218=ORIENTED_EDGE('',*,*,#3217,.F.);
#3219=CARTESIAN_POINT('',(0.013550000000000001,-0.00001,-0.011420000000000157));
#3220=DIRECTION('',(0.,1.,0.));
#3221=VECTOR('',#3220,1.);
#3222=LINE('',#3219,#3221);
#3223=EDGE_CURVE('',#3172,#3162,#3222,.T.);
#3224=ORIENTED_EDGE('',*,*,#3223,.T.);
#3225=EDGE_LOOP('',(#3204,#3212,#3218,#3224));
#3226=FACE_OUTER_BOUND('',#3225,.T.);
#3227=ADVANCED_FACE('',(#3226),#3196,.T.);
#3228=CARTESIAN_POINT('',(0.009678571428571054,-0.00001,3.1867031721276455E-16));
#3229=DIRECTION('',(1.,0.,3.2925346427888394E-14));
#3230=DIRECTION('',(3.2925346427888394E-14,0.,-1.));
#3231=AXIS2_PLACEMENT_3D('',#3228,#3229,#3230);
#3232=PLANE('',#3231);
#3233=CARTESIAN_POINT('',(0.009678571428571054,0.,3.1867031721276455E-16));
#3234=DIRECTION('',(3.292534642788839E-14,0.,-1.));
#3235=VECTOR('',#3234,1.);
#3236=LINE('',#3233,#3235);
#3237=CARTESIAN_POINT('',(0.009678571428571547,0.,-0.014950000000000158));
#3238=VERTEX_POINT('',#3237);
#3239=EDGE_CURVE('',#3238,#3202,#3236,.T.);
#3240=ORIENTED_EDGE('',*,*,#3239,.T.);
#3241=CARTESIAN_POINT('',(0.00967857142857143,-0.00001,-0.011420000000000157));
#3242=DIRECTION('',(0.,1.,0.));
#3243=VECTOR('',#3242,1.);
#3244=LINE('',#3241,#3243);
#3245=EDGE_CURVE('',#3210,#3202,#3244,.T.);
#3246=ORIENTED_EDGE('',*,*,#3245,.F.);
#3247=CARTESIAN_POINT('',(0.009678571428571054,-0.00001,3.1867031721276455E-16));
#3248=DIRECTION('',(3.292534642788839E-14,0.,-1.));
#3249=VECTOR('',#3248,1.);
#3250=LINE('',#3247,#3249);
#3251=CARTESIAN_POINT('',(0.009678571428571547,-0.00001,-0.014950000000000158));
#3252=VERTEX_POINT('',#3251);
#3253=EDGE_CURVE('',#3210,#3252,#3250,.T.);
#3254=ORIENTED_EDGE('',*,*,#3253,.T.);
#3255=CARTESIAN_POINT('',(0.009678571428571547,-0.00001,-0.014950000000000158));
#3256=DIRECTION('',(0.,1.,0.));
#3257=VECTOR('',#3256,1.);
#3258=LINE('',#3255,#3257);
#3259=EDGE_CURVE('',#3252,#3238,#3258,.T.);
#3260=ORIENTED_EDGE('',*,*,#3259,.T.);
#3261=EDGE_LOOP('',(#3240,#3246,#3254,#3260));
#3262=FACE_OUTER_BOUND('',#3261,.T.);
#3263=ADVANCED_FACE('',(#3262),#3232,.F.);
#3264=CARTESIAN_POINT('',(0.,-0.00001,-0.014950000000000158));
#3265=DIRECTION('',(0.,0.,1.));
#3266=DIRECTION('',(1.,0.,0.));
#3267=AXIS2_PLACEMENT_3D('',#3264,#3265,#3266);
#3268=PLANE('',#3267);
#3269=CARTESIAN_POINT('',(0.,0.,-0.014950000000000158));
#3270=DIRECTION('',(1.,0.,0.));
#3271=VECTOR('',#3270,1.);
#3272=LINE('',#3269,#3271);
#3273=EDGE_CURVE('',#3164,#3238,#3272,.T.);
#3274=ORIENTED_EDGE('',*,*,#3273,.T.);
#3275=CARTESIAN_POINT('',(0.009678571428571547,-0.00001,-0.014950000000000158));
#3276=DIRECTION('',(0.,1.,0.));
#3277=VECTOR('',#3276,1.);
#3278=LINE('',#3275,#3277);
#3279=EDGE_CURVE('',#3252,#3238,#3278,.T.);
#3280=ORIENTED_EDGE('',*,*,#3279,.F.);
#3281=CARTESIAN_POINT('',(0.,-0.00001,-0.014950000000000158));
#3282=DIRECTION('',(1.,0.,0.));
#3283=VECTOR('',#3282,1.);
#3284=LINE('',#3281,#3283);
#3285=EDGE_CURVE('',#3252,#3180,#3284,.T.);
#3286=ORIENTED_EDGE('',*,*,#3285,.T.);
#3287=CARTESIAN_POINT('',(0.013550000000000001,-0.00001,-0.014950000000000158));
#3288=DIRECTION('',(0.,1.,0.));
#3289=VECTOR('',#3288,1.);
#3290=LINE('',#3287,#3289);
#3291=EDGE_CURVE('',#3164,#3180,#3290,.T.);
#3292=ORIENTED_EDGE('',*,*,#3291,.F.);
#3293=EDGE_LOOP('',(#3274,#3280,#3286,#3292));
#3294=FACE_OUTER_BOUND('',#3293,.T.);
#3295=ADVANCED_FACE('',(#3294),#3268,.F.);
#3296=CARTESIAN_POINT('',(0.,-0.00001,0.));
#3297=DIRECTION('',(0.,-1.,0.));
#3298=DIRECTION('',(0.,0.,-1.));
#3299=AXIS2_PLACEMENT_3D('',#3296,#3297,#3298);
#3300=PLANE('',#3299);
#3301=CARTESIAN_POINT('',(0.,-0.00001,-0.011420000000000157));
#3302=DIRECTION('',(1.,0.,0.));
#3303=VECTOR('',#3302,1.);
#3304=LINE('',#3301,#3303);
#3305=EDGE_CURVE('',#3172,#3210,#3304,.T.);
#3306=ORIENTED_EDGE('',*,*,#3305,.T.);
#3307=CARTESIAN_POINT('',(0.009678571428571054,-0.00001,3.1867031721276455E-16));
#3308=DIRECTION('',(3.292534642788839E-14,0.,-1.));
#3309=VECTOR('',#3308,1.);
#3310=LINE('',#3307,#3309);
#3311=EDGE_CURVE('',#3210,#3252,#3310,.T.);
#3312=ORIENTED_EDGE('',*,*,#3311,.T.);
#3313=CARTESIAN_POINT('',(0.,-0.00001,-0.014950000000000158));
#3314=DIRECTION('',(1.,0.,0.));
#3315=VECTOR('',#3314,1.);
#3316=LINE('',#3313,#3315);
#3317=EDGE_CURVE('',#3252,#3180,#3316,.T.);
#3318=ORIENTED_EDGE('',*,*,#3317,.T.);
#3319=CARTESIAN_POINT('',(0.013550000000000001,-0.00001,0.));
#3320=DIRECTION('',(0.,0.,-1.));
#3321=VECTOR('',#3320,1.);
#3322=LINE('',#3319,#3321);
#3323=EDGE_CURVE('',#3180,#3172,#3322,.T.);
#3324=ORIENTED_EDGE('',*,*,#3323,.T.);
#3325=EDGE_LOOP('',(#3306,#3312,#3318,#3324));
#3326=FACE_OUTER_BOUND('',#3325,.T.);
#3327=ADVANCED_FACE('',(#3326),#3300,.T.);
#3328=CARTESIAN_POINT('',(0.,0.,0.));
#3329=DIRECTION('',(0.,-1.,0.));
#3330=DIRECTION('',(0.,0.,-1.));
#3331=AXIS2_PLACEMENT_3D('',#3328,#3329,#3330);
#3332=PLANE('',#3331);
#3333=CARTESIAN_POINT('',(0.,0.,-0.011420000000000157));
#3334=DIRECTION('',(1.,0.,0.));
#3335=VECTOR('',#3334,1.);
#3336=LINE('',#3333,#3335);
#3337=EDGE_CURVE('',#3202,#3162,#3336,.T.);
#3338=ORIENTED_EDGE('',*,*,#3337,.F.);
#3339=CARTESIAN_POINT('',(0.009678571428571054,0.,3.1867031721276455E-16));
#3340=DIRECTION('',(3.292534642788839E-14,0.,-1.));
#3341=VECTOR('',#3340,1.);
#3342=LINE('',#3339,#3341);
#3343=EDGE_CURVE('',#3238,#3202,#3342,.T.);
#3344=ORIENTED_EDGE('',*,*,#3343,.F.);
#3345=CARTESIAN_POINT('',(0.,0.,-0.014950000000000158));
#3346=DIRECTION('',(1.,0.,0.));
#3347=VECTOR('',#3346,1.);
#3348=LINE('',#3345,#3347);
#3349=EDGE_CURVE('',#3164,#3238,#3348,.T.);
#3350=ORIENTED_EDGE('',*,*,#3349,.F.);
#3351=CARTESIAN_POINT('',(0.013550000000000001,0.,0.));
#3352=DIRECTION('',(0.,0.,-1.));
#3353=VECTOR('',#3352,1.);
#3354=LINE('',#3351,#3353);
#3355=EDGE_CURVE('',#3162,#3164,#3354,.T.);
#3356=ORIENTED_EDGE('',*,*,#3355,.F.);
#3357=EDGE_LOOP('',(#3338,#3344,#3350,#3356));
#3358=FACE_OUTER_BOUND('',#3357,.T.);
#3359=ADVANCED_FACE('',(#3358),#3332,.F.);
#3360=CLOSED_SHELL('',(#3191,#3227,#3263,#3295,#3327,#3359));
#3361=MANIFOLD_SOLID_BREP('',#3360);
#3362=CARTESIAN_POINT('',(0.00580714285714286,-0.00001,0.));
#3363=DIRECTION('',(1.,0.,0.));
#3364=DIRECTION('',(0.,0.,-1.));
#3365=AXIS2_PLACEMENT_3D('',#3362,#3363,#3364);
#3366=PLANE('',#3365);
#3367=CARTESIAN_POINT('',(0.00580714285714286,0.,0.));
#3368=DIRECTION('',(0.,0.,-1.));
#3369=VECTOR('',#3368,1.);
#3370=LINE('',#3367,#3369);
#3371=CARTESIAN_POINT('',(0.00580714285714286,0.,-0.004360000000000157));
#3372=VERTEX_POINT('',#3371);
#3373=CARTESIAN_POINT('',(0.00580714285714286,0.,-0.007890000000000156));
#3374=VERTEX_POINT('',#3373);
#3375=EDGE_CURVE('',#3372,#3374,#3370,.T.);
#3376=ORIENTED_EDGE('',*,*,#3375,.F.);
#3377=CARTESIAN_POINT('',(0.00580714285714286,-0.00001,-0.004360000000000157));
#3378=DIRECTION('',(0.,1.,0.));
#3379=VECTOR('',#3378,1.);
#3380=LINE('',#3377,#3379);
#3381=CARTESIAN_POINT('',(0.00580714285714286,-0.00001,-0.004360000000000157));
#3382=VERTEX_POINT('',#3381);
#3383=EDGE_CURVE('',#3382,#3372,#3380,.T.);
#3384=ORIENTED_EDGE('',*,*,#3383,.F.);
#3385=CARTESIAN_POINT('',(0.00580714285714286,-0.00001,0.));
#3386=DIRECTION('',(0.,0.,-1.));
#3387=VECTOR('',#3386,1.);
#3388=LINE('',#3385,#3387);
#3389=CARTESIAN_POINT('',(0.00580714285714286,-0.00001,-0.007890000000000156));
#3390=VERTEX_POINT('',#3389);
#3391=EDGE_CURVE('',#3390,#3382,#3388,.T.);
#3392=ORIENTED_EDGE('',*,*,#3391,.F.);
#3393=CARTESIAN_POINT('',(0.00580714285714286,-0.00001,-0.007890000000000156));
#3394=DIRECTION('',(0.,1.,0.));
#3395=VECTOR('',#3394,1.);
#3396=LINE('',#3393,#3395);
#3397=EDGE_CURVE('',#3374,#3390,#3396,.T.);
#3398=ORIENTED_EDGE('',*,*,#3397,.F.);
#3399=EDGE_LOOP('',(#3376,#3384,#3392,#3398));
#3400=FACE_OUTER_BOUND('',#3399,.T.);
#3401=ADVANCED_FACE('',(#3400),#3366,.T.);
#3402=CARTESIAN_POINT('',(0.,-0.00001,-0.004360000000000157));
#3403=DIRECTION('',(0.,0.,1.));
#3404=DIRECTION('',(1.,0.,0.));
#3405=AXIS2_PLACEMENT_3D('',#3402,#3403,#3404);
#3406=PLANE('',#3405);
#3407=CARTESIAN_POINT('',(0.,0.,-0.004360000000000157));
#3408=DIRECTION('',(1.,0.,0.));
#3409=VECTOR('',#3408,1.);
#3410=LINE('',#3407,#3409);
#3411=CARTESIAN_POINT('',(0.0019357142857142889,0.,-0.004360000000000157));
#3412=VERTEX_POINT('',#3411);
#3413=EDGE_CURVE('',#3412,#3372,#3410,.T.);
#3414=ORIENTED_EDGE('',*,*,#3413,.F.);
#3415=CARTESIAN_POINT('',(0.0019357142857142889,-0.00001,-0.004360000000000157));
#3416=DIRECTION('',(0.,1.,0.));
#3417=VECTOR('',#3416,1.);
#3418=LINE('',#3415,#3417);
#3419=CARTESIAN_POINT('',(0.0019357142857142889,-0.00001,-0.004360000000000157));
#3420=VERTEX_POINT('',#3419);
#3421=EDGE_CURVE('',#3420,#3412,#3418,.T.);
#3422=ORIENTED_EDGE('',*,*,#3421,.F.);
#3423=CARTESIAN_POINT('',(0.,-0.00001,-0.004360000000000157));
#3424=DIRECTION('',(1.,0.,0.));
#3425=VECTOR('',#3424,1.);
#3426=LINE('',#3423,#3425);
#3427=EDGE_CURVE('',#3382,#3420,#3426,.T.);
#3428=ORIENTED_EDGE('',*,*,#3427,.F.);
#3429=CARTESIAN_POINT('',(0.00580714285714286,-0.00001,-0.004360000000000157));
#3430=DIRECTION('',(0.,1.,0.));
#3431=VECTOR('',#3430,1.);
#3432=LINE('',#3429,#3431);
#3433=EDGE_CURVE('',#3382,#3372,#3432,.T.);
#3434=ORIENTED_EDGE('',*,*,#3433,.T.);
#3435=EDGE_LOOP('',(#3414,#3422,#3428,#3434));
#3436=FACE_OUTER_BOUND('',#3435,.T.);
#3437=ADVANCED_FACE('',(#3436),#3406,.T.);
#3438=CARTESIAN_POINT('',(0.0019357142857142889,-0.00001,0.));
#3439=DIRECTION('',(1.,0.,0.));
#3440=DIRECTION('',(0.,0.,-1.));
#3441=AXIS2_PLACEMENT_3D('',#3438,#3439,#3440);
#3442=PLANE('',#3441);
#3443=CARTESIAN_POINT('',(0.0019357142857142889,0.,0.));
#3444=DIRECTION('',(0.,0.,-1.));
#3445=VECTOR('',#3444,1.);
#3446=LINE('',#3443,#3445);
#3447=CARTESIAN_POINT('',(0.0019357142857142889,0.,-0.007890000000000156));
#3448=VERTEX_POINT('',#3447);
#3449=EDGE_CURVE('',#3448,#3412,#3446,.T.);
#3450=ORIENTED_EDGE('',*,*,#3449,.T.);
#3451=CARTESIAN_POINT('',(0.0019357142857142889,-0.00001,-0.004360000000000157));
#3452=DIRECTION('',(0.,1.,0.));
#3453=VECTOR('',#3452,1.);
#3454=LINE('',#3451,#3453);
#3455=EDGE_CURVE('',#3420,#3412,#3454,.T.);
#3456=ORIENTED_EDGE('',*,*,#3455,.F.);
#3457=CARTESIAN_POINT('',(0.0019357142857142889,-0.00001,0.));
#3458=DIRECTION('',(0.,0.,-1.));
#3459=VECTOR('',#3458,1.);
#3460=LINE('',#3457,#3459);
#3461=CARTESIAN_POINT('',(0.0019357142857142889,-0.00001,-0.007890000000000156));
#3462=VERTEX_POINT('',#3461);
#3463=EDGE_CURVE('',#3420,#3462,#3460,.T.);
#3464=ORIENTED_EDGE('',*,*,#3463,.T.);
#3465=CARTESIAN_POINT('',(0.0019357142857142889,-0.00001,-0.007890000000000156));
#3466=DIRECTION('',(0.,1.,0.));
#3467=VECTOR('',#3466,1.);
#3468=LINE('',#3465,#3467);
#3469=EDGE_CURVE('',#3462,#3448,#3468,.T.);
#3470=ORIENTED_EDGE('',*,*,#3469,.T.);
#3471=EDGE_LOOP('',(#3450,#3456,#3464,#3470));
#3472=FACE_OUTER_BOUND('',#3471,.T.);
#3473=ADVANCED_FACE('',(#3472),#3442,.F.);
#3474=CARTESIAN_POINT('',(0.,-0.00001,-0.007890000000000156));
#3475=DIRECTION('',(0.,0.,1.));
#3476=DIRECTION('',(1.,0.,0.));
#3477=AXIS2_PLACEMENT_3D('',#3474,#3475,#3476);
#3478=PLANE('',#3477);
#3479=CARTESIAN_POINT('',(0.,0.,-0.007890000000000156));
#3480=DIRECTION('',(1.,0.,0.));
#3481=VECTOR('',#3480,1.);
#3482=LINE('',#3479,#3481);
#3483=EDGE_CURVE('',#3374,#3448,#3482,.T.);
#3484=ORIENTED_EDGE('',*,*,#3483,.T.);
#3485=CARTESIAN_POINT('',(0.0019357142857142889,-0.00001,-0.007890000000000156));
#3486=DIRECTION('',(0.,1.,0.));
#3487=VECTOR('',#3486,1.);
#3488=LINE('',#3485,#3487);
#3489=EDGE_CURVE('',#3462,#3448,#3488,.T.);
#3490=ORIENTED_EDGE('',*,*,#3489,.F.);
#3491=CARTESIAN_POINT('',(0.,-0.00001,-0.007890000000000156));
#3492=DIRECTION('',(1.,0.,0.));
#3493=VECTOR('',#3492,1.);
#3494=LINE('',#3491,#3493);
#3495=EDGE_CURVE('',#3462,#3390,#3494,.T.);
#3496=ORIENTED_EDGE('',*,*,#3495,.T.);
#3497=CARTESIAN_POINT('',(0.00580714285714286,-0.00001,-0.007890000000000156));
#3498=DIRECTION('',(0.,1.,0.));
#3499=VECTOR('',#3498,1.);
#3500=LINE('',#3497,#3499);
#3501=EDGE_CURVE('',#3374,#3390,#3500,.T.);
#3502=ORIENTED_EDGE('',*,*,#3501,.F.);
#3503=EDGE_LOOP('',(#3484,#3490,#3496,#3502));
#3504=FACE_OUTER_BOUND('',#3503,.T.);
#3505=ADVANCED_FACE('',(#3504),#3478,.F.);
#3506=CARTESIAN_POINT('',(0.,-0.00001,0.));
#3507=DIRECTION('',(0.,-1.,0.));
#3508=DIRECTION('',(0.,0.,-1.));
#3509=AXIS2_PLACEMENT_3D('',#3506,#3507,#3508);
#3510=PLANE('',#3509);
#3511=CARTESIAN_POINT('',(0.,-0.00001,-0.004360000000000157));
#3512=DIRECTION('',(1.,0.,0.));
#3513=VECTOR('',#3512,1.);
#3514=LINE('',#3511,#3513);
#3515=EDGE_CURVE('',#3382,#3420,#3514,.T.);
#3516=ORIENTED_EDGE('',*,*,#3515,.T.);
#3517=CARTESIAN_POINT('',(0.0019357142857142889,-0.00001,0.));
#3518=DIRECTION('',(0.,0.,-1.));
#3519=VECTOR('',#3518,1.);
#3520=LINE('',#3517,#3519);
#3521=EDGE_CURVE('',#3420,#3462,#3520,.T.);
#3522=ORIENTED_EDGE('',*,*,#3521,.T.);
#3523=CARTESIAN_POINT('',(0.,-0.00001,-0.007890000000000156));
#3524=DIRECTION('',(1.,0.,0.));
#3525=VECTOR('',#3524,1.);
#3526=LINE('',#3523,#3525);
#3527=EDGE_CURVE('',#3462,#3390,#3526,.T.);
#3528=ORIENTED_EDGE('',*,*,#3527,.T.);
#3529=CARTESIAN_POINT('',(0.00580714285714286,-0.00001,0.));
#3530=DIRECTION('',(0.,0.,-1.));
#3531=VECTOR('',#3530,1.);
#3532=LINE('',#3529,#3531);
#3533=EDGE_CURVE('',#3390,#3382,#3532,.T.);
#3534=ORIENTED_EDGE('',*,*,#3533,.T.);
#3535=EDGE_LOOP('',(#3516,#3522,#3528,#3534));
#3536=FACE_OUTER_BOUND('',#3535,.T.);
#3537=ADVANCED_FACE('',(#3536),#3510,.T.);
#3538=CARTESIAN_POINT('',(0.,0.,0.));
#3539=DIRECTION('',(0.,-1.,0.));
#3540=DIRECTION('',(0.,0.,-1.));
#3541=AXIS2_PLACEMENT_3D('',#3538,#3539,#3540);
#3542=PLANE('',#3541);
#3543=CARTESIAN_POINT('',(0.,0.,-0.004360000000000157));
#3544=DIRECTION('',(1.,0.,0.));
#3545=VECTOR('',#3544,1.);
#3546=LINE('',#3543,#3545);
#3547=EDGE_CURVE('',#3412,#3372,#3546,.T.);
#3548=ORIENTED_EDGE('',*,*,#3547,.F.);
#3549=CARTESIAN_POINT('',(0.0019357142857142889,0.,0.));
#3550=DIRECTION('',(0.,0.,-1.));
#3551=VECTOR('',#3550,1.);
#3552=LINE('',#3549,#3551);
#3553=EDGE_CURVE('',#3448,#3412,#3552,.T.);
#3554=ORIENTED_EDGE('',*,*,#3553,.F.);
#3555=CARTESIAN_POINT('',(0.,0.,-0.007890000000000156));
#3556=DIRECTION('',(1.,0.,0.));
#3557=VECTOR('',#3556,1.);
#3558=LINE('',#3555,#3557);
#3559=EDGE_CURVE('',#3374,#3448,#3558,.T.);
#3560=ORIENTED_EDGE('',*,*,#3559,.F.);
#3561=CARTESIAN_POINT('',(0.00580714285714286,0.,0.));
#3562=DIRECTION('',(0.,0.,-1.));
#3563=VECTOR('',#3562,1.);
#3564=LINE('',#3561,#3563);
#3565=EDGE_CURVE('',#3372,#3374,#3564,.T.);
#3566=ORIENTED_EDGE('',*,*,#3565,.F.);
#3567=EDGE_LOOP('',(#3548,#3554,#3560,#3566));
#3568=FACE_OUTER_BOUND('',#3567,.T.);
#3569=ADVANCED_FACE('',(#3568),#3542,.F.);
#3570=CLOSED_SHELL('',(#3401,#3437,#3473,#3505,#3537,#3569));
#3571=MANIFOLD_SOLID_BREP('',#3570);
#3572=CARTESIAN_POINT('',(-0.005807142857142853,-0.00001,0.));
#3573=DIRECTION('',(1.,0.,0.));
#3574=DIRECTION('',(0.,0.,-1.));
#3575=AXIS2_PLACEMENT_3D('',#3572,#3573,#3574);
#3576=PLANE('',#3575);
#3577=CARTESIAN_POINT('',(-0.005807142857142853,0.,0.));
#3578=DIRECTION('',(0.,0.,-1.));
#3579=VECTOR('',#3578,1.);
#3580=LINE('',#3577,#3579);
#3581=CARTESIAN_POINT('',(-0.005807142857142853,0.,-0.007890000000000156));
#3582=VERTEX_POINT('',#3581);
#3583=CARTESIAN_POINT('',(-0.005807142857142853,0.,-0.011420000000000157));
#3584=VERTEX_POINT('',#3583);
#3585=EDGE_CURVE('',#3582,#3584,#3580,.T.);
#3586=ORIENTED_EDGE('',*,*,#3585,.F.);
#3587=CARTESIAN_POINT('',(-0.005807142857142853,-0.00001,-0.007890000000000156));
#3588=DIRECTION('',(0.,1.,0.));
#3589=VECTOR('',#3588,1.);
#3590=LINE('',#3587,#3589);
#3591=CARTESIAN_POINT('',(-0.005807142857142853,-0.00001,-0.007890000000000156));
#3592=VERTEX_POINT('',#3591);
#3593=EDGE_CURVE('',#3592,#3582,#3590,.T.);
#3594=ORIENTED_EDGE('',*,*,#3593,.F.);
#3595=CARTESIAN_POINT('',(-0.005807142857142853,-0.00001,0.));
#3596=DIRECTION('',(0.,0.,-1.));
#3597=VECTOR('',#3596,1.);
#3598=LINE('',#3595,#3597);
#3599=CARTESIAN_POINT('',(-0.005807142857142853,-0.00001,-0.011420000000000157));
#3600=VERTEX_POINT('',#3599);
#3601=EDGE_CURVE('',#3600,#3592,#3598,.T.);
#3602=ORIENTED_EDGE('',*,*,#3601,.F.);
#3603=CARTESIAN_POINT('',(-0.005807142857142853,-0.00001,-0.011420000000000157));
#3604=DIRECTION('',(0.,1.,0.));
#3605=VECTOR('',#3604,1.);
#3606=LINE('',#3603,#3605);
#3607=EDGE_CURVE('',#3584,#3600,#3606,.T.);
#3608=ORIENTED_EDGE('',*,*,#3607,.F.);
#3609=EDGE_LOOP('',(#3586,#3594,#3602,#3608));
#3610=FACE_OUTER_BOUND('',#3609,.T.);
#3611=ADVANCED_FACE('',(#3610),#3576,.T.);
#3612=CARTESIAN_POINT('',(0.,-0.00001,-0.007890000000000156));
#3613=DIRECTION('',(0.,0.,1.));
#3614=DIRECTION('',(1.,0.,0.));
#3615=AXIS2_PLACEMENT_3D('',#3612,#3613,#3614);
#3616=PLANE('',#3615);
#3617=CARTESIAN_POINT('',(0.,0.,-0.007890000000000156));
#3618=DIRECTION('',(1.,0.,0.));
#3619=VECTOR('',#3618,1.);
#3620=LINE('',#3617,#3619);
#3621=CARTESIAN_POINT('',(-0.009678571428571424,0.,-0.007890000000000156));
#3622=VERTEX_POINT('',#3621);
#3623=EDGE_CURVE('',#3622,#3582,#3620,.T.);
#3624=ORIENTED_EDGE('',*,*,#3623,.F.);
#3625=CARTESIAN_POINT('',(-0.009678571428571424,-0.00001,-0.007890000000000156));
#3626=DIRECTION('',(0.,1.,0.));
#3627=VECTOR('',#3626,1.);
#3628=LINE('',#3625,#3627);
#3629=CARTESIAN_POINT('',(-0.009678571428571424,-0.00001,-0.007890000000000156));
#3630=VERTEX_POINT('',#3629);
#3631=EDGE_CURVE('',#3630,#3622,#3628,.T.);
#3632=ORIENTED_EDGE('',*,*,#3631,.F.);
#3633=CARTESIAN_POINT('',(0.,-0.00001,-0.007890000000000156));
#3634=DIRECTION('',(1.,0.,0.));
#3635=VECTOR('',#3634,1.);
#3636=LINE('',#3633,#3635);
#3637=EDGE_CURVE('',#3592,#3630,#3636,.T.);
#3638=ORIENTED_EDGE('',*,*,#3637,.F.);
#3639=CARTESIAN_POINT('',(-0.005807142857142853,-0.00001,-0.007890000000000156));
#3640=DIRECTION('',(0.,1.,0.));
#3641=VECTOR('',#3640,1.);
#3642=LINE('',#3639,#3641);
#3643=EDGE_CURVE('',#3592,#3582,#3642,.T.);
#3644=ORIENTED_EDGE('',*,*,#3643,.T.);
#3645=EDGE_LOOP('',(#3624,#3632,#3638,#3644));
#3646=FACE_OUTER_BOUND('',#3645,.T.);
#3647=ADVANCED_FACE('',(#3646),#3616,.T.);
#3648=CARTESIAN_POINT('',(-0.009678571428571424,-0.00001,0.));
#3649=DIRECTION('',(1.,0.,0.));
#3650=DIRECTION('',(0.,0.,-1.));
#3651=AXIS2_PLACEMENT_3D('',#3648,#3649,#3650);
#3652=PLANE('',#3651);
#3653=CARTESIAN_POINT('',(-0.009678571428571424,0.,0.));
#3654=DIRECTION('',(0.,0.,-1.));
#3655=VECTOR('',#3654,1.);
#3656=LINE('',#3653,#3655);
#3657=CARTESIAN_POINT('',(-0.009678571428571424,0.,-0.011420000000000157));
#3658=VERTEX_POINT('',#3657);
#3659=EDGE_CURVE('',#3658,#3622,#3656,.T.);
#3660=ORIENTED_EDGE('',*,*,#3659,.T.);
#3661=CARTESIAN_POINT('',(-0.009678571428571424,-0.00001,-0.007890000000000156));
#3662=DIRECTION('',(0.,1.,0.));
#3663=VECTOR('',#3662,1.);
#3664=LINE('',#3661,#3663);
#3665=EDGE_CURVE('',#3630,#3622,#3664,.T.);
#3666=ORIENTED_EDGE('',*,*,#3665,.F.);
#3667=CARTESIAN_POINT('',(-0.009678571428571424,-0.00001,0.));
#3668=DIRECTION('',(0.,0.,-1.));
#3669=VECTOR('',#3668,1.);
#3670=LINE('',#3667,#3669);
#3671=CARTESIAN_POINT('',(-0.009678571428571424,-0.00001,-0.011420000000000157));
#3672=VERTEX_POINT('',#3671);
#3673=EDGE_CURVE('',#3630,#3672,#3670,.T.);
#3674=ORIENTED_EDGE('',*,*,#3673,.T.);
#3675=CARTESIAN_POINT('',(-0.009678571428571424,-0.00001,-0.011420000000000157));
#3676=DIRECTION('',(0.,1.,0.));
#3677=VECTOR('',#3676,1.);
#3678=LINE('',#3675,#3677);
#3679=EDGE_CURVE('',#3672,#3658,#3678,.T.);
#3680=ORIENTED_EDGE('',*,*,#3679,.T.);
#3681=EDGE_LOOP('',(#3660,#3666,#3674,#3680));
#3682=FACE_OUTER_BOUND('',#3681,.T.);
#3683=ADVANCED_FACE('',(#3682),#3652,.F.);
#3684=CARTESIAN_POINT('',(0.,-0.00001,-0.011420000000000157));
#3685=DIRECTION('',(0.,0.,1.));
#3686=DIRECTION('',(1.,0.,0.));
#3687=AXIS2_PLACEMENT_3D('',#3684,#3685,#3686);
#3688=PLANE('',#3687);
#3689=CARTESIAN_POINT('',(0.,0.,-0.011420000000000157));
#3690=DIRECTION('',(1.,0.,0.));
#3691=VECTOR('',#3690,1.);
#3692=LINE('',#3689,#3691);
#3693=EDGE_CURVE('',#3584,#3658,#3692,.T.);
#3694=ORIENTED_EDGE('',*,*,#3693,.T.);
#3695=CARTESIAN_POINT('',(-0.009678571428571424,-0.00001,-0.011420000000000157));
#3696=DIRECTION('',(0.,1.,0.));
#3697=VECTOR('',#3696,1.);
#3698=LINE('',#3695,#3697);
#3699=EDGE_CURVE('',#3672,#3658,#3698,.T.);
#3700=ORIENTED_EDGE('',*,*,#3699,.F.);
#3701=CARTESIAN_POINT('',(0.,-0.00001,-0.011420000000000157));
#3702=DIRECTION('',(1.,0.,0.));
#3703=VECTOR('',#3702,1.);
#3704=LINE('',#3701,#3703);
#3705=EDGE_CURVE('',#3672,#3600,#3704,.T.);
#3706=ORIENTED_EDGE('',*,*,#3705,.T.);
#3707=CARTESIAN_POINT('',(-0.005807142857142853,-0.00001,-0.011420000000000157));
#3708=DIRECTION('',(0.,1.,0.));
#3709=VECTOR('',#3708,1.);
#3710=LINE('',#3707,#3709);
#3711=EDGE_CURVE('',#3584,#3600,#3710,.T.);
#3712=ORIENTED_EDGE('',*,*,#3711,.F.);
#3713=EDGE_LOOP('',(#3694,#3700,#3706,#3712));
#3714=FACE_OUTER_BOUND('',#3713,.T.);
#3715=ADVANCED_FACE('',(#3714),#3688,.F.);
#3716=CARTESIAN_POINT('',(0.,-0.00001,0.));
#3717=DIRECTION('',(0.,-1.,0.));
#3718=DIRECTION('',(0.,0.,-1.));
#3719=AXIS2_PLACEMENT_3D('',#3716,#3717,#3718);
#3720=PLANE('',#3719);
#3721=CARTESIAN_POINT('',(0.,-0.00001,-0.007890000000000156));
#3722=DIRECTION('',(1.,0.,0.));
#3723=VECTOR('',#3722,1.);
#3724=LINE('',#3721,#3723);
#3725=EDGE_CURVE('',#3592,#3630,#3724,.T.);
#3726=ORIENTED_EDGE('',*,*,#3725,.T.);
#3727=CARTESIAN_POINT('',(-0.009678571428571424,-0.00001,0.));
#3728=DIRECTION('',(0.,0.,-1.));
#3729=VECTOR('',#3728,1.);
#3730=LINE('',#3727,#3729);
#3731=EDGE_CURVE('',#3630,#3672,#3730,.T.);
#3732=ORIENTED_EDGE('',*,*,#3731,.T.);
#3733=CARTESIAN_POINT('',(0.,-0.00001,-0.011420000000000157));
#3734=DIRECTION('',(1.,0.,0.));
#3735=VECTOR('',#3734,1.);
#3736=LINE('',#3733,#3735);
#3737=EDGE_CURVE('',#3672,#3600,#3736,.T.);
#3738=ORIENTED_EDGE('',*,*,#3737,.T.);
#3739=CARTESIAN_POINT('',(-0.005807142857142853,-0.00001,0.));
#3740=DIRECTION('',(0.,0.,-1.));
#3741=VECTOR('',#3740,1.);
#3742=LINE('',#3739,#3741);
#3743=EDGE_CURVE('',#3600,#3592,#3742,.T.);
#3744=ORIENTED_EDGE('',*,*,#3743,.T.);
#3745=EDGE_LOOP('',(#3726,#3732,#3738,#3744));
#3746=FACE_OUTER_BOUND('',#3745,.T.);
#3747=ADVANCED_FACE('',(#3746),#3720,.T.);
#3748=CARTESIAN_POINT('',(0.,0.,0.));
#3749=DIRECTION('',(0.,-1.,0.));
#3750=DIRECTION('',(0.,0.,-1.));
#3751=AXIS2_PLACEMENT_3D('',#3748,#3749,#3750);
#3752=PLANE('',#3751);
#3753=CARTESIAN_POINT('',(0.,0.,-0.007890000000000156));
#3754=DIRECTION('',(1.,0.,0.));
#3755=VECTOR('',#3754,1.);
#3756=LINE('',#3753,#3755);
#3757=EDGE_CURVE('',#3622,#3582,#3756,.T.);
#3758=ORIENTED_EDGE('',*,*,#3757,.F.);
#3759=CARTESIAN_POINT('',(-0.009678571428571424,0.,0.));
#3760=DIRECTION('',(0.,0.,-1.));
#3761=VECTOR('',#3760,1.);
#3762=LINE('',#3759,#3761);
#3763=EDGE_CURVE('',#3658,#3622,#3762,.T.);
#3764=ORIENTED_EDGE('',*,*,#3763,.F.);
#3765=CARTESIAN_POINT('',(0.,0.,-0.011420000000000157));
#3766=DIRECTION('',(1.,0.,0.));
#3767=VECTOR('',#3766,1.);
#3768=LINE('',#3765,#3767);
#3769=EDGE_CURVE('',#3584,#3658,#3768,.T.);
#3770=ORIENTED_EDGE('',*,*,#3769,.F.);
#3771=CARTESIAN_POINT('',(-0.005807142857142853,0.,0.));
#3772=DIRECTION('',(0.,0.,-1.));
#3773=VECTOR('',#3772,1.);
#3774=LINE('',#3771,#3773);
#3775=EDGE_CURVE('',#3582,#3584,#3774,.T.);
#3776=ORIENTED_EDGE('',*,*,#3775,.F.);
#3777=EDGE_LOOP('',(#3758,#3764,#3770,#3776));
#3778=FACE_OUTER_BOUND('',#3777,.T.);
#3779=ADVANCED_FACE('',(#3778),#3752,.F.);
#3780=CLOSED_SHELL('',(#3611,#3647,#3683,#3715,#3747,#3779));
#3781=MANIFOLD_SOLID_BREP('',#3780);
#3782=CARTESIAN_POINT('',(-0.001935714285714282,-0.00001,0.));
#3783=DIRECTION('',(1.,0.,0.));
#3784=DIRECTION('',(0.,0.,-1.));
#3785=AXIS2_PLACEMENT_3D('',#3782,#3783,#3784);
#3786=PLANE('',#3785);
#3787=CARTESIAN_POINT('',(-0.001935714285714282,0.,0.));
#3788=DIRECTION('',(0.,0.,-1.));
#3789=VECTOR('',#3788,1.);
#3790=LINE('',#3787,#3789);
#3791=CARTESIAN_POINT('',(-0.001935714285714282,0.,-0.004360000000000157));
#3792=VERTEX_POINT('',#3791);
#3793=CARTESIAN_POINT('',(-0.001935714285714282,0.,-0.007890000000000156));
#3794=VERTEX_POINT('',#3793);
#3795=EDGE_CURVE('',#3792,#3794,#3790,.T.);
#3796=ORIENTED_EDGE('',*,*,#3795,.F.);
#3797=CARTESIAN_POINT('',(-0.001935714285714282,-0.00001,-0.004360000000000157));
#3798=DIRECTION('',(0.,1.,0.));
#3799=VECTOR('',#3798,1.);
#3800=LINE('',#3797,#3799);
#3801=CARTESIAN_POINT('',(-0.001935714285714282,-0.00001,-0.004360000000000157));
#3802=VERTEX_POINT('',#3801);
#3803=EDGE_CURVE('',#3802,#3792,#3800,.T.);
#3804=ORIENTED_EDGE('',*,*,#3803,.F.);
#3805=CARTESIAN_POINT('',(-0.001935714285714282,-0.00001,0.));
#3806=DIRECTION('',(0.,0.,-1.));
#3807=VECTOR('',#3806,1.);
#3808=LINE('',#3805,#3807);
#3809=CARTESIAN_POINT('',(-0.001935714285714282,-0.00001,-0.007890000000000156));
#3810=VERTEX_POINT('',#3809);
#3811=EDGE_CURVE('',#3810,#3802,#3808,.T.);
#3812=ORIENTED_EDGE('',*,*,#3811,.F.);
#3813=CARTESIAN_POINT('',(-0.001935714285714282,-0.00001,-0.007890000000000156));
#3814=DIRECTION('',(0.,1.,0.));
#3815=VECTOR('',#3814,1.);
#3816=LINE('',#3813,#3815);
#3817=EDGE_CURVE('',#3794,#3810,#3816,.T.);
#3818=ORIENTED_EDGE('',*,*,#3817,.F.);
#3819=EDGE_LOOP('',(#3796,#3804,#3812,#3818));
#3820=FACE_OUTER_BOUND('',#3819,.T.);
#3821=ADVANCED_FACE('',(#3820),#3786,.T.);
#3822=CARTESIAN_POINT('',(0.,-0.00001,-0.004360000000000157));
#3823=DIRECTION('',(0.,0.,1.));
#3824=DIRECTION('',(1.,0.,0.));
#3825=AXIS2_PLACEMENT_3D('',#3822,#3823,#3824);
#3826=PLANE('',#3825);
#3827=CARTESIAN_POINT('',(0.,0.,-0.004360000000000157));
#3828=DIRECTION('',(1.,0.,0.));
#3829=VECTOR('',#3828,1.);
#3830=LINE('',#3827,#3829);
#3831=CARTESIAN_POINT('',(-0.005807142857142853,0.,-0.004360000000000157));
#3832=VERTEX_POINT('',#3831);
#3833=EDGE_CURVE('',#3832,#3792,#3830,.T.);
#3834=ORIENTED_EDGE('',*,*,#3833,.F.);
#3835=CARTESIAN_POINT('',(-0.005807142857142853,-0.00001,-0.004360000000000157));
#3836=DIRECTION('',(0.,1.,0.));
#3837=VECTOR('',#3836,1.);
#3838=LINE('',#3835,#3837);
#3839=CARTESIAN_POINT('',(-0.005807142857142853,-0.00001,-0.004360000000000157));
#3840=VERTEX_POINT('',#3839);
#3841=EDGE_CURVE('',#3840,#3832,#3838,.T.);
#3842=ORIENTED_EDGE('',*,*,#3841,.F.);
#3843=CARTESIAN_POINT('',(0.,-0.00001,-0.004360000000000157));
#3844=DIRECTION('',(1.,0.,0.));
#3845=VECTOR('',#3844,1.);
#3846=LINE('',#3843,#3845);
#3847=EDGE_CURVE('',#3802,#3840,#3846,.T.);
#3848=ORIENTED_EDGE('',*,*,#3847,.F.);
#3849=CARTESIAN_POINT('',(-0.001935714285714282,-0.00001,-0.004360000000000157));
#3850=DIRECTION('',(0.,1.,0.));
#3851=VECTOR('',#3850,1.);
#3852=LINE('',#3849,#3851);
#3853=EDGE_CURVE('',#3802,#3792,#3852,.T.);
#3854=ORIENTED_EDGE('',*,*,#3853,.T.);
#3855=EDGE_LOOP('',(#3834,#3842,#3848,#3854));
#3856=FACE_OUTER_BOUND('',#3855,.T.);
#3857=ADVANCED_FACE('',(#3856),#3826,.T.);
#3858=CARTESIAN_POINT('',(-0.005807142857142853,-0.00001,0.));
#3859=DIRECTION('',(1.,0.,0.));
#3860=DIRECTION('',(0.,0.,-1.));
#3861=AXIS2_PLACEMENT_3D('',#3858,#3859,#3860);
#3862=PLANE('',#3861);
#3863=CARTESIAN_POINT('',(-0.005807142857142853,0.,0.));
#3864=DIRECTION('',(0.,0.,-1.));
#3865=VECTOR('',#3864,1.);
#3866=LINE('',#3863,#3865);
#3867=CARTESIAN_POINT('',(-0.005807142857142853,0.,-0.007890000000000156));
#3868=VERTEX_POINT('',#3867);
#3869=EDGE_CURVE('',#3868,#3832,#3866,.T.);
#3870=ORIENTED_EDGE('',*,*,#3869,.T.);
#3871=CARTESIAN_POINT('',(-0.005807142857142853,-0.00001,-0.004360000000000157));
#3872=DIRECTION('',(0.,1.,0.));
#3873=VECTOR('',#3872,1.);
#3874=LINE('',#3871,#3873);
#3875=EDGE_CURVE('',#3840,#3832,#3874,.T.);
#3876=ORIENTED_EDGE('',*,*,#3875,.F.);
#3877=CARTESIAN_POINT('',(-0.005807142857142853,-0.00001,0.));
#3878=DIRECTION('',(0.,0.,-1.));
#3879=VECTOR('',#3878,1.);
#3880=LINE('',#3877,#3879);
#3881=CARTESIAN_POINT('',(-0.005807142857142853,-0.00001,-0.007890000000000156));
#3882=VERTEX_POINT('',#3881);
#3883=EDGE_CURVE('',#3840,#3882,#3880,.T.);
#3884=ORIENTED_EDGE('',*,*,#3883,.T.);
#3885=CARTESIAN_POINT('',(-0.005807142857142853,-0.00001,-0.007890000000000156));
#3886=DIRECTION('',(0.,1.,0.));
#3887=VECTOR('',#3886,1.);
#3888=LINE('',#3885,#3887);
#3889=EDGE_CURVE('',#3882,#3868,#3888,.T.);
#3890=ORIENTED_EDGE('',*,*,#3889,.T.);
#3891=EDGE_LOOP('',(#3870,#3876,#3884,#3890));
#3892=FACE_OUTER_BOUND('',#3891,.T.);
#3893=ADVANCED_FACE('',(#3892),#3862,.F.);
#3894=CARTESIAN_POINT('',(0.,-0.00001,-0.007890000000000156));
#3895=DIRECTION('',(0.,0.,1.));
#3896=DIRECTION('',(1.,0.,0.));
#3897=AXIS2_PLACEMENT_3D('',#3894,#3895,#3896);
#3898=PLANE('',#3897);
#3899=CARTESIAN_POINT('',(0.,0.,-0.007890000000000156));
#3900=DIRECTION('',(1.,0.,0.));
#3901=VECTOR('',#3900,1.);
#3902=LINE('',#3899,#3901);
#3903=EDGE_CURVE('',#3794,#3868,#3902,.T.);
#3904=ORIENTED_EDGE('',*,*,#3903,.T.);
#3905=CARTESIAN_POINT('',(-0.005807142857142853,-0.00001,-0.007890000000000156));
#3906=DIRECTION('',(0.,1.,0.));
#3907=VECTOR('',#3906,1.);
#3908=LINE('',#3905,#3907);
#3909=EDGE_CURVE('',#3882,#3868,#3908,.T.);
#3910=ORIENTED_EDGE('',*,*,#3909,.F.);
#3911=CARTESIAN_POINT('',(0.,-0.00001,-0.007890000000000156));
#3912=DIRECTION('',(1.,0.,0.));
#3913=VECTOR('',#3912,1.);
#3914=LINE('',#3911,#3913);
#3915=EDGE_CURVE('',#3882,#3810,#3914,.T.);
#3916=ORIENTED_EDGE('',*,*,#3915,.T.);
#3917=CARTESIAN_POINT('',(-0.001935714285714282,-0.00001,-0.007890000000000156));
#3918=DIRECTION('',(0.,1.,0.));
#3919=VECTOR('',#3918,1.);
#3920=LINE('',#3917,#3919);
#3921=EDGE_CURVE('',#3794,#3810,#3920,.T.);
#3922=ORIENTED_EDGE('',*,*,#3921,.F.);
#3923=EDGE_LOOP('',(#3904,#3910,#3916,#3922));
#3924=FACE_OUTER_BOUND('',#3923,.T.);
#3925=ADVANCED_FACE('',(#3924),#3898,.F.);
#3926=CARTESIAN_POINT('',(0.,-0.00001,0.));
#3927=DIRECTION('',(0.,-1.,0.));
#3928=DIRECTION('',(0.,0.,-1.));
#3929=AXIS2_PLACEMENT_3D('',#3926,#3927,#3928);
#3930=PLANE('',#3929);
#3931=CARTESIAN_POINT('',(0.,-0.00001,-0.004360000000000157));
#3932=DIRECTION('',(1.,0.,0.));
#3933=VECTOR('',#3932,1.);
#3934=LINE('',#3931,#3933);
#3935=EDGE_CURVE('',#3802,#3840,#3934,.T.);
#3936=ORIENTED_EDGE('',*,*,#3935,.T.);
#3937=CARTESIAN_POINT('',(-0.005807142857142853,-0.00001,0.));
#3938=DIRECTION('',(0.,0.,-1.));
#3939=VECTOR('',#3938,1.);
#3940=LINE('',#3937,#3939);
#3941=EDGE_CURVE('',#3840,#3882,#3940,.T.);
#3942=ORIENTED_EDGE('',*,*,#3941,.T.);
#3943=CARTESIAN_POINT('',(0.,-0.00001,-0.007890000000000156));
#3944=DIRECTION('',(1.,0.,0.));
#3945=VECTOR('',#3944,1.);
#3946=LINE('',#3943,#3945);
#3947=EDGE_CURVE('',#3882,#3810,#3946,.T.);
#3948=ORIENTED_EDGE('',*,*,#3947,.T.);
#3949=CARTESIAN_POINT('',(-0.001935714285714282,-0.00001,0.));
#3950=DIRECTION('',(0.,0.,-1.));
#3951=VECTOR('',#3950,1.);
#3952=LINE('',#3949,#3951);
#3953=EDGE_CURVE('',#3810,#3802,#3952,.T.);
#3954=ORIENTED_EDGE('',*,*,#3953,.T.);
#3955=EDGE_LOOP('',(#3936,#3942,#3948,#3954));
#3956=FACE_OUTER_BOUND('',#3955,.T.);
#3957=ADVANCED_FACE('',(#3956),#3930,.T.);
#3958=CARTESIAN_POINT('',(0.,0.,0.));
#3959=DIRECTION('',(0.,-1.,0.));
#3960=DIRECTION('',(0.,0.,-1.));
#3961=AXIS2_PLACEMENT_3D('',#3958,#3959,#3960);
#3962=PLANE('',#3961);
#3963=CARTESIAN_POINT('',(0.,0.,-0.004360000000000157));
#3964=DIRECTION('',(1.,0.,0.));
#3965=VECTOR('',#3964,1.);
#3966=LINE('',#3963,#3965);
#3967=EDGE_CURVE('',#3832,#3792,#3966,.T.);
#3968=ORIENTED_EDGE('',*,*,#3967,.F.);
#3969=CARTESIAN_POINT('',(-0.005807142857142853,0.,0.));
#3970=DIRECTION('',(0.,0.,-1.));
#3971=VECTOR('',#3970,1.);
#3972=LINE('',#3969,#3971);
#3973=EDGE_CURVE('',#3868,#3832,#3972,.T.);
#3974=ORIENTED_EDGE('',*,*,#3973,.F.);
#3975=CARTESIAN_POINT('',(0.,0.,-0.007890000000000156));
#3976=DIRECTION('',(1.,0.,0.));
#3977=VECTOR('',#3976,1.);
#3978=LINE('',#3975,#3977);
#3979=EDGE_CURVE('',#3794,#3868,#3978,.T.);
#3980=ORIENTED_EDGE('',*,*,#3979,.F.);
#3981=CARTESIAN_POINT('',(-0.001935714285714282,0.,0.));
#3982=DIRECTION('',(0.,0.,-1.));
#3983=VECTOR('',#3982,1.);
#3984=LINE('',#3981,#3983);
#3985=EDGE_CURVE('',#3792,#3794,#3984,.T.);
#3986=ORIENTED_EDGE('',*,*,#3985,.F.);
#3987=EDGE_LOOP('',(#3968,#3974,#3980,#3986));
#3988=FACE_OUTER_BOUND('',#3987,.T.);
#3989=ADVANCED_FACE('',(#3988),#3962,.F.);
#3990=CLOSED_SHELL('',(#3821,#3857,#3893,#3925,#3957,#3989));
#3991=MANIFOLD_SOLID_BREP('',#3990);
#3992=CARTESIAN_POINT('',(-0.0019357142857148852,-0.00001,-1.0225987791159441E-16));
#3993=DIRECTION('',(1.,0.,5.28279812089254E-14));
#3994=DIRECTION('',(5.2827981208925404E-14,0.,-1.));
#3995=AXIS2_PLACEMENT_3D('',#3992,#3993,#3994);
#3996=PLANE('',#3995);
#3997=CARTESIAN_POINT('',(-0.0019357142857148852,0.,-1.0225987791159441E-16));
#3998=DIRECTION('',(5.28279812089254E-14,0.,-1.));
#3999=VECTOR('',#3998,1.);
#4000=LINE('',#3997,#3999);
#4001=CARTESIAN_POINT('',(-0.001935714285714282,0.,-0.011420000000000157));
#4002=VERTEX_POINT('',#4001);
#4003=CARTESIAN_POINT('',(-0.0019357142857140954,0.,-0.014950000000000158));
#4004=VERTEX_POINT('',#4003);
#4005=EDGE_CURVE('',#4002,#4004,#4000,.T.);
#4006=ORIENTED_EDGE('',*,*,#4005,.F.);
#4007=CARTESIAN_POINT('',(-0.001935714285714282,-0.00001,-0.011420000000000157));
#4008=DIRECTION('',(0.,1.,0.));
#4009=VECTOR('',#4008,1.);
#4010=LINE('',#4007,#4009);
#4011=CARTESIAN_POINT('',(-0.001935714285714282,-0.00001,-0.011420000000000157));
#4012=VERTEX_POINT('',#4011);
#4013=EDGE_CURVE('',#4012,#4002,#4010,.T.);
#4014=ORIENTED_EDGE('',*,*,#4013,.F.);
#4015=CARTESIAN_POINT('',(-0.0019357142857148852,-0.00001,-1.0225987791159441E-16));
#4016=DIRECTION('',(5.28279812089254E-14,0.,-1.));
#4017=VECTOR('',#4016,1.);
#4018=LINE('',#4015,#4017);
#4019=CARTESIAN_POINT('',(-0.0019357142857140954,-0.00001,-0.014950000000000158));
#4020=VERTEX_POINT('',#4019);
#4021=EDGE_CURVE('',#4020,#4012,#4018,.T.);
#4022=ORIENTED_EDGE('',*,*,#4021,.F.);
#4023=CARTESIAN_POINT('',(-0.0019357142857140954,-0.00001,-0.014950000000000158));
#4024=DIRECTION('',(0.,1.,0.));
#4025=VECTOR('',#4024,1.);
#4026=LINE('',#4023,#4025);
#4027=EDGE_CURVE('',#4004,#4020,#4026,.T.);
#4028=ORIENTED_EDGE('',*,*,#4027,.F.);
#4029=EDGE_LOOP('',(#4006,#4014,#4022,#4028));
#4030=FACE_OUTER_BOUND('',#4029,.T.);
#4031=ADVANCED_FACE('',(#4030),#3996,.T.);
#4032=CARTESIAN_POINT('',(0.,-0.00001,-0.011420000000000157));
#4033=DIRECTION('',(0.,0.,1.));
#4034=DIRECTION('',(1.,0.,0.));
#4035=AXIS2_PLACEMENT_3D('',#4032,#4033,#4034);
#4036=PLANE('',#4035);
#4037=CARTESIAN_POINT('',(0.,0.,-0.011420000000000157));
#4038=DIRECTION('',(1.,0.,0.));
#4039=VECTOR('',#4038,1.);
#4040=LINE('',#4037,#4039);
#4041=CARTESIAN_POINT('',(-0.005807142857142853,0.,-0.011420000000000157));
#4042=VERTEX_POINT('',#4041);
#4043=EDGE_CURVE('',#4042,#4002,#4040,.T.);
#4044=ORIENTED_EDGE('',*,*,#4043,.F.);
#4045=CARTESIAN_POINT('',(-0.005807142857142853,-0.00001,-0.011420000000000157));
#4046=DIRECTION('',(0.,1.,0.));
#4047=VECTOR('',#4046,1.);
#4048=LINE('',#4045,#4047);
#4049=CARTESIAN_POINT('',(-0.005807142857142853,-0.00001,-0.011420000000000157));
#4050=VERTEX_POINT('',#4049);
#4051=EDGE_CURVE('',#4050,#4042,#4048,.T.);
#4052=ORIENTED_EDGE('',*,*,#4051,.F.);
#4053=CARTESIAN_POINT('',(0.,-0.00001,-0.011420000000000157));
#4054=DIRECTION('',(1.,0.,0.));
#4055=VECTOR('',#4054,1.);
#4056=LINE('',#4053,#4055);
#4057=EDGE_CURVE('',#4012,#4050,#4056,.T.);
#4058=ORIENTED_EDGE('',*,*,#4057,.F.);
#4059=CARTESIAN_POINT('',(-0.001935714285714282,-0.00001,-0.011420000000000157));
#4060=DIRECTION('',(0.,1.,0.));
#4061=VECTOR('',#4060,1.);
#4062=LINE('',#4059,#4061);
#4063=EDGE_CURVE('',#4012,#4002,#4062,.T.);
#4064=ORIENTED_EDGE('',*,*,#4063,.T.);
#4065=EDGE_LOOP('',(#4044,#4052,#4058,#4064));
#4066=FACE_OUTER_BOUND('',#4065,.T.);
#4067=ADVANCED_FACE('',(#4066),#4036,.T.);
#4068=CARTESIAN_POINT('',(-0.005807142857143532,-0.00001,-3.453054482037357E-16));
#4069=DIRECTION('',(1.,0.,5.94621928026044E-14));
#4070=DIRECTION('',(5.94621928026044E-14,0.,-1.));
#4071=AXIS2_PLACEMENT_3D('',#4068,#4069,#4070);
#4072=PLANE('',#4071);
#4073=CARTESIAN_POINT('',(-0.005807142857143532,0.,-3.453054482037357E-16));
#4074=DIRECTION('',(5.94621928026044E-14,0.,-1.));
#4075=VECTOR('',#4074,1.);
#4076=LINE('',#4073,#4075);
#4077=CARTESIAN_POINT('',(-0.005807142857142643,0.,-0.014950000000000158));
#4078=VERTEX_POINT('',#4077);
#4079=EDGE_CURVE('',#4078,#4042,#4076,.T.);
#4080=ORIENTED_EDGE('',*,*,#4079,.T.);
#4081=CARTESIAN_POINT('',(-0.005807142857142853,-0.00001,-0.011420000000000157));
#4082=DIRECTION('',(0.,1.,0.));
#4083=VECTOR('',#4082,1.);
#4084=LINE('',#4081,#4083);
#4085=EDGE_CURVE('',#4050,#4042,#4084,.T.);
#4086=ORIENTED_EDGE('',*,*,#4085,.F.);
#4087=CARTESIAN_POINT('',(-0.005807142857143532,-0.00001,-3.453054482037357E-16));
#4088=DIRECTION('',(5.94621928026044E-14,0.,-1.));
#4089=VECTOR('',#4088,1.);
#4090=LINE('',#4087,#4089);
#4091=CARTESIAN_POINT('',(-0.005807142857142643,-0.00001,-0.014950000000000158));
#4092=VERTEX_POINT('',#4091);
#4093=EDGE_CURVE('',#4050,#4092,#4090,.T.);
#4094=ORIENTED_EDGE('',*,*,#4093,.T.);
#4095=CARTESIAN_POINT('',(-0.005807142857142643,-0.00001,-0.014950000000000158));
#4096=DIRECTION('',(0.,1.,0.));
#4097=VECTOR('',#4096,1.);
#4098=LINE('',#4095,#4097);
#4099=EDGE_CURVE('',#4092,#4078,#4098,.T.);
#4100=ORIENTED_EDGE('',*,*,#4099,.T.);
#4101=EDGE_LOOP('',(#4080,#4086,#4094,#4100));
#4102=FACE_OUTER_BOUND('',#4101,.T.);
#4103=ADVANCED_FACE('',(#4102),#4072,.F.);
#4104=CARTESIAN_POINT('',(0.,-0.00001,-0.014950000000000158));
#4105=DIRECTION('',(0.,0.,1.));
#4106=DIRECTION('',(1.,0.,0.));
#4107=AXIS2_PLACEMENT_3D('',#4104,#4105,#4106);
#4108=PLANE('',#4107);
#4109=CARTESIAN_POINT('',(0.,0.,-0.014950000000000158));
#4110=DIRECTION('',(1.,0.,0.));
#4111=VECTOR('',#4110,1.);
#4112=LINE('',#4109,#4111);
#4113=EDGE_CURVE('',#4004,#4078,#4112,.T.);
#4114=ORIENTED_EDGE('',*,*,#4113,.T.);
#4115=CARTESIAN_POINT('',(-0.005807142857142643,-0.00001,-0.014950000000000158));
#4116=DIRECTION('',(0.,1.,0.));
#4117=VECTOR('',#4116,1.);
#4118=LINE('',#4115,#4117);
#4119=EDGE_CURVE('',#4092,#4078,#4118,.T.);
#4120=ORIENTED_EDGE('',*,*,#4119,.F.);
#4121=CARTESIAN_POINT('',(0.,-0.00001,-0.014950000000000158));
#4122=DIRECTION('',(1.,0.,0.));
#4123=VECTOR('',#4122,1.);
#4124=LINE('',#4121,#4123);
#4125=EDGE_CURVE('',#4092,#4020,#4124,.T.);
#4126=ORIENTED_EDGE('',*,*,#4125,.T.);
#4127=CARTESIAN_POINT('',(-0.0019357142857140954,-0.00001,-0.014950000000000158));
#4128=DIRECTION('',(0.,1.,0.));
#4129=VECTOR('',#4128,1.);
#4130=LINE('',#4127,#4129);
#4131=EDGE_CURVE('',#4004,#4020,#4130,.T.);
#4132=ORIENTED_EDGE('',*,*,#4131,.F.);
#4133=EDGE_LOOP('',(#4114,#4120,#4126,#4132));
#4134=FACE_OUTER_BOUND('',#4133,.T.);
#4135=ADVANCED_FACE('',(#4134),#4108,.F.);
#4136=CARTESIAN_POINT('',(0.,-0.00001,0.));
#4137=DIRECTION('',(0.,-1.,0.));
#4138=DIRECTION('',(0.,0.,-1.));
#4139=AXIS2_PLACEMENT_3D('',#4136,#4137,#4138);
#4140=PLANE('',#4139);
#4141=CARTESIAN_POINT('',(0.,-0.00001,-0.011420000000000157));
#4142=DIRECTION('',(1.,0.,0.));
#4143=VECTOR('',#4142,1.);
#4144=LINE('',#4141,#4143);
#4145=EDGE_CURVE('',#4012,#4050,#4144,.T.);
#4146=ORIENTED_EDGE('',*,*,#4145,.T.);
#4147=CARTESIAN_POINT('',(-0.005807142857143532,-0.00001,-3.453054482037357E-16));
#4148=DIRECTION('',(5.94621928026044E-14,0.,-1.));
#4149=VECTOR('',#4148,1.);
#4150=LINE('',#4147,#4149);
#4151=EDGE_CURVE('',#4050,#4092,#4150,.T.);
#4152=ORIENTED_EDGE('',*,*,#4151,.T.);
#4153=CARTESIAN_POINT('',(0.,-0.00001,-0.014950000000000158));
#4154=DIRECTION('',(1.,0.,0.));
#4155=VECTOR('',#4154,1.);
#4156=LINE('',#4153,#4155);
#4157=EDGE_CURVE('',#4092,#4020,#4156,.T.);
#4158=ORIENTED_EDGE('',*,*,#4157,.T.);
#4159=CARTESIAN_POINT('',(-0.0019357142857148852,-0.00001,-1.0225987791159441E-16));
#4160=DIRECTION('',(5.28279812089254E-14,0.,-1.));
#4161=VECTOR('',#4160,1.);
#4162=LINE('',#4159,#4161);
#4163=EDGE_CURVE('',#4020,#4012,#4162,.T.);
#4164=ORIENTED_EDGE('',*,*,#4163,.T.);
#4165=EDGE_LOOP('',(#4146,#4152,#4158,#4164));
#4166=FACE_OUTER_BOUND('',#4165,.T.);
#4167=ADVANCED_FACE('',(#4166),#4140,.T.);
#4168=CARTESIAN_POINT('',(0.,0.,0.));
#4169=DIRECTION('',(0.,-1.,0.));
#4170=DIRECTION('',(0.,0.,-1.));
#4171=AXIS2_PLACEMENT_3D('',#4168,#4169,#4170);
#4172=PLANE('',#4171);
#4173=CARTESIAN_POINT('',(0.,0.,-0.011420000000000157));
#4174=DIRECTION('',(1.,0.,0.));
#4175=VECTOR('',#4174,1.);
#4176=LINE('',#4173,#4175);
#4177=EDGE_CURVE('',#4042,#4002,#4176,.T.);
#4178=ORIENTED_EDGE('',*,*,#4177,.F.);
#4179=CARTESIAN_POINT('',(-0.005807142857143532,0.,-3.453054482037357E-16));
#4180=DIRECTION('',(5.94621928026044E-14,0.,-1.));
#4181=VECTOR('',#4180,1.);
#4182=LINE('',#4179,#4181);
#4183=EDGE_CURVE('',#4078,#4042,#4182,.T.);
#4184=ORIENTED_EDGE('',*,*,#4183,.F.);
#4185=CARTESIAN_POINT('',(0.,0.,-0.014950000000000158));
#4186=DIRECTION('',(1.,0.,0.));
#4187=VECTOR('',#4186,1.);
#4188=LINE('',#4185,#4187);
#4189=EDGE_CURVE('',#4004,#4078,#4188,.T.);
#4190=ORIENTED_EDGE('',*,*,#4189,.F.);
#4191=CARTESIAN_POINT('',(-0.0019357142857148852,0.,-1.0225987791159441E-16));
#4192=DIRECTION('',(5.28279812089254E-14,0.,-1.));
#4193=VECTOR('',#4192,1.);
#4194=LINE('',#4191,#4193);
#4195=EDGE_CURVE('',#4002,#4004,#4194,.T.);
#4196=ORIENTED_EDGE('',*,*,#4195,.F.);
#4197=EDGE_LOOP('',(#4178,#4184,#4190,#4196));
#4198=FACE_OUTER_BOUND('',#4197,.T.);
#4199=ADVANCED_FACE('',(#4198),#4172,.F.);
#4200=CLOSED_SHELL('',(#4031,#4067,#4103,#4135,#4167,#4199));
#4201=MANIFOLD_SOLID_BREP('',#4200);
#4202=CARTESIAN_POINT('',(-0.013550000000000808,-0.00001,-9.6552349842086E-16));
#4203=DIRECTION('',(1.,0.,7.125634674692269E-14));
#4204=DIRECTION('',(7.125634674692269E-14,0.,-1.));
#4205=AXIS2_PLACEMENT_3D('',#4202,#4203,#4204);
#4206=PLANE('',#4205);
#4207=CARTESIAN_POINT('',(-0.013550000000000808,0.,-9.6552349842086E-16));
#4208=DIRECTION('',(7.125634674692268E-14,0.,-1.));
#4209=VECTOR('',#4208,1.);
#4210=LINE('',#4207,#4209);
#4211=CARTESIAN_POINT('',(-0.013549999999999743,0.,-0.014950000000000156));
#4212=VERTEX_POINT('',#4211);
#4213=CARTESIAN_POINT('',(-0.013549999999999994,0.,-0.011420000000000157));
#4214=VERTEX_POINT('',#4213);
#4215=EDGE_CURVE('',#4212,#4214,#4210,.T.);
#4216=ORIENTED_EDGE('',*,*,#4215,.T.);
#4217=CARTESIAN_POINT('',(-0.013549999999999994,-0.00001,-0.011420000000000157));
#4218=DIRECTION('',(0.,1.,0.));
#4219=VECTOR('',#4218,1.);
#4220=LINE('',#4217,#4219);
#4221=CARTESIAN_POINT('',(-0.013549999999999994,-0.00001,-0.011420000000000157));
#4222=VERTEX_POINT('',#4221);
#4223=EDGE_CURVE('',#4214,#4222,#4220,.T.);
#4224=ORIENTED_EDGE('',*,*,#4223,.T.);
#4225=CARTESIAN_POINT('',(-0.013550000000000808,-0.00001,-9.6552349842086E-16));
#4226=DIRECTION('',(7.125634674692268E-14,0.,-1.));
#4227=VECTOR('',#4226,1.);
#4228=LINE('',#4225,#4227);
#4229=CARTESIAN_POINT('',(-0.013549999999999743,-0.00001,-0.014950000000000156));
#4230=VERTEX_POINT('',#4229);
#4231=EDGE_CURVE('',#4222,#4230,#4228,.T.);
#4232=ORIENTED_EDGE('',*,*,#4231,.T.);
#4233=CARTESIAN_POINT('',(-0.013549999999999743,-0.00001,-0.014950000000000156));
#4234=DIRECTION('',(0.,1.,0.));
#4235=VECTOR('',#4234,1.);
#4236=LINE('',#4233,#4235);
#4237=EDGE_CURVE('',#4230,#4212,#4236,.T.);
#4238=ORIENTED_EDGE('',*,*,#4237,.T.);
#4239=EDGE_LOOP('',(#4216,#4224,#4232,#4238));
#4240=FACE_OUTER_BOUND('',#4239,.T.);
#4241=ADVANCED_FACE('',(#4240),#4206,.F.);
#4242=CARTESIAN_POINT('',(-6.6988491424714304E-18,-0.00001,-0.014950000000000161));
#4243=DIRECTION('',(4.480835546803584E-16,0.,1.));
#4244=DIRECTION('',(1.,0.,-4.480835546803584E-16));
#4245=AXIS2_PLACEMENT_3D('',#4242,#4243,#4244);
#4246=PLANE('',#4245);
#4247=CARTESIAN_POINT('',(-6.6988491424714304E-18,0.,-0.014950000000000161));
#4248=DIRECTION('',(1.,0.,-4.480835546803584E-16));
#4249=VECTOR('',#4248,1.);
#4250=LINE('',#4247,#4249);
#4251=CARTESIAN_POINT('',(-0.009678571428571191,0.,-0.014950000000000158));
#4252=VERTEX_POINT('',#4251);
#4253=EDGE_CURVE('',#4252,#4212,#4250,.T.);
#4254=ORIENTED_EDGE('',*,*,#4253,.T.);
#4255=CARTESIAN_POINT('',(-0.013549999999999743,-0.00001,-0.014950000000000156));
#4256=DIRECTION('',(0.,1.,0.));
#4257=VECTOR('',#4256,1.);
#4258=LINE('',#4255,#4257);
#4259=EDGE_CURVE('',#4230,#4212,#4258,.T.);
#4260=ORIENTED_EDGE('',*,*,#4259,.F.);
#4261=CARTESIAN_POINT('',(-6.6988491424714304E-18,-0.00001,-0.014950000000000161));
#4262=DIRECTION('',(1.,0.,-4.480835546803584E-16));
#4263=VECTOR('',#4262,1.);
#4264=LINE('',#4261,#4263);
#4265=CARTESIAN_POINT('',(-0.009678571428571191,-0.00001,-0.014950000000000158));
#4266=VERTEX_POINT('',#4265);
#4267=EDGE_CURVE('',#4230,#4266,#4264,.T.);
#4268=ORIENTED_EDGE('',*,*,#4267,.T.);
#4269=CARTESIAN_POINT('',(-0.009678571428571191,-0.00001,-0.014950000000000158));
#4270=DIRECTION('',(0.,1.,0.));
#4271=VECTOR('',#4270,1.);
#4272=LINE('',#4269,#4271);
#4273=EDGE_CURVE('',#4266,#4252,#4272,.T.);
#4274=ORIENTED_EDGE('',*,*,#4273,.T.);
#4275=EDGE_LOOP('',(#4254,#4260,#4268,#4274));
#4276=FACE_OUTER_BOUND('',#4275,.T.);
#4277=ADVANCED_FACE('',(#4276),#4246,.F.);
#4278=CARTESIAN_POINT('',(-0.009678571428572176,-0.00001,-6.373406344256031E-16));
#4279=DIRECTION('',(1.,0.,6.585069285577679E-14));
#4280=DIRECTION('',(6.585069285577679E-14,0.,-1.));
#4281=AXIS2_PLACEMENT_3D('',#4278,#4279,#4280);
#4282=PLANE('',#4281);
#4283=CARTESIAN_POINT('',(-0.009678571428572176,0.,-6.373406344256031E-16));
#4284=DIRECTION('',(6.585069285577678E-14,0.,-1.));
#4285=VECTOR('',#4284,1.);
#4286=LINE('',#4283,#4285);
#4287=CARTESIAN_POINT('',(-0.009678571428571424,0.,-0.011420000000000157));
#4288=VERTEX_POINT('',#4287);
#4289=EDGE_CURVE('',#4288,#4252,#4286,.T.);
#4290=ORIENTED_EDGE('',*,*,#4289,.F.);
#4291=CARTESIAN_POINT('',(-0.009678571428571424,-0.00001,-0.011420000000000157));
#4292=DIRECTION('',(0.,1.,0.));
#4293=VECTOR('',#4292,1.);
#4294=LINE('',#4291,#4293);
#4295=CARTESIAN_POINT('',(-0.009678571428571424,-0.00001,-0.011420000000000157));
#4296=VERTEX_POINT('',#4295);
#4297=EDGE_CURVE('',#4296,#4288,#4294,.T.);
#4298=ORIENTED_EDGE('',*,*,#4297,.F.);
#4299=CARTESIAN_POINT('',(-0.009678571428572176,-0.00001,-6.373406344256031E-16));
#4300=DIRECTION('',(6.585069285577678E-14,0.,-1.));
#4301=VECTOR('',#4300,1.);
#4302=LINE('',#4299,#4301);
#4303=EDGE_CURVE('',#4266,#4296,#4302,.T.);
#4304=ORIENTED_EDGE('',*,*,#4303,.F.);
#4305=CARTESIAN_POINT('',(-0.009678571428571191,-0.00001,-0.014950000000000158));
#4306=DIRECTION('',(0.,1.,0.));
#4307=VECTOR('',#4306,1.);
#4308=LINE('',#4305,#4307);
#4309=EDGE_CURVE('',#4266,#4252,#4308,.T.);
#4310=ORIENTED_EDGE('',*,*,#4309,.T.);
#4311=EDGE_LOOP('',(#4290,#4298,#4304,#4310));
#4312=FACE_OUTER_BOUND('',#4311,.T.);
#4313=ADVANCED_FACE('',(#4312),#4282,.T.);
#4314=CARTESIAN_POINT('',(0.,-0.00001,-0.011420000000000157));
#4315=DIRECTION('',(0.,0.,1.));
#4316=DIRECTION('',(1.,0.,0.));
#4317=AXIS2_PLACEMENT_3D('',#4314,#4315,#4316);
#4318=PLANE('',#4317);
#4319=CARTESIAN_POINT('',(0.,0.,-0.011420000000000157));
#4320=DIRECTION('',(1.,0.,0.));
#4321=VECTOR('',#4320,1.);
#4322=LINE('',#4319,#4321);
#4323=EDGE_CURVE('',#4214,#4288,#4322,.T.);
#4324=ORIENTED_EDGE('',*,*,#4323,.F.);
#4325=CARTESIAN_POINT('',(-0.013549999999999994,-0.00001,-0.011420000000000157));
#4326=DIRECTION('',(0.,1.,0.));
#4327=VECTOR('',#4326,1.);
#4328=LINE('',#4325,#4327);
#4329=EDGE_CURVE('',#4214,#4222,#4328,.T.);
#4330=ORIENTED_EDGE('',*,*,#4329,.T.);
#4331=CARTESIAN_POINT('',(0.,-0.00001,-0.011420000000000157));
#4332=DIRECTION('',(1.,0.,0.));
#4333=VECTOR('',#4332,1.);
#4334=LINE('',#4331,#4333);
#4335=EDGE_CURVE('',#4296,#4222,#4334,.T.);
#4336=ORIENTED_EDGE('',*,*,#4335,.F.);
#4337=CARTESIAN_POINT('',(-0.009678571428571424,-0.00001,-0.011420000000000157));
#4338=DIRECTION('',(0.,1.,0.));
#4339=VECTOR('',#4338,1.);
#4340=LINE('',#4337,#4339);
#4341=EDGE_CURVE('',#4296,#4288,#4340,.T.);
#4342=ORIENTED_EDGE('',*,*,#4341,.T.);
#4343=EDGE_LOOP('',(#4324,#4330,#4336,#4342));
#4344=FACE_OUTER_BOUND('',#4343,.T.);
#4345=ADVANCED_FACE('',(#4344),#4318,.T.);
#4346=CARTESIAN_POINT('',(0.,-0.00001,0.));
#4347=DIRECTION('',(0.,-1.,0.));
#4348=DIRECTION('',(0.,0.,-1.));
#4349=AXIS2_PLACEMENT_3D('',#4346,#4347,#4348);
#4350=PLANE('',#4349);
#4351=CARTESIAN_POINT('',(-0.013550000000000808,-0.00001,-9.6552349842086E-16));
#4352=DIRECTION('',(7.125634674692268E-14,0.,-1.));
#4353=VECTOR('',#4352,1.);
#4354=LINE('',#4351,#4353);
#4355=EDGE_CURVE('',#4222,#4230,#4354,.T.);
#4356=ORIENTED_EDGE('',*,*,#4355,.T.);
#4357=CARTESIAN_POINT('',(-6.6988491424714304E-18,-0.00001,-0.014950000000000161));
#4358=DIRECTION('',(1.,0.,-4.480835546803584E-16));
#4359=VECTOR('',#4358,1.);
#4360=LINE('',#4357,#4359);
#4361=EDGE_CURVE('',#4230,#4266,#4360,.T.);
#4362=ORIENTED_EDGE('',*,*,#4361,.T.);
#4363=CARTESIAN_POINT('',(-0.009678571428572176,-0.00001,-6.373406344256031E-16));
#4364=DIRECTION('',(6.585069285577678E-14,0.,-1.));
#4365=VECTOR('',#4364,1.);
#4366=LINE('',#4363,#4365);
#4367=EDGE_CURVE('',#4266,#4296,#4366,.T.);
#4368=ORIENTED_EDGE('',*,*,#4367,.T.);
#4369=CARTESIAN_POINT('',(0.,-0.00001,-0.011420000000000157));
#4370=DIRECTION('',(1.,0.,0.));
#4371=VECTOR('',#4370,1.);
#4372=LINE('',#4369,#4371);
#4373=EDGE_CURVE('',#4296,#4222,#4372,.T.);
#4374=ORIENTED_EDGE('',*,*,#4373,.T.);
#4375=EDGE_LOOP('',(#4356,#4362,#4368,#4374));
#4376=FACE_OUTER_BOUND('',#4375,.T.);
#4377=ADVANCED_FACE('',(#4376),#4350,.T.);
#4378=CARTESIAN_POINT('',(0.,0.,0.));
#4379=DIRECTION('',(0.,-1.,0.));
#4380=DIRECTION('',(0.,0.,-1.));
#4381=AXIS2_PLACEMENT_3D('',#4378,#4379,#4380);
#4382=PLANE('',#4381);
#4383=CARTESIAN_POINT('',(-0.013550000000000808,0.,-9.6552349842086E-16));
#4384=DIRECTION('',(7.125634674692268E-14,0.,-1.));
#4385=VECTOR('',#4384,1.);
#4386=LINE('',#4383,#4385);
#4387=EDGE_CURVE('',#4212,#4214,#4386,.T.);
#4388=ORIENTED_EDGE('',*,*,#4387,.F.);
#4389=CARTESIAN_POINT('',(-6.6988491424714304E-18,0.,-0.014950000000000161));
#4390=DIRECTION('',(1.,0.,-4.480835546803584E-16));
#4391=VECTOR('',#4390,1.);
#4392=LINE('',#4389,#4391);
#4393=EDGE_CURVE('',#4252,#4212,#4392,.T.);
#4394=ORIENTED_EDGE('',*,*,#4393,.F.);
#4395=CARTESIAN_POINT('',(-0.009678571428572176,0.,-6.373406344256031E-16));
#4396=DIRECTION('',(6.585069285577678E-14,0.,-1.));
#4397=VECTOR('',#4396,1.);
#4398=LINE('',#4395,#4397);
#4399=EDGE_CURVE('',#4288,#4252,#4398,.T.);
#4400=ORIENTED_EDGE('',*,*,#4399,.F.);
#4401=CARTESIAN_POINT('',(0.,0.,-0.011420000000000157));
#4402=DIRECTION('',(1.,0.,0.));
#4403=VECTOR('',#4402,1.);
#4404=LINE('',#4401,#4403);
#4405=EDGE_CURVE('',#4214,#4288,#4404,.T.);
#4406=ORIENTED_EDGE('',*,*,#4405,.F.);
#4407=EDGE_LOOP('',(#4388,#4394,#4400,#4406));
#4408=FACE_OUTER_BOUND('',#4407,.T.);
#4409=ADVANCED_FACE('',(#4408),#4382,.F.);
#4410=CLOSED_SHELL('',(#4241,#4277,#4313,#4345,#4377,#4409));
#4411=MANIFOLD_SOLID_BREP('',#4410);
#4412=CARTESIAN_POINT('',(-0.013549999999999994,-0.00001,0.));
#4413=DIRECTION('',(1.,0.,0.));
#4414=DIRECTION('',(0.,0.,-1.));
#4415=AXIS2_PLACEMENT_3D('',#4412,#4413,#4414);
#4416=PLANE('',#4415);
#4417=CARTESIAN_POINT('',(-0.013549999999999994,0.,0.));
#4418=DIRECTION('',(0.,0.,-1.));
#4419=VECTOR('',#4418,1.);
#4420=LINE('',#4417,#4419);
#4421=CARTESIAN_POINT('',(-0.013549999999999994,0.,-0.007890000000000156));
#4422=VERTEX_POINT('',#4421);
#4423=CARTESIAN_POINT('',(-0.013549999999999994,0.,-0.004360000000000157));
#4424=VERTEX_POINT('',#4423);
#4425=EDGE_CURVE('',#4422,#4424,#4420,.T.);
#4426=ORIENTED_EDGE('',*,*,#4425,.T.);
#4427=CARTESIAN_POINT('',(-0.013549999999999994,-0.00001,-0.004360000000000157));
#4428=DIRECTION('',(0.,1.,0.));
#4429=VECTOR('',#4428,1.);
#4430=LINE('',#4427,#4429);
#4431=CARTESIAN_POINT('',(-0.013549999999999994,-0.00001,-0.004360000000000157));
#4432=VERTEX_POINT('',#4431);
#4433=EDGE_CURVE('',#4424,#4432,#4430,.T.);
#4434=ORIENTED_EDGE('',*,*,#4433,.T.);
#4435=CARTESIAN_POINT('',(-0.013549999999999994,-0.00001,0.));
#4436=DIRECTION('',(0.,0.,-1.));
#4437=VECTOR('',#4436,1.);
#4438=LINE('',#4435,#4437);
#4439=CARTESIAN_POINT('',(-0.013549999999999994,-0.00001,-0.007890000000000156));
#4440=VERTEX_POINT('',#4439);
#4441=EDGE_CURVE('',#4432,#4440,#4438,.T.);
#4442=ORIENTED_EDGE('',*,*,#4441,.T.);
#4443=CARTESIAN_POINT('',(-0.013549999999999994,-0.00001,-0.007890000000000156));
#4444=DIRECTION('',(0.,1.,0.));
#4445=VECTOR('',#4444,1.);
#4446=LINE('',#4443,#4445);
#4447=EDGE_CURVE('',#4440,#4422,#4446,.T.);
#4448=ORIENTED_EDGE('',*,*,#4447,.T.);
#4449=EDGE_LOOP('',(#4426,#4434,#4442,#4448));
#4450=FACE_OUTER_BOUND('',#4449,.T.);
#4451=ADVANCED_FACE('',(#4450),#4416,.F.);
#4452=CARTESIAN_POINT('',(0.,-0.00001,-0.007890000000000156));
#4453=DIRECTION('',(0.,0.,1.));
#4454=DIRECTION('',(1.,0.,0.));
#4455=AXIS2_PLACEMENT_3D('',#4452,#4453,#4454);
#4456=PLANE('',#4455);
#4457=CARTESIAN_POINT('',(0.,0.,-0.007890000000000156));
#4458=DIRECTION('',(1.,0.,0.));
#4459=VECTOR('',#4458,1.);
#4460=LINE('',#4457,#4459);
#4461=CARTESIAN_POINT('',(-0.009678571428571424,0.,-0.007890000000000156));
#4462=VERTEX_POINT('',#4461);
#4463=EDGE_CURVE('',#4462,#4422,#4460,.T.);
#4464=ORIENTED_EDGE('',*,*,#4463,.T.);
#4465=CARTESIAN_POINT('',(-0.013549999999999994,-0.00001,-0.007890000000000156));
#4466=DIRECTION('',(0.,1.,0.));
#4467=VECTOR('',#4466,1.);
#4468=LINE('',#4465,#4467);
#4469=EDGE_CURVE('',#4440,#4422,#4468,.T.);
#4470=ORIENTED_EDGE('',*,*,#4469,.F.);
#4471=CARTESIAN_POINT('',(0.,-0.00001,-0.007890000000000156));
#4472=DIRECTION('',(1.,0.,0.));
#4473=VECTOR('',#4472,1.);
#4474=LINE('',#4471,#4473);
#4475=CARTESIAN_POINT('',(-0.009678571428571424,-0.00001,-0.007890000000000156));
#4476=VERTEX_POINT('',#4475);
#4477=EDGE_CURVE('',#4440,#4476,#4474,.T.);
#4478=ORIENTED_EDGE('',*,*,#4477,.T.);
#4479=CARTESIAN_POINT('',(-0.009678571428571424,-0.00001,-0.007890000000000156));
#4480=DIRECTION('',(0.,1.,0.));
#4481=VECTOR('',#4480,1.);
#4482=LINE('',#4479,#4481);
#4483=EDGE_CURVE('',#4476,#4462,#4482,.T.);
#4484=ORIENTED_EDGE('',*,*,#4483,.T.);
#4485=EDGE_LOOP('',(#4464,#4470,#4478,#4484));
#4486=FACE_OUTER_BOUND('',#4485,.T.);
#4487=ADVANCED_FACE('',(#4486),#4456,.F.);
#4488=CARTESIAN_POINT('',(-0.009678571428571424,-0.00001,0.));
#4489=DIRECTION('',(1.,0.,0.));
#4490=DIRECTION('',(0.,0.,-1.));
#4491=AXIS2_PLACEMENT_3D('',#4488,#4489,#4490);
#4492=PLANE('',#4491);
#4493=CARTESIAN_POINT('',(-0.009678571428571424,0.,0.));
#4494=DIRECTION('',(0.,0.,-1.));
#4495=VECTOR('',#4494,1.);
#4496=LINE('',#4493,#4495);
#4497=CARTESIAN_POINT('',(-0.009678571428571424,0.,-0.004360000000000157));
#4498=VERTEX_POINT('',#4497);
#4499=EDGE_CURVE('',#4498,#4462,#4496,.T.);
#4500=ORIENTED_EDGE('',*,*,#4499,.F.);
#4501=CARTESIAN_POINT('',(-0.009678571428571424,-0.00001,-0.004360000000000157));
#4502=DIRECTION('',(0.,1.,0.));
#4503=VECTOR('',#4502,1.);
#4504=LINE('',#4501,#4503);
#4505=CARTESIAN_POINT('',(-0.009678571428571424,-0.00001,-0.004360000000000157));
#4506=VERTEX_POINT('',#4505);
#4507=EDGE_CURVE('',#4506,#4498,#4504,.T.);
#4508=ORIENTED_EDGE('',*,*,#4507,.F.);
#4509=CARTESIAN_POINT('',(-0.009678571428571424,-0.00001,0.));
#4510=DIRECTION('',(0.,0.,-1.));
#4511=VECTOR('',#4510,1.);
#4512=LINE('',#4509,#4511);
#4513=EDGE_CURVE('',#4476,#4506,#4512,.T.);
#4514=ORIENTED_EDGE('',*,*,#4513,.F.);
#4515=CARTESIAN_POINT('',(-0.009678571428571424,-0.00001,-0.007890000000000156));
#4516=DIRECTION('',(0.,1.,0.));
#4517=VECTOR('',#4516,1.);
#4518=LINE('',#4515,#4517);
#4519=EDGE_CURVE('',#4476,#4462,#4518,.T.);
#4520=ORIENTED_EDGE('',*,*,#4519,.T.);
#4521=EDGE_LOOP('',(#4500,#4508,#4514,#4520));
#4522=FACE_OUTER_BOUND('',#4521,.T.);
#4523=ADVANCED_FACE('',(#4522),#4492,.T.);
#4524=CARTESIAN_POINT('',(0.,-0.00001,-0.004360000000000157));
#4525=DIRECTION('',(0.,0.,1.));
#4526=DIRECTION('',(1.,0.,0.));
#4527=AXIS2_PLACEMENT_3D('',#4524,#4525,#4526);
#4528=PLANE('',#4527);
#4529=CARTESIAN_POINT('',(0.,0.,-0.004360000000000157));
#4530=DIRECTION('',(1.,0.,0.));
#4531=VECTOR('',#4530,1.);
#4532=LINE('',#4529,#4531);
#4533=EDGE_CURVE('',#4424,#4498,#4532,.T.);
#4534=ORIENTED_EDGE('',*,*,#4533,.F.);
#4535=CARTESIAN_POINT('',(-0.013549999999999994,-0.00001,-0.004360000000000157));
#4536=DIRECTION('',(0.,1.,0.));
#4537=VECTOR('',#4536,1.);
#4538=LINE('',#4535,#4537);
#4539=EDGE_CURVE('',#4424,#4432,#4538,.T.);
#4540=ORIENTED_EDGE('',*,*,#4539,.T.);
#4541=CARTESIAN_POINT('',(0.,-0.00001,-0.004360000000000157));
#4542=DIRECTION('',(1.,0.,0.));
#4543=VECTOR('',#4542,1.);
#4544=LINE('',#4541,#4543);
#4545=EDGE_CURVE('',#4506,#4432,#4544,.T.);
#4546=ORIENTED_EDGE('',*,*,#4545,.F.);
#4547=CARTESIAN_POINT('',(-0.009678571428571424,-0.00001,-0.004360000000000157));
#4548=DIRECTION('',(0.,1.,0.));
#4549=VECTOR('',#4548,1.);
#4550=LINE('',#4547,#4549);
#4551=EDGE_CURVE('',#4506,#4498,#4550,.T.);
#4552=ORIENTED_EDGE('',*,*,#4551,.T.);
#4553=EDGE_LOOP('',(#4534,#4540,#4546,#4552));
#4554=FACE_OUTER_BOUND('',#4553,.T.);
#4555=ADVANCED_FACE('',(#4554),#4528,.T.);
#4556=CARTESIAN_POINT('',(0.,-0.00001,0.));
#4557=DIRECTION('',(0.,-1.,0.));
#4558=DIRECTION('',(0.,0.,-1.));
#4559=AXIS2_PLACEMENT_3D('',#4556,#4557,#4558);
#4560=PLANE('',#4559);
#4561=CARTESIAN_POINT('',(-0.013549999999999994,-0.00001,0.));
#4562=DIRECTION('',(0.,0.,-1.));
#4563=VECTOR('',#4562,1.);
#4564=LINE('',#4561,#4563);
#4565=EDGE_CURVE('',#4432,#4440,#4564,.T.);
#4566=ORIENTED_EDGE('',*,*,#4565,.T.);
#4567=CARTESIAN_POINT('',(0.,-0.00001,-0.007890000000000156));
#4568=DIRECTION('',(1.,0.,0.));
#4569=VECTOR('',#4568,1.);
#4570=LINE('',#4567,#4569);
#4571=EDGE_CURVE('',#4440,#4476,#4570,.T.);
#4572=ORIENTED_EDGE('',*,*,#4571,.T.);
#4573=CARTESIAN_POINT('',(-0.009678571428571424,-0.00001,0.));
#4574=DIRECTION('',(0.,0.,-1.));
#4575=VECTOR('',#4574,1.);
#4576=LINE('',#4573,#4575);
#4577=EDGE_CURVE('',#4476,#4506,#4576,.T.);
#4578=ORIENTED_EDGE('',*,*,#4577,.T.);
#4579=CARTESIAN_POINT('',(0.,-0.00001,-0.004360000000000157));
#4580=DIRECTION('',(1.,0.,0.));
#4581=VECTOR('',#4580,1.);
#4582=LINE('',#4579,#4581);
#4583=EDGE_CURVE('',#4506,#4432,#4582,.T.);
#4584=ORIENTED_EDGE('',*,*,#4583,.T.);
#4585=EDGE_LOOP('',(#4566,#4572,#4578,#4584));
#4586=FACE_OUTER_BOUND('',#4585,.T.);
#4587=ADVANCED_FACE('',(#4586),#4560,.T.);
#4588=CARTESIAN_POINT('',(0.,0.,0.));
#4589=DIRECTION('',(0.,-1.,0.));
#4590=DIRECTION('',(0.,0.,-1.));
#4591=AXIS2_PLACEMENT_3D('',#4588,#4589,#4590);
#4592=PLANE('',#4591);
#4593=CARTESIAN_POINT('',(-0.013549999999999994,0.,0.));
#4594=DIRECTION('',(0.,0.,-1.));
#4595=VECTOR('',#4594,1.);
#4596=LINE('',#4593,#4595);
#4597=EDGE_CURVE('',#4422,#4424,#4596,.T.);
#4598=ORIENTED_EDGE('',*,*,#4597,.F.);
#4599=CARTESIAN_POINT('',(0.,0.,-0.007890000000000156));
#4600=DIRECTION('',(1.,0.,0.));
#4601=VECTOR('',#4600,1.);
#4602=LINE('',#4599,#4601);
#4603=EDGE_CURVE('',#4462,#4422,#4602,.T.);
#4604=ORIENTED_EDGE('',*,*,#4603,.F.);
#4605=CARTESIAN_POINT('',(-0.009678571428571424,0.,0.));
#4606=DIRECTION('',(0.,0.,-1.));
#4607=VECTOR('',#4606,1.);
#4608=LINE('',#4605,#4607);
#4609=EDGE_CURVE('',#4498,#4462,#4608,.T.);
#4610=ORIENTED_EDGE('',*,*,#4609,.F.);
#4611=CARTESIAN_POINT('',(0.,0.,-0.004360000000000157));
#4612=DIRECTION('',(1.,0.,0.));
#4613=VECTOR('',#4612,1.);
#4614=LINE('',#4611,#4613);
#4615=EDGE_CURVE('',#4424,#4498,#4614,.T.);
#4616=ORIENTED_EDGE('',*,*,#4615,.F.);
#4617=EDGE_LOOP('',(#4598,#4604,#4610,#4616));
#4618=FACE_OUTER_BOUND('',#4617,.T.);
#4619=ADVANCED_FACE('',(#4618),#4592,.F.);
#4620=CLOSED_SHELL('',(#4451,#4487,#4523,#4555,#4587,#4619));
#4621=MANIFOLD_SOLID_BREP('',#4620);
#4622=CARTESIAN_POINT('',(0.00492,0.0014299999999999998,0.015399999999999827));
#4623=DIRECTION('',(0.,0.,1.));
#4624=DIRECTION('',(1.,0.,0.));
#4625=AXIS2_PLACEMENT_3D('',#4622,#4623,#4624);
#4626=PLANE('',#4625);
#4627=CARTESIAN_POINT('',(-0.00492,0.0014299999999999998,0.015399999999999827));
#4628=DIRECTION('',(0.,1.,0.));
#4629=VECTOR('',#4628,1.);
#4630=LINE('',#4627,#4629);
#4631=CARTESIAN_POINT('',(-0.00492,0.0034200000000000003,0.015399999999999827));
#4632=VERTEX_POINT('',#4631);
#4633=CARTESIAN_POINT('',(-0.00492,0.0014299999999999998,0.015399999999999827));
#4634=VERTEX_POINT('',#4633);
#4635=EDGE_CURVE('',#4632,#4634,#4630,.T.);
#4636=ORIENTED_EDGE('',*,*,#4635,.T.);
#4637=CARTESIAN_POINT('',(0.00492,0.0014299999999999998,0.015399999999999827));
#4638=DIRECTION('',(-1.,0.,0.));
#4639=VECTOR('',#4638,1.);
#4640=LINE('',#4637,#4639);
#4641=CARTESIAN_POINT('',(0.00492,0.0014299999999999998,0.015399999999999827));
#4642=VERTEX_POINT('',#4641);
#4643=EDGE_CURVE('',#4634,#4642,#4640,.T.);
#4644=ORIENTED_EDGE('',*,*,#4643,.T.);
#4645=CARTESIAN_POINT('',(0.00492,0.0014299999999999998,0.015399999999999827));
#4646=DIRECTION('',(0.,1.,0.));
#4647=VECTOR('',#4646,1.);
#4648=LINE('',#4645,#4647);
#4649=CARTESIAN_POINT('',(0.00492,0.0034200000000000003,0.015399999999999827));
#4650=VERTEX_POINT('',#4649);
#4651=EDGE_CURVE('',#4642,#4650,#4648,.T.);
#4652=ORIENTED_EDGE('',*,*,#4651,.T.);
#4653=CARTESIAN_POINT('',(0.00492,0.0034200000000000003,0.015399999999999827));
#4654=DIRECTION('',(-1.,0.,0.));
#4655=VECTOR('',#4654,1.);
#4656=LINE('',#4653,#4655);
#4657=EDGE_CURVE('',#4650,#4632,#4656,.T.);
#4658=ORIENTED_EDGE('',*,*,#4657,.T.);
#4659=EDGE_LOOP('',(#4636,#4644,#4652,#4658));
#4660=FACE_OUTER_BOUND('',#4659,.T.);
#4661=ADVANCED_FACE('',(#4660),#4626,.F.);
#4662=CARTESIAN_POINT('',(0.00492,0.0034200000000000003,0.015399999999999827));
#4663=DIRECTION('',(0.,-1.,0.));
#4664=DIRECTION('',(0.,0.,-1.));
#4665=AXIS2_PLACEMENT_3D('',#4662,#4663,#4664);
#4666=PLANE('',#4665);
#4667=CARTESIAN_POINT('',(-0.00492,0.0034200000000000003,0.015399999999999827));
#4668=DIRECTION('',(0.,0.,1.));
#4669=VECTOR('',#4668,1.);
#4670=LINE('',#4667,#4669);
#4671=CARTESIAN_POINT('',(-0.00492,0.0034200000000000003,0.016309999999999828));
#4672=VERTEX_POINT('',#4671);
#4673=EDGE_CURVE('',#4672,#4632,#4670,.T.);
#4674=ORIENTED_EDGE('',*,*,#4673,.T.);
#4675=CARTESIAN_POINT('',(0.00492,0.0034200000000000003,0.015399999999999827));
#4676=DIRECTION('',(-1.,0.,0.));
#4677=VECTOR('',#4676,1.);
#4678=LINE('',#4675,#4677);
#4679=EDGE_CURVE('',#4650,#4632,#4678,.T.);
#4680=ORIENTED_EDGE('',*,*,#4679,.F.);
#4681=CARTESIAN_POINT('',(0.00492,0.0034200000000000003,0.015399999999999827));
#4682=DIRECTION('',(0.,0.,1.));
#4683=VECTOR('',#4682,1.);
#4684=LINE('',#4681,#4683);
#4685=CARTESIAN_POINT('',(0.00492,0.0034200000000000003,0.016309999999999828));
#4686=VERTEX_POINT('',#4685);
#4687=EDGE_CURVE('',#4650,#4686,#4684,.T.);
#4688=ORIENTED_EDGE('',*,*,#4687,.T.);
#4689=CARTESIAN_POINT('',(0.00492,0.0034200000000000003,0.016309999999999828));
#4690=DIRECTION('',(-1.,0.,0.));
#4691=VECTOR('',#4690,1.);
#4692=LINE('',#4689,#4691);
#4693=EDGE_CURVE('',#4686,#4672,#4692,.T.);
#4694=ORIENTED_EDGE('',*,*,#4693,.T.);
#4695=EDGE_LOOP('',(#4674,#4680,#4688,#4694));
#4696=FACE_OUTER_BOUND('',#4695,.T.);
#4697=ADVANCED_FACE('',(#4696),#4666,.F.);
#4698=CARTESIAN_POINT('',(0.00492,0.0034200000000000003,0.016309999999999828));
#4699=DIRECTION('',(0.,0.,-1.));
#4700=DIRECTION('',(-1.,0.,0.));
#4701=AXIS2_PLACEMENT_3D('',#4698,#4699,#4700);
#4702=PLANE('',#4701);
#4703=CARTESIAN_POINT('',(-0.00492,0.0034200000000000003,0.016309999999999828));
#4704=DIRECTION('',(0.,-1.,0.));
#4705=VECTOR('',#4704,1.);
#4706=LINE('',#4703,#4705);
#4707=CARTESIAN_POINT('',(-0.00492,0.00143,0.016309999999999828));
#4708=VERTEX_POINT('',#4707);
#4709=EDGE_CURVE('',#4708,#4672,#4706,.T.);
#4710=ORIENTED_EDGE('',*,*,#4709,.T.);
#4711=CARTESIAN_POINT('',(0.00492,0.0034200000000000003,0.016309999999999828));
#4712=DIRECTION('',(-1.,0.,0.));
#4713=VECTOR('',#4712,1.);
#4714=LINE('',#4711,#4713);
#4715=EDGE_CURVE('',#4686,#4672,#4714,.T.);
#4716=ORIENTED_EDGE('',*,*,#4715,.F.);
#4717=CARTESIAN_POINT('',(0.00492,0.0034200000000000003,0.016309999999999828));
#4718=DIRECTION('',(0.,-1.,0.));
#4719=VECTOR('',#4718,1.);
#4720=LINE('',#4717,#4719);
#4721=CARTESIAN_POINT('',(0.00492,0.00143,0.016309999999999828));
#4722=VERTEX_POINT('',#4721);
#4723=EDGE_CURVE('',#4686,#4722,#4720,.T.);
#4724=ORIENTED_EDGE('',*,*,#4723,.T.);
#4725=CARTESIAN_POINT('',(0.00492,0.00143,0.016309999999999828));
#4726=DIRECTION('',(-1.,0.,0.));
#4727=VECTOR('',#4726,1.);
#4728=LINE('',#4725,#4727);
#4729=EDGE_CURVE('',#4722,#4708,#4728,.T.);
#4730=ORIENTED_EDGE('',*,*,#4729,.T.);
#4731=EDGE_LOOP('',(#4710,#4716,#4724,#4730));
#4732=FACE_OUTER_BOUND('',#4731,.T.);
#4733=ADVANCED_FACE('',(#4732),#4702,.F.);
#4734=CARTESIAN_POINT('',(0.00492,0.00143,0.016309999999999828));
#4735=DIRECTION('',(0.,1.,-2.3828619175505564E-16));
#4736=DIRECTION('',(0.,2.3828619175505564E-16,1.));
#4737=AXIS2_PLACEMENT_3D('',#4734,#4735,#4736);
#4738=PLANE('',#4737);
#4739=CARTESIAN_POINT('',(-0.00492,0.00143,0.016309999999999828));
#4740=DIRECTION('',(0.,-2.3828619175505564E-16,-1.));
#4741=VECTOR('',#4740,1.);
#4742=LINE('',#4739,#4741);
#4743=EDGE_CURVE('',#4634,#4708,#4742,.T.);
#4744=ORIENTED_EDGE('',*,*,#4743,.T.);
#4745=CARTESIAN_POINT('',(0.00492,0.00143,0.016309999999999828));
#4746=DIRECTION('',(-1.,0.,0.));
#4747=VECTOR('',#4746,1.);
#4748=LINE('',#4745,#4747);
#4749=EDGE_CURVE('',#4722,#4708,#4748,.T.);
#4750=ORIENTED_EDGE('',*,*,#4749,.F.);
#4751=CARTESIAN_POINT('',(0.00492,0.00143,0.016309999999999828));
#4752=DIRECTION('',(0.,-2.3828619175505564E-16,-1.));
#4753=VECTOR('',#4752,1.);
#4754=LINE('',#4751,#4753);
#4755=EDGE_CURVE('',#4722,#4642,#4754,.T.);
#4756=ORIENTED_EDGE('',*,*,#4755,.T.);
#4757=CARTESIAN_POINT('',(0.00492,0.0014299999999999998,0.015399999999999827));
#4758=DIRECTION('',(-1.,0.,0.));
#4759=VECTOR('',#4758,1.);
#4760=LINE('',#4757,#4759);
#4761=EDGE_CURVE('',#4634,#4642,#4760,.T.);
#4762=ORIENTED_EDGE('',*,*,#4761,.F.);
#4763=EDGE_LOOP('',(#4744,#4750,#4756,#4762));
#4764=FACE_OUTER_BOUND('',#4763,.T.);
#4765=ADVANCED_FACE('',(#4764),#4738,.F.);
#4766=CARTESIAN_POINT('',(0.00492,0.,0.));
#4767=DIRECTION('',(1.,0.,0.));
#4768=DIRECTION('',(0.,0.,-1.));
#4769=AXIS2_PLACEMENT_3D('',#4766,#4767,#4768);
#4770=PLANE('',#4769);
#4771=CARTESIAN_POINT('',(0.00492,0.0014299999999999998,0.015399999999999827));
#4772=DIRECTION('',(0.,1.,0.));
#4773=VECTOR('',#4772,1.);
#4774=LINE('',#4771,#4773);
#4775=EDGE_CURVE('',#4642,#4650,#4774,.T.);
#4776=ORIENTED_EDGE('',*,*,#4775,.T.);
#4777=CARTESIAN_POINT('',(0.00492,0.0034200000000000003,0.015399999999999827));
#4778=DIRECTION('',(0.,0.,1.));
#4779=VECTOR('',#4778,1.);
#4780=LINE('',#4777,#4779);
#4781=EDGE_CURVE('',#4650,#4686,#4780,.T.);
#4782=ORIENTED_EDGE('',*,*,#4781,.T.);
#4783=CARTESIAN_POINT('',(0.00492,0.0034200000000000003,0.016309999999999828));
#4784=DIRECTION('',(0.,-1.,0.));
#4785=VECTOR('',#4784,1.);
#4786=LINE('',#4783,#4785);
#4787=EDGE_CURVE('',#4686,#4722,#4786,.T.);
#4788=ORIENTED_EDGE('',*,*,#4787,.T.);
#4789=CARTESIAN_POINT('',(0.00492,0.00143,0.016309999999999828));
#4790=DIRECTION('',(0.,-2.3828619175505564E-16,-1.));
#4791=VECTOR('',#4790,1.);
#4792=LINE('',#4789,#4791);
#4793=EDGE_CURVE('',#4722,#4642,#4792,.T.);
#4794=ORIENTED_EDGE('',*,*,#4793,.T.);
#4795=EDGE_LOOP('',(#4776,#4782,#4788,#4794));
#4796=FACE_OUTER_BOUND('',#4795,.T.);
#4797=ADVANCED_FACE('',(#4796),#4770,.T.);
#4798=CARTESIAN_POINT('',(-0.00492,0.,0.));
#4799=DIRECTION('',(1.,0.,0.));
#4800=DIRECTION('',(0.,0.,-1.));
#4801=AXIS2_PLACEMENT_3D('',#4798,#4799,#4800);
#4802=PLANE('',#4801);
#4803=CARTESIAN_POINT('',(-0.00492,0.0014299999999999998,0.015399999999999827));
#4804=DIRECTION('',(0.,1.,0.));
#4805=VECTOR('',#4804,1.);
#4806=LINE('',#4803,#4805);
#4807=EDGE_CURVE('',#4632,#4634,#4806,.T.);
#4808=ORIENTED_EDGE('',*,*,#4807,.F.);
#4809=CARTESIAN_POINT('',(-0.00492,0.0034200000000000003,0.015399999999999827));
#4810=DIRECTION('',(0.,0.,1.));
#4811=VECTOR('',#4810,1.);
#4812=LINE('',#4809,#4811);
#4813=EDGE_CURVE('',#4672,#4632,#4812,.T.);
#4814=ORIENTED_EDGE('',*,*,#4813,.F.);
#4815=CARTESIAN_POINT('',(-0.00492,0.0034200000000000003,0.016309999999999828));
#4816=DIRECTION('',(0.,-1.,0.));
#4817=VECTOR('',#4816,1.);
#4818=LINE('',#4815,#4817);
#4819=EDGE_CURVE('',#4708,#4672,#4818,.T.);
#4820=ORIENTED_EDGE('',*,*,#4819,.F.);
#4821=CARTESIAN_POINT('',(-0.00492,0.00143,0.016309999999999828));
#4822=DIRECTION('',(0.,-2.3828619175505564E-16,-1.));
#4823=VECTOR('',#4822,1.);
#4824=LINE('',#4821,#4823);
#4825=EDGE_CURVE('',#4634,#4708,#4824,.T.);
#4826=ORIENTED_EDGE('',*,*,#4825,.F.);
#4827=EDGE_LOOP('',(#4808,#4814,#4820,#4826));
#4828=FACE_OUTER_BOUND('',#4827,.T.);
#4829=ADVANCED_FACE('',(#4828),#4802,.F.);
#4830=CLOSED_SHELL('',(#4661,#4697,#4733,#4765,#4797,#4829));
#4831=MANIFOLD_SOLID_BREP('',#4830);
#4832=CARTESIAN_POINT('',(0.00492,0.00108,0.011099999999999827));
#4833=DIRECTION('',(0.,1.,0.));
#4834=DIRECTION('',(0.,0.,1.));
#4835=AXIS2_PLACEMENT_3D('',#4832,#4833,#4834);
#4836=PLANE('',#4835);
#4837=CARTESIAN_POINT('',(-0.00492,0.00108,0.011099999999999827));
#4838=DIRECTION('',(0.,0.,-1.));
#4839=VECTOR('',#4838,1.);
#4840=LINE('',#4837,#4839);
#4841=CARTESIAN_POINT('',(-0.00492,0.00108,0.011099999999999827));
#4842=VERTEX_POINT('',#4841);
#4843=CARTESIAN_POINT('',(-0.00492,0.00108,0.015399999999999827));
#4844=VERTEX_POINT('',#4843);
#4845=EDGE_CURVE('',#4842,#4844,#4840,.T.);
#4846=ORIENTED_EDGE('',*,*,#4845,.T.);
#4847=CARTESIAN_POINT('',(0.00492,0.00108,0.015399999999999827));
#4848=DIRECTION('',(-1.,0.,0.));
#4849=VECTOR('',#4848,1.);
#4850=LINE('',#4847,#4849);
#4851=CARTESIAN_POINT('',(0.00492,0.00108,0.015399999999999827));
#4852=VERTEX_POINT('',#4851);
#4853=EDGE_CURVE('',#4844,#4852,#4850,.T.);
#4854=ORIENTED_EDGE('',*,*,#4853,.T.);
#4855=CARTESIAN_POINT('',(0.00492,0.00108,0.011099999999999827));
#4856=DIRECTION('',(0.,0.,-1.));
#4857=VECTOR('',#4856,1.);
#4858=LINE('',#4855,#4857);
#4859=CARTESIAN_POINT('',(0.00492,0.00108,0.011099999999999827));
#4860=VERTEX_POINT('',#4859);
#4861=EDGE_CURVE('',#4852,#4860,#4858,.T.);
#4862=ORIENTED_EDGE('',*,*,#4861,.T.);
#4863=CARTESIAN_POINT('',(0.00492,0.00108,0.011099999999999827));
#4864=DIRECTION('',(-1.,0.,0.));
#4865=VECTOR('',#4864,1.);
#4866=LINE('',#4863,#4865);
#4867=EDGE_CURVE('',#4860,#4842,#4866,.T.);
#4868=ORIENTED_EDGE('',*,*,#4867,.T.);
#4869=EDGE_LOOP('',(#4846,#4854,#4862,#4868));
#4870=FACE_OUTER_BOUND('',#4869,.T.);
#4871=ADVANCED_FACE('',(#4870),#4836,.F.);
#4872=CARTESIAN_POINT('',(0.00492,0.0034200000000000003,0.011099999999999827));
#4873=DIRECTION('',(0.,0.,1.));
#4874=DIRECTION('',(1.,0.,0.));
#4875=AXIS2_PLACEMENT_3D('',#4872,#4873,#4874);
#4876=PLANE('',#4875);
#4877=CARTESIAN_POINT('',(-0.00492,0.0034200000000000003,0.011099999999999827));
#4878=DIRECTION('',(0.,1.,0.));
#4879=VECTOR('',#4878,1.);
#4880=LINE('',#4877,#4879);
#4881=CARTESIAN_POINT('',(-0.00492,0.0034200000000000003,0.011099999999999827));
#4882=VERTEX_POINT('',#4881);
#4883=EDGE_CURVE('',#4882,#4842,#4880,.T.);
#4884=ORIENTED_EDGE('',*,*,#4883,.T.);
#4885=CARTESIAN_POINT('',(0.00492,0.00108,0.011099999999999827));
#4886=DIRECTION('',(-1.,0.,0.));
#4887=VECTOR('',#4886,1.);
#4888=LINE('',#4885,#4887);
#4889=EDGE_CURVE('',#4860,#4842,#4888,.T.);
#4890=ORIENTED_EDGE('',*,*,#4889,.F.);
#4891=CARTESIAN_POINT('',(0.00492,0.0034200000000000003,0.011099999999999827));
#4892=DIRECTION('',(0.,1.,0.));
#4893=VECTOR('',#4892,1.);
#4894=LINE('',#4891,#4893);
#4895=CARTESIAN_POINT('',(0.00492,0.0034200000000000003,0.011099999999999827));
#4896=VERTEX_POINT('',#4895);
#4897=EDGE_CURVE('',#4860,#4896,#4894,.T.);
#4898=ORIENTED_EDGE('',*,*,#4897,.T.);
#4899=CARTESIAN_POINT('',(0.00492,0.0034200000000000003,0.011099999999999827));
#4900=DIRECTION('',(-1.,0.,0.));
#4901=VECTOR('',#4900,1.);
#4902=LINE('',#4899,#4901);
#4903=EDGE_CURVE('',#4896,#4882,#4902,.T.);
#4904=ORIENTED_EDGE('',*,*,#4903,.T.);
#4905=EDGE_LOOP('',(#4884,#4890,#4898,#4904));
#4906=FACE_OUTER_BOUND('',#4905,.T.);
#4907=ADVANCED_FACE('',(#4906),#4876,.F.);
#4908=CARTESIAN_POINT('',(0.00492,0.0034200000000000003,0.015399999999999827));
#4909=DIRECTION('',(0.,-1.,0.));
#4910=DIRECTION('',(0.,0.,-1.));
#4911=AXIS2_PLACEMENT_3D('',#4908,#4909,#4910);
#4912=PLANE('',#4911);
#4913=CARTESIAN_POINT('',(-0.00492,0.0034200000000000003,0.015399999999999827));
#4914=DIRECTION('',(0.,0.,1.));
#4915=VECTOR('',#4914,1.);
#4916=LINE('',#4913,#4915);
#4917=CARTESIAN_POINT('',(-0.00492,0.0034200000000000003,0.015399999999999827));
#4918=VERTEX_POINT('',#4917);
#4919=EDGE_CURVE('',#4918,#4882,#4916,.T.);
#4920=ORIENTED_EDGE('',*,*,#4919,.T.);
#4921=CARTESIAN_POINT('',(0.00492,0.0034200000000000003,0.011099999999999827));
#4922=DIRECTION('',(-1.,0.,0.));
#4923=VECTOR('',#4922,1.);
#4924=LINE('',#4921,#4923);
#4925=EDGE_CURVE('',#4896,#4882,#4924,.T.);
#4926=ORIENTED_EDGE('',*,*,#4925,.F.);
#4927=CARTESIAN_POINT('',(0.00492,0.0034200000000000003,0.015399999999999827));
#4928=DIRECTION('',(0.,0.,1.));
#4929=VECTOR('',#4928,1.);
#4930=LINE('',#4927,#4929);
#4931=CARTESIAN_POINT('',(0.00492,0.0034200000000000003,0.015399999999999827));
#4932=VERTEX_POINT('',#4931);
#4933=EDGE_CURVE('',#4896,#4932,#4930,.T.);
#4934=ORIENTED_EDGE('',*,*,#4933,.T.);
#4935=CARTESIAN_POINT('',(0.00492,0.0034200000000000003,0.015399999999999827));
#4936=DIRECTION('',(-1.,0.,0.));
#4937=VECTOR('',#4936,1.);
#4938=LINE('',#4935,#4937);
#4939=EDGE_CURVE('',#4932,#4918,#4938,.T.);
#4940=ORIENTED_EDGE('',*,*,#4939,.T.);
#4941=EDGE_LOOP('',(#4920,#4926,#4934,#4940));
#4942=FACE_OUTER_BOUND('',#4941,.T.);
#4943=ADVANCED_FACE('',(#4942),#4912,.F.);
#4944=CARTESIAN_POINT('',(0.00492,0.00108,0.015399999999999827));
#4945=DIRECTION('',(0.,0.,-1.));
#4946=DIRECTION('',(-1.,0.,0.));
#4947=AXIS2_PLACEMENT_3D('',#4944,#4945,#4946);
#4948=PLANE('',#4947);
#4949=CARTESIAN_POINT('',(-0.00492,0.00108,0.015399999999999827));
#4950=DIRECTION('',(0.,-1.,0.));
#4951=VECTOR('',#4950,1.);
#4952=LINE('',#4949,#4951);
#4953=EDGE_CURVE('',#4844,#4918,#4952,.T.);
#4954=ORIENTED_EDGE('',*,*,#4953,.T.);
#4955=CARTESIAN_POINT('',(0.00492,0.0034200000000000003,0.015399999999999827));
#4956=DIRECTION('',(-1.,0.,0.));
#4957=VECTOR('',#4956,1.);
#4958=LINE('',#4955,#4957);
#4959=EDGE_CURVE('',#4932,#4918,#4958,.T.);
#4960=ORIENTED_EDGE('',*,*,#4959,.F.);
#4961=CARTESIAN_POINT('',(0.00492,0.00108,0.015399999999999827));
#4962=DIRECTION('',(0.,-1.,0.));
#4963=VECTOR('',#4962,1.);
#4964=LINE('',#4961,#4963);
#4965=EDGE_CURVE('',#4932,#4852,#4964,.T.);
#4966=ORIENTED_EDGE('',*,*,#4965,.T.);
#4967=CARTESIAN_POINT('',(0.00492,0.00108,0.015399999999999827));
#4968=DIRECTION('',(-1.,0.,0.));
#4969=VECTOR('',#4968,1.);
#4970=LINE('',#4967,#4969);
#4971=EDGE_CURVE('',#4844,#4852,#4970,.T.);
#4972=ORIENTED_EDGE('',*,*,#4971,.F.);
#4973=EDGE_LOOP('',(#4954,#4960,#4966,#4972));
#4974=FACE_OUTER_BOUND('',#4973,.T.);
#4975=ADVANCED_FACE('',(#4974),#4948,.F.);
#4976=CARTESIAN_POINT('',(0.00492,0.,0.));
#4977=DIRECTION('',(-1.,0.,0.));
#4978=DIRECTION('',(0.,0.,1.));
#4979=AXIS2_PLACEMENT_3D('',#4976,#4977,#4978);
#4980=PLANE('',#4979);
#4981=CARTESIAN_POINT('',(0.00492,0.00108,0.015399999999999827));
#4982=DIRECTION('',(0.,-1.,0.));
#4983=VECTOR('',#4982,1.);
#4984=LINE('',#4981,#4983);
#4985=EDGE_CURVE('',#4932,#4852,#4984,.T.);
#4986=ORIENTED_EDGE('',*,*,#4985,.F.);
#4987=CARTESIAN_POINT('',(0.00492,0.0034200000000000003,0.015399999999999827));
#4988=DIRECTION('',(0.,0.,1.));
#4989=VECTOR('',#4988,1.);
#4990=LINE('',#4987,#4989);
#4991=EDGE_CURVE('',#4896,#4932,#4990,.T.);
#4992=ORIENTED_EDGE('',*,*,#4991,.F.);
#4993=CARTESIAN_POINT('',(0.00492,0.0034200000000000003,0.011099999999999827));
#4994=DIRECTION('',(0.,1.,0.));
#4995=VECTOR('',#4994,1.);
#4996=LINE('',#4993,#4995);
#4997=EDGE_CURVE('',#4860,#4896,#4996,.T.);
#4998=ORIENTED_EDGE('',*,*,#4997,.F.);
#4999=CARTESIAN_POINT('',(0.00492,0.00108,0.011099999999999827));
#5000=DIRECTION('',(0.,0.,-1.));
#5001=VECTOR('',#5000,1.);
#5002=LINE('',#4999,#5001);
#5003=EDGE_CURVE('',#4852,#4860,#5002,.T.);
#5004=ORIENTED_EDGE('',*,*,#5003,.F.);
#5005=EDGE_LOOP('',(#4986,#4992,#4998,#5004));
#5006=FACE_OUTER_BOUND('',#5005,.T.);
#5007=ADVANCED_FACE('',(#5006),#4980,.F.);
#5008=CARTESIAN_POINT('',(-0.00492,0.,0.));
#5009=DIRECTION('',(-1.,0.,0.));
#5010=DIRECTION('',(0.,0.,1.));
#5011=AXIS2_PLACEMENT_3D('',#5008,#5009,#5010);
#5012=PLANE('',#5011);
#5013=CARTESIAN_POINT('',(-0.00492,0.00108,0.015399999999999827));
#5014=DIRECTION('',(0.,-1.,0.));
#5015=VECTOR('',#5014,1.);
#5016=LINE('',#5013,#5015);
#5017=EDGE_CURVE('',#4844,#4918,#5016,.T.);
#5018=ORIENTED_EDGE('',*,*,#5017,.T.);
#5019=CARTESIAN_POINT('',(-0.00492,0.0034200000000000003,0.015399999999999827));
#5020=DIRECTION('',(0.,0.,1.));
#5021=VECTOR('',#5020,1.);
#5022=LINE('',#5019,#5021);
#5023=EDGE_CURVE('',#4918,#4882,#5022,.T.);
#5024=ORIENTED_EDGE('',*,*,#5023,.T.);
#5025=CARTESIAN_POINT('',(-0.00492,0.0034200000000000003,0.011099999999999827));
#5026=DIRECTION('',(0.,1.,0.));
#5027=VECTOR('',#5026,1.);
#5028=LINE('',#5025,#5027);
#5029=EDGE_CURVE('',#4882,#4842,#5028,.T.);
#5030=ORIENTED_EDGE('',*,*,#5029,.T.);
#5031=CARTESIAN_POINT('',(-0.00492,0.00108,0.011099999999999827));
#5032=DIRECTION('',(0.,0.,-1.));
#5033=VECTOR('',#5032,1.);
#5034=LINE('',#5031,#5033);
#5035=EDGE_CURVE('',#4842,#4844,#5034,.T.);
#5036=ORIENTED_EDGE('',*,*,#5035,.T.);
#5037=EDGE_LOOP('',(#5018,#5024,#5030,#5036));
#5038=FACE_OUTER_BOUND('',#5037,.T.);
#5039=ADVANCED_FACE('',(#5038),#5012,.T.);
#5040=CLOSED_SHELL('',(#4871,#4907,#4943,#4975,#5007,#5039));
#5041=MANIFOLD_SOLID_BREP('',#5040);
#5042=CARTESIAN_POINT('',(0.013739999999999888,0.00226,-0.01304500000000007));
#5043=DIRECTION('',(0.,-1.,0.));
#5044=DIRECTION('',(0.,0.,-1.));
#5045=AXIS2_PLACEMENT_3D('',#5042,#5043,#5044);
#5046=CYLINDRICAL_SURFACE('',#5045,0.00025499999999999937);
#5047=CARTESIAN_POINT('',(0.013739999999999888,0.00226,-0.01304500000000007));
#5048=DIRECTION('',(0.,-1.,0.));
#5049=DIRECTION('',(0.,0.,1.));
#5050=AXIS2_PLACEMENT_3D('',#5047,#5048,#5049);
#5051=CIRCLE('',#5050,0.00025499999999999937);
#5052=CARTESIAN_POINT('',(0.013739999999999888,0.00226,-0.01279000000000007));
#5053=VERTEX_POINT('',#5052);
#5054=EDGE_CURVE('',#5053,#5053,#5051,.T.);
#5055=ORIENTED_EDGE('',*,*,#5054,.T.);
#5056=EDGE_LOOP('',(#5055));
#5057=FACE_OUTER_BOUND('',#5056,.T.);
#5058=CARTESIAN_POINT('',(0.013739999999999888,0.00146,-0.01304500000000007));
#5059=DIRECTION('',(0.,-1.,0.));
#5060=DIRECTION('',(0.,0.,1.));
#5061=AXIS2_PLACEMENT_3D('',#5058,#5059,#5060);
#5062=CIRCLE('',#5061,0.00025499999999999937);
#5063=CARTESIAN_POINT('',(0.013739999999999888,0.00146,-0.01279000000000007));
#5064=VERTEX_POINT('',#5063);
#5065=EDGE_CURVE('',#5064,#5064,#5062,.T.);
#5066=ORIENTED_EDGE('',*,*,#5065,.F.);
#5067=EDGE_LOOP('',(#5066));
#5068=FACE_BOUND('',#5067,.T.);
#5069=ADVANCED_FACE('',(#5057,#5068),#5046,.T.);
#5070=CARTESIAN_POINT('',(0.,0.00226,0.));
#5071=DIRECTION('',(0.,1.,0.));
#5072=DIRECTION('',(0.,0.,1.));
#5073=AXIS2_PLACEMENT_3D('',#5070,#5071,#5072);
#5074=PLANE('',#5073);
#5075=CARTESIAN_POINT('',(0.013739999999999888,0.00226,-0.01304500000000007));
#5076=DIRECTION('',(0.,-1.,0.));
#5077=DIRECTION('',(0.,0.,1.));
#5078=AXIS2_PLACEMENT_3D('',#5075,#5076,#5077);
#5079=CIRCLE('',#5078,0.00025499999999999937);
#5080=EDGE_CURVE('',#5053,#5053,#5079,.T.);
#5081=ORIENTED_EDGE('',*,*,#5080,.F.);
#5082=EDGE_LOOP('',(#5081));
#5083=FACE_OUTER_BOUND('',#5082,.T.);
#5084=ADVANCED_FACE('',(#5083),#5074,.T.);
#5085=CARTESIAN_POINT('',(0.,0.00146,0.));
#5086=DIRECTION('',(0.,1.,0.));
#5087=DIRECTION('',(0.,0.,1.));
#5088=AXIS2_PLACEMENT_3D('',#5085,#5086,#5087);
#5089=PLANE('',#5088);
#5090=CARTESIAN_POINT('',(0.013739999999999888,0.00146,-0.01304500000000007));
#5091=DIRECTION('',(0.,-1.,0.));
#5092=DIRECTION('',(0.,0.,1.));
#5093=AXIS2_PLACEMENT_3D('',#5090,#5091,#5092);
#5094=CIRCLE('',#5093,0.00025499999999999937);
#5095=EDGE_CURVE('',#5064,#5064,#5094,.T.);
#5096=ORIENTED_EDGE('',*,*,#5095,.T.);
#5097=EDGE_LOOP('',(#5096));
#5098=FACE_OUTER_BOUND('',#5097,.T.);
#5099=ADVANCED_FACE('',(#5098),#5089,.F.);
#5100=CLOSED_SHELL('',(#5069,#5084,#5099));
#5101=MANIFOLD_SOLID_BREP('',#5100);
#5102=CARTESIAN_POINT('',(0.012439999999999887,0.00146,-0.01150000000000007));
#5103=DIRECTION('',(1.,0.,0.));
#5104=DIRECTION('',(0.,0.,1.));
#5105=AXIS2_PLACEMENT_3D('',#5102,#5103,#5104);
#5106=PLANE('',#5105);
#5107=CARTESIAN_POINT('',(0.012439999999999887,0.00146,-0.014590000000000068));
#5108=DIRECTION('',(0.,-1.,0.));
#5109=VECTOR('',#5108,1.);
#5110=LINE('',#5107,#5109);
#5111=CARTESIAN_POINT('',(0.012439999999999887,0.00108,-0.014590000000000068));
#5112=VERTEX_POINT('',#5111);
#5113=CARTESIAN_POINT('',(0.012439999999999887,0.00146,-0.014590000000000068));
#5114=VERTEX_POINT('',#5113);
#5115=EDGE_CURVE('',#5112,#5114,#5110,.T.);
#5116=ORIENTED_EDGE('',*,*,#5115,.T.);
#5117=CARTESIAN_POINT('',(0.012439999999999887,0.00146,-0.01150000000000007));
#5118=DIRECTION('',(0.,0.,-1.));
#5119=VECTOR('',#5118,1.);
#5120=LINE('',#5117,#5119);
#5121=CARTESIAN_POINT('',(0.012439999999999887,0.00146,-0.01150000000000007));
#5122=VERTEX_POINT('',#5121);
#5123=EDGE_CURVE('',#5114,#5122,#5120,.T.);
#5124=ORIENTED_EDGE('',*,*,#5123,.T.);
#5125=CARTESIAN_POINT('',(0.012439999999999887,0.00146,-0.01150000000000007));
#5126=DIRECTION('',(0.,-1.,0.));
#5127=VECTOR('',#5126,1.);
#5128=LINE('',#5125,#5127);
#5129=CARTESIAN_POINT('',(0.012439999999999887,0.00108,-0.01150000000000007));
#5130=VERTEX_POINT('',#5129);
#5131=EDGE_CURVE('',#5122,#5130,#5128,.T.);
#5132=ORIENTED_EDGE('',*,*,#5131,.T.);
#5133=CARTESIAN_POINT('',(0.012439999999999887,0.00108,-0.01150000000000007));
#5134=DIRECTION('',(0.,0.,-1.));
#5135=VECTOR('',#5134,1.);
#5136=LINE('',#5133,#5135);
#5137=EDGE_CURVE('',#5130,#5112,#5136,.T.);
#5138=ORIENTED_EDGE('',*,*,#5137,.T.);
#5139=EDGE_LOOP('',(#5116,#5124,#5132,#5138));
#5140=FACE_OUTER_BOUND('',#5139,.T.);
#5141=ADVANCED_FACE('',(#5140),#5106,.F.);
#5142=CARTESIAN_POINT('',(0.015039999999999887,0.00146,-0.014590000000000068));
#5143=DIRECTION('',(0.,0.,1.));
#5144=DIRECTION('',(-1.,0.,0.));
#5145=AXIS2_PLACEMENT_3D('',#5142,#5143,#5144);
#5146=PLANE('',#5145);
#5147=CARTESIAN_POINT('',(0.015039999999999887,0.00146,-0.014590000000000068));
#5148=DIRECTION('',(0.,-1.,0.));
#5149=VECTOR('',#5148,1.);
#5150=LINE('',#5147,#5149);
#5151=CARTESIAN_POINT('',(0.015039999999999887,0.00108,-0.014590000000000068));
#5152=VERTEX_POINT('',#5151);
#5153=CARTESIAN_POINT('',(0.015039999999999887,0.00146,-0.014590000000000068));
#5154=VERTEX_POINT('',#5153);
#5155=EDGE_CURVE('',#5152,#5154,#5150,.T.);
#5156=ORIENTED_EDGE('',*,*,#5155,.T.);
#5157=CARTESIAN_POINT('',(0.015039999999999887,0.00146,-0.014590000000000068));
#5158=DIRECTION('',(1.,0.,0.));
#5159=VECTOR('',#5158,1.);
#5160=LINE('',#5157,#5159);
#5161=EDGE_CURVE('',#5154,#5114,#5160,.T.);
#5162=ORIENTED_EDGE('',*,*,#5161,.T.);
#5163=CARTESIAN_POINT('',(0.012439999999999887,0.00146,-0.014590000000000068));
#5164=DIRECTION('',(0.,-1.,0.));
#5165=VECTOR('',#5164,1.);
#5166=LINE('',#5163,#5165);
#5167=EDGE_CURVE('',#5112,#5114,#5166,.T.);
#5168=ORIENTED_EDGE('',*,*,#5167,.F.);
#5169=CARTESIAN_POINT('',(0.015039999999999887,0.00108,-0.014590000000000068));
#5170=DIRECTION('',(1.,0.,0.));
#5171=VECTOR('',#5170,1.);
#5172=LINE('',#5169,#5171);
#5173=EDGE_CURVE('',#5112,#5152,#5172,.T.);
#5174=ORIENTED_EDGE('',*,*,#5173,.T.);
#5175=EDGE_LOOP('',(#5156,#5162,#5168,#5174));
#5176=FACE_OUTER_BOUND('',#5175,.T.);
#5177=ADVANCED_FACE('',(#5176),#5146,.F.);
#5178=CARTESIAN_POINT('',(0.015039999999999887,0.00146,-0.01150000000000007));
#5179=DIRECTION('',(-1.,0.,0.));
#5180=DIRECTION('',(0.,0.,-1.));
#5181=AXIS2_PLACEMENT_3D('',#5178,#5179,#5180);
#5182=PLANE('',#5181);
#5183=CARTESIAN_POINT('',(0.015039999999999887,0.00146,-0.01150000000000007));
#5184=DIRECTION('',(0.,-1.,0.));
#5185=VECTOR('',#5184,1.);
#5186=LINE('',#5183,#5185);
#5187=CARTESIAN_POINT('',(0.015039999999999887,0.00108,-0.01150000000000007));
#5188=VERTEX_POINT('',#5187);
#5189=CARTESIAN_POINT('',(0.015039999999999887,0.00146,-0.01150000000000007));
#5190=VERTEX_POINT('',#5189);
#5191=EDGE_CURVE('',#5188,#5190,#5186,.T.);
#5192=ORIENTED_EDGE('',*,*,#5191,.T.);
#5193=CARTESIAN_POINT('',(0.015039999999999887,0.00146,-0.01150000000000007));
#5194=DIRECTION('',(0.,0.,1.));
#5195=VECTOR('',#5194,1.);
#5196=LINE('',#5193,#5195);
#5197=EDGE_CURVE('',#5190,#5154,#5196,.T.);
#5198=ORIENTED_EDGE('',*,*,#5197,.T.);
#5199=CARTESIAN_POINT('',(0.015039999999999887,0.00146,-0.014590000000000068));
#5200=DIRECTION('',(0.,-1.,0.));
#5201=VECTOR('',#5200,1.);
#5202=LINE('',#5199,#5201);
#5203=EDGE_CURVE('',#5152,#5154,#5202,.T.);
#5204=ORIENTED_EDGE('',*,*,#5203,.F.);
#5205=CARTESIAN_POINT('',(0.015039999999999887,0.00108,-0.01150000000000007));
#5206=DIRECTION('',(0.,0.,1.));
#5207=VECTOR('',#5206,1.);
#5208=LINE('',#5205,#5207);
#5209=EDGE_CURVE('',#5152,#5188,#5208,.T.);
#5210=ORIENTED_EDGE('',*,*,#5209,.T.);
#5211=EDGE_LOOP('',(#5192,#5198,#5204,#5210));
#5212=FACE_OUTER_BOUND('',#5211,.T.);
#5213=ADVANCED_FACE('',(#5212),#5182,.F.);
#5214=CARTESIAN_POINT('',(0.015039999999999887,0.00146,-0.01150000000000007));
#5215=DIRECTION('',(0.,0.,-1.));
#5216=DIRECTION('',(1.,0.,0.));
#5217=AXIS2_PLACEMENT_3D('',#5214,#5215,#5216);
#5218=PLANE('',#5217);
#5219=CARTESIAN_POINT('',(0.012439999999999887,0.00146,-0.01150000000000007));
#5220=DIRECTION('',(0.,-1.,0.));
#5221=VECTOR('',#5220,1.);
#5222=LINE('',#5219,#5221);
#5223=EDGE_CURVE('',#5122,#5130,#5222,.T.);
#5224=ORIENTED_EDGE('',*,*,#5223,.F.);
#5225=CARTESIAN_POINT('',(0.015039999999999887,0.00146,-0.01150000000000007));
#5226=DIRECTION('',(-1.,0.,0.));
#5227=VECTOR('',#5226,1.);
#5228=LINE('',#5225,#5227);
#5229=EDGE_CURVE('',#5122,#5190,#5228,.T.);
#5230=ORIENTED_EDGE('',*,*,#5229,.T.);
#5231=CARTESIAN_POINT('',(0.015039999999999887,0.00146,-0.01150000000000007));
#5232=DIRECTION('',(0.,-1.,0.));
#5233=VECTOR('',#5232,1.);
#5234=LINE('',#5231,#5233);
#5235=EDGE_CURVE('',#5188,#5190,#5234,.T.);
#5236=ORIENTED_EDGE('',*,*,#5235,.F.);
#5237=CARTESIAN_POINT('',(0.015039999999999887,0.00108,-0.01150000000000007));
#5238=DIRECTION('',(-1.,0.,0.));
#5239=VECTOR('',#5238,1.);
#5240=LINE('',#5237,#5239);
#5241=EDGE_CURVE('',#5188,#5130,#5240,.T.);
#5242=ORIENTED_EDGE('',*,*,#5241,.T.);
#5243=EDGE_LOOP('',(#5224,#5230,#5236,#5242));
#5244=FACE_OUTER_BOUND('',#5243,.T.);
#5245=ADVANCED_FACE('',(#5244),#5218,.F.);
#5246=CARTESIAN_POINT('',(0.,0.00146,0.));
#5247=DIRECTION('',(0.,-1.,0.));
#5248=DIRECTION('',(0.,0.,-1.));
#5249=AXIS2_PLACEMENT_3D('',#5246,#5247,#5248);
#5250=PLANE('',#5249);
#5251=CARTESIAN_POINT('',(0.012439999999999887,0.00146,-0.01150000000000007));
#5252=DIRECTION('',(0.,0.,-1.));
#5253=VECTOR('',#5252,1.);
#5254=LINE('',#5251,#5253);
#5255=EDGE_CURVE('',#5114,#5122,#5254,.T.);
#5256=ORIENTED_EDGE('',*,*,#5255,.F.);
#5257=CARTESIAN_POINT('',(0.015039999999999887,0.00146,-0.014590000000000068));
#5258=DIRECTION('',(1.,0.,0.));
#5259=VECTOR('',#5258,1.);
#5260=LINE('',#5257,#5259);
#5261=EDGE_CURVE('',#5154,#5114,#5260,.T.);
#5262=ORIENTED_EDGE('',*,*,#5261,.F.);
#5263=CARTESIAN_POINT('',(0.015039999999999887,0.00146,-0.01150000000000007));
#5264=DIRECTION('',(0.,0.,1.));
#5265=VECTOR('',#5264,1.);
#5266=LINE('',#5263,#5265);
#5267=EDGE_CURVE('',#5190,#5154,#5266,.T.);
#5268=ORIENTED_EDGE('',*,*,#5267,.F.);
#5269=CARTESIAN_POINT('',(0.015039999999999887,0.00146,-0.01150000000000007));
#5270=DIRECTION('',(-1.,0.,0.));
#5271=VECTOR('',#5270,1.);
#5272=LINE('',#5269,#5271);
#5273=EDGE_CURVE('',#5122,#5190,#5272,.T.);
#5274=ORIENTED_EDGE('',*,*,#5273,.F.);
#5275=EDGE_LOOP('',(#5256,#5262,#5268,#5274));
#5276=FACE_OUTER_BOUND('',#5275,.T.);
#5277=ADVANCED_FACE('',(#5276),#5250,.F.);
#5278=CARTESIAN_POINT('',(0.,0.00108,0.));
#5279=DIRECTION('',(0.,-1.,0.));
#5280=DIRECTION('',(0.,0.,-1.));
#5281=AXIS2_PLACEMENT_3D('',#5278,#5279,#5280);
#5282=PLANE('',#5281);
#5283=CARTESIAN_POINT('',(0.012439999999999887,0.00108,-0.01150000000000007));
#5284=DIRECTION('',(0.,0.,-1.));
#5285=VECTOR('',#5284,1.);
#5286=LINE('',#5283,#5285);
#5287=EDGE_CURVE('',#5130,#5112,#5286,.T.);
#5288=ORIENTED_EDGE('',*,*,#5287,.T.);
#5289=CARTESIAN_POINT('',(0.015039999999999887,0.00108,-0.014590000000000068));
#5290=DIRECTION('',(1.,0.,0.));
#5291=VECTOR('',#5290,1.);
#5292=LINE('',#5289,#5291);
#5293=EDGE_CURVE('',#5112,#5152,#5292,.T.);
#5294=ORIENTED_EDGE('',*,*,#5293,.T.);
#5295=CARTESIAN_POINT('',(0.015039999999999887,0.00108,-0.01150000000000007));
#5296=DIRECTION('',(0.,0.,1.));
#5297=VECTOR('',#5296,1.);
#5298=LINE('',#5295,#5297);
#5299=EDGE_CURVE('',#5152,#5188,#5298,.T.);
#5300=ORIENTED_EDGE('',*,*,#5299,.T.);
#5301=CARTESIAN_POINT('',(0.015039999999999887,0.00108,-0.01150000000000007));
#5302=DIRECTION('',(-1.,0.,0.));
#5303=VECTOR('',#5302,1.);
#5304=LINE('',#5301,#5303);
#5305=EDGE_CURVE('',#5188,#5130,#5304,.T.);
#5306=ORIENTED_EDGE('',*,*,#5305,.T.);
#5307=EDGE_LOOP('',(#5288,#5294,#5300,#5306));
#5308=FACE_OUTER_BOUND('',#5307,.T.);
#5309=ADVANCED_FACE('',(#5308),#5282,.T.);
#5310=CLOSED_SHELL('',(#5141,#5177,#5213,#5245,#5277,#5309));
#5311=MANIFOLD_SOLID_BREP('',#5310);
#5312=CARTESIAN_POINT('',(0.013739999999999888,0.00226,-0.01304500000000007));
#5313=DIRECTION('',(0.,-1.,0.));
#5314=DIRECTION('',(0.,0.,-1.));
#5315=AXIS2_PLACEMENT_3D('',#5312,#5313,#5314);
#5316=CYLINDRICAL_SURFACE('',#5315,0.0008099999999999993);
#5317=CARTESIAN_POINT('',(0.013739999999999888,0.00226,-0.01304500000000007));
#5318=DIRECTION('',(0.,-1.,0.));
#5319=DIRECTION('',(0.,0.,1.));
#5320=AXIS2_PLACEMENT_3D('',#5317,#5318,#5319);
#5321=CIRCLE('',#5320,0.0008099999999999993);
#5322=CARTESIAN_POINT('',(0.013739999999999888,0.00226,-0.01223500000000007));
#5323=VERTEX_POINT('',#5322);
#5324=EDGE_CURVE('',#5323,#5323,#5321,.T.);
#5325=ORIENTED_EDGE('',*,*,#5324,.F.);
#5326=EDGE_LOOP('',(#5325));
#5327=FACE_OUTER_BOUND('',#5326,.T.);
#5328=CARTESIAN_POINT('',(0.013739999999999888,0.00146,-0.01304500000000007));
#5329=DIRECTION('',(0.,-1.,0.));
#5330=DIRECTION('',(0.,0.,1.));
#5331=AXIS2_PLACEMENT_3D('',#5328,#5329,#5330);
#5332=CIRCLE('',#5331,0.0008099999999999993);
#5333=CARTESIAN_POINT('',(0.013739999999999888,0.00146,-0.01223500000000007));
#5334=VERTEX_POINT('',#5333);
#5335=EDGE_CURVE('',#5334,#5334,#5332,.T.);
#5336=ORIENTED_EDGE('',*,*,#5335,.T.);
#5337=EDGE_LOOP('',(#5336));
#5338=FACE_BOUND('',#5337,.T.);
#5339=ADVANCED_FACE('',(#5327,#5338),#5316,.F.);
#5340=CARTESIAN_POINT('',(0.013739999999999888,0.00226,-0.01304500000000007));
#5341=DIRECTION('',(0.,-1.,0.));
#5342=DIRECTION('',(0.,0.,-1.));
#5343=AXIS2_PLACEMENT_3D('',#5340,#5341,#5342);
#5344=CYLINDRICAL_SURFACE('',#5343,0.00101);
#5345=CARTESIAN_POINT('',(0.013739999999999888,0.00226,-0.01304500000000007));
#5346=DIRECTION('',(0.,-1.,0.));
#5347=DIRECTION('',(0.,0.,1.));
#5348=AXIS2_PLACEMENT_3D('',#5345,#5346,#5347);
#5349=CIRCLE('',#5348,0.00101);
#5350=CARTESIAN_POINT('',(0.013739999999999888,0.00226,-0.01203500000000007));
#5351=VERTEX_POINT('',#5350);
#5352=EDGE_CURVE('',#5351,#5351,#5349,.T.);
#5353=ORIENTED_EDGE('',*,*,#5352,.T.);
#5354=EDGE_LOOP('',(#5353));
#5355=FACE_OUTER_BOUND('',#5354,.T.);
#5356=CARTESIAN_POINT('',(0.013739999999999888,0.00146,-0.01304500000000007));
#5357=DIRECTION('',(0.,-1.,0.));
#5358=DIRECTION('',(0.,0.,1.));
#5359=AXIS2_PLACEMENT_3D('',#5356,#5357,#5358);
#5360=CIRCLE('',#5359,0.00101);
#5361=CARTESIAN_POINT('',(0.013739999999999888,0.00146,-0.01203500000000007));
#5362=VERTEX_POINT('',#5361);
#5363=EDGE_CURVE('',#5362,#5362,#5360,.T.);
#5364=ORIENTED_EDGE('',*,*,#5363,.F.);
#5365=EDGE_LOOP('',(#5364));
#5366=FACE_BOUND('',#5365,.T.);
#5367=ADVANCED_FACE('',(#5355,#5366),#5344,.T.);
#5368=CARTESIAN_POINT('',(0.,0.00226,0.));
#5369=DIRECTION('',(0.,1.,0.));
#5370=DIRECTION('',(0.,0.,1.));
#5371=AXIS2_PLACEMENT_3D('',#5368,#5369,#5370);
#5372=PLANE('',#5371);
#5373=CARTESIAN_POINT('',(0.013739999999999888,0.00226,-0.01304500000000007));
#5374=DIRECTION('',(0.,-1.,0.));
#5375=DIRECTION('',(0.,0.,1.));
#5376=AXIS2_PLACEMENT_3D('',#5373,#5374,#5375);
#5377=CIRCLE('',#5376,0.0008099999999999993);
#5378=EDGE_CURVE('',#5323,#5323,#5377,.T.);
#5379=ORIENTED_EDGE('',*,*,#5378,.T.);
#5380=EDGE_LOOP('',(#5379));
#5381=FACE_OUTER_BOUND('',#5380,.T.);
#5382=CARTESIAN_POINT('',(0.013739999999999888,0.00226,-0.01304500000000007));
#5383=DIRECTION('',(0.,-1.,0.));
#5384=DIRECTION('',(0.,0.,1.));
#5385=AXIS2_PLACEMENT_3D('',#5382,#5383,#5384);
#5386=CIRCLE('',#5385,0.00101);
#5387=EDGE_CURVE('',#5351,#5351,#5386,.T.);
#5388=ORIENTED_EDGE('',*,*,#5387,.F.);
#5389=EDGE_LOOP('',(#5388));
#5390=FACE_BOUND('',#5389,.T.);
#5391=ADVANCED_FACE('',(#5381,#5390),#5372,.T.);
#5392=CARTESIAN_POINT('',(0.,0.00146,0.));
#5393=DIRECTION('',(0.,1.,0.));
#5394=DIRECTION('',(0.,0.,1.));
#5395=AXIS2_PLACEMENT_3D('',#5392,#5393,#5394);
#5396=PLANE('',#5395);
#5397=CARTESIAN_POINT('',(0.013739999999999888,0.00146,-0.01304500000000007));
#5398=DIRECTION('',(0.,-1.,0.));
#5399=DIRECTION('',(0.,0.,1.));
#5400=AXIS2_PLACEMENT_3D('',#5397,#5398,#5399);
#5401=CIRCLE('',#5400,0.0008099999999999993);
#5402=EDGE_CURVE('',#5334,#5334,#5401,.T.);
#5403=ORIENTED_EDGE('',*,*,#5402,.F.);
#5404=EDGE_LOOP('',(#5403));
#5405=FACE_OUTER_BOUND('',#5404,.T.);
#5406=CARTESIAN_POINT('',(0.013739999999999888,0.00146,-0.01304500000000007));
#5407=DIRECTION('',(0.,-1.,0.));
#5408=DIRECTION('',(0.,0.,1.));
#5409=AXIS2_PLACEMENT_3D('',#5406,#5407,#5408);
#5410=CIRCLE('',#5409,0.00101);
#5411=EDGE_CURVE('',#5362,#5362,#5410,.T.);
#5412=ORIENTED_EDGE('',*,*,#5411,.T.);
#5413=EDGE_LOOP('',(#5412));
#5414=FACE_BOUND('',#5413,.T.);
#5415=ADVANCED_FACE('',(#5405,#5414),#5396,.F.);
#5416=CLOSED_SHELL('',(#5339,#5367,#5391,#5415));
#5417=MANIFOLD_SOLID_BREP('',#5416);
#5418=CARTESIAN_POINT('',(-0.013739999999999888,0.00226,-0.01304500000000007));
#5419=DIRECTION('',(0.,-1.,0.));
#5420=DIRECTION('',(0.,0.,-1.));
#5421=AXIS2_PLACEMENT_3D('',#5418,#5419,#5420);
#5422=CYLINDRICAL_SURFACE('',#5421,0.00025499999999999937);
#5423=CARTESIAN_POINT('',(-0.013739999999999888,0.00226,-0.01304500000000007));
#5424=DIRECTION('',(0.,1.,0.));
#5425=DIRECTION('',(0.,0.,1.));
#5426=AXIS2_PLACEMENT_3D('',#5423,#5424,#5425);
#5427=CIRCLE('',#5426,0.00025499999999999937);
#5428=CARTESIAN_POINT('',(-0.013739999999999888,0.00226,-0.01279000000000007));
#5429=VERTEX_POINT('',#5428);
#5430=EDGE_CURVE('',#5429,#5429,#5427,.T.);
#5431=ORIENTED_EDGE('',*,*,#5430,.F.);
#5432=EDGE_LOOP('',(#5431));
#5433=FACE_OUTER_BOUND('',#5432,.T.);
#5434=CARTESIAN_POINT('',(-0.013739999999999888,0.00146,-0.01304500000000007));
#5435=DIRECTION('',(0.,1.,0.));
#5436=DIRECTION('',(0.,0.,1.));
#5437=AXIS2_PLACEMENT_3D('',#5434,#5435,#5436);
#5438=CIRCLE('',#5437,0.00025499999999999937);
#5439=CARTESIAN_POINT('',(-0.013739999999999888,0.00146,-0.01279000000000007));
#5440=VERTEX_POINT('',#5439);
#5441=EDGE_CURVE('',#5440,#5440,#5438,.T.);
#5442=ORIENTED_EDGE('',*,*,#5441,.T.);
#5443=EDGE_LOOP('',(#5442));
#5444=FACE_BOUND('',#5443,.T.);
#5445=ADVANCED_FACE('',(#5433,#5444),#5422,.T.);
#5446=CARTESIAN_POINT('',(0.,0.00226,0.));
#5447=DIRECTION('',(0.,1.,0.));
#5448=DIRECTION('',(0.,0.,1.));
#5449=AXIS2_PLACEMENT_3D('',#5446,#5447,#5448);
#5450=PLANE('',#5449);
#5451=CARTESIAN_POINT('',(-0.013739999999999888,0.00226,-0.01304500000000007));
#5452=DIRECTION('',(0.,1.,0.));
#5453=DIRECTION('',(0.,0.,1.));
#5454=AXIS2_PLACEMENT_3D('',#5451,#5452,#5453);
#5455=CIRCLE('',#5454,0.00025499999999999937);
#5456=EDGE_CURVE('',#5429,#5429,#5455,.T.);
#5457=ORIENTED_EDGE('',*,*,#5456,.T.);
#5458=EDGE_LOOP('',(#5457));
#5459=FACE_OUTER_BOUND('',#5458,.T.);
#5460=ADVANCED_FACE('',(#5459),#5450,.T.);
#5461=CARTESIAN_POINT('',(0.,0.00146,0.));
#5462=DIRECTION('',(0.,1.,0.));
#5463=DIRECTION('',(0.,0.,1.));
#5464=AXIS2_PLACEMENT_3D('',#5461,#5462,#5463);
#5465=PLANE('',#5464);
#5466=CARTESIAN_POINT('',(-0.013739999999999888,0.00146,-0.01304500000000007));
#5467=DIRECTION('',(0.,1.,0.));
#5468=DIRECTION('',(0.,0.,1.));
#5469=AXIS2_PLACEMENT_3D('',#5466,#5467,#5468);
#5470=CIRCLE('',#5469,0.00025499999999999937);
#5471=EDGE_CURVE('',#5440,#5440,#5470,.T.);
#5472=ORIENTED_EDGE('',*,*,#5471,.F.);
#5473=EDGE_LOOP('',(#5472));
#5474=FACE_OUTER_BOUND('',#5473,.T.);
#5475=ADVANCED_FACE('',(#5474),#5465,.F.);
#5476=CLOSED_SHELL('',(#5445,#5460,#5475));
#5477=MANIFOLD_SOLID_BREP('',#5476);
#5478=CARTESIAN_POINT('',(-0.013739999999999888,0.00226,-0.01304500000000007));
#5479=DIRECTION('',(0.,-1.,0.));
#5480=DIRECTION('',(0.,0.,-1.));
#5481=AXIS2_PLACEMENT_3D('',#5478,#5479,#5480);
#5482=CYLINDRICAL_SURFACE('',#5481,0.0008099999999999993);
#5483=CARTESIAN_POINT('',(-0.013739999999999888,0.00226,-0.01304500000000007));
#5484=DIRECTION('',(0.,1.,0.));
#5485=DIRECTION('',(0.,0.,1.));
#5486=AXIS2_PLACEMENT_3D('',#5483,#5484,#5485);
#5487=CIRCLE('',#5486,0.0008099999999999993);
#5488=CARTESIAN_POINT('',(-0.013739999999999888,0.00226,-0.01223500000000007));
#5489=VERTEX_POINT('',#5488);
#5490=EDGE_CURVE('',#5489,#5489,#5487,.T.);
#5491=ORIENTED_EDGE('',*,*,#5490,.T.);
#5492=EDGE_LOOP('',(#5491));
#5493=FACE_OUTER_BOUND('',#5492,.T.);
#5494=CARTESIAN_POINT('',(-0.013739999999999888,0.00146,-0.01304500000000007));
#5495=DIRECTION('',(0.,1.,0.));
#5496=DIRECTION('',(0.,0.,1.));
#5497=AXIS2_PLACEMENT_3D('',#5494,#5495,#5496);
#5498=CIRCLE('',#5497,0.0008099999999999993);
#5499=CARTESIAN_POINT('',(-0.013739999999999888,0.00146,-0.01223500000000007));
#5500=VERTEX_POINT('',#5499);
#5501=EDGE_CURVE('',#5500,#5500,#5498,.T.);
#5502=ORIENTED_EDGE('',*,*,#5501,.F.);
#5503=EDGE_LOOP('',(#5502));
#5504=FACE_BOUND('',#5503,.T.);
#5505=ADVANCED_FACE('',(#5493,#5504),#5482,.F.);
#5506=CARTESIAN_POINT('',(-0.013739999999999888,0.00226,-0.01304500000000007));
#5507=DIRECTION('',(0.,-1.,0.));
#5508=DIRECTION('',(0.,0.,-1.));
#5509=AXIS2_PLACEMENT_3D('',#5506,#5507,#5508);
#5510=CYLINDRICAL_SURFACE('',#5509,0.00101);
#5511=CARTESIAN_POINT('',(-0.013739999999999888,0.00226,-0.01304500000000007));
#5512=DIRECTION('',(0.,1.,0.));
#5513=DIRECTION('',(0.,0.,1.));
#5514=AXIS2_PLACEMENT_3D('',#5511,#5512,#5513);
#5515=CIRCLE('',#5514,0.00101);
#5516=CARTESIAN_POINT('',(-0.013739999999999888,0.00226,-0.01203500000000007));
#5517=VERTEX_POINT('',#5516);
#5518=EDGE_CURVE('',#5517,#5517,#5515,.T.);
#5519=ORIENTED_EDGE('',*,*,#5518,.F.);
#5520=EDGE_LOOP('',(#5519));
#5521=FACE_OUTER_BOUND('',#5520,.T.);
#5522=CARTESIAN_POINT('',(-0.013739999999999888,0.00146,-0.01304500000000007));
#5523=DIRECTION('',(0.,1.,0.));
#5524=DIRECTION('',(0.,0.,1.));
#5525=AXIS2_PLACEMENT_3D('',#5522,#5523,#5524);
#5526=CIRCLE('',#5525,0.00101);
#5527=CARTESIAN_POINT('',(-0.013739999999999888,0.00146,-0.01203500000000007));
#5528=VERTEX_POINT('',#5527);
#5529=EDGE_CURVE('',#5528,#5528,#5526,.T.);
#5530=ORIENTED_EDGE('',*,*,#5529,.T.);
#5531=EDGE_LOOP('',(#5530));
#5532=FACE_BOUND('',#5531,.T.);
#5533=ADVANCED_FACE('',(#5521,#5532),#5510,.T.);
#5534=CARTESIAN_POINT('',(0.,0.00226,0.));
#5535=DIRECTION('',(0.,1.,0.));
#5536=DIRECTION('',(0.,0.,1.));
#5537=AXIS2_PLACEMENT_3D('',#5534,#5535,#5536);
#5538=PLANE('',#5537);
#5539=CARTESIAN_POINT('',(-0.013739999999999888,0.00226,-0.01304500000000007));
#5540=DIRECTION('',(0.,1.,0.));
#5541=DIRECTION('',(0.,0.,1.));
#5542=AXIS2_PLACEMENT_3D('',#5539,#5540,#5541);
#5543=CIRCLE('',#5542,0.0008099999999999993);
#5544=EDGE_CURVE('',#5489,#5489,#5543,.T.);
#5545=ORIENTED_EDGE('',*,*,#5544,.F.);
#5546=EDGE_LOOP('',(#5545));
#5547=FACE_OUTER_BOUND('',#5546,.T.);
#5548=CARTESIAN_POINT('',(-0.013739999999999888,0.00226,-0.01304500000000007));
#5549=DIRECTION('',(0.,1.,0.));
#5550=DIRECTION('',(0.,0.,1.));
#5551=AXIS2_PLACEMENT_3D('',#5548,#5549,#5550);
#5552=CIRCLE('',#5551,0.00101);
#5553=EDGE_CURVE('',#5517,#5517,#5552,.T.);
#5554=ORIENTED_EDGE('',*,*,#5553,.T.);
#5555=EDGE_LOOP('',(#5554));
#5556=FACE_BOUND('',#5555,.T.);
#5557=ADVANCED_FACE('',(#5547,#5556),#5538,.T.);
#5558=CARTESIAN_POINT('',(0.,0.00146,0.));
#5559=DIRECTION('',(0.,1.,0.));
#5560=DIRECTION('',(0.,0.,1.));
#5561=AXIS2_PLACEMENT_3D('',#5558,#5559,#5560);
#5562=PLANE('',#5561);
#5563=CARTESIAN_POINT('',(-0.013739999999999888,0.00146,-0.01304500000000007));
#5564=DIRECTION('',(0.,1.,0.));
#5565=DIRECTION('',(0.,0.,1.));
#5566=AXIS2_PLACEMENT_3D('',#5563,#5564,#5565);
#5567=CIRCLE('',#5566,0.0008099999999999993);
#5568=EDGE_CURVE('',#5500,#5500,#5567,.T.);
#5569=ORIENTED_EDGE('',*,*,#5568,.T.);
#5570=EDGE_LOOP('',(#5569));
#5571=FACE_OUTER_BOUND('',#5570,.T.);
#5572=CARTESIAN_POINT('',(-0.013739999999999888,0.00146,-0.01304500000000007));
#5573=DIRECTION('',(0.,1.,0.));
#5574=DIRECTION('',(0.,0.,1.));
#5575=AXIS2_PLACEMENT_3D('',#5572,#5573,#5574);
#5576=CIRCLE('',#5575,0.00101);
#5577=EDGE_CURVE('',#5528,#5528,#5576,.T.);
#5578=ORIENTED_EDGE('',*,*,#5577,.F.);
#5579=EDGE_LOOP('',(#5578));
#5580=FACE_BOUND('',#5579,.T.);
#5581=ADVANCED_FACE('',(#5571,#5580),#5562,.F.);
#5582=CLOSED_SHELL('',(#5505,#5533,#5557,#5581));
#5583=MANIFOLD_SOLID_BREP('',#5582);
#5584=CARTESIAN_POINT('',(-0.012439999999999887,0.00146,-0.01150000000000007));
#5585=DIRECTION('',(-1.,0.,0.));
#5586=DIRECTION('',(0.,0.,1.));
#5587=AXIS2_PLACEMENT_3D('',#5584,#5585,#5586);
#5588=PLANE('',#5587);
#5589=CARTESIAN_POINT('',(-0.012439999999999887,0.00108,-0.01150000000000007));
#5590=DIRECTION('',(0.,0.,-1.));
#5591=VECTOR('',#5590,1.);
#5592=LINE('',#5589,#5591);
#5593=CARTESIAN_POINT('',(-0.012439999999999887,0.00108,-0.014590000000000068));
#5594=VERTEX_POINT('',#5593);
#5595=CARTESIAN_POINT('',(-0.012439999999999887,0.00108,-0.01150000000000007));
#5596=VERTEX_POINT('',#5595);
#5597=EDGE_CURVE('',#5594,#5596,#5592,.T.);
#5598=ORIENTED_EDGE('',*,*,#5597,.T.);
#5599=CARTESIAN_POINT('',(-0.012439999999999887,0.00146,-0.01150000000000007));
#5600=DIRECTION('',(0.,-1.,0.));
#5601=VECTOR('',#5600,1.);
#5602=LINE('',#5599,#5601);
#5603=CARTESIAN_POINT('',(-0.012439999999999887,0.00146,-0.01150000000000007));
#5604=VERTEX_POINT('',#5603);
#5605=EDGE_CURVE('',#5596,#5604,#5602,.T.);
#5606=ORIENTED_EDGE('',*,*,#5605,.T.);
#5607=CARTESIAN_POINT('',(-0.012439999999999887,0.00146,-0.01150000000000007));
#5608=DIRECTION('',(0.,0.,-1.));
#5609=VECTOR('',#5608,1.);
#5610=LINE('',#5607,#5609);
#5611=CARTESIAN_POINT('',(-0.012439999999999887,0.00146,-0.014590000000000068));
#5612=VERTEX_POINT('',#5611);
#5613=EDGE_CURVE('',#5604,#5612,#5610,.T.);
#5614=ORIENTED_EDGE('',*,*,#5613,.T.);
#5615=CARTESIAN_POINT('',(-0.012439999999999887,0.00146,-0.014590000000000068));
#5616=DIRECTION('',(0.,-1.,0.));
#5617=VECTOR('',#5616,1.);
#5618=LINE('',#5615,#5617);
#5619=EDGE_CURVE('',#5612,#5594,#5618,.T.);
#5620=ORIENTED_EDGE('',*,*,#5619,.T.);
#5621=EDGE_LOOP('',(#5598,#5606,#5614,#5620));
#5622=FACE_OUTER_BOUND('',#5621,.T.);
#5623=ADVANCED_FACE('',(#5622),#5588,.F.);
#5624=CARTESIAN_POINT('',(-0.015039999999999887,0.00146,-0.014590000000000068));
#5625=DIRECTION('',(0.,0.,1.));
#5626=DIRECTION('',(1.,0.,0.));
#5627=AXIS2_PLACEMENT_3D('',#5624,#5625,#5626);
#5628=PLANE('',#5627);
#5629=CARTESIAN_POINT('',(-0.015039999999999887,0.00108,-0.014590000000000068));
#5630=DIRECTION('',(-1.,0.,0.));
#5631=VECTOR('',#5630,1.);
#5632=LINE('',#5629,#5631);
#5633=CARTESIAN_POINT('',(-0.015039999999999887,0.00108,-0.014590000000000068));
#5634=VERTEX_POINT('',#5633);
#5635=EDGE_CURVE('',#5634,#5594,#5632,.T.);
#5636=ORIENTED_EDGE('',*,*,#5635,.T.);
#5637=CARTESIAN_POINT('',(-0.012439999999999887,0.00146,-0.014590000000000068));
#5638=DIRECTION('',(0.,-1.,0.));
#5639=VECTOR('',#5638,1.);
#5640=LINE('',#5637,#5639);
#5641=EDGE_CURVE('',#5612,#5594,#5640,.T.);
#5642=ORIENTED_EDGE('',*,*,#5641,.F.);
#5643=CARTESIAN_POINT('',(-0.015039999999999887,0.00146,-0.014590000000000068));
#5644=DIRECTION('',(-1.,0.,0.));
#5645=VECTOR('',#5644,1.);
#5646=LINE('',#5643,#5645);
#5647=CARTESIAN_POINT('',(-0.015039999999999887,0.00146,-0.014590000000000068));
#5648=VERTEX_POINT('',#5647);
#5649=EDGE_CURVE('',#5612,#5648,#5646,.T.);
#5650=ORIENTED_EDGE('',*,*,#5649,.T.);
#5651=CARTESIAN_POINT('',(-0.015039999999999887,0.00146,-0.014590000000000068));
#5652=DIRECTION('',(0.,-1.,0.));
#5653=VECTOR('',#5652,1.);
#5654=LINE('',#5651,#5653);
#5655=EDGE_CURVE('',#5648,#5634,#5654,.T.);
#5656=ORIENTED_EDGE('',*,*,#5655,.T.);
#5657=EDGE_LOOP('',(#5636,#5642,#5650,#5656));
#5658=FACE_OUTER_BOUND('',#5657,.T.);
#5659=ADVANCED_FACE('',(#5658),#5628,.F.);
#5660=CARTESIAN_POINT('',(-0.015039999999999887,0.00146,-0.01150000000000007));
#5661=DIRECTION('',(1.,0.,0.));
#5662=DIRECTION('',(0.,0.,-1.));
#5663=AXIS2_PLACEMENT_3D('',#5660,#5661,#5662);
#5664=PLANE('',#5663);
#5665=CARTESIAN_POINT('',(-0.015039999999999887,0.00108,-0.01150000000000007));
#5666=DIRECTION('',(0.,0.,1.));
#5667=VECTOR('',#5666,1.);
#5668=LINE('',#5665,#5667);
#5669=CARTESIAN_POINT('',(-0.015039999999999887,0.00108,-0.01150000000000007));
#5670=VERTEX_POINT('',#5669);
#5671=EDGE_CURVE('',#5670,#5634,#5668,.T.);
#5672=ORIENTED_EDGE('',*,*,#5671,.T.);
#5673=CARTESIAN_POINT('',(-0.015039999999999887,0.00146,-0.014590000000000068));
#5674=DIRECTION('',(0.,-1.,0.));
#5675=VECTOR('',#5674,1.);
#5676=LINE('',#5673,#5675);
#5677=EDGE_CURVE('',#5648,#5634,#5676,.T.);
#5678=ORIENTED_EDGE('',*,*,#5677,.F.);
#5679=CARTESIAN_POINT('',(-0.015039999999999887,0.00146,-0.01150000000000007));
#5680=DIRECTION('',(0.,0.,1.));
#5681=VECTOR('',#5680,1.);
#5682=LINE('',#5679,#5681);
#5683=CARTESIAN_POINT('',(-0.015039999999999887,0.00146,-0.01150000000000007));
#5684=VERTEX_POINT('',#5683);
#5685=EDGE_CURVE('',#5648,#5684,#5682,.T.);
#5686=ORIENTED_EDGE('',*,*,#5685,.T.);
#5687=CARTESIAN_POINT('',(-0.015039999999999887,0.00146,-0.01150000000000007));
#5688=DIRECTION('',(0.,-1.,0.));
#5689=VECTOR('',#5688,1.);
#5690=LINE('',#5687,#5689);
#5691=EDGE_CURVE('',#5684,#5670,#5690,.T.);
#5692=ORIENTED_EDGE('',*,*,#5691,.T.);
#5693=EDGE_LOOP('',(#5672,#5678,#5686,#5692));
#5694=FACE_OUTER_BOUND('',#5693,.T.);
#5695=ADVANCED_FACE('',(#5694),#5664,.F.);
#5696=CARTESIAN_POINT('',(-0.015039999999999887,0.00146,-0.01150000000000007));
#5697=DIRECTION('',(0.,0.,-1.));
#5698=DIRECTION('',(-1.,0.,0.));
#5699=AXIS2_PLACEMENT_3D('',#5696,#5697,#5698);
#5700=PLANE('',#5699);
#5701=CARTESIAN_POINT('',(-0.015039999999999887,0.00108,-0.01150000000000007));
#5702=DIRECTION('',(1.,0.,0.));
#5703=VECTOR('',#5702,1.);
#5704=LINE('',#5701,#5703);
#5705=EDGE_CURVE('',#5596,#5670,#5704,.T.);
#5706=ORIENTED_EDGE('',*,*,#5705,.T.);
#5707=CARTESIAN_POINT('',(-0.015039999999999887,0.00146,-0.01150000000000007));
#5708=DIRECTION('',(0.,-1.,0.));
#5709=VECTOR('',#5708,1.);
#5710=LINE('',#5707,#5709);
#5711=EDGE_CURVE('',#5684,#5670,#5710,.T.);
#5712=ORIENTED_EDGE('',*,*,#5711,.F.);
#5713=CARTESIAN_POINT('',(-0.015039999999999887,0.00146,-0.01150000000000007));
#5714=DIRECTION('',(1.,0.,0.));
#5715=VECTOR('',#5714,1.);
#5716=LINE('',#5713,#5715);
#5717=EDGE_CURVE('',#5684,#5604,#5716,.T.);
#5718=ORIENTED_EDGE('',*,*,#5717,.T.);
#5719=CARTESIAN_POINT('',(-0.012439999999999887,0.00146,-0.01150000000000007));
#5720=DIRECTION('',(0.,-1.,0.));
#5721=VECTOR('',#5720,1.);
#5722=LINE('',#5719,#5721);
#5723=EDGE_CURVE('',#5596,#5604,#5722,.T.);
#5724=ORIENTED_EDGE('',*,*,#5723,.F.);
#5725=EDGE_LOOP('',(#5706,#5712,#5718,#5724));
#5726=FACE_OUTER_BOUND('',#5725,.T.);
#5727=ADVANCED_FACE('',(#5726),#5700,.F.);
#5728=CARTESIAN_POINT('',(0.,0.00146,0.));
#5729=DIRECTION('',(0.,-1.,0.));
#5730=DIRECTION('',(0.,0.,-1.));
#5731=AXIS2_PLACEMENT_3D('',#5728,#5729,#5730);
#5732=PLANE('',#5731);
#5733=CARTESIAN_POINT('',(-0.015039999999999887,0.00146,-0.01150000000000007));
#5734=DIRECTION('',(1.,0.,0.));
#5735=VECTOR('',#5734,1.);
#5736=LINE('',#5733,#5735);
#5737=EDGE_CURVE('',#5684,#5604,#5736,.T.);
#5738=ORIENTED_EDGE('',*,*,#5737,.F.);
#5739=CARTESIAN_POINT('',(-0.015039999999999887,0.00146,-0.01150000000000007));
#5740=DIRECTION('',(0.,0.,1.));
#5741=VECTOR('',#5740,1.);
#5742=LINE('',#5739,#5741);
#5743=EDGE_CURVE('',#5648,#5684,#5742,.T.);
#5744=ORIENTED_EDGE('',*,*,#5743,.F.);
#5745=CARTESIAN_POINT('',(-0.015039999999999887,0.00146,-0.014590000000000068));
#5746=DIRECTION('',(-1.,0.,0.));
#5747=VECTOR('',#5746,1.);
#5748=LINE('',#5745,#5747);
#5749=EDGE_CURVE('',#5612,#5648,#5748,.T.);
#5750=ORIENTED_EDGE('',*,*,#5749,.F.);
#5751=CARTESIAN_POINT('',(-0.012439999999999887,0.00146,-0.01150000000000007));
#5752=DIRECTION('',(0.,0.,-1.));
#5753=VECTOR('',#5752,1.);
#5754=LINE('',#5751,#5753);
#5755=EDGE_CURVE('',#5604,#5612,#5754,.T.);
#5756=ORIENTED_EDGE('',*,*,#5755,.F.);
#5757=EDGE_LOOP('',(#5738,#5744,#5750,#5756));
#5758=FACE_OUTER_BOUND('',#5757,.T.);
#5759=ADVANCED_FACE('',(#5758),#5732,.F.);
#5760=CARTESIAN_POINT('',(0.,0.00108,0.));
#5761=DIRECTION('',(0.,-1.,0.));
#5762=DIRECTION('',(0.,0.,-1.));
#5763=AXIS2_PLACEMENT_3D('',#5760,#5761,#5762);
#5764=PLANE('',#5763);
#5765=CARTESIAN_POINT('',(-0.015039999999999887,0.00108,-0.01150000000000007));
#5766=DIRECTION('',(1.,0.,0.));
#5767=VECTOR('',#5766,1.);
#5768=LINE('',#5765,#5767);
#5769=EDGE_CURVE('',#5596,#5670,#5768,.T.);
#5770=ORIENTED_EDGE('',*,*,#5769,.T.);
#5771=CARTESIAN_POINT('',(-0.015039999999999887,0.00108,-0.01150000000000007));
#5772=DIRECTION('',(0.,0.,1.));
#5773=VECTOR('',#5772,1.);
#5774=LINE('',#5771,#5773);
#5775=EDGE_CURVE('',#5670,#5634,#5774,.T.);
#5776=ORIENTED_EDGE('',*,*,#5775,.T.);
#5777=CARTESIAN_POINT('',(-0.015039999999999887,0.00108,-0.014590000000000068));
#5778=DIRECTION('',(-1.,0.,0.));
#5779=VECTOR('',#5778,1.);
#5780=LINE('',#5777,#5779);
#5781=EDGE_CURVE('',#5634,#5594,#5780,.T.);
#5782=ORIENTED_EDGE('',*,*,#5781,.T.);
#5783=CARTESIAN_POINT('',(-0.012439999999999887,0.00108,-0.01150000000000007));
#5784=DIRECTION('',(0.,0.,-1.));
#5785=VECTOR('',#5784,1.);
#5786=LINE('',#5783,#5785);
#5787=EDGE_CURVE('',#5594,#5596,#5786,.T.);
#5788=ORIENTED_EDGE('',*,*,#5787,.T.);
#5789=EDGE_LOOP('',(#5770,#5776,#5782,#5788));
#5790=FACE_OUTER_BOUND('',#5789,.T.);
#5791=ADVANCED_FACE('',(#5790),#5764,.T.);
#5792=CLOSED_SHELL('',(#5623,#5659,#5695,#5727,#5759,#5791));
#5793=MANIFOLD_SOLID_BREP('',#5792);
#5794=CARTESIAN_POINT('',(-0.01458,0.0035199999999999997,0.009480000000000146));
#5795=DIRECTION('',(1.,0.,0.));
#5796=DIRECTION('',(0.,0.,-1.));
#5797=AXIS2_PLACEMENT_3D('',#5794,#5795,#5796);
#5798=PLANE('',#5797);
#5799=CARTESIAN_POINT('',(-0.01458,0.00108,0.009480000000000146));
#5800=DIRECTION('',(0.,0.,1.));
#5801=VECTOR('',#5800,1.);
#5802=LINE('',#5799,#5801);
#5803=CARTESIAN_POINT('',(-0.01458,0.00108,0.009480000000000146));
#5804=VERTEX_POINT('',#5803);
#5805=CARTESIAN_POINT('',(-0.01458,0.00108,-0.010099999999999849));
#5806=VERTEX_POINT('',#5805);
#5807=EDGE_CURVE('',#5804,#5806,#5802,.T.);
#5808=ORIENTED_EDGE('',*,*,#5807,.T.);
#5809=CARTESIAN_POINT('',(-0.01458,0.0035199999999999997,-0.010099999999999849));
#5810=DIRECTION('',(0.,-1.,0.));
#5811=VECTOR('',#5810,1.);
#5812=LINE('',#5809,#5811);
#5813=CARTESIAN_POINT('',(-0.01458,0.0035199999999999997,-0.010099999999999849));
#5814=VERTEX_POINT('',#5813);
#5815=EDGE_CURVE('',#5806,#5814,#5812,.T.);
#5816=ORIENTED_EDGE('',*,*,#5815,.T.);
#5817=CARTESIAN_POINT('',(-0.01458,0.0035199999999999997,0.009480000000000146));
#5818=DIRECTION('',(0.,0.,1.));
#5819=VECTOR('',#5818,1.);
#5820=LINE('',#5817,#5819);
#5821=CARTESIAN_POINT('',(-0.01458,0.0035199999999999997,0.009480000000000146));
#5822=VERTEX_POINT('',#5821);
#5823=EDGE_CURVE('',#5814,#5822,#5820,.T.);
#5824=ORIENTED_EDGE('',*,*,#5823,.T.);
#5825=CARTESIAN_POINT('',(-0.01458,0.0035199999999999997,0.009480000000000146));
#5826=DIRECTION('',(0.,-1.,0.));
#5827=VECTOR('',#5826,1.);
#5828=LINE('',#5825,#5827);
#5829=EDGE_CURVE('',#5822,#5804,#5828,.T.);
#5830=ORIENTED_EDGE('',*,*,#5829,.T.);
#5831=EDGE_LOOP('',(#5808,#5816,#5824,#5830));
#5832=FACE_OUTER_BOUND('',#5831,.T.);
#5833=ADVANCED_FACE('',(#5832),#5798,.F.);
#5834=CARTESIAN_POINT('',(0.01458,0.0035199999999999997,0.009480000000000146));
#5835=DIRECTION('',(0.,0.,-1.));
#5836=DIRECTION('',(-1.,0.,0.));
#5837=AXIS2_PLACEMENT_3D('',#5834,#5835,#5836);
#5838=PLANE('',#5837);
#5839=CARTESIAN_POINT('',(0.01458,0.00108,0.009480000000000146));
#5840=DIRECTION('',(1.,0.,0.));
#5841=VECTOR('',#5840,1.);
#5842=LINE('',#5839,#5841);
#5843=CARTESIAN_POINT('',(0.01458,0.00108,0.009480000000000146));
#5844=VERTEX_POINT('',#5843);
#5845=EDGE_CURVE('',#5844,#5804,#5842,.T.);
#5846=ORIENTED_EDGE('',*,*,#5845,.T.);
#5847=CARTESIAN_POINT('',(-0.01458,0.0035199999999999997,0.009480000000000146));
#5848=DIRECTION('',(0.,-1.,0.));
#5849=VECTOR('',#5848,1.);
#5850=LINE('',#5847,#5849);
#5851=EDGE_CURVE('',#5822,#5804,#5850,.T.);
#5852=ORIENTED_EDGE('',*,*,#5851,.F.);
#5853=CARTESIAN_POINT('',(0.01458,0.0035199999999999997,0.009480000000000146));
#5854=DIRECTION('',(1.,0.,0.));
#5855=VECTOR('',#5854,1.);
#5856=LINE('',#5853,#5855);
#5857=CARTESIAN_POINT('',(0.01458,0.0035199999999999997,0.009480000000000146));
#5858=VERTEX_POINT('',#5857);
#5859=EDGE_CURVE('',#5822,#5858,#5856,.T.);
#5860=ORIENTED_EDGE('',*,*,#5859,.T.);
#5861=CARTESIAN_POINT('',(0.01458,0.0035199999999999997,0.009480000000000146));
#5862=DIRECTION('',(0.,-1.,0.));
#5863=VECTOR('',#5862,1.);
#5864=LINE('',#5861,#5863);
#5865=EDGE_CURVE('',#5858,#5844,#5864,.T.);
#5866=ORIENTED_EDGE('',*,*,#5865,.T.);
#5867=EDGE_LOOP('',(#5846,#5852,#5860,#5866));
#5868=FACE_OUTER_BOUND('',#5867,.T.);
#5869=ADVANCED_FACE('',(#5868),#5838,.F.);
#5870=CARTESIAN_POINT('',(0.01458,0.0035199999999999997,0.009480000000000146));
#5871=DIRECTION('',(-1.,0.,0.));
#5872=DIRECTION('',(0.,0.,1.));
#5873=AXIS2_PLACEMENT_3D('',#5870,#5871,#5872);
#5874=PLANE('',#5873);
#5875=CARTESIAN_POINT('',(0.01458,0.00108,0.009480000000000146));
#5876=DIRECTION('',(0.,0.,-1.));
#5877=VECTOR('',#5876,1.);
#5878=LINE('',#5875,#5877);
#5879=CARTESIAN_POINT('',(0.01458,0.00108,-0.010099999999999849));
#5880=VERTEX_POINT('',#5879);
#5881=EDGE_CURVE('',#5880,#5844,#5878,.T.);
#5882=ORIENTED_EDGE('',*,*,#5881,.T.);
#5883=CARTESIAN_POINT('',(0.01458,0.0035199999999999997,0.009480000000000146));
#5884=DIRECTION('',(0.,-1.,0.));
#5885=VECTOR('',#5884,1.);
#5886=LINE('',#5883,#5885);
#5887=EDGE_CURVE('',#5858,#5844,#5886,.T.);
#5888=ORIENTED_EDGE('',*,*,#5887,.F.);
#5889=CARTESIAN_POINT('',(0.01458,0.0035199999999999997,0.009480000000000146));
#5890=DIRECTION('',(0.,0.,-1.));
#5891=VECTOR('',#5890,1.);
#5892=LINE('',#5889,#5891);
#5893=CARTESIAN_POINT('',(0.01458,0.0035199999999999997,-0.010099999999999849));
#5894=VERTEX_POINT('',#5893);
#5895=EDGE_CURVE('',#5858,#5894,#5892,.T.);
#5896=ORIENTED_EDGE('',*,*,#5895,.T.);
#5897=CARTESIAN_POINT('',(0.01458,0.0035199999999999997,-0.010099999999999849));
#5898=DIRECTION('',(0.,-1.,0.));
#5899=VECTOR('',#5898,1.);
#5900=LINE('',#5897,#5899);
#5901=EDGE_CURVE('',#5894,#5880,#5900,.T.);
#5902=ORIENTED_EDGE('',*,*,#5901,.T.);
#5903=EDGE_LOOP('',(#5882,#5888,#5896,#5902));
#5904=FACE_OUTER_BOUND('',#5903,.T.);
#5905=ADVANCED_FACE('',(#5904),#5874,.F.);
#5906=CARTESIAN_POINT('',(0.01458,0.0035199999999999997,-0.010099999999999849));
#5907=DIRECTION('',(0.,0.,1.));
#5908=DIRECTION('',(1.,0.,0.));
#5909=AXIS2_PLACEMENT_3D('',#5906,#5907,#5908);
#5910=PLANE('',#5909);
#5911=CARTESIAN_POINT('',(0.01458,0.00108,-0.010099999999999849));
#5912=DIRECTION('',(-1.,0.,0.));
#5913=VECTOR('',#5912,1.);
#5914=LINE('',#5911,#5913);
#5915=CARTESIAN_POINT('',(0.005340000000000001,0.00108,-0.010099999999999849));
#5916=VERTEX_POINT('',#5915);
#5917=EDGE_CURVE('',#5916,#5880,#5914,.T.);
#5918=ORIENTED_EDGE('',*,*,#5917,.T.);
#5919=CARTESIAN_POINT('',(0.01458,0.0035199999999999997,-0.010099999999999849));
#5920=DIRECTION('',(0.,-1.,0.));
#5921=VECTOR('',#5920,1.);
#5922=LINE('',#5919,#5921);
#5923=EDGE_CURVE('',#5894,#5880,#5922,.T.);
#5924=ORIENTED_EDGE('',*,*,#5923,.F.);
#5925=CARTESIAN_POINT('',(0.01458,0.0035199999999999997,-0.010099999999999849));
#5926=DIRECTION('',(-1.,0.,0.));
#5927=VECTOR('',#5926,1.);
#5928=LINE('',#5925,#5927);
#5929=CARTESIAN_POINT('',(0.005340000000000001,0.0035199999999999997,-0.010099999999999849));
#5930=VERTEX_POINT('',#5929);
#5931=EDGE_CURVE('',#5894,#5930,#5928,.T.);
#5932=ORIENTED_EDGE('',*,*,#5931,.T.);
#5933=CARTESIAN_POINT('',(0.005340000000000001,0.0035199999999999997,-0.010099999999999849));
#5934=DIRECTION('',(0.,-1.,0.));
#5935=VECTOR('',#5934,1.);
#5936=LINE('',#5933,#5935);
#5937=EDGE_CURVE('',#5930,#5916,#5936,.T.);
#5938=ORIENTED_EDGE('',*,*,#5937,.T.);
#5939=EDGE_LOOP('',(#5918,#5924,#5932,#5938));
#5940=FACE_OUTER_BOUND('',#5939,.T.);
#5941=ADVANCED_FACE('',(#5940),#5910,.F.);
#5942=CARTESIAN_POINT('',(0.005340000000000001,0.0035199999999999997,-0.010099999999999849));
#5943=DIRECTION('',(-1.,0.,0.));
#5944=DIRECTION('',(0.,0.,1.));
#5945=AXIS2_PLACEMENT_3D('',#5942,#5943,#5944);
#5946=PLANE('',#5945);
#5947=CARTESIAN_POINT('',(0.005340000000000001,0.00108,-0.010099999999999849));
#5948=DIRECTION('',(0.,0.,-1.));
#5949=VECTOR('',#5948,1.);
#5950=LINE('',#5947,#5949);
#5951=CARTESIAN_POINT('',(0.005340000000000001,0.00108,-0.015129999999999855));
#5952=VERTEX_POINT('',#5951);
#5953=EDGE_CURVE('',#5952,#5916,#5950,.T.);
#5954=ORIENTED_EDGE('',*,*,#5953,.T.);
#5955=CARTESIAN_POINT('',(0.005340000000000001,0.0035199999999999997,-0.010099999999999849));
#5956=DIRECTION('',(0.,-1.,0.));
#5957=VECTOR('',#5956,1.);
#5958=LINE('',#5955,#5957);
#5959=EDGE_CURVE('',#5930,#5916,#5958,.T.);
#5960=ORIENTED_EDGE('',*,*,#5959,.F.);
#5961=CARTESIAN_POINT('',(0.005340000000000001,0.0035199999999999997,-0.010099999999999849));
#5962=DIRECTION('',(0.,0.,-1.));
#5963=VECTOR('',#5962,1.);
#5964=LINE('',#5961,#5963);
#5965=CARTESIAN_POINT('',(0.005340000000000001,0.0035199999999999997,-0.015129999999999855));
#5966=VERTEX_POINT('',#5965);
#5967=EDGE_CURVE('',#5930,#5966,#5964,.T.);
#5968=ORIENTED_EDGE('',*,*,#5967,.T.);
#5969=CARTESIAN_POINT('',(0.005340000000000001,0.0035199999999999997,-0.015129999999999855));
#5970=DIRECTION('',(0.,-1.,0.));
#5971=VECTOR('',#5970,1.);
#5972=LINE('',#5969,#5971);
#5973=EDGE_CURVE('',#5966,#5952,#5972,.T.);
#5974=ORIENTED_EDGE('',*,*,#5973,.T.);
#5975=EDGE_LOOP('',(#5954,#5960,#5968,#5974));
#5976=FACE_OUTER_BOUND('',#5975,.T.);
#5977=ADVANCED_FACE('',(#5976),#5946,.F.);
#5978=CARTESIAN_POINT('',(-0.005340000000000001,0.0035199999999999997,-0.015129999999999855));
#5979=DIRECTION('',(0.,0.,1.));
#5980=DIRECTION('',(1.,0.,0.));
#5981=AXIS2_PLACEMENT_3D('',#5978,#5979,#5980);
#5982=PLANE('',#5981);
#5983=CARTESIAN_POINT('',(-0.005340000000000001,0.00108,-0.015129999999999855));
#5984=DIRECTION('',(-1.,0.,0.));
#5985=VECTOR('',#5984,1.);
#5986=LINE('',#5983,#5985);
#5987=CARTESIAN_POINT('',(-0.005340000000000001,0.00108,-0.015129999999999855));
#5988=VERTEX_POINT('',#5987);
#5989=EDGE_CURVE('',#5988,#5952,#5986,.T.);
#5990=ORIENTED_EDGE('',*,*,#5989,.T.);
#5991=CARTESIAN_POINT('',(0.005340000000000001,0.0035199999999999997,-0.015129999999999855));
#5992=DIRECTION('',(0.,-1.,0.));
#5993=VECTOR('',#5992,1.);
#5994=LINE('',#5991,#5993);
#5995=EDGE_CURVE('',#5966,#5952,#5994,.T.);
#5996=ORIENTED_EDGE('',*,*,#5995,.F.);
#5997=CARTESIAN_POINT('',(-0.005340000000000001,0.0035199999999999997,-0.015129999999999855));
#5998=DIRECTION('',(-1.,0.,0.));
#5999=VECTOR('',#5998,1.);
#6000=LINE('',#5997,#5999);
#6001=CARTESIAN_POINT('',(-0.005340000000000001,0.0035199999999999997,-0.015129999999999855));
#6002=VERTEX_POINT('',#6001);
#6003=EDGE_CURVE('',#5966,#6002,#6000,.T.);
#6004=ORIENTED_EDGE('',*,*,#6003,.T.);
#6005=CARTESIAN_POINT('',(-0.005340000000000001,0.0035199999999999997,-0.015129999999999855));
#6006=DIRECTION('',(0.,-1.,0.));
#6007=VECTOR('',#6006,1.);
#6008=LINE('',#6005,#6007);
#6009=EDGE_CURVE('',#6002,#5988,#6008,.T.);
#6010=ORIENTED_EDGE('',*,*,#6009,.T.);
#6011=EDGE_LOOP('',(#5990,#5996,#6004,#6010));
#6012=FACE_OUTER_BOUND('',#6011,.T.);
#6013=ADVANCED_FACE('',(#6012),#5982,.F.);
#6014=CARTESIAN_POINT('',(-0.005340000000000001,0.0035199999999999997,-0.010099999999999849));
#6015=DIRECTION('',(1.,0.,0.));
#6016=DIRECTION('',(0.,0.,-1.));
#6017=AXIS2_PLACEMENT_3D('',#6014,#6015,#6016);
#6018=PLANE('',#6017);
#6019=CARTESIAN_POINT('',(-0.005340000000000001,0.00108,-0.010099999999999849));
#6020=DIRECTION('',(0.,0.,1.));
#6021=VECTOR('',#6020,1.);
#6022=LINE('',#6019,#6021);
#6023=CARTESIAN_POINT('',(-0.005340000000000001,0.00108,-0.010099999999999849));
#6024=VERTEX_POINT('',#6023);
#6025=EDGE_CURVE('',#6024,#5988,#6022,.T.);
#6026=ORIENTED_EDGE('',*,*,#6025,.T.);
#6027=CARTESIAN_POINT('',(-0.005340000000000001,0.0035199999999999997,-0.015129999999999855));
#6028=DIRECTION('',(0.,-1.,0.));
#6029=VECTOR('',#6028,1.);
#6030=LINE('',#6027,#6029);
#6031=EDGE_CURVE('',#6002,#5988,#6030,.T.);
#6032=ORIENTED_EDGE('',*,*,#6031,.F.);
#6033=CARTESIAN_POINT('',(-0.005340000000000001,0.0035199999999999997,-0.010099999999999849));
#6034=DIRECTION('',(0.,0.,1.));
#6035=VECTOR('',#6034,1.);
#6036=LINE('',#6033,#6035);
#6037=CARTESIAN_POINT('',(-0.005340000000000001,0.0035199999999999997,-0.010099999999999849));
#6038=VERTEX_POINT('',#6037);
#6039=EDGE_CURVE('',#6002,#6038,#6036,.T.);
#6040=ORIENTED_EDGE('',*,*,#6039,.T.);
#6041=CARTESIAN_POINT('',(-0.005340000000000001,0.0035199999999999997,-0.010099999999999849));
#6042=DIRECTION('',(0.,-1.,0.));
#6043=VECTOR('',#6042,1.);
#6044=LINE('',#6041,#6043);
#6045=EDGE_CURVE('',#6038,#6024,#6044,.T.);
#6046=ORIENTED_EDGE('',*,*,#6045,.T.);
#6047=EDGE_LOOP('',(#6026,#6032,#6040,#6046));
#6048=FACE_OUTER_BOUND('',#6047,.T.);
#6049=ADVANCED_FACE('',(#6048),#6018,.F.);
#6050=CARTESIAN_POINT('',(-0.01458,0.0035199999999999997,-0.010099999999999849));
#6051=DIRECTION('',(0.,0.,1.));
#6052=DIRECTION('',(1.,0.,0.));
#6053=AXIS2_PLACEMENT_3D('',#6050,#6051,#6052);
#6054=PLANE('',#6053);
#6055=CARTESIAN_POINT('',(-0.01458,0.00108,-0.010099999999999849));
#6056=DIRECTION('',(-1.,0.,0.));
#6057=VECTOR('',#6056,1.);
#6058=LINE('',#6055,#6057);
#6059=EDGE_CURVE('',#5806,#6024,#6058,.T.);
#6060=ORIENTED_EDGE('',*,*,#6059,.T.);
#6061=CARTESIAN_POINT('',(-0.005340000000000001,0.0035199999999999997,-0.010099999999999849));
#6062=DIRECTION('',(0.,-1.,0.));
#6063=VECTOR('',#6062,1.);
#6064=LINE('',#6061,#6063);
#6065=EDGE_CURVE('',#6038,#6024,#6064,.T.);
#6066=ORIENTED_EDGE('',*,*,#6065,.F.);
#6067=CARTESIAN_POINT('',(-0.01458,0.0035199999999999997,-0.010099999999999849));
#6068=DIRECTION('',(-1.,0.,0.));
#6069=VECTOR('',#6068,1.);
#6070=LINE('',#6067,#6069);
#6071=EDGE_CURVE('',#6038,#5814,#6070,.T.);
#6072=ORIENTED_EDGE('',*,*,#6071,.T.);
#6073=CARTESIAN_POINT('',(-0.01458,0.0035199999999999997,-0.010099999999999849));
#6074=DIRECTION('',(0.,-1.,0.));
#6075=VECTOR('',#6074,1.);
#6076=LINE('',#6073,#6075);
#6077=EDGE_CURVE('',#5806,#5814,#6076,.T.);
#6078=ORIENTED_EDGE('',*,*,#6077,.F.);
#6079=EDGE_LOOP('',(#6060,#6066,#6072,#6078));
#6080=FACE_OUTER_BOUND('',#6079,.T.);
#6081=ADVANCED_FACE('',(#6080),#6054,.F.);
#6082=CARTESIAN_POINT('',(0.,0.0035199999999999997,0.));
#6083=DIRECTION('',(0.,-1.,0.));
#6084=DIRECTION('',(0.,0.,-1.));
#6085=AXIS2_PLACEMENT_3D('',#6082,#6083,#6084);
#6086=PLANE('',#6085);
#6087=CARTESIAN_POINT('',(-0.01458,0.0035199999999999997,-0.010099999999999849));
#6088=DIRECTION('',(-1.,0.,0.));
#6089=VECTOR('',#6088,1.);
#6090=LINE('',#6087,#6089);
#6091=EDGE_CURVE('',#6038,#5814,#6090,.T.);
#6092=ORIENTED_EDGE('',*,*,#6091,.F.);
#6093=CARTESIAN_POINT('',(-0.005340000000000001,0.0035199999999999997,-0.010099999999999849));
#6094=DIRECTION('',(0.,0.,1.));
#6095=VECTOR('',#6094,1.);
#6096=LINE('',#6093,#6095);
#6097=EDGE_CURVE('',#6002,#6038,#6096,.T.);
#6098=ORIENTED_EDGE('',*,*,#6097,.F.);
#6099=CARTESIAN_POINT('',(-0.005340000000000001,0.0035199999999999997,-0.015129999999999855));
#6100=DIRECTION('',(-1.,0.,0.));
#6101=VECTOR('',#6100,1.);
#6102=LINE('',#6099,#6101);
#6103=EDGE_CURVE('',#5966,#6002,#6102,.T.);
#6104=ORIENTED_EDGE('',*,*,#6103,.F.);
#6105=CARTESIAN_POINT('',(0.005340000000000001,0.0035199999999999997,-0.010099999999999849));
#6106=DIRECTION('',(0.,0.,-1.));
#6107=VECTOR('',#6106,1.);
#6108=LINE('',#6105,#6107);
#6109=EDGE_CURVE('',#5930,#5966,#6108,.T.);
#6110=ORIENTED_EDGE('',*,*,#6109,.F.);
#6111=CARTESIAN_POINT('',(0.01458,0.0035199999999999997,-0.010099999999999849));
#6112=DIRECTION('',(-1.,0.,0.));
#6113=VECTOR('',#6112,1.);
#6114=LINE('',#6111,#6113);
#6115=EDGE_CURVE('',#5894,#5930,#6114,.T.);
#6116=ORIENTED_EDGE('',*,*,#6115,.F.);
#6117=CARTESIAN_POINT('',(0.01458,0.0035199999999999997,0.009480000000000146));
#6118=DIRECTION('',(0.,0.,-1.));
#6119=VECTOR('',#6118,1.);
#6120=LINE('',#6117,#6119);
#6121=EDGE_CURVE('',#5858,#5894,#6120,.T.);
#6122=ORIENTED_EDGE('',*,*,#6121,.F.);
#6123=CARTESIAN_POINT('',(0.01458,0.0035199999999999997,0.009480000000000146));
#6124=DIRECTION('',(1.,0.,0.));
#6125=VECTOR('',#6124,1.);
#6126=LINE('',#6123,#6125);
#6127=EDGE_CURVE('',#5822,#5858,#6126,.T.);
#6128=ORIENTED_EDGE('',*,*,#6127,.F.);
#6129=CARTESIAN_POINT('',(-0.01458,0.0035199999999999997,0.009480000000000146));
#6130=DIRECTION('',(0.,0.,1.));
#6131=VECTOR('',#6130,1.);
#6132=LINE('',#6129,#6131);
#6133=EDGE_CURVE('',#5814,#5822,#6132,.T.);
#6134=ORIENTED_EDGE('',*,*,#6133,.F.);
#6135=EDGE_LOOP('',(#6092,#6098,#6104,#6110,#6116,#6122,#6128,#6134));
#6136=FACE_OUTER_BOUND('',#6135,.T.);
#6137=ADVANCED_FACE('',(#6136),#6086,.F.);
#6138=CARTESIAN_POINT('',(0.,0.00108,0.));
#6139=DIRECTION('',(0.,-1.,0.));
#6140=DIRECTION('',(0.,0.,-1.));
#6141=AXIS2_PLACEMENT_3D('',#6138,#6139,#6140);
#6142=PLANE('',#6141);
#6143=CARTESIAN_POINT('',(-0.01458,0.00108,-0.010099999999999849));
#6144=DIRECTION('',(-1.,0.,0.));
#6145=VECTOR('',#6144,1.);
#6146=LINE('',#6143,#6145);
#6147=EDGE_CURVE('',#5806,#6024,#6146,.T.);
#6148=ORIENTED_EDGE('',*,*,#6147,.T.);
#6149=CARTESIAN_POINT('',(-0.005340000000000001,0.00108,-0.010099999999999849));
#6150=DIRECTION('',(0.,0.,1.));
#6151=VECTOR('',#6150,1.);
#6152=LINE('',#6149,#6151);
#6153=EDGE_CURVE('',#6024,#5988,#6152,.T.);
#6154=ORIENTED_EDGE('',*,*,#6153,.T.);
#6155=CARTESIAN_POINT('',(-0.005340000000000001,0.00108,-0.015129999999999855));
#6156=DIRECTION('',(-1.,0.,0.));
#6157=VECTOR('',#6156,1.);
#6158=LINE('',#6155,#6157);
#6159=EDGE_CURVE('',#5988,#5952,#6158,.T.);
#6160=ORIENTED_EDGE('',*,*,#6159,.T.);
#6161=CARTESIAN_POINT('',(0.005340000000000001,0.00108,-0.010099999999999849));
#6162=DIRECTION('',(0.,0.,-1.));
#6163=VECTOR('',#6162,1.);
#6164=LINE('',#6161,#6163);
#6165=EDGE_CURVE('',#5952,#5916,#6164,.T.);
#6166=ORIENTED_EDGE('',*,*,#6165,.T.);
#6167=CARTESIAN_POINT('',(0.01458,0.00108,-0.010099999999999849));
#6168=DIRECTION('',(-1.,0.,0.));
#6169=VECTOR('',#6168,1.);
#6170=LINE('',#6167,#6169);
#6171=EDGE_CURVE('',#5916,#5880,#6170,.T.);
#6172=ORIENTED_EDGE('',*,*,#6171,.T.);
#6173=CARTESIAN_POINT('',(0.01458,0.00108,0.009480000000000146));
#6174=DIRECTION('',(0.,0.,-1.));
#6175=VECTOR('',#6174,1.);
#6176=LINE('',#6173,#6175);
#6177=EDGE_CURVE('',#5880,#5844,#6176,.T.);
#6178=ORIENTED_EDGE('',*,*,#6177,.T.);
#6179=CARTESIAN_POINT('',(0.01458,0.00108,0.009480000000000146));
#6180=DIRECTION('',(1.,0.,0.));
#6181=VECTOR('',#6180,1.);
#6182=LINE('',#6179,#6181);
#6183=EDGE_CURVE('',#5844,#5804,#6182,.T.);
#6184=ORIENTED_EDGE('',*,*,#6183,.T.);
#6185=CARTESIAN_POINT('',(-0.01458,0.00108,0.009480000000000146));
#6186=DIRECTION('',(0.,0.,1.));
#6187=VECTOR('',#6186,1.);
#6188=LINE('',#6185,#6187);
#6189=EDGE_CURVE('',#5804,#5806,#6188,.T.);
#6190=ORIENTED_EDGE('',*,*,#6189,.T.);
#6191=EDGE_LOOP('',(#6148,#6154,#6160,#6166,#6172,#6178,#6184,#6190));
#6192=FACE_OUTER_BOUND('',#6191,.T.);
#6193=ADVANCED_FACE('',(#6192),#6142,.T.);
#6194=CLOSED_SHELL('',(#5833,#5869,#5905,#5941,#5977,#6013,#6049,#6081,#6137,#6193));
#6195=MANIFOLD_SOLID_BREP('',#6194);
#6196=CARTESIAN_POINT('',(-0.01599999999999999,0.00108,0.008235000000000142));
#6197=DIRECTION('',(1.,0.,-1.2946813414918903E-14));
#6198=DIRECTION('',(-1.2946813414918903E-14,0.,-1.));
#6199=AXIS2_PLACEMENT_3D('',#6196,#6197,#6198);
#6200=PLANE('',#6199);
#6201=CARTESIAN_POINT('',(-0.01599999999999999,0.000010000000000000026,0.008235000000000142));
#6202=DIRECTION('',(1.2946813414918903E-14,0.,1.));
#6203=VECTOR('',#6202,1.);
#6204=LINE('',#6201,#6203);
#6205=CARTESIAN_POINT('',(-0.01599999999999999,0.00001,0.008330000000000145));
#6206=VERTEX_POINT('',#6205);
#6207=CARTESIAN_POINT('',(-0.01599999999999999,0.000010000000000000026,0.008235000000000143));
#6208=VERTEX_POINT('',#6207);
#6209=EDGE_CURVE('',#6206,#6208,#6204,.T.);
#6210=ORIENTED_EDGE('',*,*,#6209,.T.);
#6211=CARTESIAN_POINT('',(-0.01599999999999999,0.00108,0.008235000000000142));
#6212=DIRECTION('',(0.,-1.,0.));
#6213=VECTOR('',#6212,1.);
#6214=LINE('',#6211,#6213);
#6215=CARTESIAN_POINT('',(-0.01599999999999999,0.00107,0.008235000000000143));
#6216=VERTEX_POINT('',#6215);
#6217=EDGE_CURVE('',#6208,#6216,#6214,.T.);
#6218=ORIENTED_EDGE('',*,*,#6217,.T.);
#6219=CARTESIAN_POINT('',(-0.01599999999999999,0.00107,0.008235000000000142));
#6220=DIRECTION('',(-1.2946813414918903E-14,0.,-1.));
#6221=VECTOR('',#6220,1.);
#6222=LINE('',#6219,#6221);
#6223=CARTESIAN_POINT('',(-0.01599999999999999,0.00107,0.008330000000000145));
#6224=VERTEX_POINT('',#6223);
#6225=EDGE_CURVE('',#6216,#6224,#6222,.T.);
#6226=ORIENTED_EDGE('',*,*,#6225,.T.);
#6227=CARTESIAN_POINT('',(-0.01599999999999999,0.00108,0.008330000000000145));
#6228=DIRECTION('',(0.,-1.,0.));
#6229=VECTOR('',#6228,1.);
#6230=LINE('',#6227,#6229);
#6231=CARTESIAN_POINT('',(-0.01600000000000011,0.00108,0.008330000000000145));
#6232=VERTEX_POINT('',#6231);
#6233=EDGE_CURVE('',#6224,#6232,#6230,.T.);
#6234=ORIENTED_EDGE('',*,*,#6233,.T.);
#6235=CARTESIAN_POINT('',(-0.01599999999999999,0.00108,0.008235000000000142));
#6236=DIRECTION('',(1.2946813414918903E-14,0.,1.));
#6237=VECTOR('',#6236,1.);
#6238=LINE('',#6235,#6237);
#6239=CARTESIAN_POINT('',(-0.01599999999999989,0.00108,0.01600000000000011));
#6240=VERTEX_POINT('',#6239);
#6241=EDGE_CURVE('',#6232,#6240,#6238,.T.);
#6242=ORIENTED_EDGE('',*,*,#6241,.T.);
#6243=CARTESIAN_POINT('',(-0.01599999999999989,0.00108,0.01600000000000011));
#6244=DIRECTION('',(0.,-1.,0.));
#6245=VECTOR('',#6244,1.);
#6246=LINE('',#6243,#6245);
#6247=CARTESIAN_POINT('',(-0.01599999999999989,0.,0.01600000000000011));
#6248=VERTEX_POINT('',#6247);
#6249=EDGE_CURVE('',#6240,#6248,#6246,.T.);
#6250=ORIENTED_EDGE('',*,*,#6249,.T.);
#6251=CARTESIAN_POINT('',(-0.01599999999999999,0.,0.008235000000000142));
#6252=DIRECTION('',(1.2946813414918903E-14,0.,1.));
#6253=VECTOR('',#6252,1.);
#6254=LINE('',#6251,#6253);
#6255=CARTESIAN_POINT('',(-0.01600000000000011,0.,0.008330000000000145));
#6256=VERTEX_POINT('',#6255);
#6257=EDGE_CURVE('',#6248,#6256,#6254,.T.);
#6258=ORIENTED_EDGE('',*,*,#6257,.T.);
#6259=CARTESIAN_POINT('',(-0.01599999999999999,0.00108,0.008330000000000145));
#6260=DIRECTION('',(0.,1.,0.));
#6261=VECTOR('',#6260,1.);
#6262=LINE('',#6259,#6261);
#6263=EDGE_CURVE('',#6256,#6206,#6262,.T.);
#6264=ORIENTED_EDGE('',*,*,#6263,.T.);
#6265=EDGE_LOOP('',(#6210,#6218,#6226,#6234,#6242,#6250,#6258,#6264));
#6266=FACE_OUTER_BOUND('',#6265,.T.);
#6267=ADVANCED_FACE('',(#6266),#6200,.F.);
#6268=CARTESIAN_POINT('',(-0.008459999999999657,0.00108,0.016000000000000014));
#6269=DIRECTION('',(-1.275345482453304E-14,0.,-1.));
#6270=DIRECTION('',(-1.,0.,1.275345482453304E-14));
#6271=AXIS2_PLACEMENT_3D('',#6268,#6269,#6270);
#6272=PLANE('',#6271);
#6273=CARTESIAN_POINT('',(-0.008459999999999657,0.,0.016000000000000014));
#6274=DIRECTION('',(1.,0.,-1.275345482453304E-14));
#6275=VECTOR('',#6274,1.);
#6276=LINE('',#6273,#6275);
#6277=CARTESIAN_POINT('',(-0.008554999999999844,0.,0.016000000000000014));
#6278=VERTEX_POINT('',#6277);
#6279=EDGE_CURVE('',#6278,#6248,#6276,.T.);
#6280=ORIENTED_EDGE('',*,*,#6279,.T.);
#6281=CARTESIAN_POINT('',(-0.01599999999999989,0.00108,0.01600000000000011));
#6282=DIRECTION('',(0.,-1.,0.));
#6283=VECTOR('',#6282,1.);
#6284=LINE('',#6281,#6283);
#6285=EDGE_CURVE('',#6240,#6248,#6284,.T.);
#6286=ORIENTED_EDGE('',*,*,#6285,.F.);
#6287=CARTESIAN_POINT('',(-0.008459999999999657,0.00108,0.016000000000000014));
#6288=DIRECTION('',(1.,0.,-1.275345482453304E-14));
#6289=VECTOR('',#6288,1.);
#6290=LINE('',#6287,#6289);
#6291=CARTESIAN_POINT('',(-0.008554999999999799,0.00108,0.016000000000000302));
#6292=VERTEX_POINT('',#6291);
#6293=EDGE_CURVE('',#6240,#6292,#6290,.T.);
#6294=ORIENTED_EDGE('',*,*,#6293,.T.);
#6295=CARTESIAN_POINT('',(-0.008554999999999799,0.00108,0.016000000000000014));
#6296=DIRECTION('',(0.,1.,0.));
#6297=VECTOR('',#6296,1.);
#6298=LINE('',#6295,#6297);
#6299=CARTESIAN_POINT('',(-0.008554999999999799,0.00107,0.016000000000000014));
#6300=VERTEX_POINT('',#6299);
#6301=EDGE_CURVE('',#6292,#6300,#6298,.T.);
#6302=ORIENTED_EDGE('',*,*,#6301,.T.);
#6303=CARTESIAN_POINT('',(-0.008459999999999657,0.00107,0.016000000000000014));
#6304=DIRECTION('',(-1.,0.,1.275345482453304E-14));
#6305=VECTOR('',#6304,1.);
#6306=LINE('',#6303,#6305);
#6307=CARTESIAN_POINT('',(-0.008459999999999655,0.00107,0.016000000000000014));
#6308=VERTEX_POINT('',#6307);
#6309=EDGE_CURVE('',#6300,#6308,#6306,.T.);
#6310=ORIENTED_EDGE('',*,*,#6309,.T.);
#6311=CARTESIAN_POINT('',(-0.008459999999999657,0.00108,0.016000000000000014));
#6312=DIRECTION('',(0.,-1.,0.));
#6313=VECTOR('',#6312,1.);
#6314=LINE('',#6311,#6313);
#6315=CARTESIAN_POINT('',(-0.008459999999999655,0.000010000000000000026,0.016000000000000014));
#6316=VERTEX_POINT('',#6315);
#6317=EDGE_CURVE('',#6308,#6316,#6314,.T.);
#6318=ORIENTED_EDGE('',*,*,#6317,.T.);
#6319=CARTESIAN_POINT('',(-0.008459999999999657,0.000010000000000000026,0.016000000000000014));
#6320=DIRECTION('',(1.,0.,-1.275345482453304E-14));
#6321=VECTOR('',#6320,1.);
#6322=LINE('',#6319,#6321);
#6323=CARTESIAN_POINT('',(-0.008554999999999799,0.00001,0.016000000000000014));
#6324=VERTEX_POINT('',#6323);
#6325=EDGE_CURVE('',#6316,#6324,#6322,.T.);
#6326=ORIENTED_EDGE('',*,*,#6325,.T.);
#6327=CARTESIAN_POINT('',(-0.008554999999999799,0.00108,0.016000000000000014));
#6328=DIRECTION('',(0.,-1.,0.));
#6329=VECTOR('',#6328,1.);
#6330=LINE('',#6327,#6329);
#6331=EDGE_CURVE('',#6324,#6278,#6330,.T.);
#6332=ORIENTED_EDGE('',*,*,#6331,.T.);
#6333=EDGE_LOOP('',(#6280,#6286,#6294,#6302,#6310,#6318,#6326,#6332));
#6334=FACE_OUTER_BOUND('',#6333,.T.);
#6335=ADVANCED_FACE('',(#6334),#6272,.F.);
#6336=CARTESIAN_POINT('',(-0.006223095238095123,0.00108,0.016000000000000302));
#6337=DIRECTION('',(2.9609707286174473E-13,0.,-1.));
#6338=DIRECTION('',(-1.,0.,-2.9609707286174473E-13));
#6339=AXIS2_PLACEMENT_3D('',#6336,#6337,#6338);
#6340=PLANE('',#6339);
#6341=CARTESIAN_POINT('',(-0.006223095238095123,0.,0.016000000000000302));
#6342=DIRECTION('',(1.,0.,2.9609707286174473E-13));
#6343=VECTOR('',#6342,1.);
#6344=LINE('',#6341,#6343);
#6345=CARTESIAN_POINT('',(-0.006319285714285557,0.,0.016000000000000274));
#6346=VERTEX_POINT('',#6345);
#6347=CARTESIAN_POINT('',(-0.007094999999999798,0.,0.016000000000000302));
#6348=VERTEX_POINT('',#6347);
#6349=EDGE_CURVE('',#6346,#6348,#6344,.T.);
#6350=ORIENTED_EDGE('',*,*,#6349,.T.);
#6351=CARTESIAN_POINT('',(-0.007094999999999798,0.00108,0.016000000000000045));
#6352=DIRECTION('',(0.,1.,0.));
#6353=VECTOR('',#6352,1.);
#6354=LINE('',#6351,#6353);
#6355=CARTESIAN_POINT('',(-0.007094999999999798,0.00001,0.016000000000000028));
#6356=VERTEX_POINT('',#6355);
#6357=EDGE_CURVE('',#6348,#6356,#6354,.T.);
#6358=ORIENTED_EDGE('',*,*,#6357,.T.);
#6359=CARTESIAN_POINT('',(-0.006223095238095123,0.000010000000000000026,0.016000000000000302));
#6360=DIRECTION('',(1.,0.,2.9609707286174473E-13));
#6361=VECTOR('',#6360,1.);
#6362=LINE('',#6359,#6361);
#6363=CARTESIAN_POINT('',(-0.007189999999999656,0.000010000000000000026,0.016000000000000014));
#6364=VERTEX_POINT('',#6363);
#6365=EDGE_CURVE('',#6356,#6364,#6362,.T.);
#6366=ORIENTED_EDGE('',*,*,#6365,.T.);
#6367=CARTESIAN_POINT('',(-0.007189999999999656,0.00108,0.016000000000000014));
#6368=DIRECTION('',(0.,-1.,0.));
#6369=VECTOR('',#6368,1.);
#6370=LINE('',#6367,#6369);
#6371=CARTESIAN_POINT('',(-0.007189999999999656,0.00107,0.016000000000000014));
#6372=VERTEX_POINT('',#6371);
#6373=EDGE_CURVE('',#6364,#6372,#6370,.T.);
#6374=ORIENTED_EDGE('',*,*,#6373,.T.);
#6375=CARTESIAN_POINT('',(-0.006223095238095123,0.00107,0.016000000000000302));
#6376=DIRECTION('',(-1.,0.,-2.9609707286174473E-13));
#6377=VECTOR('',#6376,1.);
#6378=LINE('',#6375,#6377);
#6379=CARTESIAN_POINT('',(-0.007094999999999798,0.00107,0.016000000000000028));
#6380=VERTEX_POINT('',#6379);
#6381=EDGE_CURVE('',#6372,#6380,#6378,.T.);
#6382=ORIENTED_EDGE('',*,*,#6381,.T.);
#6383=CARTESIAN_POINT('',(-0.007094999999999798,0.00108,0.016000000000000045));
#6384=DIRECTION('',(0.,-1.,0.));
#6385=VECTOR('',#6384,1.);
#6386=LINE('',#6383,#6385);
#6387=CARTESIAN_POINT('',(-0.007094999999999798,0.00108,0.016000000000000302));
#6388=VERTEX_POINT('',#6387);
#6389=EDGE_CURVE('',#6380,#6388,#6386,.T.);
#6390=ORIENTED_EDGE('',*,*,#6389,.T.);
#6391=CARTESIAN_POINT('',(-0.006223095238095123,0.00108,0.016000000000000302));
#6392=DIRECTION('',(1.,0.,2.9609707286174473E-13));
#6393=VECTOR('',#6392,1.);
#6394=LINE('',#6391,#6393);
#6395=CARTESIAN_POINT('',(-0.0063192857142855136,0.00108,0.016000000000000302));
#6396=VERTEX_POINT('',#6395);
#6397=EDGE_CURVE('',#6388,#6396,#6394,.T.);
#6398=ORIENTED_EDGE('',*,*,#6397,.T.);
#6399=CARTESIAN_POINT('',(-0.0063192857142855136,0.00108,0.016000000000000274));
#6400=DIRECTION('',(0.,1.,0.));
#6401=VECTOR('',#6400,1.);
#6402=LINE('',#6399,#6401);
#6403=CARTESIAN_POINT('',(-0.0063192857142855136,0.00107,0.01600000000000029));
#6404=VERTEX_POINT('',#6403);
#6405=EDGE_CURVE('',#6396,#6404,#6402,.T.);
#6406=ORIENTED_EDGE('',*,*,#6405,.T.);
#6407=CARTESIAN_POINT('',(-0.006223095238095123,0.00107,0.016000000000000302));
#6408=DIRECTION('',(1.,0.,2.9609707286174473E-13));
#6409=VECTOR('',#6408,1.);
#6410=LINE('',#6407,#6409);
#6411=CARTESIAN_POINT('',(-0.006223095238095125,0.00107,0.016000000000000302));
#6412=VERTEX_POINT('',#6411);
#6413=EDGE_CURVE('',#6404,#6412,#6410,.T.);
#6414=ORIENTED_EDGE('',*,*,#6413,.T.);
#6415=CARTESIAN_POINT('',(-0.006223095238095123,0.00108,0.016000000000000302));
#6416=DIRECTION('',(0.,-1.,0.));
#6417=VECTOR('',#6416,1.);
#6418=LINE('',#6415,#6417);
#6419=CARTESIAN_POINT('',(-0.006223095238095125,0.000010000000000000026,0.016000000000000302));
#6420=VERTEX_POINT('',#6419);
#6421=EDGE_CURVE('',#6412,#6420,#6418,.T.);
#6422=ORIENTED_EDGE('',*,*,#6421,.T.);
#6423=CARTESIAN_POINT('',(-0.006223095238095123,0.000010000000000000026,0.016000000000000302));
#6424=DIRECTION('',(1.,0.,2.9609707286174473E-13));
#6425=VECTOR('',#6424,1.);
#6426=LINE('',#6423,#6425);
#6427=CARTESIAN_POINT('',(-0.0063192857142855136,0.00001,0.01600000000000029));
#6428=VERTEX_POINT('',#6427);
#6429=EDGE_CURVE('',#6420,#6428,#6426,.T.);
#6430=ORIENTED_EDGE('',*,*,#6429,.T.);
#6431=CARTESIAN_POINT('',(-0.0063192857142855136,0.00108,0.016000000000000274));
#6432=DIRECTION('',(0.,-1.,0.));
#6433=VECTOR('',#6432,1.);
#6434=LINE('',#6431,#6433);
#6435=EDGE_CURVE('',#6428,#6346,#6434,.T.);
#6436=ORIENTED_EDGE('',*,*,#6435,.T.);
#6437=EDGE_LOOP('',(#6350,#6358,#6366,#6374,#6382,#6390,#6398,#6406,#6414,#6422,#6430,#6436));
#6438=FACE_OUTER_BOUND('',#6437,.T.);
#6439=ADVANCED_FACE('',(#6438),#6340,.F.);
#6440=CARTESIAN_POINT('',(-0.003986190476190361,0.00108,0.016000000000000285));
#6441=DIRECTION('',(-1.582198099260861E-14,0.,-1.));
#6442=DIRECTION('',(-1.,0.,1.582198099260861E-14));
#6443=AXIS2_PLACEMENT_3D('',#6440,#6441,#6442);
#6444=PLANE('',#6443);
#6445=CARTESIAN_POINT('',(-0.003986190476190361,0.,0.016000000000000285));
#6446=DIRECTION('',(1.,0.,-1.582198099260861E-14));
#6447=VECTOR('',#6446,1.);
#6448=LINE('',#6445,#6447);
#6449=CARTESIAN_POINT('',(-0.004083571428571272,0.,0.016000000000000285));
#6450=VERTEX_POINT('',#6449);
#6451=CARTESIAN_POINT('',(-0.004859285714285513,0.,0.016000000000000302));
#6452=VERTEX_POINT('',#6451);
#6453=EDGE_CURVE('',#6450,#6452,#6448,.T.);
#6454=ORIENTED_EDGE('',*,*,#6453,.T.);
#6455=CARTESIAN_POINT('',(-0.004859285714285513,0.00108,0.0160000000000003));
#6456=DIRECTION('',(0.,1.,0.));
#6457=VECTOR('',#6456,1.);
#6458=LINE('',#6455,#6457);
#6459=CARTESIAN_POINT('',(-0.004859285714285513,0.00001,0.0160000000000003));
#6460=VERTEX_POINT('',#6459);
#6461=EDGE_CURVE('',#6452,#6460,#6458,.T.);
#6462=ORIENTED_EDGE('',*,*,#6461,.T.);
#6463=CARTESIAN_POINT('',(-0.003986190476190361,0.000010000000000000026,0.016000000000000285));
#6464=DIRECTION('',(1.,0.,-1.582198099260861E-14));
#6465=VECTOR('',#6464,1.);
#6466=LINE('',#6463,#6465);
#6467=CARTESIAN_POINT('',(-0.004953095238095123,0.000010000000000000026,0.0160000000000003));
#6468=VERTEX_POINT('',#6467);
#6469=EDGE_CURVE('',#6460,#6468,#6466,.T.);
#6470=ORIENTED_EDGE('',*,*,#6469,.T.);
#6471=CARTESIAN_POINT('',(-0.004953095238095123,0.00108,0.016000000000000302));
#6472=DIRECTION('',(0.,-1.,0.));
#6473=VECTOR('',#6472,1.);
#6474=LINE('',#6471,#6473);
#6475=CARTESIAN_POINT('',(-0.004953095238095123,0.00107,0.0160000000000003));
#6476=VERTEX_POINT('',#6475);
#6477=EDGE_CURVE('',#6468,#6476,#6474,.T.);
#6478=ORIENTED_EDGE('',*,*,#6477,.T.);
#6479=CARTESIAN_POINT('',(-0.003986190476190361,0.00107,0.016000000000000285));
#6480=DIRECTION('',(1.,0.,-1.582198099260861E-14));
#6481=VECTOR('',#6480,1.);
#6482=LINE('',#6479,#6481);
#6483=CARTESIAN_POINT('',(-0.004859285714285513,0.00107,0.0160000000000003));
#6484=VERTEX_POINT('',#6483);
#6485=EDGE_CURVE('',#6476,#6484,#6482,.T.);
#6486=ORIENTED_EDGE('',*,*,#6485,.T.);
#6487=CARTESIAN_POINT('',(-0.004859285714285513,0.00108,0.0160000000000003));
#6488=DIRECTION('',(0.,-1.,0.));
#6489=VECTOR('',#6488,1.);
#6490=LINE('',#6487,#6489);
#6491=CARTESIAN_POINT('',(-0.004859285714285513,0.00108,0.016000000000000302));
#6492=VERTEX_POINT('',#6491);
#6493=EDGE_CURVE('',#6484,#6492,#6490,.T.);
#6494=ORIENTED_EDGE('',*,*,#6493,.T.);
#6495=CARTESIAN_POINT('',(-0.003986190476190361,0.00108,0.016000000000000285));
#6496=DIRECTION('',(1.,0.,-1.582198099260861E-14));
#6497=VECTOR('',#6496,1.);
#6498=LINE('',#6495,#6497);
#6499=CARTESIAN_POINT('',(-0.004083571428571227,0.00108,0.016000000000000302));
#6500=VERTEX_POINT('',#6499);
#6501=EDGE_CURVE('',#6492,#6500,#6498,.T.);
#6502=ORIENTED_EDGE('',*,*,#6501,.T.);
#6503=CARTESIAN_POINT('',(-0.004083571428571227,0.00108,0.016000000000000285));
#6504=DIRECTION('',(0.,1.,0.));
#6505=VECTOR('',#6504,1.);
#6506=LINE('',#6503,#6505);
#6507=CARTESIAN_POINT('',(-0.004083571428571227,0.00107,0.016000000000000285));
#6508=VERTEX_POINT('',#6507);
#6509=EDGE_CURVE('',#6500,#6508,#6506,.T.);
#6510=ORIENTED_EDGE('',*,*,#6509,.T.);
#6511=CARTESIAN_POINT('',(-0.003986190476190361,0.00107,0.016000000000000285));
#6512=DIRECTION('',(1.,0.,-1.582198099260861E-14));
#6513=VECTOR('',#6512,1.);
#6514=LINE('',#6511,#6513);
#6515=CARTESIAN_POINT('',(-0.00398619047619036,0.00107,0.016000000000000285));
#6516=VERTEX_POINT('',#6515);
#6517=EDGE_CURVE('',#6508,#6516,#6514,.T.);
#6518=ORIENTED_EDGE('',*,*,#6517,.T.);
#6519=CARTESIAN_POINT('',(-0.003986190476190361,0.00108,0.016000000000000285));
#6520=DIRECTION('',(0.,-1.,0.));
#6521=VECTOR('',#6520,1.);
#6522=LINE('',#6519,#6521);
#6523=CARTESIAN_POINT('',(-0.00398619047619036,0.000010000000000000026,0.016000000000000285));
#6524=VERTEX_POINT('',#6523);
#6525=EDGE_CURVE('',#6516,#6524,#6522,.T.);
#6526=ORIENTED_EDGE('',*,*,#6525,.T.);
#6527=CARTESIAN_POINT('',(-0.003986190476190361,0.000010000000000000026,0.016000000000000285));
#6528=DIRECTION('',(1.,0.,-1.582198099260861E-14));
#6529=VECTOR('',#6528,1.);
#6530=LINE('',#6527,#6529);
#6531=CARTESIAN_POINT('',(-0.004083571428571228,0.00001,0.016000000000000285));
#6532=VERTEX_POINT('',#6531);
#6533=EDGE_CURVE('',#6524,#6532,#6530,.T.);
#6534=ORIENTED_EDGE('',*,*,#6533,.T.);
#6535=CARTESIAN_POINT('',(-0.004083571428571228,0.00108,0.016000000000000285));
#6536=DIRECTION('',(0.,-1.,0.));
#6537=VECTOR('',#6536,1.);
#6538=LINE('',#6535,#6537);
#6539=EDGE_CURVE('',#6532,#6450,#6538,.T.);
#6540=ORIENTED_EDGE('',*,*,#6539,.T.);
#6541=EDGE_LOOP('',(#6454,#6462,#6470,#6478,#6486,#6494,#6502,#6510,#6518,#6526,#6534,#6540));
#6542=FACE_OUTER_BOUND('',#6541,.T.);
#6543=ADVANCED_FACE('',(#6542),#6444,.F.);
#6544=CARTESIAN_POINT('',(-0.0017492857142853721,0.00108,0.016000000000000014));
#6545=DIRECTION('',(-2.802750918690007E-13,0.,-1.));
#6546=DIRECTION('',(-1.,0.,2.802750918690007E-13));
#6547=AXIS2_PLACEMENT_3D('',#6544,#6545,#6546);
#6548=PLANE('',#6547);
#6549=CARTESIAN_POINT('',(-0.0017492857142853721,0.,0.016000000000000014));
#6550=DIRECTION('',(1.,0.,-2.8027509186900067E-13));
#6551=VECTOR('',#6550,1.);
#6552=LINE('',#6549,#6551);
#6553=CARTESIAN_POINT('',(-0.0018478571428569863,0.,0.016000000000000042));
#6554=VERTEX_POINT('',#6553);
#6555=CARTESIAN_POINT('',(-0.0026235714285712257,0.,0.016000000000000302));
#6556=VERTEX_POINT('',#6555);
#6557=EDGE_CURVE('',#6554,#6556,#6552,.T.);
#6558=ORIENTED_EDGE('',*,*,#6557,.T.);
#6559=CARTESIAN_POINT('',(-0.0026235714285712257,0.00108,0.01600000000000026));
#6560=DIRECTION('',(0.,1.,0.));
#6561=VECTOR('',#6560,1.);
#6562=LINE('',#6559,#6561);
#6563=CARTESIAN_POINT('',(-0.0026235714285712257,0.00001,0.01600000000000027));
#6564=VERTEX_POINT('',#6563);
#6565=EDGE_CURVE('',#6556,#6564,#6562,.T.);
#6566=ORIENTED_EDGE('',*,*,#6565,.T.);
#6567=CARTESIAN_POINT('',(-0.0017492857142853721,0.000010000000000000026,0.016000000000000014));
#6568=DIRECTION('',(1.,0.,-2.802750918690007E-13));
#6569=VECTOR('',#6568,1.);
#6570=LINE('',#6567,#6569);
#6571=CARTESIAN_POINT('',(-0.002716190476190361,0.000010000000000000026,0.016000000000000285));
#6572=VERTEX_POINT('',#6571);
#6573=EDGE_CURVE('',#6564,#6572,#6570,.T.);
#6574=ORIENTED_EDGE('',*,*,#6573,.T.);
#6575=CARTESIAN_POINT('',(-0.002716190476190361,0.00108,0.016000000000000285));
#6576=DIRECTION('',(0.,-1.,0.));
#6577=VECTOR('',#6576,1.);
#6578=LINE('',#6575,#6577);
#6579=CARTESIAN_POINT('',(-0.002716190476190361,0.00107,0.016000000000000285));
#6580=VERTEX_POINT('',#6579);
#6581=EDGE_CURVE('',#6572,#6580,#6578,.T.);
#6582=ORIENTED_EDGE('',*,*,#6581,.T.);
#6583=CARTESIAN_POINT('',(-0.0017492857142853721,0.00107,0.016000000000000014));
#6584=DIRECTION('',(1.,0.,-2.802750918690007E-13));
#6585=VECTOR('',#6584,1.);
#6586=LINE('',#6583,#6585);
#6587=CARTESIAN_POINT('',(-0.0026235714285712257,0.00107,0.01600000000000027));
#6588=VERTEX_POINT('',#6587);
#6589=EDGE_CURVE('',#6580,#6588,#6586,.T.);
#6590=ORIENTED_EDGE('',*,*,#6589,.T.);
#6591=CARTESIAN_POINT('',(-0.0026235714285712257,0.00108,0.01600000000000026));
#6592=DIRECTION('',(0.,-1.,0.));
#6593=VECTOR('',#6592,1.);
#6594=LINE('',#6591,#6593);
#6595=CARTESIAN_POINT('',(-0.0026235714285712257,0.00108,0.016000000000000302));
#6596=VERTEX_POINT('',#6595);
#6597=EDGE_CURVE('',#6588,#6596,#6594,.T.);
#6598=ORIENTED_EDGE('',*,*,#6597,.T.);
#6599=CARTESIAN_POINT('',(-0.0017492857142853721,0.00108,0.016000000000000014));
#6600=DIRECTION('',(1.,0.,-2.8027509186900067E-13));
#6601=VECTOR('',#6600,1.);
#6602=LINE('',#6599,#6601);
#6603=CARTESIAN_POINT('',(-0.0018478571428569423,0.00108,0.016000000000000302));
#6604=VERTEX_POINT('',#6603);
#6605=EDGE_CURVE('',#6596,#6604,#6602,.T.);
#6606=ORIENTED_EDGE('',*,*,#6605,.T.);
#6607=CARTESIAN_POINT('',(-0.0018478571428569423,0.00108,0.016000000000000042));
#6608=DIRECTION('',(0.,1.,0.));
#6609=VECTOR('',#6608,1.);
#6610=LINE('',#6607,#6609);
#6611=CARTESIAN_POINT('',(-0.0018478571428569423,0.00107,0.016000000000000028));
#6612=VERTEX_POINT('',#6611);
#6613=EDGE_CURVE('',#6604,#6612,#6610,.T.);
#6614=ORIENTED_EDGE('',*,*,#6613,.T.);
#6615=CARTESIAN_POINT('',(-0.0017492857142853721,0.00107,0.016000000000000014));
#6616=DIRECTION('',(1.,0.,-2.802750918690007E-13));
#6617=VECTOR('',#6616,1.);
#6618=LINE('',#6615,#6617);
#6619=CARTESIAN_POINT('',(-0.0017492857142853715,0.00107,0.016000000000000014));
#6620=VERTEX_POINT('',#6619);
#6621=EDGE_CURVE('',#6612,#6620,#6618,.T.);
#6622=ORIENTED_EDGE('',*,*,#6621,.T.);
#6623=CARTESIAN_POINT('',(-0.0017492857142853721,0.00108,0.016000000000000014));
#6624=DIRECTION('',(0.,-1.,0.));
#6625=VECTOR('',#6624,1.);
#6626=LINE('',#6623,#6625);
#6627=CARTESIAN_POINT('',(-0.0017492857142853715,0.000010000000000000026,0.016000000000000014));
#6628=VERTEX_POINT('',#6627);
#6629=EDGE_CURVE('',#6620,#6628,#6626,.T.);
#6630=ORIENTED_EDGE('',*,*,#6629,.T.);
#6631=CARTESIAN_POINT('',(-0.0017492857142853721,0.000010000000000000026,0.016000000000000014));
#6632=DIRECTION('',(1.,0.,-2.802750918690007E-13));
#6633=VECTOR('',#6632,1.);
#6634=LINE('',#6631,#6633);
#6635=CARTESIAN_POINT('',(-0.0018478571428569427,0.00001,0.016000000000000028));
#6636=VERTEX_POINT('',#6635);
#6637=EDGE_CURVE('',#6628,#6636,#6634,.T.);
#6638=ORIENTED_EDGE('',*,*,#6637,.T.);
#6639=CARTESIAN_POINT('',(-0.0018478571428569427,0.00108,0.016000000000000042));
#6640=DIRECTION('',(0.,-1.,0.));
#6641=VECTOR('',#6640,1.);
#6642=LINE('',#6639,#6641);
#6643=EDGE_CURVE('',#6636,#6554,#6642,.T.);
#6644=ORIENTED_EDGE('',*,*,#6643,.T.);
#6645=EDGE_LOOP('',(#6558,#6566,#6574,#6582,#6590,#6598,#6606,#6614,#6622,#6630,#6638,#6644));
#6646=FACE_OUTER_BOUND('',#6645,.T.);
#6647=ADVANCED_FACE('',(#6646),#6548,.F.);
#6648=CARTESIAN_POINT('',(0.0004792857142853724,0.00108,0.016000000000000004));
#6649=DIRECTION('',(-2.2799327517929643E-15,0.,-1.));
#6650=DIRECTION('',(-1.,0.,2.2799327517929643E-15));
#6651=AXIS2_PLACEMENT_3D('',#6648,#6649,#6650);
#6652=PLANE('',#6651);
#6653=CARTESIAN_POINT('',(0.0004792857142853724,0.,0.016000000000000004));
#6654=DIRECTION('',(1.,0.,-2.2799327517929643E-15));
#6655=VECTOR('',#6654,1.);
#6656=LINE('',#6653,#6655);
#6657=CARTESIAN_POINT('',(0.00038785714285700414,0.,0.016000000000000004));
#6658=VERTEX_POINT('',#6657);
#6659=CARTESIAN_POINT('',(-0.00038785714285694174,0.,0.016000000000000302));
#6660=VERTEX_POINT('',#6659);
#6661=EDGE_CURVE('',#6658,#6660,#6656,.T.);
#6662=ORIENTED_EDGE('',*,*,#6661,.T.);
#6663=CARTESIAN_POINT('',(-0.00038785714285694174,0.00108,0.016000000000000007));
#6664=DIRECTION('',(0.,1.,0.));
#6665=VECTOR('',#6664,1.);
#6666=LINE('',#6663,#6665);
#6667=CARTESIAN_POINT('',(-0.00038785714285694174,0.00001,0.016000000000000007));
#6668=VERTEX_POINT('',#6667);
#6669=EDGE_CURVE('',#6660,#6668,#6666,.T.);
#6670=ORIENTED_EDGE('',*,*,#6669,.T.);
#6671=CARTESIAN_POINT('',(0.0004792857142853724,0.000010000000000000026,0.016000000000000004));
#6672=DIRECTION('',(1.,0.,-2.2799327517929643E-15));
#6673=VECTOR('',#6672,1.);
#6674=LINE('',#6671,#6673);
#6675=CARTESIAN_POINT('',(-0.0004792857142853722,0.000010000000000000026,0.016000000000000007));
#6676=VERTEX_POINT('',#6675);
#6677=EDGE_CURVE('',#6668,#6676,#6674,.T.);
#6678=ORIENTED_EDGE('',*,*,#6677,.T.);
#6679=CARTESIAN_POINT('',(-0.00047928571428537225,0.00108,0.016000000000000007));
#6680=DIRECTION('',(0.,-1.,0.));
#6681=VECTOR('',#6680,1.);
#6682=LINE('',#6679,#6681);
#6683=CARTESIAN_POINT('',(-0.0004792857142853722,0.00107,0.016000000000000007));
#6684=VERTEX_POINT('',#6683);
#6685=EDGE_CURVE('',#6676,#6684,#6682,.T.);
#6686=ORIENTED_EDGE('',*,*,#6685,.T.);
#6687=CARTESIAN_POINT('',(0.0004792857142853724,0.00107,0.016000000000000004));
#6688=DIRECTION('',(1.,0.,-2.2799327517929643E-15));
#6689=VECTOR('',#6688,1.);
#6690=LINE('',#6687,#6689);
#6691=CARTESIAN_POINT('',(-0.0003878571428569422,0.00107,0.016000000000000007));
#6692=VERTEX_POINT('',#6691);
#6693=EDGE_CURVE('',#6684,#6692,#6690,.T.);
#6694=ORIENTED_EDGE('',*,*,#6693,.T.);
#6695=CARTESIAN_POINT('',(-0.0003878571428569422,0.00108,0.016000000000000007));
#6696=DIRECTION('',(0.,-1.,0.));
#6697=VECTOR('',#6696,1.);
#6698=LINE('',#6695,#6697);
#6699=CARTESIAN_POINT('',(-0.0003878571428569422,0.00108,0.016000000000000302));
#6700=VERTEX_POINT('',#6699);
#6701=EDGE_CURVE('',#6692,#6700,#6698,.T.);
#6702=ORIENTED_EDGE('',*,*,#6701,.T.);
#6703=CARTESIAN_POINT('',(0.0004792857142853724,0.00108,0.016000000000000004));
#6704=DIRECTION('',(1.,0.,-2.2799327517929643E-15));
#6705=VECTOR('',#6704,1.);
#6706=LINE('',#6703,#6705);
#6707=CARTESIAN_POINT('',(0.0003878571428569546,0.00108,0.016000000000000302));
#6708=VERTEX_POINT('',#6707);
#6709=EDGE_CURVE('',#6700,#6708,#6706,.T.);
#6710=ORIENTED_EDGE('',*,*,#6709,.T.);
#6711=CARTESIAN_POINT('',(0.0003878571428569546,0.00108,0.016000000000000004));
#6712=DIRECTION('',(0.,1.,0.));
#6713=VECTOR('',#6712,1.);
#6714=LINE('',#6711,#6713);
#6715=CARTESIAN_POINT('',(0.0003878571428569546,0.00107,0.016000000000000004));
#6716=VERTEX_POINT('',#6715);
#6717=EDGE_CURVE('',#6708,#6716,#6714,.T.);
#6718=ORIENTED_EDGE('',*,*,#6717,.T.);
#6719=CARTESIAN_POINT('',(0.0004792857142853724,0.00107,0.016000000000000004));
#6720=DIRECTION('',(1.,0.,-2.2799327517929643E-15));
#6721=VECTOR('',#6720,1.);
#6722=LINE('',#6719,#6721);
#6723=CARTESIAN_POINT('',(0.0004792857142853726,0.00107,0.016000000000000004));
#6724=VERTEX_POINT('',#6723);
#6725=EDGE_CURVE('',#6716,#6724,#6722,.T.);
#6726=ORIENTED_EDGE('',*,*,#6725,.T.);
#6727=CARTESIAN_POINT('',(0.0004792857142853724,0.00108,0.016000000000000004));
#6728=DIRECTION('',(0.,-1.,0.));
#6729=VECTOR('',#6728,1.);
#6730=LINE('',#6727,#6729);
#6731=CARTESIAN_POINT('',(0.0004792857142853726,0.000010000000000000026,0.016000000000000004));
#6732=VERTEX_POINT('',#6731);
#6733=EDGE_CURVE('',#6724,#6732,#6730,.T.);
#6734=ORIENTED_EDGE('',*,*,#6733,.T.);
#6735=CARTESIAN_POINT('',(0.0004792857142853724,0.000010000000000000026,0.016000000000000004));
#6736=DIRECTION('',(1.,0.,-2.2799327517929643E-15));
#6737=VECTOR('',#6736,1.);
#6738=LINE('',#6735,#6737);
#6739=CARTESIAN_POINT('',(0.00038785714285695627,0.00001,0.016000000000000004));
#6740=VERTEX_POINT('',#6739);
#6741=EDGE_CURVE('',#6732,#6740,#6738,.T.);
#6742=ORIENTED_EDGE('',*,*,#6741,.T.);
#6743=CARTESIAN_POINT('',(0.00038785714285695627,0.00108,0.016000000000000004));
#6744=DIRECTION('',(0.,-1.,0.));
#6745=VECTOR('',#6744,1.);
#6746=LINE('',#6743,#6745);
#6747=EDGE_CURVE('',#6740,#6658,#6746,.T.);
#6748=ORIENTED_EDGE('',*,*,#6747,.T.);
#6749=EDGE_LOOP('',(#6662,#6670,#6678,#6686,#6694,#6702,#6710,#6718,#6726,#6734,#6742,#6748));
#6750=FACE_OUTER_BOUND('',#6749,.T.);
#6751=ADVANCED_FACE('',(#6750),#6652,.F.);
#6752=CARTESIAN_POINT('',(0.002716190476190134,0.00108,0.016000000000000018));
#6753=DIRECTION('',(6.780848996832254E-15,0.,-1.));
#6754=DIRECTION('',(-1.,0.,-6.780848996832254E-15));
#6755=AXIS2_PLACEMENT_3D('',#6752,#6753,#6754);
#6756=PLANE('',#6755);
#6757=CARTESIAN_POINT('',(0.002716190476190134,0.,0.016000000000000018));
#6758=DIRECTION('',(1.,0.,6.780848996832254E-15));
#6759=VECTOR('',#6758,1.);
#6760=LINE('',#6757,#6759);
#6761=CARTESIAN_POINT('',(0.0026235714285712843,0.,0.016000000000000018));
#6762=VERTEX_POINT('',#6761);
#6763=CARTESIAN_POINT('',(0.0018478571428569538,0.,0.016000000000000302));
#6764=VERTEX_POINT('',#6763);
#6765=EDGE_CURVE('',#6762,#6764,#6760,.T.);
#6766=ORIENTED_EDGE('',*,*,#6765,.T.);
#6767=CARTESIAN_POINT('',(0.0018478571428569538,0.00108,0.01600000000000001));
#6768=DIRECTION('',(0.,1.,0.));
#6769=VECTOR('',#6768,1.);
#6770=LINE('',#6767,#6769);
#6771=CARTESIAN_POINT('',(0.0018478571428569538,0.00001,0.01600000000000001));
#6772=VERTEX_POINT('',#6771);
#6773=EDGE_CURVE('',#6764,#6772,#6770,.T.);
#6774=ORIENTED_EDGE('',*,*,#6773,.T.);
#6775=CARTESIAN_POINT('',(0.002716190476190134,0.000010000000000000026,0.016000000000000018));
#6776=DIRECTION('',(1.,0.,6.780848996832254E-15));
#6777=VECTOR('',#6776,1.);
#6778=LINE('',#6775,#6777);
#6779=CARTESIAN_POINT('',(0.0017492857142853723,0.000010000000000000026,0.01600000000000001));
#6780=VERTEX_POINT('',#6779);
#6781=EDGE_CURVE('',#6772,#6780,#6778,.T.);
#6782=ORIENTED_EDGE('',*,*,#6781,.T.);
#6783=CARTESIAN_POINT('',(0.0017492857142853723,0.00108,0.01600000000000001));
#6784=DIRECTION('',(0.,-1.,0.));
#6785=VECTOR('',#6784,1.);
#6786=LINE('',#6783,#6785);
#6787=CARTESIAN_POINT('',(0.0017492857142853723,0.00107,0.01600000000000001));
#6788=VERTEX_POINT('',#6787);
#6789=EDGE_CURVE('',#6780,#6788,#6786,.T.);
#6790=ORIENTED_EDGE('',*,*,#6789,.T.);
#6791=CARTESIAN_POINT('',(0.002716190476190134,0.00107,0.016000000000000018));
#6792=DIRECTION('',(1.,0.,6.780848996832254E-15));
#6793=VECTOR('',#6792,1.);
#6794=LINE('',#6791,#6793);
#6795=CARTESIAN_POINT('',(0.0018478571428569546,0.00107,0.01600000000000001));
#6796=VERTEX_POINT('',#6795);
#6797=EDGE_CURVE('',#6788,#6796,#6794,.T.);
#6798=ORIENTED_EDGE('',*,*,#6797,.T.);
#6799=CARTESIAN_POINT('',(0.0018478571428569546,0.00108,0.01600000000000001));
#6800=DIRECTION('',(0.,-1.,0.));
#6801=VECTOR('',#6800,1.);
#6802=LINE('',#6799,#6801);
#6803=CARTESIAN_POINT('',(0.0018478571428569546,0.00108,0.016000000000000302));
#6804=VERTEX_POINT('',#6803);
#6805=EDGE_CURVE('',#6796,#6804,#6802,.T.);
#6806=ORIENTED_EDGE('',*,*,#6805,.T.);
#6807=CARTESIAN_POINT('',(0.002716190476190134,0.00108,0.016000000000000018));
#6808=DIRECTION('',(1.,0.,6.780848996832254E-15));
#6809=VECTOR('',#6808,1.);
#6810=LINE('',#6807,#6809);
#6811=CARTESIAN_POINT('',(0.002623571428571238,0.00108,0.016000000000000302));
#6812=VERTEX_POINT('',#6811);
#6813=EDGE_CURVE('',#6804,#6812,#6810,.T.);
#6814=ORIENTED_EDGE('',*,*,#6813,.T.);
#6815=CARTESIAN_POINT('',(0.002623571428571238,0.00108,0.016000000000000018));
#6816=DIRECTION('',(0.,1.,0.));
#6817=VECTOR('',#6816,1.);
#6818=LINE('',#6815,#6817);
#6819=CARTESIAN_POINT('',(0.002623571428571238,0.00107,0.016000000000000018));
#6820=VERTEX_POINT('',#6819);
#6821=EDGE_CURVE('',#6812,#6820,#6818,.T.);
#6822=ORIENTED_EDGE('',*,*,#6821,.T.);
#6823=CARTESIAN_POINT('',(0.002716190476190134,0.00107,0.016000000000000018));
#6824=DIRECTION('',(1.,0.,6.780848996832254E-15));
#6825=VECTOR('',#6824,1.);
#6826=LINE('',#6823,#6825);
#6827=CARTESIAN_POINT('',(0.0027161904761901345,0.00107,0.016000000000000018));
#6828=VERTEX_POINT('',#6827);
#6829=EDGE_CURVE('',#6820,#6828,#6826,.T.);
#6830=ORIENTED_EDGE('',*,*,#6829,.T.);
#6831=CARTESIAN_POINT('',(0.002716190476190134,0.00108,0.016000000000000018));
#6832=DIRECTION('',(0.,-1.,0.));
#6833=VECTOR('',#6832,1.);
#6834=LINE('',#6831,#6833);
#6835=CARTESIAN_POINT('',(0.0027161904761901345,0.000010000000000000026,0.016000000000000018));
#6836=VERTEX_POINT('',#6835);
#6837=EDGE_CURVE('',#6828,#6836,#6834,.T.);
#6838=ORIENTED_EDGE('',*,*,#6837,.T.);
#6839=CARTESIAN_POINT('',(0.002716190476190134,0.000010000000000000026,0.016000000000000018));
#6840=DIRECTION('',(1.,0.,6.780848996832254E-15));
#6841=VECTOR('',#6840,1.);
#6842=LINE('',#6839,#6841);
#6843=CARTESIAN_POINT('',(0.0026235714285712374,0.00001,0.016000000000000018));
#6844=VERTEX_POINT('',#6843);
#6845=EDGE_CURVE('',#6836,#6844,#6842,.T.);
#6846=ORIENTED_EDGE('',*,*,#6845,.T.);
#6847=CARTESIAN_POINT('',(0.0026235714285712374,0.00108,0.016000000000000018));
#6848=DIRECTION('',(0.,-1.,0.));
#6849=VECTOR('',#6848,1.);
#6850=LINE('',#6847,#6849);
#6851=EDGE_CURVE('',#6844,#6762,#6850,.T.);
#6852=ORIENTED_EDGE('',*,*,#6851,.T.);
#6853=EDGE_LOOP('',(#6766,#6774,#6782,#6790,#6798,#6806,#6814,#6822,#6830,#6838,#6846,#6852));
#6854=FACE_OUTER_BOUND('',#6853,.T.);
#6855=ADVANCED_FACE('',(#6854),#6756,.F.);
#6856=CARTESIAN_POINT('',(0.004953095238094896,0.00108,0.016000000000000035));
#6857=DIRECTION('',(6.780848996832254E-15,0.,-1.));
#6858=DIRECTION('',(-1.,0.,-6.780848996832254E-15));
#6859=AXIS2_PLACEMENT_3D('',#6856,#6857,#6858);
#6860=PLANE('',#6859);
#6861=CARTESIAN_POINT('',(0.004953095238094896,0.,0.016000000000000035));
#6862=DIRECTION('',(1.,0.,6.780848996832254E-15));
#6863=VECTOR('',#6862,1.);
#6864=LINE('',#6861,#6863);
#6865=CARTESIAN_POINT('',(0.004859285714285575,0.,0.016000000000000035));
#6866=VERTEX_POINT('',#6865);
#6867=CARTESIAN_POINT('',(0.004083571428571241,0.,0.016000000000000302));
#6868=VERTEX_POINT('',#6867);
#6869=EDGE_CURVE('',#6866,#6868,#6864,.T.);
#6870=ORIENTED_EDGE('',*,*,#6869,.T.);
#6871=CARTESIAN_POINT('',(0.004083571428571241,0.00108,0.016000000000000028));
#6872=DIRECTION('',(0.,1.,0.));
#6873=VECTOR('',#6872,1.);
#6874=LINE('',#6871,#6873);
#6875=CARTESIAN_POINT('',(0.004083571428571241,0.00001,0.016000000000000028));
#6876=VERTEX_POINT('',#6875);
#6877=EDGE_CURVE('',#6868,#6876,#6874,.T.);
#6878=ORIENTED_EDGE('',*,*,#6877,.T.);
#6879=CARTESIAN_POINT('',(0.004953095238094896,0.000010000000000000026,0.016000000000000035));
#6880=DIRECTION('',(1.,0.,6.780848996832254E-15));
#6881=VECTOR('',#6880,1.);
#6882=LINE('',#6879,#6881);
#6883=CARTESIAN_POINT('',(0.003986190476190134,0.000010000000000000026,0.016000000000000028));
#6884=VERTEX_POINT('',#6883);
#6885=EDGE_CURVE('',#6876,#6884,#6882,.T.);
#6886=ORIENTED_EDGE('',*,*,#6885,.T.);
#6887=CARTESIAN_POINT('',(0.003986190476190134,0.00108,0.016000000000000028));
#6888=DIRECTION('',(0.,-1.,0.));
#6889=VECTOR('',#6888,1.);
#6890=LINE('',#6887,#6889);
#6891=CARTESIAN_POINT('',(0.003986190476190134,0.00107,0.016000000000000028));
#6892=VERTEX_POINT('',#6891);
#6893=EDGE_CURVE('',#6884,#6892,#6890,.T.);
#6894=ORIENTED_EDGE('',*,*,#6893,.T.);
#6895=CARTESIAN_POINT('',(0.004953095238094896,0.00107,0.016000000000000035));
#6896=DIRECTION('',(1.,0.,6.780848996832254E-15));
#6897=VECTOR('',#6896,1.);
#6898=LINE('',#6895,#6897);
#6899=CARTESIAN_POINT('',(0.00408357142857124,0.00107,0.016000000000000028));
#6900=VERTEX_POINT('',#6899);
#6901=EDGE_CURVE('',#6892,#6900,#6898,.T.);
#6902=ORIENTED_EDGE('',*,*,#6901,.T.);
#6903=CARTESIAN_POINT('',(0.00408357142857124,0.00108,0.016000000000000028));
#6904=DIRECTION('',(0.,-1.,0.));
#6905=VECTOR('',#6904,1.);
#6906=LINE('',#6903,#6905);
#6907=CARTESIAN_POINT('',(0.00408357142857124,0.00108,0.016000000000000302));
#6908=VERTEX_POINT('',#6907);
#6909=EDGE_CURVE('',#6900,#6908,#6906,.T.);
#6910=ORIENTED_EDGE('',*,*,#6909,.T.);
#6911=CARTESIAN_POINT('',(0.004953095238094896,0.00108,0.016000000000000035));
#6912=DIRECTION('',(1.,0.,6.780848996832254E-15));
#6913=VECTOR('',#6912,1.);
#6914=LINE('',#6911,#6913);
#6915=CARTESIAN_POINT('',(0.004859285714285526,0.00108,0.016000000000000302));
#6916=VERTEX_POINT('',#6915);
#6917=EDGE_CURVE('',#6908,#6916,#6914,.T.);
#6918=ORIENTED_EDGE('',*,*,#6917,.T.);
#6919=CARTESIAN_POINT('',(0.004859285714285526,0.00108,0.016000000000000035));
#6920=DIRECTION('',(0.,1.,0.));
#6921=VECTOR('',#6920,1.);
#6922=LINE('',#6919,#6921);
#6923=CARTESIAN_POINT('',(0.004859285714285526,0.00107,0.016000000000000035));
#6924=VERTEX_POINT('',#6923);
#6925=EDGE_CURVE('',#6916,#6924,#6922,.T.);
#6926=ORIENTED_EDGE('',*,*,#6925,.T.);
#6927=CARTESIAN_POINT('',(0.004953095238094896,0.00107,0.016000000000000035));
#6928=DIRECTION('',(1.,0.,6.780848996832254E-15));
#6929=VECTOR('',#6928,1.);
#6930=LINE('',#6927,#6929);
#6931=CARTESIAN_POINT('',(0.004953095238094896,0.00107,0.016000000000000035));
#6932=VERTEX_POINT('',#6931);
#6933=EDGE_CURVE('',#6924,#6932,#6930,.T.);
#6934=ORIENTED_EDGE('',*,*,#6933,.T.);
#6935=CARTESIAN_POINT('',(0.004953095238094896,0.00108,0.016000000000000035));
#6936=DIRECTION('',(0.,-1.,0.));
#6937=VECTOR('',#6936,1.);
#6938=LINE('',#6935,#6937);
#6939=CARTESIAN_POINT('',(0.004953095238094896,0.000010000000000000026,0.016000000000000035));
#6940=VERTEX_POINT('',#6939);
#6941=EDGE_CURVE('',#6932,#6940,#6938,.T.);
#6942=ORIENTED_EDGE('',*,*,#6941,.T.);
#6943=CARTESIAN_POINT('',(0.004953095238094896,0.000010000000000000026,0.016000000000000035));
#6944=DIRECTION('',(1.,0.,6.780848996832254E-15));
#6945=VECTOR('',#6944,1.);
#6946=LINE('',#6943,#6945);
#6947=CARTESIAN_POINT('',(0.004859285714285527,0.00001,0.016000000000000035));
#6948=VERTEX_POINT('',#6947);
#6949=EDGE_CURVE('',#6940,#6948,#6946,.T.);
#6950=ORIENTED_EDGE('',*,*,#6949,.T.);
#6951=CARTESIAN_POINT('',(0.004859285714285527,0.00108,0.016000000000000035));
#6952=DIRECTION('',(0.,-1.,0.));
#6953=VECTOR('',#6952,1.);
#6954=LINE('',#6951,#6953);
#6955=EDGE_CURVE('',#6948,#6866,#6954,.T.);
#6956=ORIENTED_EDGE('',*,*,#6955,.T.);
#6957=EDGE_LOOP('',(#6870,#6878,#6886,#6894,#6902,#6910,#6918,#6926,#6934,#6942,#6950,#6956));
#6958=FACE_OUTER_BOUND('',#6957,.T.);
#6959=ADVANCED_FACE('',(#6958),#6860,.F.);
#6960=CARTESIAN_POINT('',(0.007189999999999658,0.00108,0.01600000000000005));
#6961=DIRECTION('',(6.780848996832254E-15,0.,-1.));
#6962=DIRECTION('',(-1.,0.,-6.780848996832254E-15));
#6963=AXIS2_PLACEMENT_3D('',#6960,#6961,#6962);
#6964=PLANE('',#6963);
#6965=CARTESIAN_POINT('',(0.007189999999999658,0.,0.01600000000000005));
#6966=DIRECTION('',(1.,0.,6.780848996832254E-15));
#6967=VECTOR('',#6966,1.);
#6968=LINE('',#6965,#6967);
#6969=CARTESIAN_POINT('',(0.007094999999999859,0.,0.01600000000000005));
#6970=VERTEX_POINT('',#6969);
#6971=CARTESIAN_POINT('',(0.0063192857142855266,0.,0.016000000000000302));
#6972=VERTEX_POINT('',#6971);
#6973=EDGE_CURVE('',#6970,#6972,#6968,.T.);
#6974=ORIENTED_EDGE('',*,*,#6973,.T.);
#6975=CARTESIAN_POINT('',(0.006319285714285526,0.00108,0.016000000000000042));
#6976=DIRECTION('',(0.,1.,0.));
#6977=VECTOR('',#6976,1.);
#6978=LINE('',#6975,#6977);
#6979=CARTESIAN_POINT('',(0.0063192857142855266,0.00001,0.016000000000000042));
#6980=VERTEX_POINT('',#6979);
#6981=EDGE_CURVE('',#6972,#6980,#6978,.T.);
#6982=ORIENTED_EDGE('',*,*,#6981,.T.);
#6983=CARTESIAN_POINT('',(0.007189999999999658,0.000010000000000000026,0.01600000000000005));
#6984=DIRECTION('',(1.,0.,6.780848996832254E-15));
#6985=VECTOR('',#6984,1.);
#6986=LINE('',#6983,#6985);
#6987=CARTESIAN_POINT('',(0.006223095238094896,0.000010000000000000026,0.016000000000000042));
#6988=VERTEX_POINT('',#6987);
#6989=EDGE_CURVE('',#6980,#6988,#6986,.T.);
#6990=ORIENTED_EDGE('',*,*,#6989,.T.);
#6991=CARTESIAN_POINT('',(0.006223095238094896,0.00108,0.016000000000000042));
#6992=DIRECTION('',(0.,-1.,0.));
#6993=VECTOR('',#6992,1.);
#6994=LINE('',#6991,#6993);
#6995=CARTESIAN_POINT('',(0.006223095238094896,0.00107,0.016000000000000042));
#6996=VERTEX_POINT('',#6995);
#6997=EDGE_CURVE('',#6988,#6996,#6994,.T.);
#6998=ORIENTED_EDGE('',*,*,#6997,.T.);
#6999=CARTESIAN_POINT('',(0.007189999999999658,0.00107,0.01600000000000005));
#7000=DIRECTION('',(1.,0.,6.780848996832254E-15));
#7001=VECTOR('',#7000,1.);
#7002=LINE('',#6999,#7001);
#7003=CARTESIAN_POINT('',(0.0063192857142855266,0.00107,0.016000000000000042));
#7004=VERTEX_POINT('',#7003);
#7005=EDGE_CURVE('',#6996,#7004,#7002,.T.);
#7006=ORIENTED_EDGE('',*,*,#7005,.T.);
#7007=CARTESIAN_POINT('',(0.006319285714285526,0.00108,0.016000000000000042));
#7008=DIRECTION('',(0.,-1.,0.));
#7009=VECTOR('',#7008,1.);
#7010=LINE('',#7007,#7009);
#7011=CARTESIAN_POINT('',(0.0063192857142855266,0.00108,0.016000000000000302));
#7012=VERTEX_POINT('',#7011);
#7013=EDGE_CURVE('',#7004,#7012,#7010,.T.);
#7014=ORIENTED_EDGE('',*,*,#7013,.T.);
#7015=CARTESIAN_POINT('',(0.007189999999999658,0.00108,0.01600000000000005));
#7016=DIRECTION('',(1.,0.,6.780848996832254E-15));
#7017=VECTOR('',#7016,1.);
#7018=LINE('',#7015,#7017);
#7019=CARTESIAN_POINT('',(0.007094999999999811,0.00108,0.016000000000000302));
#7020=VERTEX_POINT('',#7019);
#7021=EDGE_CURVE('',#7012,#7020,#7018,.T.);
#7022=ORIENTED_EDGE('',*,*,#7021,.T.);
#7023=CARTESIAN_POINT('',(0.007094999999999811,0.00108,0.01600000000000005));
#7024=DIRECTION('',(0.,1.,0.));
#7025=VECTOR('',#7024,1.);
#7026=LINE('',#7023,#7025);
#7027=CARTESIAN_POINT('',(0.007094999999999811,0.00107,0.01600000000000005));
#7028=VERTEX_POINT('',#7027);
#7029=EDGE_CURVE('',#7020,#7028,#7026,.T.);
#7030=ORIENTED_EDGE('',*,*,#7029,.T.);
#7031=CARTESIAN_POINT('',(0.007189999999999658,0.00107,0.01600000000000005));
#7032=DIRECTION('',(1.,0.,6.780848996832254E-15));
#7033=VECTOR('',#7032,1.);
#7034=LINE('',#7031,#7033);
#7035=CARTESIAN_POINT('',(0.007189999999999657,0.00107,0.01600000000000005));
#7036=VERTEX_POINT('',#7035);
#7037=EDGE_CURVE('',#7028,#7036,#7034,.T.);
#7038=ORIENTED_EDGE('',*,*,#7037,.T.);
#7039=CARTESIAN_POINT('',(0.007189999999999658,0.00108,0.01600000000000005));
#7040=DIRECTION('',(0.,-1.,0.));
#7041=VECTOR('',#7040,1.);
#7042=LINE('',#7039,#7041);
#7043=CARTESIAN_POINT('',(0.007189999999999657,0.000010000000000000026,0.01600000000000005));
#7044=VERTEX_POINT('',#7043);
#7045=EDGE_CURVE('',#7036,#7044,#7042,.T.);
#7046=ORIENTED_EDGE('',*,*,#7045,.T.);
#7047=CARTESIAN_POINT('',(0.007189999999999658,0.000010000000000000026,0.01600000000000005));
#7048=DIRECTION('',(1.,0.,6.780848996832254E-15));
#7049=VECTOR('',#7048,1.);
#7050=LINE('',#7047,#7049);
#7051=CARTESIAN_POINT('',(0.0070949999999998115,0.00001,0.01600000000000005));
#7052=VERTEX_POINT('',#7051);
#7053=EDGE_CURVE('',#7044,#7052,#7050,.T.);
#7054=ORIENTED_EDGE('',*,*,#7053,.T.);
#7055=CARTESIAN_POINT('',(0.0070949999999998115,0.00108,0.01600000000000005));
#7056=DIRECTION('',(0.,-1.,0.));
#7057=VECTOR('',#7056,1.);
#7058=LINE('',#7055,#7057);
#7059=EDGE_CURVE('',#7052,#6970,#7058,.T.);
#7060=ORIENTED_EDGE('',*,*,#7059,.T.);
#7061=EDGE_LOOP('',(#6974,#6982,#6990,#6998,#7006,#7014,#7022,#7030,#7038,#7046,#7054,#7060));
#7062=FACE_OUTER_BOUND('',#7061,.T.);
#7063=ADVANCED_FACE('',(#7062),#6964,.F.);
#7064=CARTESIAN_POINT('',(0.01600000000000011,0.00108,0.01599999999999989));
#7065=DIRECTION('',(-2.2608397188944268E-14,0.,-1.));
#7066=DIRECTION('',(-1.,0.,2.2608397188944268E-14));
#7067=AXIS2_PLACEMENT_3D('',#7064,#7065,#7066);
#7068=PLANE('',#7067);
#7069=CARTESIAN_POINT('',(0.01600000000000011,0.000010000000000000026,0.01599999999999989));
#7070=DIRECTION('',(1.,0.,-2.2608397188944268E-14));
#7071=VECTOR('',#7070,1.);
#7072=LINE('',#7069,#7071);
#7073=CARTESIAN_POINT('',(0.008554999999999811,0.00001,0.01600000000000006));
#7074=VERTEX_POINT('',#7073);
#7075=CARTESIAN_POINT('',(0.008459999999999657,0.000010000000000000026,0.01600000000000006));
#7076=VERTEX_POINT('',#7075);
#7077=EDGE_CURVE('',#7074,#7076,#7072,.T.);
#7078=ORIENTED_EDGE('',*,*,#7077,.T.);
#7079=CARTESIAN_POINT('',(0.008459999999999657,0.00108,0.01600000000000006));
#7080=DIRECTION('',(0.,-1.,0.));
#7081=VECTOR('',#7080,1.);
#7082=LINE('',#7079,#7081);
#7083=CARTESIAN_POINT('',(0.008459999999999657,0.00107,0.01600000000000006));
#7084=VERTEX_POINT('',#7083);
#7085=EDGE_CURVE('',#7076,#7084,#7082,.T.);
#7086=ORIENTED_EDGE('',*,*,#7085,.T.);
#7087=CARTESIAN_POINT('',(0.01600000000000011,0.00107,0.01599999999999989));
#7088=DIRECTION('',(1.,0.,-2.2608397188944268E-14));
#7089=VECTOR('',#7088,1.);
#7090=LINE('',#7087,#7089);
#7091=CARTESIAN_POINT('',(0.008554999999999813,0.00107,0.01600000000000006));
#7092=VERTEX_POINT('',#7091);
#7093=EDGE_CURVE('',#7084,#7092,#7090,.T.);
#7094=ORIENTED_EDGE('',*,*,#7093,.T.);
#7095=CARTESIAN_POINT('',(0.008554999999999813,0.00108,0.01600000000000006));
#7096=DIRECTION('',(0.,-1.,0.));
#7097=VECTOR('',#7096,1.);
#7098=LINE('',#7095,#7097);
#7099=CARTESIAN_POINT('',(0.008554999999999813,0.00108,0.016000000000000302));
#7100=VERTEX_POINT('',#7099);
#7101=EDGE_CURVE('',#7092,#7100,#7098,.T.);
#7102=ORIENTED_EDGE('',*,*,#7101,.T.);
#7103=CARTESIAN_POINT('',(0.01600000000000011,0.00108,0.01599999999999989));
#7104=DIRECTION('',(1.,0.,-2.2608397188944268E-14));
#7105=VECTOR('',#7104,1.);
#7106=LINE('',#7103,#7105);
#7107=CARTESIAN_POINT('',(0.01600000000000011,0.00108,0.01599999999999989));
#7108=VERTEX_POINT('',#7107);
#7109=EDGE_CURVE('',#7100,#7108,#7106,.T.);
#7110=ORIENTED_EDGE('',*,*,#7109,.T.);
#7111=CARTESIAN_POINT('',(0.01600000000000011,0.00108,0.01599999999999989));
#7112=DIRECTION('',(0.,-1.,0.));
#7113=VECTOR('',#7112,1.);
#7114=LINE('',#7111,#7113);
#7115=CARTESIAN_POINT('',(0.01600000000000011,0.,0.01599999999999989));
#7116=VERTEX_POINT('',#7115);
#7117=EDGE_CURVE('',#7108,#7116,#7114,.T.);
#7118=ORIENTED_EDGE('',*,*,#7117,.T.);
#7119=CARTESIAN_POINT('',(0.01600000000000011,0.,0.01599999999999989));
#7120=DIRECTION('',(1.,0.,-2.2608397188944268E-14));
#7121=VECTOR('',#7120,1.);
#7122=LINE('',#7119,#7121);
#7123=CARTESIAN_POINT('',(0.008554999999999811,0.,0.016000000000000302));
#7124=VERTEX_POINT('',#7123);
#7125=EDGE_CURVE('',#7116,#7124,#7122,.T.);
#7126=ORIENTED_EDGE('',*,*,#7125,.T.);
#7127=CARTESIAN_POINT('',(0.008554999999999813,0.00108,0.01600000000000006));
#7128=DIRECTION('',(0.,1.,0.));
#7129=VECTOR('',#7128,1.);
#7130=LINE('',#7127,#7129);
#7131=EDGE_CURVE('',#7124,#7074,#7130,.T.);
#7132=ORIENTED_EDGE('',*,*,#7131,.T.);
#7133=EDGE_LOOP('',(#7078,#7086,#7094,#7102,#7110,#7118,#7126,#7132));
#7134=FACE_OUTER_BOUND('',#7133,.T.);
#7135=ADVANCED_FACE('',(#7134),#7068,.F.);
#7136=CARTESIAN_POINT('',(0.015999999999999875,0.00108,0.008234999999999828));
#7137=DIRECTION('',(-1.,0.,3.011541381296318E-14));
#7138=DIRECTION('',(3.011541381296318E-14,0.,1.));
#7139=AXIS2_PLACEMENT_3D('',#7136,#7137,#7138);
#7140=PLANE('',#7139);
#7141=CARTESIAN_POINT('',(0.015999999999999875,0.,0.008234999999999828));
#7142=DIRECTION('',(-3.011541381296318E-14,0.,-1.));
#7143=VECTOR('',#7142,1.);
#7144=LINE('',#7141,#7143);
#7145=CARTESIAN_POINT('',(0.01600000000000016,0.,0.008330000000000016));
#7146=VERTEX_POINT('',#7145);
#7147=EDGE_CURVE('',#7146,#7116,#7144,.T.);
#7148=ORIENTED_EDGE('',*,*,#7147,.T.);
#7149=CARTESIAN_POINT('',(0.01600000000000011,0.00108,0.01599999999999989));
#7150=DIRECTION('',(0.,-1.,0.));
#7151=VECTOR('',#7150,1.);
#7152=LINE('',#7149,#7151);
#7153=EDGE_CURVE('',#7108,#7116,#7152,.T.);
#7154=ORIENTED_EDGE('',*,*,#7153,.F.);
#7155=CARTESIAN_POINT('',(0.015999999999999875,0.00108,0.008234999999999828));
#7156=DIRECTION('',(-3.011541381296318E-14,0.,-1.));
#7157=VECTOR('',#7156,1.);
#7158=LINE('',#7155,#7157);
#7159=CARTESIAN_POINT('',(0.01600000000000016,0.00108,0.008330000000000014));
#7160=VERTEX_POINT('',#7159);
#7161=EDGE_CURVE('',#7108,#7160,#7158,.T.);
#7162=ORIENTED_EDGE('',*,*,#7161,.T.);
#7163=CARTESIAN_POINT('',(0.01599999999999988,0.00108,0.008330000000000014));
#7164=DIRECTION('',(0.,1.,0.));
#7165=VECTOR('',#7164,1.);
#7166=LINE('',#7163,#7165);
#7167=CARTESIAN_POINT('',(0.015999999999999875,0.00107,0.008330000000000014));
#7168=VERTEX_POINT('',#7167);
#7169=EDGE_CURVE('',#7160,#7168,#7166,.T.);
#7170=ORIENTED_EDGE('',*,*,#7169,.T.);
#7171=CARTESIAN_POINT('',(0.015999999999999875,0.00107,0.008234999999999828));
#7172=DIRECTION('',(-3.011541381296318E-14,0.,-1.));
#7173=VECTOR('',#7172,1.);
#7174=LINE('',#7171,#7173);
#7175=CARTESIAN_POINT('',(0.015999999999999875,0.00107,0.008234999999999828));
#7176=VERTEX_POINT('',#7175);
#7177=EDGE_CURVE('',#7168,#7176,#7174,.T.);
#7178=ORIENTED_EDGE('',*,*,#7177,.T.);
#7179=CARTESIAN_POINT('',(0.015999999999999875,0.00108,0.008234999999999828));
#7180=DIRECTION('',(0.,-1.,0.));
#7181=VECTOR('',#7180,1.);
#7182=LINE('',#7179,#7181);
#7183=CARTESIAN_POINT('',(0.015999999999999875,0.000010000000000000026,0.008234999999999828));
#7184=VERTEX_POINT('',#7183);
#7185=EDGE_CURVE('',#7176,#7184,#7182,.T.);
#7186=ORIENTED_EDGE('',*,*,#7185,.T.);
#7187=CARTESIAN_POINT('',(0.015999999999999875,0.000010000000000000026,0.008234999999999828));
#7188=DIRECTION('',(-3.011541381296318E-14,0.,-1.));
#7189=VECTOR('',#7188,1.);
#7190=LINE('',#7187,#7189);
#7191=CARTESIAN_POINT('',(0.015999999999999875,0.00001,0.008330000000000016));
#7192=VERTEX_POINT('',#7191);
#7193=EDGE_CURVE('',#7184,#7192,#7190,.T.);
#7194=ORIENTED_EDGE('',*,*,#7193,.T.);
#7195=CARTESIAN_POINT('',(0.01599999999999988,0.00108,0.008330000000000016));
#7196=DIRECTION('',(0.,-1.,0.));
#7197=VECTOR('',#7196,1.);
#7198=LINE('',#7195,#7197);
#7199=EDGE_CURVE('',#7192,#7146,#7198,.T.);
#7200=ORIENTED_EDGE('',*,*,#7199,.T.);
#7201=EDGE_LOOP('',(#7148,#7154,#7162,#7170,#7178,#7186,#7194,#7200));
#7202=FACE_OUTER_BOUND('',#7201,.T.);
#7203=ADVANCED_FACE('',(#7202),#7140,.F.);
#7204=CARTESIAN_POINT('',(0.015999999999999886,0.00108,0.0059989999999998265));
#7205=DIRECTION('',(-1.,0.,0.));
#7206=DIRECTION('',(0.,0.,1.));
#7207=AXIS2_PLACEMENT_3D('',#7204,#7205,#7206);
#7208=PLANE('',#7207);
#7209=CARTESIAN_POINT('',(0.015999999999999886,0.,0.0059989999999998265));
#7210=DIRECTION('',(0.,0.,-1.));
#7211=VECTOR('',#7210,1.);
#7212=LINE('',#7209,#7211);
#7213=CARTESIAN_POINT('',(0.01600000000000016,0.,0.006094000000000013));
#7214=VERTEX_POINT('',#7213);
#7215=CARTESIAN_POINT('',(0.01600000000000016,0.,0.006870000000000015));
#7216=VERTEX_POINT('',#7215);
#7217=EDGE_CURVE('',#7214,#7216,#7212,.T.);
#7218=ORIENTED_EDGE('',*,*,#7217,.T.);
#7219=CARTESIAN_POINT('',(0.015999999999999886,0.00108,0.006870000000000015));
#7220=DIRECTION('',(0.,1.,0.));
#7221=VECTOR('',#7220,1.);
#7222=LINE('',#7219,#7221);
#7223=CARTESIAN_POINT('',(0.015999999999999882,0.00001,0.006870000000000015));
#7224=VERTEX_POINT('',#7223);
#7225=EDGE_CURVE('',#7216,#7224,#7222,.T.);
#7226=ORIENTED_EDGE('',*,*,#7225,.T.);
#7227=CARTESIAN_POINT('',(0.015999999999999886,0.000010000000000000026,0.0059989999999998265));
#7228=DIRECTION('',(0.,0.,-1.));
#7229=VECTOR('',#7228,1.);
#7230=LINE('',#7227,#7229);
#7231=CARTESIAN_POINT('',(0.015999999999999886,0.000010000000000000026,0.006964999999999944));
#7232=VERTEX_POINT('',#7231);
#7233=EDGE_CURVE('',#7224,#7232,#7230,.T.);
#7234=ORIENTED_EDGE('',*,*,#7233,.T.);
#7235=CARTESIAN_POINT('',(0.015999999999999886,0.00108,0.006964999999999944));
#7236=DIRECTION('',(0.,-1.,0.));
#7237=VECTOR('',#7236,1.);
#7238=LINE('',#7235,#7237);
#7239=CARTESIAN_POINT('',(0.015999999999999886,0.00107,0.006964999999999944));
#7240=VERTEX_POINT('',#7239);
#7241=EDGE_CURVE('',#7232,#7240,#7238,.T.);
#7242=ORIENTED_EDGE('',*,*,#7241,.T.);
#7243=CARTESIAN_POINT('',(0.015999999999999886,0.00107,0.0059989999999998265));
#7244=DIRECTION('',(0.,0.,-1.));
#7245=VECTOR('',#7244,1.);
#7246=LINE('',#7243,#7245);
#7247=CARTESIAN_POINT('',(0.015999999999999886,0.00107,0.006870000000000015));
#7248=VERTEX_POINT('',#7247);
#7249=EDGE_CURVE('',#7240,#7248,#7246,.T.);
#7250=ORIENTED_EDGE('',*,*,#7249,.T.);
#7251=CARTESIAN_POINT('',(0.015999999999999886,0.00108,0.006870000000000015));
#7252=DIRECTION('',(0.,-1.,0.));
#7253=VECTOR('',#7252,1.);
#7254=LINE('',#7251,#7253);
#7255=CARTESIAN_POINT('',(0.015999999999999886,0.00108,0.0068700000000000185));
#7256=VERTEX_POINT('',#7255);
#7257=EDGE_CURVE('',#7248,#7256,#7254,.T.);
#7258=ORIENTED_EDGE('',*,*,#7257,.T.);
#7259=CARTESIAN_POINT('',(0.015999999999999886,0.00108,0.0059989999999998265));
#7260=DIRECTION('',(0.,0.,-1.));
#7261=VECTOR('',#7260,1.);
#7262=LINE('',#7259,#7261);
#7263=CARTESIAN_POINT('',(0.01600000000000016,0.00108,0.006094000000000013));
#7264=VERTEX_POINT('',#7263);
#7265=EDGE_CURVE('',#7256,#7264,#7262,.T.);
#7266=ORIENTED_EDGE('',*,*,#7265,.T.);
#7267=CARTESIAN_POINT('',(0.015999999999999886,0.00108,0.006094000000000013));
#7268=DIRECTION('',(0.,1.,0.));
#7269=VECTOR('',#7268,1.);
#7270=LINE('',#7267,#7269);
#7271=CARTESIAN_POINT('',(0.015999999999999886,0.00107,0.006094000000000013));
#7272=VERTEX_POINT('',#7271);
#7273=EDGE_CURVE('',#7264,#7272,#7270,.T.);
#7274=ORIENTED_EDGE('',*,*,#7273,.T.);
#7275=CARTESIAN_POINT('',(0.015999999999999886,0.00107,0.0059989999999998265));
#7276=DIRECTION('',(0.,0.,-1.));
#7277=VECTOR('',#7276,1.);
#7278=LINE('',#7275,#7277);
#7279=CARTESIAN_POINT('',(0.015999999999999886,0.00107,0.005998999999999826));
#7280=VERTEX_POINT('',#7279);
#7281=EDGE_CURVE('',#7272,#7280,#7278,.T.);
#7282=ORIENTED_EDGE('',*,*,#7281,.T.);
#7283=CARTESIAN_POINT('',(0.015999999999999886,0.00108,0.0059989999999998265));
#7284=DIRECTION('',(0.,-1.,0.));
#7285=VECTOR('',#7284,1.);
#7286=LINE('',#7283,#7285);
#7287=CARTESIAN_POINT('',(0.015999999999999886,0.000010000000000000026,0.005998999999999826));
#7288=VERTEX_POINT('',#7287);
#7289=EDGE_CURVE('',#7280,#7288,#7286,.T.);
#7290=ORIENTED_EDGE('',*,*,#7289,.T.);
#7291=CARTESIAN_POINT('',(0.015999999999999886,0.000010000000000000026,0.0059989999999998265));
#7292=DIRECTION('',(0.,0.,-1.));
#7293=VECTOR('',#7292,1.);
#7294=LINE('',#7291,#7293);
#7295=CARTESIAN_POINT('',(0.015999999999999882,0.00001,0.006094000000000013));
#7296=VERTEX_POINT('',#7295);
#7297=EDGE_CURVE('',#7288,#7296,#7294,.T.);
#7298=ORIENTED_EDGE('',*,*,#7297,.T.);
#7299=CARTESIAN_POINT('',(0.015999999999999886,0.00108,0.006094000000000013));
#7300=DIRECTION('',(0.,-1.,0.));
#7301=VECTOR('',#7300,1.);
#7302=LINE('',#7299,#7301);
#7303=EDGE_CURVE('',#7296,#7214,#7302,.T.);
#7304=ORIENTED_EDGE('',*,*,#7303,.T.);
#7305=EDGE_LOOP('',(#7218,#7226,#7234,#7242,#7250,#7258,#7266,#7274,#7282,#7290,#7298,#7304));
#7306=FACE_OUTER_BOUND('',#7305,.T.);
#7307=ADVANCED_FACE('',(#7306),#7208,.F.);
#7308=CARTESIAN_POINT('',(0.015999999999999924,0.00108,-0.0055650000000001705));
#7309=DIRECTION('',(-1.,0.,-2.972284586073384E-15));
#7310=DIRECTION('',(-2.972284586073384E-15,0.,1.));
#7311=AXIS2_PLACEMENT_3D('',#7308,#7309,#7310);
#7312=PLANE('',#7311);
#7313=CARTESIAN_POINT('',(0.015999999999999924,0.,-0.0055650000000001705));
#7314=DIRECTION('',(2.9722845860733835E-15,0.,-1.));
#7315=VECTOR('',#7314,1.);
#7316=LINE('',#7313,#7315);
#7317=CARTESIAN_POINT('',(0.01600000000000016,0.,-0.005469999999999906));
#7318=VERTEX_POINT('',#7317);
#7319=CARTESIAN_POINT('',(0.01600000000000016,0.,0.004634000000000013));
#7320=VERTEX_POINT('',#7319);
#7321=EDGE_CURVE('',#7318,#7320,#7316,.T.);
#7322=ORIENTED_EDGE('',*,*,#7321,.T.);
#7323=CARTESIAN_POINT('',(0.015999999999999893,0.00108,0.004634000000000013));
#7324=DIRECTION('',(0.,1.,0.));
#7325=VECTOR('',#7324,1.);
#7326=LINE('',#7323,#7325);
#7327=CARTESIAN_POINT('',(0.015999999999999896,0.00001,0.004634000000000013));
#7328=VERTEX_POINT('',#7327);
#7329=EDGE_CURVE('',#7320,#7328,#7326,.T.);
#7330=ORIENTED_EDGE('',*,*,#7329,.T.);
#7331=CARTESIAN_POINT('',(0.015999999999999924,0.000010000000000000026,-0.0055650000000001705));
#7332=DIRECTION('',(2.972284586073384E-15,0.,-1.));
#7333=VECTOR('',#7332,1.);
#7334=LINE('',#7331,#7333);
#7335=CARTESIAN_POINT('',(0.015999999999999893,0.000010000000000000026,0.004728999999999943));
#7336=VERTEX_POINT('',#7335);
#7337=EDGE_CURVE('',#7328,#7336,#7334,.T.);
#7338=ORIENTED_EDGE('',*,*,#7337,.T.);
#7339=CARTESIAN_POINT('',(0.015999999999999893,0.00108,0.004728999999999944));
#7340=DIRECTION('',(0.,-1.,0.));
#7341=VECTOR('',#7340,1.);
#7342=LINE('',#7339,#7341);
#7343=CARTESIAN_POINT('',(0.015999999999999893,0.00107,0.004728999999999943));
#7344=VERTEX_POINT('',#7343);
#7345=EDGE_CURVE('',#7336,#7344,#7342,.T.);
#7346=ORIENTED_EDGE('',*,*,#7345,.T.);
#7347=CARTESIAN_POINT('',(0.015999999999999924,0.00107,-0.0055650000000001705));
#7348=DIRECTION('',(2.972284586073384E-15,0.,-1.));
#7349=VECTOR('',#7348,1.);
#7350=LINE('',#7347,#7349);
#7351=CARTESIAN_POINT('',(0.015999999999999893,0.00107,0.004634000000000013));
#7352=VERTEX_POINT('',#7351);
#7353=EDGE_CURVE('',#7344,#7352,#7350,.T.);
#7354=ORIENTED_EDGE('',*,*,#7353,.T.);
#7355=CARTESIAN_POINT('',(0.015999999999999893,0.00108,0.004634000000000013));
#7356=DIRECTION('',(0.,-1.,0.));
#7357=VECTOR('',#7356,1.);
#7358=LINE('',#7355,#7357);
#7359=CARTESIAN_POINT('',(0.015999999999999893,0.00108,0.004634000000000017));
#7360=VERTEX_POINT('',#7359);
#7361=EDGE_CURVE('',#7352,#7360,#7358,.T.);
#7362=ORIENTED_EDGE('',*,*,#7361,.T.);
#7363=CARTESIAN_POINT('',(0.015999999999999924,0.00108,-0.0055650000000001705));
#7364=DIRECTION('',(2.9722845860733835E-15,0.,-1.));
#7365=VECTOR('',#7364,1.);
#7366=LINE('',#7363,#7365);
#7367=CARTESIAN_POINT('',(0.01600000000000016,0.00108,-0.005469999999999908));
#7368=VERTEX_POINT('',#7367);
#7369=EDGE_CURVE('',#7360,#7368,#7366,.T.);
#7370=ORIENTED_EDGE('',*,*,#7369,.T.);
#7371=CARTESIAN_POINT('',(0.015999999999999924,0.00108,-0.005469999999999908));
#7372=DIRECTION('',(0.,1.,0.));
#7373=VECTOR('',#7372,1.);
#7374=LINE('',#7371,#7373);
#7375=CARTESIAN_POINT('',(0.015999999999999924,0.00107,-0.005469999999999908));
#7376=VERTEX_POINT('',#7375);
#7377=EDGE_CURVE('',#7368,#7376,#7374,.T.);
#7378=ORIENTED_EDGE('',*,*,#7377,.T.);
#7379=CARTESIAN_POINT('',(0.015999999999999924,0.00107,-0.0055650000000001705));
#7380=DIRECTION('',(2.972284586073384E-15,0.,-1.));
#7381=VECTOR('',#7380,1.);
#7382=LINE('',#7379,#7381);
#7383=CARTESIAN_POINT('',(0.015999999999999976,0.00107,-0.0055650000000002815));
#7384=VERTEX_POINT('',#7383);
#7385=EDGE_CURVE('',#7376,#7384,#7382,.T.);
#7386=ORIENTED_EDGE('',*,*,#7385,.T.);
#7387=CARTESIAN_POINT('',(0.015999999999999924,0.00108,-0.0055650000000001705));
#7388=DIRECTION('',(0.,-1.,0.));
#7389=VECTOR('',#7388,1.);
#7390=LINE('',#7387,#7389);
#7391=CARTESIAN_POINT('',(0.015999999999999976,0.000010000000000000026,-0.0055650000000002815));
#7392=VERTEX_POINT('',#7391);
#7393=EDGE_CURVE('',#7384,#7392,#7390,.T.);
#7394=ORIENTED_EDGE('',*,*,#7393,.T.);
#7395=CARTESIAN_POINT('',(0.015999999999999924,0.000010000000000000026,-0.0055650000000001705));
#7396=DIRECTION('',(2.972284586073384E-15,0.,-1.));
#7397=VECTOR('',#7396,1.);
#7398=LINE('',#7395,#7397);
#7399=CARTESIAN_POINT('',(0.015999999999999924,0.00001,-0.005469999999999906));
#7400=VERTEX_POINT('',#7399);
#7401=EDGE_CURVE('',#7392,#7400,#7398,.T.);
#7402=ORIENTED_EDGE('',*,*,#7401,.T.);
#7403=CARTESIAN_POINT('',(0.015999999999999924,0.00108,-0.005469999999999906));
#7404=DIRECTION('',(0.,-1.,0.));
#7405=VECTOR('',#7404,1.);
#7406=LINE('',#7403,#7405);
#7407=EDGE_CURVE('',#7400,#7318,#7406,.T.);
#7408=ORIENTED_EDGE('',*,*,#7407,.T.);
#7409=EDGE_LOOP('',(#7322,#7330,#7338,#7346,#7354,#7362,#7370,#7378,#7386,#7394,#7402,#7408));
#7410=FACE_OUTER_BOUND('',#7409,.T.);
#7411=ADVANCED_FACE('',(#7410),#7312,.F.);
#7412=CARTESIAN_POINT('',(0.01600000000000016,0.00108,-0.007800999999999889));
#7413=DIRECTION('',(-1.,0.,-4.524799989506018E-15));
#7414=DIRECTION('',(-4.524799989506018E-15,0.,1.));
#7415=AXIS2_PLACEMENT_3D('',#7412,#7413,#7414);
#7416=PLANE('',#7415);
#7417=CARTESIAN_POINT('',(0.01600000000000016,0.,-0.007800999999999889));
#7418=DIRECTION('',(4.524799989506018E-15,0.,-1.));
#7419=VECTOR('',#7418,1.);
#7420=LINE('',#7417,#7419);
#7421=CARTESIAN_POINT('',(0.01600000000000016,0.,-0.00770599999999991));
#7422=VERTEX_POINT('',#7421);
#7423=CARTESIAN_POINT('',(0.01600000000000016,0.,-0.006929999999999906));
#7424=VERTEX_POINT('',#7423);
#7425=EDGE_CURVE('',#7422,#7424,#7420,.T.);
#7426=ORIENTED_EDGE('',*,*,#7425,.T.);
#7427=CARTESIAN_POINT('',(0.016000000000000156,0.00108,-0.006929999999999906));
#7428=DIRECTION('',(0.,1.,0.));
#7429=VECTOR('',#7428,1.);
#7430=LINE('',#7427,#7429);
#7431=CARTESIAN_POINT('',(0.016000000000000153,0.00001,-0.006929999999999906));
#7432=VERTEX_POINT('',#7431);
#7433=EDGE_CURVE('',#7424,#7432,#7430,.T.);
#7434=ORIENTED_EDGE('',*,*,#7433,.T.);
#7435=CARTESIAN_POINT('',(0.01600000000000016,0.000010000000000000026,-0.007800999999999889));
#7436=DIRECTION('',(4.524799989506018E-15,0.,-1.));
#7437=VECTOR('',#7436,1.);
#7438=LINE('',#7435,#7437);
#7439=CARTESIAN_POINT('',(0.016000000000000156,0.000010000000000000026,-0.006834999999999997));
#7440=VERTEX_POINT('',#7439);
#7441=EDGE_CURVE('',#7432,#7440,#7438,.T.);
#7442=ORIENTED_EDGE('',*,*,#7441,.T.);
#7443=CARTESIAN_POINT('',(0.016000000000000104,0.00108,-0.006834999999999997));
#7444=DIRECTION('',(0.,-1.,0.));
#7445=VECTOR('',#7444,1.);
#7446=LINE('',#7443,#7445);
#7447=CARTESIAN_POINT('',(0.016000000000000156,0.00107,-0.006834999999999997));
#7448=VERTEX_POINT('',#7447);
#7449=EDGE_CURVE('',#7440,#7448,#7446,.T.);
#7450=ORIENTED_EDGE('',*,*,#7449,.T.);
#7451=CARTESIAN_POINT('',(0.01600000000000016,0.00107,-0.007800999999999889));
#7452=DIRECTION('',(4.524799989506018E-15,0.,-1.));
#7453=VECTOR('',#7452,1.);
#7454=LINE('',#7451,#7453);
#7455=CARTESIAN_POINT('',(0.016000000000000156,0.00107,-0.006929999999999908));
#7456=VERTEX_POINT('',#7455);
#7457=EDGE_CURVE('',#7448,#7456,#7454,.T.);
#7458=ORIENTED_EDGE('',*,*,#7457,.T.);
#7459=CARTESIAN_POINT('',(0.016000000000000156,0.00108,-0.006929999999999908));
#7460=DIRECTION('',(0.,-1.,0.));
#7461=VECTOR('',#7460,1.);
#7462=LINE('',#7459,#7461);
#7463=CARTESIAN_POINT('',(0.016000000000000156,0.00108,-0.006929999999999879));
#7464=VERTEX_POINT('',#7463);
#7465=EDGE_CURVE('',#7456,#7464,#7462,.T.);
#7466=ORIENTED_EDGE('',*,*,#7465,.T.);
#7467=CARTESIAN_POINT('',(0.01600000000000016,0.00108,-0.007800999999999889));
#7468=DIRECTION('',(4.524799989506018E-15,0.,-1.));
#7469=VECTOR('',#7468,1.);
#7470=LINE('',#7467,#7469);
#7471=CARTESIAN_POINT('',(0.01600000000000016,0.00108,-0.007705999999999909));
#7472=VERTEX_POINT('',#7471);
#7473=EDGE_CURVE('',#7464,#7472,#7470,.T.);
#7474=ORIENTED_EDGE('',*,*,#7473,.T.);
#7475=CARTESIAN_POINT('',(0.01600000000000016,0.00108,-0.007705999999999909));
#7476=DIRECTION('',(0.,1.,0.));
#7477=VECTOR('',#7476,1.);
#7478=LINE('',#7475,#7477);
#7479=CARTESIAN_POINT('',(0.01600000000000016,0.00107,-0.007705999999999909));
#7480=VERTEX_POINT('',#7479);
#7481=EDGE_CURVE('',#7472,#7480,#7478,.T.);
#7482=ORIENTED_EDGE('',*,*,#7481,.T.);
#7483=CARTESIAN_POINT('',(0.01600000000000016,0.00107,-0.007800999999999889));
#7484=DIRECTION('',(4.524799989506018E-15,0.,-1.));
#7485=VECTOR('',#7484,1.);
#7486=LINE('',#7483,#7485);
#7487=CARTESIAN_POINT('',(0.016000000000000243,0.00107,-0.007801000000000063));
#7488=VERTEX_POINT('',#7487);
#7489=EDGE_CURVE('',#7480,#7488,#7486,.T.);
#7490=ORIENTED_EDGE('',*,*,#7489,.T.);
#7491=CARTESIAN_POINT('',(0.01600000000000016,0.00108,-0.007800999999999889));
#7492=DIRECTION('',(0.,-1.,0.));
#7493=VECTOR('',#7492,1.);
#7494=LINE('',#7491,#7493);
#7495=CARTESIAN_POINT('',(0.016000000000000243,0.000010000000000000026,-0.007801000000000063));
#7496=VERTEX_POINT('',#7495);
#7497=EDGE_CURVE('',#7488,#7496,#7494,.T.);
#7498=ORIENTED_EDGE('',*,*,#7497,.T.);
#7499=CARTESIAN_POINT('',(0.01600000000000016,0.000010000000000000026,-0.007800999999999889));
#7500=DIRECTION('',(4.524799989506018E-15,0.,-1.));
#7501=VECTOR('',#7500,1.);
#7502=LINE('',#7499,#7501);
#7503=CARTESIAN_POINT('',(0.01600000000000016,0.00001,-0.00770599999999991));
#7504=VERTEX_POINT('',#7503);
#7505=EDGE_CURVE('',#7496,#7504,#7502,.T.);
#7506=ORIENTED_EDGE('',*,*,#7505,.T.);
#7507=CARTESIAN_POINT('',(0.01600000000000016,0.00108,-0.00770599999999991));
#7508=DIRECTION('',(0.,-1.,0.));
#7509=VECTOR('',#7508,1.);
#7510=LINE('',#7507,#7509);
#7511=EDGE_CURVE('',#7504,#7422,#7510,.T.);
#7512=ORIENTED_EDGE('',*,*,#7511,.T.);
#7513=EDGE_LOOP('',(#7426,#7434,#7442,#7450,#7458,#7466,#7474,#7482,#7490,#7498,#7506,#7512));
#7514=FACE_OUTER_BOUND('',#7513,.T.);
#7515=ADVANCED_FACE('',(#7514),#7416,.F.);
#7516=CARTESIAN_POINT('',(0.01599999999999989,0.00108,-0.01600000000000011));
#7517=DIRECTION('',(-1.,0.,2.3971187475073042E-14));
#7518=DIRECTION('',(2.3971187475073042E-14,0.,1.));
#7519=AXIS2_PLACEMENT_3D('',#7516,#7517,#7518);
#7520=PLANE('',#7519);
#7521=CARTESIAN_POINT('',(0.01599999999999989,0.000010000000000000026,-0.01600000000000011));
#7522=DIRECTION('',(-2.3971187475073042E-14,0.,-1.));
#7523=VECTOR('',#7522,1.);
#7524=LINE('',#7521,#7523);
#7525=CARTESIAN_POINT('',(0.016000000000000056,0.00001,-0.009165999999999909));
#7526=VERTEX_POINT('',#7525);
#7527=CARTESIAN_POINT('',(0.016000000000000056,0.000010000000000000026,-0.00907100000000003));
#7528=VERTEX_POINT('',#7527);
#7529=EDGE_CURVE('',#7526,#7528,#7524,.T.);
#7530=ORIENTED_EDGE('',*,*,#7529,.T.);
#7531=CARTESIAN_POINT('',(0.01599999999999997,0.00108,-0.00907100000000003));
#7532=DIRECTION('',(0.,-1.,0.));
#7533=VECTOR('',#7532,1.);
#7534=LINE('',#7531,#7533);
#7535=CARTESIAN_POINT('',(0.016000000000000056,0.00107,-0.00907100000000003));
#7536=VERTEX_POINT('',#7535);
#7537=EDGE_CURVE('',#7528,#7536,#7534,.T.);
#7538=ORIENTED_EDGE('',*,*,#7537,.T.);
#7539=CARTESIAN_POINT('',(0.01599999999999989,0.00107,-0.01600000000000011));
#7540=DIRECTION('',(-2.3971187475073042E-14,0.,-1.));
#7541=VECTOR('',#7540,1.);
#7542=LINE('',#7539,#7541);
#7543=CARTESIAN_POINT('',(0.016000000000000056,0.00107,-0.009165999999999909));
#7544=VERTEX_POINT('',#7543);
#7545=EDGE_CURVE('',#7536,#7544,#7542,.T.);
#7546=ORIENTED_EDGE('',*,*,#7545,.T.);
#7547=CARTESIAN_POINT('',(0.016000000000000052,0.00108,-0.009165999999999909));
#7548=DIRECTION('',(0.,-1.,0.));
#7549=VECTOR('',#7548,1.);
#7550=LINE('',#7547,#7549);
#7551=CARTESIAN_POINT('',(0.016000000000000052,0.00108,-0.009165999999999883));
#7552=VERTEX_POINT('',#7551);
#7553=EDGE_CURVE('',#7544,#7552,#7550,.T.);
#7554=ORIENTED_EDGE('',*,*,#7553,.T.);
#7555=CARTESIAN_POINT('',(0.01599999999999989,0.00108,-0.01600000000000011));
#7556=DIRECTION('',(-2.397118747507304E-14,0.,-1.));
#7557=VECTOR('',#7556,1.);
#7558=LINE('',#7555,#7557);
#7559=CARTESIAN_POINT('',(0.01599999999999989,0.00108,-0.01600000000000011));
#7560=VERTEX_POINT('',#7559);
#7561=EDGE_CURVE('',#7552,#7560,#7558,.T.);
#7562=ORIENTED_EDGE('',*,*,#7561,.T.);
#7563=CARTESIAN_POINT('',(0.01599999999999989,0.00108,-0.01600000000000011));
#7564=DIRECTION('',(0.,-1.,0.));
#7565=VECTOR('',#7564,1.);
#7566=LINE('',#7563,#7565);
#7567=CARTESIAN_POINT('',(0.01599999999999989,0.,-0.01600000000000011));
#7568=VERTEX_POINT('',#7567);
#7569=EDGE_CURVE('',#7560,#7568,#7566,.T.);
#7570=ORIENTED_EDGE('',*,*,#7569,.T.);
#7571=CARTESIAN_POINT('',(0.01599999999999989,0.,-0.01600000000000011));
#7572=DIRECTION('',(-2.397118747507304E-14,0.,-1.));
#7573=VECTOR('',#7572,1.);
#7574=LINE('',#7571,#7573);
#7575=CARTESIAN_POINT('',(0.01600000000000016,0.,-0.009165999999999909));
#7576=VERTEX_POINT('',#7575);
#7577=EDGE_CURVE('',#7568,#7576,#7574,.T.);
#7578=ORIENTED_EDGE('',*,*,#7577,.T.);
#7579=CARTESIAN_POINT('',(0.016000000000000052,0.00108,-0.00916599999999991));
#7580=DIRECTION('',(0.,1.,0.));
#7581=VECTOR('',#7580,1.);
#7582=LINE('',#7579,#7581);
#7583=EDGE_CURVE('',#7576,#7526,#7582,.T.);
#7584=ORIENTED_EDGE('',*,*,#7583,.T.);
#7585=EDGE_LOOP('',(#7530,#7538,#7546,#7554,#7562,#7570,#7578,#7584));
#7586=FACE_OUTER_BOUND('',#7585,.T.);
#7587=ADVANCED_FACE('',(#7586),#7520,.F.);
#7588=CARTESIAN_POINT('',(0.01599999999999989,0.00108,-0.01600000000000011));
#7589=DIRECTION('',(6.9011647977884145E-15,0.,1.));
#7590=DIRECTION('',(1.,0.,-6.9011647977884145E-15));
#7591=AXIS2_PLACEMENT_3D('',#7588,#7589,#7590);
#7592=PLANE('',#7591);
#7593=CARTESIAN_POINT('',(0.01599999999999989,0.,-0.01600000000000011));
#7594=DIRECTION('',(-1.,0.,6.901164797788414E-15));
#7595=VECTOR('',#7594,1.);
#7596=LINE('',#7593,#7595);
#7597=CARTESIAN_POINT('',(0.001847857142856953,0.,-0.01600000000000027));
#7598=VERTEX_POINT('',#7597);
#7599=EDGE_CURVE('',#7598,#7568,#7596,.T.);
#7600=ORIENTED_EDGE('',*,*,#7599,.T.);
#7601=CARTESIAN_POINT('',(0.01599999999999989,0.00108,-0.01600000000000011));
#7602=DIRECTION('',(0.,-1.,0.));
#7603=VECTOR('',#7602,1.);
#7604=LINE('',#7601,#7603);
#7605=EDGE_CURVE('',#7560,#7568,#7604,.T.);
#7606=ORIENTED_EDGE('',*,*,#7605,.F.);
#7607=CARTESIAN_POINT('',(0.01599999999999989,0.00108,-0.01600000000000011));
#7608=DIRECTION('',(-1.,0.,6.901164797788414E-15));
#7609=VECTOR('',#7608,1.);
#7610=LINE('',#7607,#7609);
#7611=CARTESIAN_POINT('',(0.0018478571428569546,0.00108,-0.01600000000000027));
#7612=VERTEX_POINT('',#7611);
#7613=EDGE_CURVE('',#7560,#7612,#7610,.T.);
#7614=ORIENTED_EDGE('',*,*,#7613,.T.);
#7615=CARTESIAN_POINT('',(0.0018478571428569533,0.00108,-0.016000000000000014));
#7616=DIRECTION('',(0.,1.,0.));
#7617=VECTOR('',#7616,1.);
#7618=LINE('',#7615,#7617);
#7619=CARTESIAN_POINT('',(0.0018478571428569546,0.00107,-0.016000000000000014));
#7620=VERTEX_POINT('',#7619);
#7621=EDGE_CURVE('',#7612,#7620,#7618,.T.);
#7622=ORIENTED_EDGE('',*,*,#7621,.T.);
#7623=CARTESIAN_POINT('',(0.01599999999999989,0.00107,-0.01600000000000011));
#7624=DIRECTION('',(-1.,0.,6.9011647977884145E-15));
#7625=VECTOR('',#7624,1.);
#7626=LINE('',#7623,#7625);
#7627=CARTESIAN_POINT('',(0.0017492857142853715,0.00107,-0.01600000000000001));
#7628=VERTEX_POINT('',#7627);
#7629=EDGE_CURVE('',#7620,#7628,#7626,.T.);
#7630=ORIENTED_EDGE('',*,*,#7629,.T.);
#7631=CARTESIAN_POINT('',(0.0017492857142853723,0.00108,-0.01600000000000001));
#7632=DIRECTION('',(0.,-1.,0.));
#7633=VECTOR('',#7632,1.);
#7634=LINE('',#7631,#7633);
#7635=CARTESIAN_POINT('',(0.0017492857142853715,0.000010000000000000026,-0.01600000000000001));
#7636=VERTEX_POINT('',#7635);
#7637=EDGE_CURVE('',#7628,#7636,#7634,.T.);
#7638=ORIENTED_EDGE('',*,*,#7637,.T.);
#7639=CARTESIAN_POINT('',(0.01599999999999989,0.000010000000000000026,-0.01600000000000011));
#7640=DIRECTION('',(-1.,0.,6.9011647977884145E-15));
#7641=VECTOR('',#7640,1.);
#7642=LINE('',#7639,#7641);
#7643=CARTESIAN_POINT('',(0.001847857142856953,0.00001,-0.016000000000000014));
#7644=VERTEX_POINT('',#7643);
#7645=EDGE_CURVE('',#7636,#7644,#7642,.T.);
#7646=ORIENTED_EDGE('',*,*,#7645,.T.);
#7647=CARTESIAN_POINT('',(0.0018478571428569533,0.00108,-0.016000000000000014));
#7648=DIRECTION('',(0.,-1.,0.));
#7649=VECTOR('',#7648,1.);
#7650=LINE('',#7647,#7649);
#7651=EDGE_CURVE('',#7644,#7598,#7650,.T.);
#7652=ORIENTED_EDGE('',*,*,#7651,.T.);
#7653=EDGE_LOOP('',(#7600,#7606,#7614,#7622,#7630,#7638,#7646,#7652));
#7654=FACE_OUTER_BOUND('',#7653,.T.);
#7655=ADVANCED_FACE('',(#7654),#7592,.F.);
#7656=CARTESIAN_POINT('',(0.0004792857142853724,0.00108,-0.016000000000000004));
#7657=DIRECTION('',(-2.7815179571867553E-13,0.,1.));
#7658=DIRECTION('',(1.,0.,2.7815179571867553E-13));
#7659=AXIS2_PLACEMENT_3D('',#7656,#7657,#7658);
#7660=PLANE('',#7659);
#7661=CARTESIAN_POINT('',(0.0004792857142853724,0.000010000000000000026,-0.016000000000000004));
#7662=DIRECTION('',(-1.,0.,-2.7815179571867553E-13));
#7663=VECTOR('',#7662,1.);
#7664=LINE('',#7661,#7663);
#7665=CARTESIAN_POINT('',(0.0003878571428569559,0.00001,-0.016000000000000018));
#7666=VERTEX_POINT('',#7665);
#7667=CARTESIAN_POINT('',(0.00047928571428537236,0.000010000000000000026,-0.016000000000000004));
#7668=VERTEX_POINT('',#7667);
#7669=EDGE_CURVE('',#7666,#7668,#7664,.T.);
#7670=ORIENTED_EDGE('',*,*,#7669,.T.);
#7671=CARTESIAN_POINT('',(0.00047928571428537236,0.00108,-0.016000000000000004));
#7672=DIRECTION('',(0.,-1.,0.));
#7673=VECTOR('',#7672,1.);
#7674=LINE('',#7671,#7673);
#7675=CARTESIAN_POINT('',(0.00047928571428537236,0.00107,-0.016000000000000004));
#7676=VERTEX_POINT('',#7675);
#7677=EDGE_CURVE('',#7668,#7676,#7674,.T.);
#7678=ORIENTED_EDGE('',*,*,#7677,.T.);
#7679=CARTESIAN_POINT('',(0.0004792857142853724,0.00107,-0.016000000000000004));
#7680=DIRECTION('',(-1.,0.,-2.7815179571867553E-13));
#7681=VECTOR('',#7680,1.);
#7682=LINE('',#7679,#7681);
#7683=CARTESIAN_POINT('',(0.0003878571428569546,0.00107,-0.016000000000000014));
#7684=VERTEX_POINT('',#7683);
#7685=EDGE_CURVE('',#7676,#7684,#7682,.T.);
#7686=ORIENTED_EDGE('',*,*,#7685,.T.);
#7687=CARTESIAN_POINT('',(0.0003878571428569546,0.00108,-0.016000000000000028));
#7688=DIRECTION('',(0.,-1.,0.));
#7689=VECTOR('',#7688,1.);
#7690=LINE('',#7687,#7689);
#7691=CARTESIAN_POINT('',(0.0003878571428570037,0.00108,-0.016000000000000028));
#7692=VERTEX_POINT('',#7691);
#7693=EDGE_CURVE('',#7684,#7692,#7690,.T.);
#7694=ORIENTED_EDGE('',*,*,#7693,.T.);
#7695=CARTESIAN_POINT('',(0.0004792857142853724,0.00108,-0.016000000000000004));
#7696=DIRECTION('',(-1.,0.,-2.7815179571867553E-13));
#7697=VECTOR('',#7696,1.);
#7698=LINE('',#7695,#7697);
#7699=CARTESIAN_POINT('',(-0.0003878571428569422,0.00108,-0.01600000000000027));
#7700=VERTEX_POINT('',#7699);
#7701=EDGE_CURVE('',#7692,#7700,#7698,.T.);
#7702=ORIENTED_EDGE('',*,*,#7701,.T.);
#7703=CARTESIAN_POINT('',(-0.0003878571428569422,0.00108,-0.016000000000000247));
#7704=DIRECTION('',(0.,1.,0.));
#7705=VECTOR('',#7704,1.);
#7706=LINE('',#7703,#7705);
#7707=CARTESIAN_POINT('',(-0.0003878571428569422,0.00107,-0.016000000000000257));
#7708=VERTEX_POINT('',#7707);
#7709=EDGE_CURVE('',#7700,#7708,#7706,.T.);
#7710=ORIENTED_EDGE('',*,*,#7709,.T.);
#7711=CARTESIAN_POINT('',(0.0004792857142853724,0.00107,-0.016000000000000004));
#7712=DIRECTION('',(-1.,0.,-2.7815179571867553E-13));
#7713=VECTOR('',#7712,1.);
#7714=LINE('',#7711,#7713);
#7715=CARTESIAN_POINT('',(-0.00047928571428559896,0.00107,-0.01600000000000027));
#7716=VERTEX_POINT('',#7715);
#7717=EDGE_CURVE('',#7708,#7716,#7714,.T.);
#7718=ORIENTED_EDGE('',*,*,#7717,.T.);
#7719=CARTESIAN_POINT('',(-0.00047928571428559994,0.00108,-0.01600000000000027));
#7720=DIRECTION('',(0.,-1.,0.));
#7721=VECTOR('',#7720,1.);
#7722=LINE('',#7719,#7721);
#7723=CARTESIAN_POINT('',(-0.00047928571428559896,0.000010000000000000026,-0.01600000000000027));
#7724=VERTEX_POINT('',#7723);
#7725=EDGE_CURVE('',#7716,#7724,#7722,.T.);
#7726=ORIENTED_EDGE('',*,*,#7725,.T.);
#7727=CARTESIAN_POINT('',(0.0004792857142853724,0.000010000000000000026,-0.016000000000000004));
#7728=DIRECTION('',(-1.,0.,-2.7815179571867553E-13));
#7729=VECTOR('',#7728,1.);
#7730=LINE('',#7727,#7729);
#7731=CARTESIAN_POINT('',(-0.00038785714285694185,0.00001,-0.016000000000000257));
#7732=VERTEX_POINT('',#7731);
#7733=EDGE_CURVE('',#7724,#7732,#7730,.T.);
#7734=ORIENTED_EDGE('',*,*,#7733,.T.);
#7735=CARTESIAN_POINT('',(-0.00038785714285694185,0.00108,-0.016000000000000247));
#7736=DIRECTION('',(0.,-1.,0.));
#7737=VECTOR('',#7736,1.);
#7738=LINE('',#7735,#7737);
#7739=CARTESIAN_POINT('',(-0.00038785714285698576,0.,-0.016000000000000247));
#7740=VERTEX_POINT('',#7739);
#7741=EDGE_CURVE('',#7732,#7740,#7738,.T.);
#7742=ORIENTED_EDGE('',*,*,#7741,.T.);
#7743=CARTESIAN_POINT('',(0.0004792857142853724,0.,-0.016000000000000004));
#7744=DIRECTION('',(-1.,0.,-2.7815179571867553E-13));
#7745=VECTOR('',#7744,1.);
#7746=LINE('',#7743,#7745);
#7747=CARTESIAN_POINT('',(0.0003878571428569559,0.,-0.016000000000000267));
#7748=VERTEX_POINT('',#7747);
#7749=EDGE_CURVE('',#7740,#7748,#7746,.T.);
#7750=ORIENTED_EDGE('',*,*,#7749,.T.);
#7751=CARTESIAN_POINT('',(0.0003878571428569559,0.00108,-0.016000000000000028));
#7752=DIRECTION('',(0.,1.,0.));
#7753=VECTOR('',#7752,1.);
#7754=LINE('',#7751,#7753);
#7755=EDGE_CURVE('',#7748,#7666,#7754,.T.);
#7756=ORIENTED_EDGE('',*,*,#7755,.T.);
#7757=EDGE_LOOP('',(#7670,#7678,#7686,#7694,#7702,#7710,#7718,#7726,#7734,#7742,#7750,#7756));
#7758=FACE_OUTER_BOUND('',#7757,.T.);
#7759=ADVANCED_FACE('',(#7758),#7660,.F.);
#7760=CARTESIAN_POINT('',(-0.0017492857142856002,0.00108,-0.01600000000000027));
#7761=DIRECTION('',(2.683786310251051E-14,0.,1.));
#7762=DIRECTION('',(1.,0.,-2.683786310251051E-14));
#7763=AXIS2_PLACEMENT_3D('',#7760,#7761,#7762);
#7764=PLANE('',#7763);
#7765=CARTESIAN_POINT('',(-0.0017492857142856002,0.000010000000000000026,-0.01600000000000027));
#7766=DIRECTION('',(-1.,0.,2.683786310251051E-14));
#7767=VECTOR('',#7766,1.);
#7768=LINE('',#7765,#7767);
#7769=CARTESIAN_POINT('',(-0.001847857142856942,0.00001,-0.01600000000000027));
#7770=VERTEX_POINT('',#7769);
#7771=CARTESIAN_POINT('',(-0.0017492857142856002,0.000010000000000000026,-0.01600000000000027));
#7772=VERTEX_POINT('',#7771);
#7773=EDGE_CURVE('',#7770,#7772,#7768,.T.);
#7774=ORIENTED_EDGE('',*,*,#7773,.T.);
#7775=CARTESIAN_POINT('',(-0.0017492857142856002,0.00108,-0.01600000000000027));
#7776=DIRECTION('',(0.,-1.,0.));
#7777=VECTOR('',#7776,1.);
#7778=LINE('',#7775,#7777);
#7779=CARTESIAN_POINT('',(-0.0017492857142856002,0.00107,-0.01600000000000027));
#7780=VERTEX_POINT('',#7779);
#7781=EDGE_CURVE('',#7772,#7780,#7778,.T.);
#7782=ORIENTED_EDGE('',*,*,#7781,.T.);
#7783=CARTESIAN_POINT('',(-0.0017492857142856002,0.00107,-0.01600000000000027));
#7784=DIRECTION('',(-1.,0.,2.683786310251051E-14));
#7785=VECTOR('',#7784,1.);
#7786=LINE('',#7783,#7785);
#7787=CARTESIAN_POINT('',(-0.0018478571428569423,0.00107,-0.01600000000000027));
#7788=VERTEX_POINT('',#7787);
#7789=EDGE_CURVE('',#7780,#7788,#7786,.T.);
#7790=ORIENTED_EDGE('',*,*,#7789,.T.);
#7791=CARTESIAN_POINT('',(-0.0018478571428569423,0.00108,-0.016000000000000267));
#7792=DIRECTION('',(0.,-1.,0.));
#7793=VECTOR('',#7792,1.);
#7794=LINE('',#7791,#7793);
#7795=CARTESIAN_POINT('',(-0.0018478571428569423,0.00108,-0.01600000000000027));
#7796=VERTEX_POINT('',#7795);
#7797=EDGE_CURVE('',#7788,#7796,#7794,.T.);
#7798=ORIENTED_EDGE('',*,*,#7797,.T.);
#7799=CARTESIAN_POINT('',(-0.0017492857142856002,0.00108,-0.01600000000000027));
#7800=DIRECTION('',(-1.,0.,2.6837863102510508E-14));
#7801=VECTOR('',#7800,1.);
#7802=LINE('',#7799,#7801);
#7803=CARTESIAN_POINT('',(-0.01600000000000011,0.00108,-0.01599999999999989));
#7804=VERTEX_POINT('',#7803);
#7805=EDGE_CURVE('',#7796,#7804,#7802,.T.);
#7806=ORIENTED_EDGE('',*,*,#7805,.T.);
#7807=CARTESIAN_POINT('',(-0.01600000000000011,0.00108,-0.01599999999999989));
#7808=DIRECTION('',(0.,-1.,0.));
#7809=VECTOR('',#7808,1.);
#7810=LINE('',#7807,#7809);
#7811=CARTESIAN_POINT('',(-0.01600000000000011,0.,-0.01599999999999989));
#7812=VERTEX_POINT('',#7811);
#7813=EDGE_CURVE('',#7804,#7812,#7810,.T.);
#7814=ORIENTED_EDGE('',*,*,#7813,.T.);
#7815=CARTESIAN_POINT('',(-0.0017492857142856002,0.,-0.01600000000000027));
#7816=DIRECTION('',(-1.,0.,2.6837863102510508E-14));
#7817=VECTOR('',#7816,1.);
#7818=LINE('',#7815,#7817);
#7819=CARTESIAN_POINT('',(-0.001847857142856942,0.,-0.01600000000000027));
#7820=VERTEX_POINT('',#7819);
#7821=EDGE_CURVE('',#7812,#7820,#7818,.T.);
#7822=ORIENTED_EDGE('',*,*,#7821,.T.);
#7823=CARTESIAN_POINT('',(-0.001847857142856942,0.00108,-0.016000000000000267));
#7824=DIRECTION('',(0.,1.,0.));
#7825=VECTOR('',#7824,1.);
#7826=LINE('',#7823,#7825);
#7827=EDGE_CURVE('',#7820,#7770,#7826,.T.);
#7828=ORIENTED_EDGE('',*,*,#7827,.T.);
#7829=EDGE_LOOP('',(#7774,#7782,#7790,#7798,#7806,#7814,#7822,#7828));
#7830=FACE_OUTER_BOUND('',#7829,.T.);
#7831=ADVANCED_FACE('',(#7830),#7764,.F.);
#7832=CARTESIAN_POINT('',(-0.01600000000000011,0.00108,-0.01599999999999989));
#7833=DIRECTION('',(1.,0.,-8.200669399367356E-15));
#7834=DIRECTION('',(-8.200669399367356E-15,0.,-1.));
#7835=AXIS2_PLACEMENT_3D('',#7832,#7833,#7834);
#7836=PLANE('',#7835);
#7837=CARTESIAN_POINT('',(-0.01600000000000011,0.,-0.01599999999999989));
#7838=DIRECTION('',(8.200669399367356E-15,0.,1.));
#7839=VECTOR('',#7838,1.);
#7840=LINE('',#7837,#7839);
#7841=CARTESIAN_POINT('',(-0.016000000000000056,0.,-0.009165999999999855));
#7842=VERTEX_POINT('',#7841);
#7843=EDGE_CURVE('',#7842,#7812,#7840,.T.);
#7844=ORIENTED_EDGE('',*,*,#7843,.T.);
#7845=CARTESIAN_POINT('',(-0.01600000000000011,0.00108,-0.01599999999999989));
#7846=DIRECTION('',(0.,-1.,0.));
#7847=VECTOR('',#7846,1.);
#7848=LINE('',#7845,#7847);
#7849=EDGE_CURVE('',#7804,#7812,#7848,.T.);
#7850=ORIENTED_EDGE('',*,*,#7849,.F.);
#7851=CARTESIAN_POINT('',(-0.01600000000000011,0.00108,-0.01599999999999989));
#7852=DIRECTION('',(8.200669399367356E-15,0.,1.));
#7853=VECTOR('',#7852,1.);
#7854=LINE('',#7851,#7853);
#7855=CARTESIAN_POINT('',(-0.01600000000000011,0.00108,-0.009165999999999855));
#7856=VERTEX_POINT('',#7855);
#7857=EDGE_CURVE('',#7804,#7856,#7854,.T.);
#7858=ORIENTED_EDGE('',*,*,#7857,.T.);
#7859=CARTESIAN_POINT('',(-0.016000000000000056,0.00108,-0.009165999999999855));
#7860=DIRECTION('',(0.,1.,0.));
#7861=VECTOR('',#7860,1.);
#7862=LINE('',#7859,#7861);
#7863=CARTESIAN_POINT('',(-0.016000000000000056,0.00107,-0.009165999999999855));
#7864=VERTEX_POINT('',#7863);
#7865=EDGE_CURVE('',#7856,#7864,#7862,.T.);
#7866=ORIENTED_EDGE('',*,*,#7865,.T.);
#7867=CARTESIAN_POINT('',(-0.01600000000000011,0.00107,-0.01599999999999989));
#7868=DIRECTION('',(-8.200669399367356E-15,0.,-1.));
#7869=VECTOR('',#7868,1.);
#7870=LINE('',#7867,#7869);
#7871=CARTESIAN_POINT('',(-0.016000000000000052,0.00107,-0.009070999999999855));
#7872=VERTEX_POINT('',#7871);
#7873=EDGE_CURVE('',#7864,#7872,#7870,.T.);
#7874=ORIENTED_EDGE('',*,*,#7873,.T.);
#7875=CARTESIAN_POINT('',(-0.016000000000000052,0.00108,-0.009070999999999855));
#7876=DIRECTION('',(0.,-1.,0.));
#7877=VECTOR('',#7876,1.);
#7878=LINE('',#7875,#7877);
#7879=CARTESIAN_POINT('',(-0.016000000000000052,0.000010000000000000026,-0.009070999999999855));
#7880=VERTEX_POINT('',#7879);
#7881=EDGE_CURVE('',#7872,#7880,#7878,.T.);
#7882=ORIENTED_EDGE('',*,*,#7881,.T.);
#7883=CARTESIAN_POINT('',(-0.01600000000000011,0.000010000000000000026,-0.01599999999999989));
#7884=DIRECTION('',(8.200669399367356E-15,0.,1.));
#7885=VECTOR('',#7884,1.);
#7886=LINE('',#7883,#7885);
#7887=CARTESIAN_POINT('',(-0.016000000000000056,0.00001,-0.009165999999999855));
#7888=VERTEX_POINT('',#7887);
#7889=EDGE_CURVE('',#7880,#7888,#7886,.T.);
#7890=ORIENTED_EDGE('',*,*,#7889,.T.);
#7891=CARTESIAN_POINT('',(-0.016000000000000056,0.00108,-0.009165999999999855));
#7892=DIRECTION('',(0.,-1.,0.));
#7893=VECTOR('',#7892,1.);
#7894=LINE('',#7891,#7893);
#7895=EDGE_CURVE('',#7888,#7842,#7894,.T.);
#7896=ORIENTED_EDGE('',*,*,#7895,.T.);
#7897=EDGE_LOOP('',(#7844,#7850,#7858,#7866,#7874,#7882,#7890,#7896));
#7898=FACE_OUTER_BOUND('',#7897,.T.);
#7899=ADVANCED_FACE('',(#7898),#7836,.F.);
#7900=CARTESIAN_POINT('',(-0.016000000000000045,0.00108,-0.007800999999999857));
#7901=DIRECTION('',(1.,0.,0.));
#7902=DIRECTION('',(0.,0.,-1.));
#7903=AXIS2_PLACEMENT_3D('',#7900,#7901,#7902);
#7904=PLANE('',#7903);
#7905=CARTESIAN_POINT('',(-0.016000000000000045,0.,-0.007800999999999857));
#7906=DIRECTION('',(0.,0.,1.));
#7907=VECTOR('',#7906,1.);
#7908=LINE('',#7905,#7907);
#7909=CARTESIAN_POINT('',(-0.016000000000000045,0.,-0.006929999999999853));
#7910=VERTEX_POINT('',#7909);
#7911=CARTESIAN_POINT('',(-0.01600000000000011,0.,-0.007705999999999855));
#7912=VERTEX_POINT('',#7911);
#7913=EDGE_CURVE('',#7910,#7912,#7908,.T.);
#7914=ORIENTED_EDGE('',*,*,#7913,.T.);
#7915=CARTESIAN_POINT('',(-0.016000000000000045,0.00108,-0.007705999999999855));
#7916=DIRECTION('',(0.,1.,0.));
#7917=VECTOR('',#7916,1.);
#7918=LINE('',#7915,#7917);
#7919=CARTESIAN_POINT('',(-0.016000000000000045,0.00001,-0.007705999999999855));
#7920=VERTEX_POINT('',#7919);
#7921=EDGE_CURVE('',#7912,#7920,#7918,.T.);
#7922=ORIENTED_EDGE('',*,*,#7921,.T.);
#7923=CARTESIAN_POINT('',(-0.016000000000000045,0.000010000000000000026,-0.007800999999999857));
#7924=DIRECTION('',(0.,0.,1.));
#7925=VECTOR('',#7924,1.);
#7926=LINE('',#7923,#7925);
#7927=CARTESIAN_POINT('',(-0.016000000000000045,0.000010000000000000026,-0.007800999999999857));
#7928=VERTEX_POINT('',#7927);
#7929=EDGE_CURVE('',#7920,#7928,#7926,.T.);
#7930=ORIENTED_EDGE('',*,*,#7929,.T.);
#7931=CARTESIAN_POINT('',(-0.016000000000000045,0.00108,-0.007800999999999857));
#7932=DIRECTION('',(0.,-1.,0.));
#7933=VECTOR('',#7932,1.);
#7934=LINE('',#7931,#7933);
#7935=CARTESIAN_POINT('',(-0.016000000000000045,0.00107,-0.007800999999999857));
#7936=VERTEX_POINT('',#7935);
#7937=EDGE_CURVE('',#7928,#7936,#7934,.T.);
#7938=ORIENTED_EDGE('',*,*,#7937,.T.);
#7939=CARTESIAN_POINT('',(-0.016000000000000045,0.00107,-0.007800999999999857));
#7940=DIRECTION('',(0.,0.,-1.));
#7941=VECTOR('',#7940,1.);
#7942=LINE('',#7939,#7941);
#7943=CARTESIAN_POINT('',(-0.016000000000000045,0.00107,-0.007705999999999855));
#7944=VERTEX_POINT('',#7943);
#7945=EDGE_CURVE('',#7936,#7944,#7942,.T.);
#7946=ORIENTED_EDGE('',*,*,#7945,.T.);
#7947=CARTESIAN_POINT('',(-0.016000000000000045,0.00108,-0.007705999999999855));
#7948=DIRECTION('',(0.,-1.,0.));
#7949=VECTOR('',#7948,1.);
#7950=LINE('',#7947,#7949);
#7951=CARTESIAN_POINT('',(-0.01600000000000011,0.00108,-0.007705999999999855));
#7952=VERTEX_POINT('',#7951);
#7953=EDGE_CURVE('',#7944,#7952,#7950,.T.);
#7954=ORIENTED_EDGE('',*,*,#7953,.T.);
#7955=CARTESIAN_POINT('',(-0.016000000000000045,0.00108,-0.007800999999999857));
#7956=DIRECTION('',(0.,0.,1.));
#7957=VECTOR('',#7956,1.);
#7958=LINE('',#7955,#7957);
#7959=CARTESIAN_POINT('',(-0.01600000000000011,0.00108,-0.006929999999999853));
#7960=VERTEX_POINT('',#7959);
#7961=EDGE_CURVE('',#7952,#7960,#7958,.T.);
#7962=ORIENTED_EDGE('',*,*,#7961,.T.);
#7963=CARTESIAN_POINT('',(-0.016000000000000045,0.00108,-0.006929999999999853));
#7964=DIRECTION('',(0.,1.,0.));
#7965=VECTOR('',#7964,1.);
#7966=LINE('',#7963,#7965);
#7967=CARTESIAN_POINT('',(-0.016000000000000045,0.00107,-0.006929999999999853));
#7968=VERTEX_POINT('',#7967);
#7969=EDGE_CURVE('',#7960,#7968,#7966,.T.);
#7970=ORIENTED_EDGE('',*,*,#7969,.T.);
#7971=CARTESIAN_POINT('',(-0.016000000000000045,0.00107,-0.007800999999999857));
#7972=DIRECTION('',(0.,0.,-1.));
#7973=VECTOR('',#7972,1.);
#7974=LINE('',#7971,#7973);
#7975=CARTESIAN_POINT('',(-0.016000000000000045,0.00107,-0.006834999999999856));
#7976=VERTEX_POINT('',#7975);
#7977=EDGE_CURVE('',#7968,#7976,#7974,.T.);
#7978=ORIENTED_EDGE('',*,*,#7977,.T.);
#7979=CARTESIAN_POINT('',(-0.016000000000000045,0.00108,-0.006834999999999855));
#7980=DIRECTION('',(0.,-1.,0.));
#7981=VECTOR('',#7980,1.);
#7982=LINE('',#7979,#7981);
#7983=CARTESIAN_POINT('',(-0.016000000000000045,0.000010000000000000026,-0.006834999999999856));
#7984=VERTEX_POINT('',#7983);
#7985=EDGE_CURVE('',#7976,#7984,#7982,.T.);
#7986=ORIENTED_EDGE('',*,*,#7985,.T.);
#7987=CARTESIAN_POINT('',(-0.016000000000000045,0.000010000000000000026,-0.007800999999999857));
#7988=DIRECTION('',(0.,0.,1.));
#7989=VECTOR('',#7988,1.);
#7990=LINE('',#7987,#7989);
#7991=CARTESIAN_POINT('',(-0.016000000000000045,0.00001,-0.006929999999999853));
#7992=VERTEX_POINT('',#7991);
#7993=EDGE_CURVE('',#7984,#7992,#7990,.T.);
#7994=ORIENTED_EDGE('',*,*,#7993,.T.);
#7995=CARTESIAN_POINT('',(-0.016000000000000045,0.00108,-0.006929999999999853));
#7996=DIRECTION('',(0.,-1.,0.));
#7997=VECTOR('',#7996,1.);
#7998=LINE('',#7995,#7997);
#7999=EDGE_CURVE('',#7992,#7910,#7998,.T.);
#8000=ORIENTED_EDGE('',*,*,#7999,.T.);
#8001=EDGE_LOOP('',(#7914,#7922,#7930,#7938,#7946,#7954,#7962,#7970,#7978,#7986,#7994,#8000));
#8002=FACE_OUTER_BOUND('',#8001,.T.);
#8003=ADVANCED_FACE('',(#8002),#7904,.F.);
#8004=CARTESIAN_POINT('',(-0.016000000000000035,0.00108,-0.005564999999999856));
#8005=DIRECTION('',(1.,0.,-2.9722845860734174E-15));
#8006=DIRECTION('',(-2.9722845860734174E-15,0.,-1.));
#8007=AXIS2_PLACEMENT_3D('',#8004,#8005,#8006);
#8008=PLANE('',#8007);
#8009=CARTESIAN_POINT('',(-0.016000000000000035,0.,-0.005564999999999856));
#8010=DIRECTION('',(2.972284586073417E-15,0.,1.));
#8011=VECTOR('',#8010,1.);
#8012=LINE('',#8009,#8011);
#8013=CARTESIAN_POINT('',(-0.016000000000000004,0.,0.004634000000000144));
#8014=VERTEX_POINT('',#8013);
#8015=CARTESIAN_POINT('',(-0.01600000000000011,0.,-0.0054699999999998535));
#8016=VERTEX_POINT('',#8015);
#8017=EDGE_CURVE('',#8014,#8016,#8012,.T.);
#8018=ORIENTED_EDGE('',*,*,#8017,.T.);
#8019=CARTESIAN_POINT('',(-0.016000000000000035,0.00108,-0.0054699999999998535));
#8020=DIRECTION('',(0.,1.,0.));
#8021=VECTOR('',#8020,1.);
#8022=LINE('',#8019,#8021);
#8023=CARTESIAN_POINT('',(-0.016000000000000035,0.00001,-0.0054699999999998535));
#8024=VERTEX_POINT('',#8023);
#8025=EDGE_CURVE('',#8016,#8024,#8022,.T.);
#8026=ORIENTED_EDGE('',*,*,#8025,.T.);
#8027=CARTESIAN_POINT('',(-0.016000000000000035,0.000010000000000000026,-0.005564999999999856));
#8028=DIRECTION('',(2.9722845860734174E-15,0.,1.));
#8029=VECTOR('',#8028,1.);
#8030=LINE('',#8027,#8029);
#8031=CARTESIAN_POINT('',(-0.016000000000000035,0.000010000000000000026,-0.005564999999999856));
#8032=VERTEX_POINT('',#8031);
#8033=EDGE_CURVE('',#8024,#8032,#8030,.T.);
#8034=ORIENTED_EDGE('',*,*,#8033,.T.);
#8035=CARTESIAN_POINT('',(-0.016000000000000035,0.00108,-0.005564999999999856));
#8036=DIRECTION('',(0.,-1.,0.));
#8037=VECTOR('',#8036,1.);
#8038=LINE('',#8035,#8037);
#8039=CARTESIAN_POINT('',(-0.016000000000000035,0.00107,-0.005564999999999856));
#8040=VERTEX_POINT('',#8039);
#8041=EDGE_CURVE('',#8032,#8040,#8038,.T.);
#8042=ORIENTED_EDGE('',*,*,#8041,.T.);
#8043=CARTESIAN_POINT('',(-0.016000000000000035,0.00107,-0.005564999999999856));
#8044=DIRECTION('',(-2.9722845860734174E-15,0.,-1.));
#8045=VECTOR('',#8044,1.);
#8046=LINE('',#8043,#8045);
#8047=CARTESIAN_POINT('',(-0.016000000000000035,0.00107,-0.0054699999999998535));
#8048=VERTEX_POINT('',#8047);
#8049=EDGE_CURVE('',#8040,#8048,#8046,.T.);
#8050=ORIENTED_EDGE('',*,*,#8049,.T.);
#8051=CARTESIAN_POINT('',(-0.016000000000000035,0.00108,-0.0054699999999998535));
#8052=DIRECTION('',(0.,-1.,0.));
#8053=VECTOR('',#8052,1.);
#8054=LINE('',#8051,#8053);
#8055=CARTESIAN_POINT('',(-0.01600000000000011,0.00108,-0.0054699999999998535));
#8056=VERTEX_POINT('',#8055);
#8057=EDGE_CURVE('',#8048,#8056,#8054,.T.);
#8058=ORIENTED_EDGE('',*,*,#8057,.T.);
#8059=CARTESIAN_POINT('',(-0.016000000000000035,0.00108,-0.005564999999999856));
#8060=DIRECTION('',(2.972284586073417E-15,0.,1.));
#8061=VECTOR('',#8060,1.);
#8062=LINE('',#8059,#8061);
#8063=CARTESIAN_POINT('',(-0.01600000000000011,0.00108,0.004634000000000143));
#8064=VERTEX_POINT('',#8063);
#8065=EDGE_CURVE('',#8056,#8064,#8062,.T.);
#8066=ORIENTED_EDGE('',*,*,#8065,.T.);
#8067=CARTESIAN_POINT('',(-0.016000000000000004,0.00108,0.004634000000000144));
#8068=DIRECTION('',(0.,1.,0.));
#8069=VECTOR('',#8068,1.);
#8070=LINE('',#8067,#8069);
#8071=CARTESIAN_POINT('',(-0.016000000000000004,0.00107,0.004634000000000143));
#8072=VERTEX_POINT('',#8071);
#8073=EDGE_CURVE('',#8064,#8072,#8070,.T.);
#8074=ORIENTED_EDGE('',*,*,#8073,.T.);
#8075=CARTESIAN_POINT('',(-0.016000000000000035,0.00107,-0.005564999999999856));
#8076=DIRECTION('',(-2.9722845860734174E-15,0.,-1.));
#8077=VECTOR('',#8076,1.);
#8078=LINE('',#8075,#8077);
#8079=CARTESIAN_POINT('',(-0.016000000000000007,0.00107,0.004729000000000141));
#8080=VERTEX_POINT('',#8079);
#8081=EDGE_CURVE('',#8072,#8080,#8078,.T.);
#8082=ORIENTED_EDGE('',*,*,#8081,.T.);
#8083=CARTESIAN_POINT('',(-0.016000000000000007,0.00108,0.004729000000000142));
#8084=DIRECTION('',(0.,-1.,0.));
#8085=VECTOR('',#8084,1.);
#8086=LINE('',#8083,#8085);
#8087=CARTESIAN_POINT('',(-0.016000000000000007,0.000010000000000000026,0.004729000000000141));
#8088=VERTEX_POINT('',#8087);
#8089=EDGE_CURVE('',#8080,#8088,#8086,.T.);
#8090=ORIENTED_EDGE('',*,*,#8089,.T.);
#8091=CARTESIAN_POINT('',(-0.016000000000000035,0.000010000000000000026,-0.005564999999999856));
#8092=DIRECTION('',(2.9722845860734174E-15,0.,1.));
#8093=VECTOR('',#8092,1.);
#8094=LINE('',#8091,#8093);
#8095=CARTESIAN_POINT('',(-0.016000000000000004,0.00001,0.004634000000000143));
#8096=VERTEX_POINT('',#8095);
#8097=EDGE_CURVE('',#8088,#8096,#8094,.T.);
#8098=ORIENTED_EDGE('',*,*,#8097,.T.);
#8099=CARTESIAN_POINT('',(-0.016000000000000004,0.00108,0.004634000000000144));
#8100=DIRECTION('',(0.,-1.,0.));
#8101=VECTOR('',#8100,1.);
#8102=LINE('',#8099,#8101);
#8103=EDGE_CURVE('',#8096,#8014,#8102,.T.);
#8104=ORIENTED_EDGE('',*,*,#8103,.T.);
#8105=EDGE_LOOP('',(#8018,#8026,#8034,#8042,#8050,#8058,#8066,#8074,#8082,#8090,#8098,#8104));
#8106=FACE_OUTER_BOUND('',#8105,.T.);
#8107=ADVANCED_FACE('',(#8106),#8008,.F.);
#8108=CARTESIAN_POINT('',(-0.015999999999999997,0.00108,0.0059990000000001405));
#8109=DIRECTION('',(1.,0.,0.));
#8110=DIRECTION('',(0.,0.,-1.));
#8111=AXIS2_PLACEMENT_3D('',#8108,#8109,#8110);
#8112=PLANE('',#8111);
#8113=CARTESIAN_POINT('',(-0.015999999999999997,0.,0.0059990000000001405));
#8114=DIRECTION('',(0.,0.,1.));
#8115=VECTOR('',#8114,1.);
#8116=LINE('',#8113,#8115);
#8117=CARTESIAN_POINT('',(-0.015999999999999997,0.,0.006870000000000145));
#8118=VERTEX_POINT('',#8117);
#8119=CARTESIAN_POINT('',(-0.01600000000000011,0.,0.006094000000000143));
#8120=VERTEX_POINT('',#8119);
#8121=EDGE_CURVE('',#8118,#8120,#8116,.T.);
#8122=ORIENTED_EDGE('',*,*,#8121,.T.);
#8123=CARTESIAN_POINT('',(-0.015999999999999997,0.00108,0.006094000000000143));
#8124=DIRECTION('',(0.,1.,0.));
#8125=VECTOR('',#8124,1.);
#8126=LINE('',#8123,#8125);
#8127=CARTESIAN_POINT('',(-0.015999999999999997,0.00001,0.006094000000000143));
#8128=VERTEX_POINT('',#8127);
#8129=EDGE_CURVE('',#8120,#8128,#8126,.T.);
#8130=ORIENTED_EDGE('',*,*,#8129,.T.);
#8131=CARTESIAN_POINT('',(-0.015999999999999997,0.000010000000000000026,0.0059990000000001405));
#8132=DIRECTION('',(0.,0.,1.));
#8133=VECTOR('',#8132,1.);
#8134=LINE('',#8131,#8133);
#8135=CARTESIAN_POINT('',(-0.015999999999999997,0.000010000000000000026,0.0059990000000001405));
#8136=VERTEX_POINT('',#8135);
#8137=EDGE_CURVE('',#8128,#8136,#8134,.T.);
#8138=ORIENTED_EDGE('',*,*,#8137,.T.);
#8139=CARTESIAN_POINT('',(-0.015999999999999997,0.00108,0.0059990000000001405));
#8140=DIRECTION('',(0.,-1.,0.));
#8141=VECTOR('',#8140,1.);
#8142=LINE('',#8139,#8141);
#8143=CARTESIAN_POINT('',(-0.015999999999999997,0.00107,0.0059990000000001405));
#8144=VERTEX_POINT('',#8143);
#8145=EDGE_CURVE('',#8136,#8144,#8142,.T.);
#8146=ORIENTED_EDGE('',*,*,#8145,.T.);
#8147=CARTESIAN_POINT('',(-0.015999999999999997,0.00107,0.0059990000000001405));
#8148=DIRECTION('',(0.,0.,-1.));
#8149=VECTOR('',#8148,1.);
#8150=LINE('',#8147,#8149);
#8151=CARTESIAN_POINT('',(-0.015999999999999997,0.00107,0.006094000000000143));
#8152=VERTEX_POINT('',#8151);
#8153=EDGE_CURVE('',#8144,#8152,#8150,.T.);
#8154=ORIENTED_EDGE('',*,*,#8153,.T.);
#8155=CARTESIAN_POINT('',(-0.015999999999999997,0.00108,0.006094000000000143));
#8156=DIRECTION('',(0.,-1.,0.));
#8157=VECTOR('',#8156,1.);
#8158=LINE('',#8155,#8157);
#8159=CARTESIAN_POINT('',(-0.01600000000000011,0.00108,0.006094000000000143));
#8160=VERTEX_POINT('',#8159);
#8161=EDGE_CURVE('',#8152,#8160,#8158,.T.);
#8162=ORIENTED_EDGE('',*,*,#8161,.T.);
#8163=CARTESIAN_POINT('',(-0.015999999999999997,0.00108,0.0059990000000001405));
#8164=DIRECTION('',(0.,0.,1.));
#8165=VECTOR('',#8164,1.);
#8166=LINE('',#8163,#8165);
#8167=CARTESIAN_POINT('',(-0.01600000000000011,0.00108,0.006870000000000145));
#8168=VERTEX_POINT('',#8167);
#8169=EDGE_CURVE('',#8160,#8168,#8166,.T.);
#8170=ORIENTED_EDGE('',*,*,#8169,.T.);
#8171=CARTESIAN_POINT('',(-0.015999999999999997,0.00108,0.006870000000000145));
#8172=DIRECTION('',(0.,1.,0.));
#8173=VECTOR('',#8172,1.);
#8174=LINE('',#8171,#8173);
#8175=CARTESIAN_POINT('',(-0.015999999999999997,0.00107,0.006870000000000145));
#8176=VERTEX_POINT('',#8175);
#8177=EDGE_CURVE('',#8168,#8176,#8174,.T.);
#8178=ORIENTED_EDGE('',*,*,#8177,.T.);
#8179=CARTESIAN_POINT('',(-0.015999999999999997,0.00107,0.0059990000000001405));
#8180=DIRECTION('',(0.,0.,-1.));
#8181=VECTOR('',#8180,1.);
#8182=LINE('',#8179,#8181);
#8183=CARTESIAN_POINT('',(-0.015999999999999997,0.00107,0.006965000000000141));
#8184=VERTEX_POINT('',#8183);
#8185=EDGE_CURVE('',#8176,#8184,#8182,.T.);
#8186=ORIENTED_EDGE('',*,*,#8185,.T.);
#8187=CARTESIAN_POINT('',(-0.015999999999999997,0.00108,0.006965000000000142));
#8188=DIRECTION('',(0.,-1.,0.));
#8189=VECTOR('',#8188,1.);
#8190=LINE('',#8187,#8189);
#8191=CARTESIAN_POINT('',(-0.015999999999999997,0.000010000000000000026,0.006965000000000141));
#8192=VERTEX_POINT('',#8191);
#8193=EDGE_CURVE('',#8184,#8192,#8190,.T.);
#8194=ORIENTED_EDGE('',*,*,#8193,.T.);
#8195=CARTESIAN_POINT('',(-0.015999999999999997,0.000010000000000000026,0.0059990000000001405));
#8196=DIRECTION('',(0.,0.,1.));
#8197=VECTOR('',#8196,1.);
#8198=LINE('',#8195,#8197);
#8199=CARTESIAN_POINT('',(-0.015999999999999997,0.00001,0.006870000000000145));
#8200=VERTEX_POINT('',#8199);
#8201=EDGE_CURVE('',#8192,#8200,#8198,.T.);
#8202=ORIENTED_EDGE('',*,*,#8201,.T.);
#8203=CARTESIAN_POINT('',(-0.015999999999999997,0.00108,0.006870000000000145));
#8204=DIRECTION('',(0.,-1.,0.));
#8205=VECTOR('',#8204,1.);
#8206=LINE('',#8203,#8205);
#8207=EDGE_CURVE('',#8200,#8118,#8206,.T.);
#8208=ORIENTED_EDGE('',*,*,#8207,.T.);
#8209=EDGE_LOOP('',(#8122,#8130,#8138,#8146,#8154,#8162,#8170,#8178,#8186,#8194,#8202,#8208));
#8210=FACE_OUTER_BOUND('',#8209,.T.);
#8211=ADVANCED_FACE('',(#8210),#8112,.F.);
#8212=CARTESIAN_POINT('',(-0.007824999999999655,0.,0.016300000000000012));
#8213=DIRECTION('',(0.,1.,0.));
#8214=DIRECTION('',(0.,0.,1.));
#8215=AXIS2_PLACEMENT_3D('',#8212,#8213,#8214);
#8216=PLANE('',#8215);
#8217=CARTESIAN_POINT('',(0.0018478571428601834,0.,0.016299999999999044));
#8218=DIRECTION('',(-1.000068083900704E-13,0.,-1.));
#8219=VECTOR('',#8218,1.);
#8220=LINE('',#8217,#8219);
#8221=CARTESIAN_POINT('',(0.0018478571428570487,0.,-0.01505000000000014));
#8222=VERTEX_POINT('',#8221);
#8223=EDGE_CURVE('',#7598,#8222,#8220,.T.);
#8224=ORIENTED_EDGE('',*,*,#8223,.T.);
#8225=CARTESIAN_POINT('',(-0.007824999999999395,0.,-0.01505000000000022));
#8226=DIRECTION('',(1.,0.,8.317167350573737E-15));
#8227=VECTOR('',#8226,1.);
#8228=LINE('',#8225,#8227);
#8229=CARTESIAN_POINT('',(0.000387857142857051,0.,-0.015050000000000152));
#8230=VERTEX_POINT('',#8229);
#8231=EDGE_CURVE('',#8222,#8230,#8228,.T.);
#8232=ORIENTED_EDGE('',*,*,#8231,.T.);
#8233=CARTESIAN_POINT('',(0.00038785714286020644,0.,0.016299999999999187));
#8234=DIRECTION('',(-1.0063564565011256E-13,0.,-1.));
#8235=VECTOR('',#8234,1.);
#8236=LINE('',#8233,#8235);
#8237=EDGE_CURVE('',#8230,#7748,#8236,.T.);
#8238=ORIENTED_EDGE('',*,*,#8237,.T.);
#8239=CARTESIAN_POINT('',(0.0004792857142853724,0.,-0.016000000000000004));
#8240=DIRECTION('',(-1.,0.,-2.7815179571867553E-13));
#8241=VECTOR('',#8240,1.);
#8242=LINE('',#8239,#8241);
#8243=EDGE_CURVE('',#7740,#7748,#8242,.T.);
#8244=ORIENTED_EDGE('',*,*,#8243,.F.);
#8245=CARTESIAN_POINT('',(-0.0003878571428599332,0.,0.016300000000000703));
#8246=DIRECTION('',(9.26125495737193E-14,0.,-1.));
#8247=VECTOR('',#8246,1.);
#8248=LINE('',#8245,#8247);
#8249=CARTESIAN_POINT('',(-0.00038785714285702983,0.,-0.01505000000000016));
#8250=VERTEX_POINT('',#8249);
#8251=EDGE_CURVE('',#7740,#8250,#8248,.T.);
#8252=ORIENTED_EDGE('',*,*,#8251,.T.);
#8253=CARTESIAN_POINT('',(-0.007824999999999655,0.,-0.015050000000000157));
#8254=DIRECTION('',(1.,0.,0.));
#8255=VECTOR('',#8254,1.);
#8256=LINE('',#8253,#8255);
#8257=CARTESIAN_POINT('',(-0.0018478571428570296,0.,-0.015050000000000157));
#8258=VERTEX_POINT('',#8257);
#8259=EDGE_CURVE('',#8250,#8258,#8256,.T.);
#8260=ORIENTED_EDGE('',*,*,#8259,.T.);
#8261=CARTESIAN_POINT('',(-0.0018478571428599145,0.,0.016300000000000564));
#8262=DIRECTION('',(9.20270804005771E-14,0.,-1.));
#8263=VECTOR('',#8262,1.);
#8264=LINE('',#8261,#8263);
#8265=EDGE_CURVE('',#8258,#7820,#8264,.T.);
#8266=ORIENTED_EDGE('',*,*,#8265,.T.);
#8267=CARTESIAN_POINT('',(-0.0017492857142856002,0.,-0.01600000000000027));
#8268=DIRECTION('',(-1.,0.,2.6837863102510508E-14));
#8269=VECTOR('',#8268,1.);
#8270=LINE('',#8267,#8269);
#8271=EDGE_CURVE('',#7812,#7820,#8270,.T.);
#8272=ORIENTED_EDGE('',*,*,#8271,.F.);
#8273=CARTESIAN_POINT('',(-0.01600000000000011,0.,-0.01599999999999989));
#8274=DIRECTION('',(8.200669399367356E-15,0.,1.));
#8275=VECTOR('',#8274,1.);
#8276=LINE('',#8273,#8275);
#8277=EDGE_CURVE('',#7842,#7812,#8276,.T.);
#8278=ORIENTED_EDGE('',*,*,#8277,.F.);
#8279=CARTESIAN_POINT('',(-0.007824999999999655,0.,-0.009165999999999855));
#8280=DIRECTION('',(-1.,0.,0.));
#8281=VECTOR('',#8280,1.);
#8282=LINE('',#8279,#8281);
#8283=CARTESIAN_POINT('',(-0.015049999999999886,0.,-0.009165999999999855));
#8284=VERTEX_POINT('',#8283);
#8285=EDGE_CURVE('',#7842,#8284,#8282,.T.);
#8286=ORIENTED_EDGE('',*,*,#8285,.T.);
#8287=CARTESIAN_POINT('',(-0.015049999999999886,0.,0.016300000000000012));
#8288=DIRECTION('',(0.,0.,-1.));
#8289=VECTOR('',#8288,1.);
#8290=LINE('',#8287,#8289);
#8291=CARTESIAN_POINT('',(-0.015049999999999886,0.,-0.007705999999999855));
#8292=VERTEX_POINT('',#8291);
#8293=EDGE_CURVE('',#8284,#8292,#8290,.T.);
#8294=ORIENTED_EDGE('',*,*,#8293,.T.);
#8295=CARTESIAN_POINT('',(-0.007824999999999655,0.,-0.007705999999999855));
#8296=DIRECTION('',(-1.,0.,0.));
#8297=VECTOR('',#8296,1.);
#8298=LINE('',#8295,#8297);
#8299=EDGE_CURVE('',#8292,#7912,#8298,.T.);
#8300=ORIENTED_EDGE('',*,*,#8299,.T.);
#8301=CARTESIAN_POINT('',(-0.016000000000000045,0.,-0.007800999999999857));
#8302=DIRECTION('',(0.,0.,1.));
#8303=VECTOR('',#8302,1.);
#8304=LINE('',#8301,#8303);
#8305=EDGE_CURVE('',#7910,#7912,#8304,.T.);
#8306=ORIENTED_EDGE('',*,*,#8305,.F.);
#8307=CARTESIAN_POINT('',(-0.007824999999999655,0.,-0.006929999999999853));
#8308=DIRECTION('',(-1.,0.,0.));
#8309=VECTOR('',#8308,1.);
#8310=LINE('',#8307,#8309);
#8311=CARTESIAN_POINT('',(-0.015049999999999874,0.,-0.006929999999999853));
#8312=VERTEX_POINT('',#8311);
#8313=EDGE_CURVE('',#7910,#8312,#8310,.T.);
#8314=ORIENTED_EDGE('',*,*,#8313,.T.);
#8315=CARTESIAN_POINT('',(-0.015049999999999874,0.,0.016300000000000012));
#8316=DIRECTION('',(0.,0.,-1.));
#8317=VECTOR('',#8316,1.);
#8318=LINE('',#8315,#8317);
#8319=CARTESIAN_POINT('',(-0.015049999999999874,0.,-0.0054699999999998535));
#8320=VERTEX_POINT('',#8319);
#8321=EDGE_CURVE('',#8312,#8320,#8318,.T.);
#8322=ORIENTED_EDGE('',*,*,#8321,.T.);
#8323=CARTESIAN_POINT('',(-0.007824999999999655,0.,-0.0054699999999998535));
#8324=DIRECTION('',(-1.,0.,0.));
#8325=VECTOR('',#8324,1.);
#8326=LINE('',#8323,#8325);
#8327=EDGE_CURVE('',#8320,#8016,#8326,.T.);
#8328=ORIENTED_EDGE('',*,*,#8327,.T.);
#8329=CARTESIAN_POINT('',(-0.016000000000000035,0.,-0.005564999999999856));
#8330=DIRECTION('',(2.972284586073417E-15,0.,1.));
#8331=VECTOR('',#8330,1.);
#8332=LINE('',#8329,#8331);
#8333=EDGE_CURVE('',#8014,#8016,#8332,.T.);
#8334=ORIENTED_EDGE('',*,*,#8333,.F.);
#8335=CARTESIAN_POINT('',(-0.007824999999999655,0.,0.004634000000000143));
#8336=DIRECTION('',(-1.,0.,0.));
#8337=VECTOR('',#8336,1.);
#8338=LINE('',#8335,#8337);
#8339=CARTESIAN_POINT('',(-0.01504999999999984,0.,0.004634000000000143));
#8340=VERTEX_POINT('',#8339);
#8341=EDGE_CURVE('',#8014,#8340,#8338,.T.);
#8342=ORIENTED_EDGE('',*,*,#8341,.T.);
#8343=CARTESIAN_POINT('',(-0.01504999999999984,0.,0.016300000000000012));
#8344=DIRECTION('',(0.,0.,-1.));
#8345=VECTOR('',#8344,1.);
#8346=LINE('',#8343,#8345);
#8347=CARTESIAN_POINT('',(-0.01504999999999984,0.,0.006094000000000143));
#8348=VERTEX_POINT('',#8347);
#8349=EDGE_CURVE('',#8340,#8348,#8346,.T.);
#8350=ORIENTED_EDGE('',*,*,#8349,.T.);
#8351=CARTESIAN_POINT('',(-0.007824999999999655,0.,0.006094000000000143));
#8352=DIRECTION('',(-1.,0.,0.));
#8353=VECTOR('',#8352,1.);
#8354=LINE('',#8351,#8353);
#8355=EDGE_CURVE('',#8348,#8120,#8354,.T.);
#8356=ORIENTED_EDGE('',*,*,#8355,.T.);
#8357=CARTESIAN_POINT('',(-0.015999999999999997,0.,0.0059990000000001405));
#8358=DIRECTION('',(0.,0.,1.));
#8359=VECTOR('',#8358,1.);
#8360=LINE('',#8357,#8359);
#8361=EDGE_CURVE('',#8118,#8120,#8360,.T.);
#8362=ORIENTED_EDGE('',*,*,#8361,.F.);
#8363=CARTESIAN_POINT('',(-0.007824999999999655,0.,0.006870000000000145));
#8364=DIRECTION('',(-1.,0.,0.));
#8365=VECTOR('',#8364,1.);
#8366=LINE('',#8363,#8365);
#8367=CARTESIAN_POINT('',(-0.015049999999999824,0.,0.006870000000000145));
#8368=VERTEX_POINT('',#8367);
#8369=EDGE_CURVE('',#8118,#8368,#8366,.T.);
#8370=ORIENTED_EDGE('',*,*,#8369,.T.);
#8371=CARTESIAN_POINT('',(-0.015049999999999824,0.,0.016300000000000012));
#8372=DIRECTION('',(0.,0.,-1.));
#8373=VECTOR('',#8372,1.);
#8374=LINE('',#8371,#8373);
#8375=CARTESIAN_POINT('',(-0.015049999999999824,0.,0.008330000000000145));
#8376=VERTEX_POINT('',#8375);
#8377=EDGE_CURVE('',#8368,#8376,#8374,.T.);
#8378=ORIENTED_EDGE('',*,*,#8377,.T.);
#8379=CARTESIAN_POINT('',(-0.007824999999999655,0.,0.008330000000000145));
#8380=DIRECTION('',(-1.,0.,0.));
#8381=VECTOR('',#8380,1.);
#8382=LINE('',#8379,#8381);
#8383=EDGE_CURVE('',#8376,#6256,#8382,.T.);
#8384=ORIENTED_EDGE('',*,*,#8383,.T.);
#8385=CARTESIAN_POINT('',(-0.01599999999999999,0.,0.008235000000000142));
#8386=DIRECTION('',(1.2946813414918903E-14,0.,1.));
#8387=VECTOR('',#8386,1.);
#8388=LINE('',#8385,#8387);
#8389=EDGE_CURVE('',#6248,#6256,#8388,.T.);
#8390=ORIENTED_EDGE('',*,*,#8389,.F.);
#8391=CARTESIAN_POINT('',(-0.008459999999999657,0.,0.016000000000000014));
#8392=DIRECTION('',(1.,0.,-1.275345482453304E-14));
#8393=VECTOR('',#8392,1.);
#8394=LINE('',#8391,#8393);
#8395=EDGE_CURVE('',#6278,#6248,#8394,.T.);
#8396=ORIENTED_EDGE('',*,*,#8395,.F.);
#8397=CARTESIAN_POINT('',(-0.008554999999999771,0.,0.01630000000000008));
#8398=DIRECTION('',(9.228728892197362E-14,0.,1.));
#8399=VECTOR('',#8398,1.);
#8400=LINE('',#8397,#8399);
#8401=CARTESIAN_POINT('',(-0.008554999999999887,0.,0.015050000000000154));
#8402=VERTEX_POINT('',#8401);
#8403=EDGE_CURVE('',#6278,#8402,#8400,.T.);
#8404=ORIENTED_EDGE('',*,*,#8403,.T.);
#8405=CARTESIAN_POINT('',(-0.007824999999999655,0.,0.015050000000000154));
#8406=DIRECTION('',(-1.,0.,0.));
#8407=VECTOR('',#8406,1.);
#8408=LINE('',#8405,#8407);
#8409=CARTESIAN_POINT('',(-0.0070949999999998835,0.,0.015050000000000154));
#8410=VERTEX_POINT('',#8409);
#8411=EDGE_CURVE('',#8402,#8410,#8408,.T.);
#8412=ORIENTED_EDGE('',*,*,#8411,.T.);
#8413=CARTESIAN_POINT('',(-0.00709499999999977,0.,0.016299999999999946));
#8414=DIRECTION('',(9.124645483638746E-14,0.,1.));
#8415=VECTOR('',#8414,1.);
#8416=LINE('',#8413,#8415);
#8417=EDGE_CURVE('',#8410,#6348,#8416,.T.);
#8418=ORIENTED_EDGE('',*,*,#8417,.T.);
#8419=CARTESIAN_POINT('',(-0.006223095238095123,0.,0.016000000000000302));
#8420=DIRECTION('',(1.,0.,2.9609707286174473E-13));
#8421=VECTOR('',#8420,1.);
#8422=LINE('',#8419,#8421);
#8423=EDGE_CURVE('',#6346,#6348,#8422,.T.);
#8424=ORIENTED_EDGE('',*,*,#8423,.F.);
#8425=CARTESIAN_POINT('',(-0.006319285714285486,0.,0.016299999999999874));
#8426=DIRECTION('',(9.159339953158285E-14,0.,1.));
#8427=VECTOR('',#8426,1.);
#8428=LINE('',#8425,#8427);
#8429=CARTESIAN_POINT('',(-0.0063192857142856,0.,0.015050000000000154));
#8430=VERTEX_POINT('',#8429);
#8431=EDGE_CURVE('',#6346,#8430,#8428,.T.);
#8432=ORIENTED_EDGE('',*,*,#8431,.T.);
#8433=CARTESIAN_POINT('',(-0.007824999999999655,0.,0.015050000000000154));
#8434=DIRECTION('',(-1.,0.,0.));
#8435=VECTOR('',#8434,1.);
#8436=LINE('',#8433,#8435);
#8437=CARTESIAN_POINT('',(-0.004859285714285601,0.,0.015050000000000154));
#8438=VERTEX_POINT('',#8437);
#8439=EDGE_CURVE('',#8430,#8438,#8436,.T.);
#8440=ORIENTED_EDGE('',*,*,#8439,.T.);
#8441=CARTESIAN_POINT('',(-0.0048592857142854854,0.,0.01629999999999974));
#8442=DIRECTION('',(9.228728892197365E-14,0.,1.));
#8443=VECTOR('',#8442,1.);
#8444=LINE('',#8441,#8443);
#8445=EDGE_CURVE('',#8438,#6452,#8444,.T.);
#8446=ORIENTED_EDGE('',*,*,#8445,.T.);
#8447=CARTESIAN_POINT('',(-0.003986190476190361,0.,0.016000000000000285));
#8448=DIRECTION('',(1.,0.,-1.582198099260861E-14));
#8449=VECTOR('',#8448,1.);
#8450=LINE('',#8447,#8449);
#8451=EDGE_CURVE('',#6450,#6452,#8450,.T.);
#8452=ORIENTED_EDGE('',*,*,#8451,.F.);
#8453=CARTESIAN_POINT('',(-0.0040835714285712005,0.,0.01629999999999967));
#8454=DIRECTION('',(9.194034422677824E-14,0.,1.));
#8455=VECTOR('',#8454,1.);
#8456=LINE('',#8453,#8455);
#8457=CARTESIAN_POINT('',(-0.004083571428571315,0.,0.015050000000000154));
#8458=VERTEX_POINT('',#8457);
#8459=EDGE_CURVE('',#6450,#8458,#8456,.T.);
#8460=ORIENTED_EDGE('',*,*,#8459,.T.);
#8461=CARTESIAN_POINT('',(-0.007824999999999655,0.,0.015050000000000154));
#8462=DIRECTION('',(-1.,0.,0.));
#8463=VECTOR('',#8462,1.);
#8464=LINE('',#8461,#8463);
#8465=CARTESIAN_POINT('',(-0.002623571428571312,0.,0.015050000000000154));
#8466=VERTEX_POINT('',#8465);
#8467=EDGE_CURVE('',#8458,#8466,#8464,.T.);
#8468=ORIENTED_EDGE('',*,*,#8467,.T.);
#8469=CARTESIAN_POINT('',(-0.0026235714285711984,0.,0.01629999999999954));
#8470=DIRECTION('',(9.089951014119206E-14,0.,1.));
#8471=VECTOR('',#8470,1.);
#8472=LINE('',#8469,#8471);
#8473=EDGE_CURVE('',#8466,#6556,#8472,.T.);
#8474=ORIENTED_EDGE('',*,*,#8473,.T.);
#8475=CARTESIAN_POINT('',(-0.0017492857142853721,0.,0.016000000000000014));
#8476=DIRECTION('',(1.,0.,-2.8027509186900067E-13));
#8477=VECTOR('',#8476,1.);
#8478=LINE('',#8475,#8477);
#8479=EDGE_CURVE('',#6554,#6556,#8478,.T.);
#8480=ORIENTED_EDGE('',*,*,#8479,.F.);
#8481=CARTESIAN_POINT('',(-0.0018478571428569152,0.,0.01629999999999946));
#8482=DIRECTION('',(9.202708040057708E-14,0.,1.));
#8483=VECTOR('',#8482,1.);
#8484=LINE('',#8481,#8483);
#8485=CARTESIAN_POINT('',(-0.00184785714285703,0.,0.015050000000000154));
#8486=VERTEX_POINT('',#8485);
#8487=EDGE_CURVE('',#6554,#8486,#8484,.T.);
#8488=ORIENTED_EDGE('',*,*,#8487,.T.);
#8489=CARTESIAN_POINT('',(-0.007824999999999655,0.,0.015050000000000154));
#8490=DIRECTION('',(-1.,0.,0.));
#8491=VECTOR('',#8490,1.);
#8492=LINE('',#8489,#8491);
#8493=CARTESIAN_POINT('',(-0.0003878571428570293,0.,0.015050000000000154));
#8494=VERTEX_POINT('',#8493);
#8495=EDGE_CURVE('',#8486,#8494,#8492,.T.);
#8496=ORIENTED_EDGE('',*,*,#8495,.T.);
#8497=CARTESIAN_POINT('',(-0.00038785714285691393,0.,0.016299999999999322));
#8498=DIRECTION('',(9.261254957371931E-14,0.,1.));
#8499=VECTOR('',#8498,1.);
#8500=LINE('',#8497,#8499);
#8501=EDGE_CURVE('',#8494,#6660,#8500,.T.);
#8502=ORIENTED_EDGE('',*,*,#8501,.T.);
#8503=CARTESIAN_POINT('',(0.0004792857142853724,0.,0.016000000000000004));
#8504=DIRECTION('',(1.,0.,-2.2799327517929643E-15));
#8505=VECTOR('',#8504,1.);
#8506=LINE('',#8503,#8505);
#8507=EDGE_CURVE('',#6658,#6660,#8506,.T.);
#8508=ORIENTED_EDGE('',*,*,#8507,.F.);
#8509=CARTESIAN_POINT('',(0.0003878571428569261,0.,0.016300000000000838));
#8510=DIRECTION('',(-1.0063564565011255E-13,0.,1.));
#8511=VECTOR('',#8510,1.);
#8512=LINE('',#8509,#8511);
#8513=CARTESIAN_POINT('',(0.0003878571428570519,0.,0.01505000000000015));
#8514=VERTEX_POINT('',#8513);
#8515=EDGE_CURVE('',#6658,#8514,#8512,.T.);
#8516=ORIENTED_EDGE('',*,*,#8515,.T.);
#8517=CARTESIAN_POINT('',(-0.007824999999999666,0.,0.015050000000000218));
#8518=DIRECTION('',(-1.,0.,8.317167350573737E-15));
#8519=VECTOR('',#8518,1.);
#8520=LINE('',#8517,#8519);
#8521=CARTESIAN_POINT('',(0.0018478571428570487,0.,0.015050000000000138));
#8522=VERTEX_POINT('',#8521);
#8523=EDGE_CURVE('',#8514,#8522,#8520,.T.);
#8524=ORIENTED_EDGE('',*,*,#8523,.T.);
#8525=CARTESIAN_POINT('',(0.0018478571428569238,0.,0.01630000000000098));
#8526=DIRECTION('',(-1.0000680839007041E-13,0.,1.));
#8527=VECTOR('',#8526,1.);
#8528=LINE('',#8525,#8527);
#8529=EDGE_CURVE('',#8522,#6764,#8528,.T.);
#8530=ORIENTED_EDGE('',*,*,#8529,.T.);
#8531=CARTESIAN_POINT('',(0.002716190476190134,0.,0.016000000000000018));
#8532=DIRECTION('',(1.,0.,6.780848996832254E-15));
#8533=VECTOR('',#8532,1.);
#8534=LINE('',#8531,#8533);
#8535=EDGE_CURVE('',#6762,#6764,#8534,.T.);
#8536=ORIENTED_EDGE('',*,*,#8535,.F.);
#8537=CARTESIAN_POINT('',(0.002623571428571208,0.,0.016300000000001046));
#8538=DIRECTION('',(-9.88792381306852E-14,0.,1.));
#8539=VECTOR('',#8538,1.);
#8540=LINE('',#8537,#8539);
#8541=CARTESIAN_POINT('',(0.0026235714285713315,0.,0.015050000000000133));
#8542=VERTEX_POINT('',#8541);
#8543=EDGE_CURVE('',#6762,#8542,#8540,.T.);
#8544=ORIENTED_EDGE('',*,*,#8543,.T.);
#8545=CARTESIAN_POINT('',(-0.007824999999999666,0.,0.01505000000000022));
#8546=DIRECTION('',(-1.,0.,8.317167350573712E-15));
#8547=VECTOR('',#8546,1.);
#8548=LINE('',#8545,#8547);
#8549=CARTESIAN_POINT('',(0.004083571428571336,0.,0.01505000000000012));
#8550=VERTEX_POINT('',#8549);
#8551=EDGE_CURVE('',#8542,#8550,#8548,.T.);
#8552=ORIENTED_EDGE('',*,*,#8551,.T.);
#8553=CARTESIAN_POINT('',(0.004083571428571211,0.,0.016300000000001206));
#8554=DIRECTION('',(-1.0026701691146625E-13,0.,1.));
#8555=VECTOR('',#8554,1.);
#8556=LINE('',#8553,#8555);
#8557=EDGE_CURVE('',#8550,#6868,#8556,.T.);
#8558=ORIENTED_EDGE('',*,*,#8557,.T.);
#8559=CARTESIAN_POINT('',(0.004953095238094896,0.,0.016000000000000035));
#8560=DIRECTION('',(1.,0.,6.780848996832254E-15));
#8561=VECTOR('',#8560,1.);
#8562=LINE('',#8559,#8561);
#8563=EDGE_CURVE('',#6866,#6868,#8562,.T.);
#8564=ORIENTED_EDGE('',*,*,#8563,.F.);
#8565=CARTESIAN_POINT('',(0.004859285714285497,0.,0.01630000000000129));
#8566=DIRECTION('',(-1.0061396160666137E-13,0.,1.));
#8567=VECTOR('',#8566,1.);
#8568=LINE('',#8565,#8567);
#8569=CARTESIAN_POINT('',(0.0048592857142856225,0.,0.015050000000000114));
#8570=VERTEX_POINT('',#8569);
#8571=EDGE_CURVE('',#6866,#8570,#8568,.T.);
#8572=ORIENTED_EDGE('',*,*,#8571,.T.);
#8573=CARTESIAN_POINT('',(-0.007824999999999666,0.,0.01505000000000022));
#8574=DIRECTION('',(-1.,0.,8.317167350573737E-15));
#8575=VECTOR('',#8574,1.);
#8576=LINE('',#8573,#8575);
#8577=CARTESIAN_POINT('',(0.006319285714285621,0.,0.015050000000000101));
#8578=VERTEX_POINT('',#8577);
#8579=EDGE_CURVE('',#8570,#8578,#8576,.T.);
#8580=ORIENTED_EDGE('',*,*,#8579,.T.);
#8581=CARTESIAN_POINT('',(0.006319285714285496,0.,0.016300000000001424));
#8582=DIRECTION('',(-9.992007221627012E-14,0.,1.));
#8583=VECTOR('',#8582,1.);
#8584=LINE('',#8581,#8583);
#8585=EDGE_CURVE('',#8578,#6972,#8584,.T.);
#8586=ORIENTED_EDGE('',*,*,#8585,.T.);
#8587=CARTESIAN_POINT('',(0.007189999999999658,0.,0.01600000000000005));
#8588=DIRECTION('',(1.,0.,6.780848996832254E-15));
#8589=VECTOR('',#8588,1.);
#8590=LINE('',#8587,#8589);
#8591=EDGE_CURVE('',#6970,#6972,#8590,.T.);
#8592=ORIENTED_EDGE('',*,*,#8591,.F.);
#8593=CARTESIAN_POINT('',(0.007094999999999782,0.,0.016300000000001497));
#8594=DIRECTION('',(-9.957312752107453E-14,0.,1.));
#8595=VECTOR('',#8594,1.);
#8596=LINE('',#8593,#8595);
#8597=CARTESIAN_POINT('',(0.007094999999999907,0.,0.015050000000000095));
#8598=VERTEX_POINT('',#8597);
#8599=EDGE_CURVE('',#6970,#8598,#8596,.T.);
#8600=ORIENTED_EDGE('',*,*,#8599,.T.);
#8601=CARTESIAN_POINT('',(-0.007824999999999666,0.,0.01505000000000022));
#8602=DIRECTION('',(-1.,0.,8.317167350573716E-15));
#8603=VECTOR('',#8602,1.);
#8604=LINE('',#8601,#8603);
#8605=CARTESIAN_POINT('',(0.00855499999999991,0.,0.015050000000000082));
#8606=VERTEX_POINT('',#8605);
#8607=EDGE_CURVE('',#8598,#8606,#8604,.T.);
#8608=ORIENTED_EDGE('',*,*,#8607,.T.);
#8609=CARTESIAN_POINT('',(0.008554999999999782,0.,0.01630000000000166));
#8610=DIRECTION('',(-1.0061396160666021E-13,0.,1.));
#8611=VECTOR('',#8610,1.);
#8612=LINE('',#8609,#8611);
#8613=EDGE_CURVE('',#8606,#7124,#8612,.T.);
#8614=ORIENTED_EDGE('',*,*,#8613,.T.);
#8615=CARTESIAN_POINT('',(0.01600000000000011,0.,0.01599999999999989));
#8616=DIRECTION('',(1.,0.,-2.2608397188944268E-14));
#8617=VECTOR('',#8616,1.);
#8618=LINE('',#8615,#8617);
#8619=EDGE_CURVE('',#7116,#7124,#8618,.T.);
#8620=ORIENTED_EDGE('',*,*,#8619,.F.);
#8621=CARTESIAN_POINT('',(0.015999999999999875,0.,0.008234999999999828));
#8622=DIRECTION('',(-3.011541381296318E-14,0.,-1.));
#8623=VECTOR('',#8622,1.);
#8624=LINE('',#8621,#8623);
#8625=EDGE_CURVE('',#7146,#7116,#8624,.T.);
#8626=ORIENTED_EDGE('',*,*,#8625,.F.);
#8627=CARTESIAN_POINT('',(-0.007824999999999721,0.,0.008330000000000214));
#8628=DIRECTION('',(1.,0.,-8.32667268468757E-15));
#8629=VECTOR('',#8628,1.);
#8630=LINE('',#8627,#8629);
#8631=CARTESIAN_POINT('',(0.015049999999999788,0.,0.008330000000000023));
#8632=VERTEX_POINT('',#8631);
#8633=EDGE_CURVE('',#7146,#8632,#8630,.T.);
#8634=ORIENTED_EDGE('',*,*,#8633,.T.);
#8635=CARTESIAN_POINT('',(0.015049999999999845,0.,0.01629999999999985));
#8636=DIRECTION('',(7.129000586206051E-15,0.,1.));
#8637=VECTOR('',#8636,1.);
#8638=LINE('',#8635,#8637);
#8639=CARTESIAN_POINT('',(0.015049999999999777,0.,0.006870000000000022));
#8640=VERTEX_POINT('',#8639);
#8641=EDGE_CURVE('',#8632,#8640,#8638,.T.);
#8642=ORIENTED_EDGE('',*,*,#8641,.T.);
#8643=CARTESIAN_POINT('',(-0.007824999999999726,0.,0.006870000000000197));
#8644=DIRECTION('',(1.,0.,-7.632783294296953E-15));
#8645=VECTOR('',#8644,1.);
#8646=LINE('',#8643,#8645);
#8647=EDGE_CURVE('',#8640,#7216,#8646,.T.);
#8648=ORIENTED_EDGE('',*,*,#8647,.T.);
#8649=CARTESIAN_POINT('',(0.015999999999999886,0.,0.0059989999999998265));
#8650=DIRECTION('',(0.,0.,-1.));
#8651=VECTOR('',#8650,1.);
#8652=LINE('',#8649,#8651);
#8653=EDGE_CURVE('',#7214,#7216,#8652,.T.);
#8654=ORIENTED_EDGE('',*,*,#8653,.F.);
#8655=CARTESIAN_POINT('',(-0.007824999999999733,0.,0.006094000000000195));
#8656=DIRECTION('',(1.,0.,-7.632783294296954E-15));
#8657=VECTOR('',#8656,1.);
#8658=LINE('',#8655,#8657);
#8659=CARTESIAN_POINT('',(0.01504999999999979,0.,0.0060940000000000195));
#8660=VERTEX_POINT('',#8659);
#8661=EDGE_CURVE('',#7214,#8660,#8658,.T.);
#8662=ORIENTED_EDGE('',*,*,#8661,.T.);
#8663=CARTESIAN_POINT('',(0.015049999999999886,0.,0.016299999999999794));
#8664=DIRECTION('',(9.505334114941413E-15,0.,1.));
#8665=VECTOR('',#8664,1.);
#8666=LINE('',#8663,#8665);
#8667=CARTESIAN_POINT('',(0.015049999999999775,0.,0.00463400000000002));
#8668=VERTEX_POINT('',#8667);
#8669=EDGE_CURVE('',#8660,#8668,#8666,.T.);
#8670=ORIENTED_EDGE('',*,*,#8669,.T.);
#8671=CARTESIAN_POINT('',(-0.007824999999999744,0.,0.004634000000000195));
#8672=DIRECTION('',(1.,0.,-7.632783294296934E-15));
#8673=VECTOR('',#8672,1.);
#8674=LINE('',#8671,#8673);
#8675=EDGE_CURVE('',#8668,#7320,#8674,.T.);
#8676=ORIENTED_EDGE('',*,*,#8675,.T.);
#8677=CARTESIAN_POINT('',(0.015999999999999924,0.,-0.0055650000000001705));
#8678=DIRECTION('',(2.9722845860733835E-15,0.,-1.));
#8679=VECTOR('',#8678,1.);
#8680=LINE('',#8677,#8679);
#8681=EDGE_CURVE('',#7318,#7320,#8680,.T.);
#8682=ORIENTED_EDGE('',*,*,#8681,.F.);
#8683=CARTESIAN_POINT('',(-0.007825000000000887,0.,-0.005469999999998559));
#8684=DIRECTION('',(1.,0.,-5.655198531684489E-14));
#8685=VECTOR('',#8684,1.);
#8686=LINE('',#8683,#8685);
#8687=CARTESIAN_POINT('',(0.015050000000000101,0.,-0.0054699999999998535));
#8688=VERTEX_POINT('',#8687);
#8689=EDGE_CURVE('',#7318,#8688,#8686,.T.);
#8690=ORIENTED_EDGE('',*,*,#8689,.T.);
#8691=CARTESIAN_POINT('',(0.015050000000000101,0.,0.016300000000000012));
#8692=DIRECTION('',(0.,0.,1.));
#8693=VECTOR('',#8692,1.);
#8694=LINE('',#8691,#8693);
#8695=CARTESIAN_POINT('',(0.015050000000000101,0.,-0.006929999999999853));
#8696=VERTEX_POINT('',#8695);
#8697=EDGE_CURVE('',#8688,#8696,#8694,.T.);
#8698=ORIENTED_EDGE('',*,*,#8697,.T.);
#8699=CARTESIAN_POINT('',(-0.007825000000000968,0.,-0.006929999999998559));
#8700=DIRECTION('',(1.,0.,-5.655198531684522E-14));
#8701=VECTOR('',#8700,1.);
#8702=LINE('',#8699,#8701);
#8703=EDGE_CURVE('',#8696,#7424,#8702,.T.);
#8704=ORIENTED_EDGE('',*,*,#8703,.T.);
#8705=CARTESIAN_POINT('',(0.01600000000000016,0.,-0.007800999999999889));
#8706=DIRECTION('',(4.524799989506018E-15,0.,-1.));
#8707=VECTOR('',#8706,1.);
#8708=LINE('',#8705,#8707);
#8709=EDGE_CURVE('',#7422,#7424,#8708,.T.);
#8710=ORIENTED_EDGE('',*,*,#8709,.F.);
#8711=CARTESIAN_POINT('',(-0.00782500000000102,0.,-0.007705999999998554));
#8712=DIRECTION('',(1.,0.,-5.689893001204072E-14));
#8713=VECTOR('',#8712,1.);
#8714=LINE('',#8711,#8713);
#8715=CARTESIAN_POINT('',(0.015050000000000112,0.,-0.007705999999999855));
#8716=VERTEX_POINT('',#8715);
#8717=EDGE_CURVE('',#7422,#8716,#8714,.T.);
#8718=ORIENTED_EDGE('',*,*,#8717,.T.);
#8719=CARTESIAN_POINT('',(0.015050000000000112,0.,0.016300000000000012));
#8720=DIRECTION('',(0.,0.,1.));
#8721=VECTOR('',#8720,1.);
#8722=LINE('',#8719,#8721);
#8723=CARTESIAN_POINT('',(0.015050000000000112,0.,-0.009165999999999855));
#8724=VERTEX_POINT('',#8723);
#8725=EDGE_CURVE('',#8716,#8724,#8722,.T.);
#8726=ORIENTED_EDGE('',*,*,#8725,.T.);
#8727=CARTESIAN_POINT('',(-0.007825000000001104,0.,-0.009165999999998554));
#8728=DIRECTION('',(1.,0.,-5.689893001204089E-14));
#8729=VECTOR('',#8728,1.);
#8730=LINE('',#8727,#8729);
#8731=EDGE_CURVE('',#8724,#7576,#8730,.T.);
#8732=ORIENTED_EDGE('',*,*,#8731,.T.);
#8733=CARTESIAN_POINT('',(0.01599999999999989,0.,-0.01600000000000011));
#8734=DIRECTION('',(-2.397118747507304E-14,0.,-1.));
#8735=VECTOR('',#8734,1.);
#8736=LINE('',#8733,#8735);
#8737=EDGE_CURVE('',#7568,#7576,#8736,.T.);
#8738=ORIENTED_EDGE('',*,*,#8737,.F.);
#8739=CARTESIAN_POINT('',(0.01599999999999989,0.,-0.01600000000000011));
#8740=DIRECTION('',(-1.,0.,6.901164797788414E-15));
#8741=VECTOR('',#8740,1.);
#8742=LINE('',#8739,#8741);
#8743=EDGE_CURVE('',#7598,#7568,#8742,.T.);
#8744=ORIENTED_EDGE('',*,*,#8743,.F.);
#8745=EDGE_LOOP('',(#8224,#8232,#8238,#8244,#8252,#8260,#8266,#8272,#8278,#8286,#8294,#8300,#8306,#8314,#8322,#8328,#8334,#8342,#8350,#8356,#8362,#8370,#8378,#8384,#8390,#8396,#8404,#8412,#8418,#8424,#8432,#8440,#8446,#8452,#8460,#8468,#8474,#8480,#8488,#8496,#8502,#8508,#8516,#8524,#8530,#8536,#8544,#8552,#8558,#8564,#8572,#8580,#8586,#8592,#8600,#8608,#8614,#8620,#8626,#8634,#8642,#8648,#8654,#8662,#8670,#8676,#8682,#8690,#8698,#8704,#8710,#8718,#8726,#8732,#8738,#8744));
#8746=FACE_OUTER_BOUND('',#8745,.T.);
#8747=ADVANCED_FACE('',(#8746),#8216,.F.);
#8748=CARTESIAN_POINT('',(-0.005588095238095124,0.00108,0.0163000000000003));
#8749=DIRECTION('',(0.,-1.,0.));
#8750=DIRECTION('',(0.,0.,-1.));
#8751=AXIS2_PLACEMENT_3D('',#8748,#8749,#8750);
#8752=CYLINDRICAL_SURFACE('',#8751,0.0007022997935354967);
#8753=CARTESIAN_POINT('',(-0.006223095238095125,0.00107,0.016000000000000302));
#8754=CARTESIAN_POINT('',(-0.0060330323435114274,0.00107,0.015597700206464804));
#8755=CARTESIAN_POINT('',(-0.005588095238095126,0.00107,0.015597700206464804));
#8756=CARTESIAN_POINT('',(-0.005143158132678824,0.00107,0.015597700206464803));
#8757=CARTESIAN_POINT('',(-0.004953095238095123,0.00107,0.0160000000000003));
#8758=(BOUNDED_CURVE() B_SPLINE_CURVE(2,(#8753,#8754,#8755,#8756,#8757),.UNSPECIFIED.,.F.,.F.) B_SPLINE_CURVE_WITH_KNOTS((3,2,3),(0.,1.,2.),.UNSPECIFIED.) CURVE() GEOMETRIC_REPRESENTATION_ITEM() RATIONAL_B_SPLINE_CURVE((1.,0.8447390137065797,1.,0.8447390137065797,1.)) REPRESENTATION_ITEM(''));
#8759=EDGE_CURVE('',#6412,#6476,#8758,.T.);
#8760=ORIENTED_EDGE('',*,*,#8759,.T.);
#8761=CARTESIAN_POINT('',(-0.004953095238095123,0.00108,0.016000000000000302));
#8762=DIRECTION('',(0.,-1.,0.));
#8763=VECTOR('',#8762,1.);
#8764=LINE('',#8761,#8763);
#8765=EDGE_CURVE('',#6468,#6476,#8764,.T.);
#8766=ORIENTED_EDGE('',*,*,#8765,.F.);
#8767=CARTESIAN_POINT('',(-0.004953095238095123,0.000010000000000000026,0.0160000000000003));
#8768=CARTESIAN_POINT('',(-0.005143158132678824,0.000010000000000000026,0.015597700206464803));
#8769=CARTESIAN_POINT('',(-0.005588095238095126,0.000010000000000000026,0.015597700206464804));
#8770=CARTESIAN_POINT('',(-0.0060330323435114274,0.000010000000000000026,0.015597700206464804));
#8771=CARTESIAN_POINT('',(-0.006223095238095125,0.000010000000000000026,0.016000000000000302));
#8772=(BOUNDED_CURVE() B_SPLINE_CURVE(2,(#8767,#8768,#8769,#8770,#8771),.UNSPECIFIED.,.F.,.F.) B_SPLINE_CURVE_WITH_KNOTS((3,2,3),(0.,1.,2.),.UNSPECIFIED.) CURVE() GEOMETRIC_REPRESENTATION_ITEM() RATIONAL_B_SPLINE_CURVE((1.,0.8447390137065797,1.,0.8447390137065797,1.)) REPRESENTATION_ITEM(''));
#8773=EDGE_CURVE('',#6468,#6420,#8772,.T.);
#8774=ORIENTED_EDGE('',*,*,#8773,.T.);
#8775=CARTESIAN_POINT('',(-0.006223095238095123,0.00108,0.016000000000000302));
#8776=DIRECTION('',(0.,-1.,0.));
#8777=VECTOR('',#8776,1.);
#8778=LINE('',#8775,#8777);
#8779=EDGE_CURVE('',#6412,#6420,#8778,.T.);
#8780=ORIENTED_EDGE('',*,*,#8779,.F.);
#8781=EDGE_LOOP('',(#8760,#8766,#8774,#8780));
#8782=FACE_OUTER_BOUND('',#8781,.T.);
#8783=ADVANCED_FACE('',(#8782),#8752,.F.);
#8784=CARTESIAN_POINT('',(-0.003351190476190361,0.00108,0.016300000000000286));
#8785=DIRECTION('',(0.,-1.,0.));
#8786=DIRECTION('',(0.,0.,-1.));
#8787=AXIS2_PLACEMENT_3D('',#8784,#8785,#8786);
#8788=CYLINDRICAL_SURFACE('',#8787,0.0007022997935354962);
#8789=CARTESIAN_POINT('',(-0.00398619047619036,0.00107,0.016000000000000285));
#8790=CARTESIAN_POINT('',(-0.003796127581606661,0.00107,0.01559770020646479));
#8791=CARTESIAN_POINT('',(-0.003351190476190361,0.00107,0.01559770020646479));
#8792=CARTESIAN_POINT('',(-0.002906253370774061,0.00107,0.01559770020646479));
#8793=CARTESIAN_POINT('',(-0.002716190476190361,0.00107,0.016000000000000285));
#8794=(BOUNDED_CURVE() B_SPLINE_CURVE(2,(#8789,#8790,#8791,#8792,#8793),.UNSPECIFIED.,.F.,.F.) B_SPLINE_CURVE_WITH_KNOTS((3,2,3),(0.,1.,2.),.UNSPECIFIED.) CURVE() GEOMETRIC_REPRESENTATION_ITEM() RATIONAL_B_SPLINE_CURVE((1.,0.8447390137065804,1.,0.8447390137065804,1.)) REPRESENTATION_ITEM(''));
#8795=EDGE_CURVE('',#6516,#6580,#8794,.T.);
#8796=ORIENTED_EDGE('',*,*,#8795,.T.);
#8797=CARTESIAN_POINT('',(-0.002716190476190361,0.00108,0.016000000000000285));
#8798=DIRECTION('',(0.,-1.,0.));
#8799=VECTOR('',#8798,1.);
#8800=LINE('',#8797,#8799);
#8801=EDGE_CURVE('',#6572,#6580,#8800,.T.);
#8802=ORIENTED_EDGE('',*,*,#8801,.F.);
#8803=CARTESIAN_POINT('',(-0.002716190476190361,0.000010000000000000026,0.016000000000000285));
#8804=CARTESIAN_POINT('',(-0.0029062533707740605,0.000010000000000000026,0.01559770020646479));
#8805=CARTESIAN_POINT('',(-0.003351190476190361,0.000010000000000000026,0.01559770020646479));
#8806=CARTESIAN_POINT('',(-0.003796127581606661,0.000010000000000000026,0.01559770020646479));
#8807=CARTESIAN_POINT('',(-0.00398619047619036,0.000010000000000000026,0.016000000000000285));
#8808=(BOUNDED_CURVE() B_SPLINE_CURVE(2,(#8803,#8804,#8805,#8806,#8807),.UNSPECIFIED.,.F.,.F.) B_SPLINE_CURVE_WITH_KNOTS((3,2,3),(0.,1.,2.),.UNSPECIFIED.) CURVE() GEOMETRIC_REPRESENTATION_ITEM() RATIONAL_B_SPLINE_CURVE((1.,0.8447390137065804,1.,0.8447390137065804,1.)) REPRESENTATION_ITEM(''));
#8809=EDGE_CURVE('',#6572,#6524,#8808,.T.);
#8810=ORIENTED_EDGE('',*,*,#8809,.T.);
#8811=CARTESIAN_POINT('',(-0.003986190476190361,0.00108,0.016000000000000285));
#8812=DIRECTION('',(0.,-1.,0.));
#8813=VECTOR('',#8812,1.);
#8814=LINE('',#8811,#8813);
#8815=EDGE_CURVE('',#6516,#6524,#8814,.T.);
#8816=ORIENTED_EDGE('',*,*,#8815,.F.);
#8817=EDGE_LOOP('',(#8796,#8802,#8810,#8816));
#8818=FACE_OUTER_BOUND('',#8817,.T.);
#8819=ADVANCED_FACE('',(#8818),#8788,.F.);
#8820=CARTESIAN_POINT('',(-0.00111428571428537,0.00108,0.016300000000000012));
#8821=DIRECTION('',(0.,-1.,0.));
#8822=DIRECTION('',(0.,0.,-1.));
#8823=AXIS2_PLACEMENT_3D('',#8820,#8821,#8822);
#8824=CYLINDRICAL_SURFACE('',#8823,0.000702299793535496);
#8825=CARTESIAN_POINT('',(-0.0017492857142853715,0.00107,0.016000000000000014));
#8826=CARTESIAN_POINT('',(-0.001559222819701674,0.00107,0.015597700206464518));
#8827=CARTESIAN_POINT('',(-0.001114285714285374,0.00107,0.015597700206464516));
#8828=CARTESIAN_POINT('',(-0.0006693486088690737,0.00107,0.015597700206464515));
#8829=CARTESIAN_POINT('',(-0.0004792857142853722,0.00107,0.016000000000000007));
#8830=(BOUNDED_CURVE() B_SPLINE_CURVE(2,(#8825,#8826,#8827,#8828,#8829),.UNSPECIFIED.,.F.,.F.) B_SPLINE_CURVE_WITH_KNOTS((3,2,3),(0.,1.,2.),.UNSPECIFIED.) CURVE() GEOMETRIC_REPRESENTATION_ITEM() RATIONAL_B_SPLINE_CURVE((1.,0.8447390137065804,1.,0.8447390137065804,1.)) REPRESENTATION_ITEM(''));
#8831=EDGE_CURVE('',#6620,#6684,#8830,.T.);
#8832=ORIENTED_EDGE('',*,*,#8831,.T.);
#8833=CARTESIAN_POINT('',(-0.00047928571428537225,0.00108,0.016000000000000007));
#8834=DIRECTION('',(0.,-1.,0.));
#8835=VECTOR('',#8834,1.);
#8836=LINE('',#8833,#8835);
#8837=EDGE_CURVE('',#6676,#6684,#8836,.T.);
#8838=ORIENTED_EDGE('',*,*,#8837,.F.);
#8839=CARTESIAN_POINT('',(-0.0004792857142853722,0.000010000000000000026,0.016000000000000007));
#8840=CARTESIAN_POINT('',(-0.0006693486088690738,0.000010000000000000026,0.015597700206464515));
#8841=CARTESIAN_POINT('',(-0.0011142857142853737,0.000010000000000000026,0.015597700206464516));
#8842=CARTESIAN_POINT('',(-0.0015592228197016738,0.000010000000000000026,0.015597700206464518));
#8843=CARTESIAN_POINT('',(-0.0017492857142853715,0.000010000000000000026,0.016000000000000014));
#8844=(BOUNDED_CURVE() B_SPLINE_CURVE(2,(#8839,#8840,#8841,#8842,#8843),.UNSPECIFIED.,.F.,.F.) B_SPLINE_CURVE_WITH_KNOTS((3,2,3),(0.,1.,2.),.UNSPECIFIED.) CURVE() GEOMETRIC_REPRESENTATION_ITEM() RATIONAL_B_SPLINE_CURVE((1.,0.8447390137065804,1.,0.8447390137065804,1.)) REPRESENTATION_ITEM(''));
#8845=EDGE_CURVE('',#6676,#6628,#8844,.T.);
#8846=ORIENTED_EDGE('',*,*,#8845,.T.);
#8847=CARTESIAN_POINT('',(-0.0017492857142853721,0.00108,0.016000000000000014));
#8848=DIRECTION('',(0.,-1.,0.));
#8849=VECTOR('',#8848,1.);
#8850=LINE('',#8847,#8849);
#8851=EDGE_CURVE('',#6620,#6628,#8850,.T.);
#8852=ORIENTED_EDGE('',*,*,#8851,.F.);
#8853=EDGE_LOOP('',(#8832,#8838,#8846,#8852));
#8854=FACE_OUTER_BOUND('',#8853,.T.);
#8855=ADVANCED_FACE('',(#8854),#8824,.F.);
#8856=CARTESIAN_POINT('',(0.0011142857142853704,0.00108,0.01630000000000001));
#8857=DIRECTION('',(0.,-1.,0.));
#8858=DIRECTION('',(0.,0.,-1.));
#8859=AXIS2_PLACEMENT_3D('',#8856,#8857,#8858);
#8860=CYLINDRICAL_SURFACE('',#8859,0.000702299793535496);
#8861=CARTESIAN_POINT('',(0.0004792857142853726,0.00107,0.016000000000000004));
#8862=CARTESIAN_POINT('',(0.0006693486088690742,0.00107,0.015597700206464511));
#8863=CARTESIAN_POINT('',(0.0011142857142853741,0.00107,0.015597700206464513));
#8864=CARTESIAN_POINT('',(0.0015592228197016742,0.00107,0.015597700206464515));
#8865=CARTESIAN_POINT('',(0.0017492857142853723,0.00107,0.01600000000000001));
#8866=(BOUNDED_CURVE() B_SPLINE_CURVE(2,(#8861,#8862,#8863,#8864,#8865),.UNSPECIFIED.,.F.,.F.) B_SPLINE_CURVE_WITH_KNOTS((3,2,3),(0.,1.,2.),.UNSPECIFIED.) CURVE() GEOMETRIC_REPRESENTATION_ITEM() RATIONAL_B_SPLINE_CURVE((1.,0.8447390137065804,1.,0.8447390137065804,1.)) REPRESENTATION_ITEM(''));
#8867=EDGE_CURVE('',#6724,#6788,#8866,.T.);
#8868=ORIENTED_EDGE('',*,*,#8867,.T.);
#8869=CARTESIAN_POINT('',(0.0017492857142853723,0.00108,0.01600000000000001));
#8870=DIRECTION('',(0.,-1.,0.));
#8871=VECTOR('',#8870,1.);
#8872=LINE('',#8869,#8871);
#8873=EDGE_CURVE('',#6780,#6788,#8872,.T.);
#8874=ORIENTED_EDGE('',*,*,#8873,.F.);
#8875=CARTESIAN_POINT('',(0.0017492857142853723,0.000010000000000000026,0.01600000000000001));
#8876=CARTESIAN_POINT('',(0.0015592228197016749,0.000010000000000000026,0.015597700206464515));
#8877=CARTESIAN_POINT('',(0.0011142857142853744,0.000010000000000000026,0.015597700206464513));
#8878=CARTESIAN_POINT('',(0.000669348608869074,0.000010000000000000026,0.015597700206464511));
#8879=CARTESIAN_POINT('',(0.0004792857142853726,0.000010000000000000026,0.016000000000000004));
#8880=(BOUNDED_CURVE() B_SPLINE_CURVE(2,(#8875,#8876,#8877,#8878,#8879),.UNSPECIFIED.,.F.,.F.) B_SPLINE_CURVE_WITH_KNOTS((3,2,3),(0.,1.,2.),.UNSPECIFIED.) CURVE() GEOMETRIC_REPRESENTATION_ITEM() RATIONAL_B_SPLINE_CURVE((1.,0.8447390137065803,1.,0.8447390137065803,1.)) REPRESENTATION_ITEM(''));
#8881=EDGE_CURVE('',#6780,#6732,#8880,.T.);
#8882=ORIENTED_EDGE('',*,*,#8881,.T.);
#8883=CARTESIAN_POINT('',(0.0004792857142853724,0.00108,0.016000000000000004));
#8884=DIRECTION('',(0.,-1.,0.));
#8885=VECTOR('',#8884,1.);
#8886=LINE('',#8883,#8885);
#8887=EDGE_CURVE('',#6724,#6732,#8886,.T.);
#8888=ORIENTED_EDGE('',*,*,#8887,.F.);
#8889=EDGE_LOOP('',(#8868,#8874,#8882,#8888));
#8890=FACE_OUTER_BOUND('',#8889,.T.);
#8891=ADVANCED_FACE('',(#8890),#8860,.F.);
#8892=CARTESIAN_POINT('',(0.003351190476190132,0.00108,0.016300000000000023));
#8893=DIRECTION('',(0.,-1.,0.));
#8894=DIRECTION('',(0.,0.,-1.));
#8895=AXIS2_PLACEMENT_3D('',#8892,#8893,#8894);
#8896=CYLINDRICAL_SURFACE('',#8895,0.0007022997935354959);
#8897=CARTESIAN_POINT('',(0.0027161904761901345,0.00107,0.016000000000000018));
#8898=CARTESIAN_POINT('',(0.0029062533707738362,0.00107,0.015597700206464523));
#8899=CARTESIAN_POINT('',(0.0033511904761901377,0.00107,0.015597700206464527));
#8900=CARTESIAN_POINT('',(0.003796127581606439,0.00107,0.01559770020646453));
#8901=CARTESIAN_POINT('',(0.003986190476190134,0.00107,0.016000000000000028));
#8902=(BOUNDED_CURVE() B_SPLINE_CURVE(2,(#8897,#8898,#8899,#8900,#8901),.UNSPECIFIED.,.F.,.F.) B_SPLINE_CURVE_WITH_KNOTS((3,2,3),(0.,1.,2.),.UNSPECIFIED.) CURVE() GEOMETRIC_REPRESENTATION_ITEM() RATIONAL_B_SPLINE_CURVE((1.,0.8447390137065798,1.,0.8447390137065798,1.)) REPRESENTATION_ITEM(''));
#8903=EDGE_CURVE('',#6828,#6892,#8902,.T.);
#8904=ORIENTED_EDGE('',*,*,#8903,.T.);
#8905=CARTESIAN_POINT('',(0.003986190476190134,0.00108,0.016000000000000028));
#8906=DIRECTION('',(0.,-1.,0.));
#8907=VECTOR('',#8906,1.);
#8908=LINE('',#8905,#8907);
#8909=EDGE_CURVE('',#6884,#6892,#8908,.T.);
#8910=ORIENTED_EDGE('',*,*,#8909,.F.);
#8911=CARTESIAN_POINT('',(0.003986190476190134,0.000010000000000000026,0.016000000000000028));
#8912=CARTESIAN_POINT('',(0.0037961275816064386,0.000010000000000000026,0.01559770020646453));
#8913=CARTESIAN_POINT('',(0.0033511904761901377,0.000010000000000000026,0.015597700206464527));
#8914=CARTESIAN_POINT('',(0.0029062533707738362,0.000010000000000000026,0.015597700206464523));
#8915=CARTESIAN_POINT('',(0.0027161904761901345,0.000010000000000000026,0.016000000000000018));
#8916=(BOUNDED_CURVE() B_SPLINE_CURVE(2,(#8911,#8912,#8913,#8914,#8915),.UNSPECIFIED.,.F.,.F.) B_SPLINE_CURVE_WITH_KNOTS((3,2,3),(0.,1.,2.),.UNSPECIFIED.) CURVE() GEOMETRIC_REPRESENTATION_ITEM() RATIONAL_B_SPLINE_CURVE((1.,0.8447390137065798,1.,0.8447390137065798,1.)) REPRESENTATION_ITEM(''));
#8917=EDGE_CURVE('',#6884,#6836,#8916,.T.);
#8918=ORIENTED_EDGE('',*,*,#8917,.T.);
#8919=CARTESIAN_POINT('',(0.002716190476190134,0.00108,0.016000000000000018));
#8920=DIRECTION('',(0.,-1.,0.));
#8921=VECTOR('',#8920,1.);
#8922=LINE('',#8919,#8921);
#8923=EDGE_CURVE('',#6828,#6836,#8922,.T.);
#8924=ORIENTED_EDGE('',*,*,#8923,.F.);
#8925=EDGE_LOOP('',(#8904,#8910,#8918,#8924));
#8926=FACE_OUTER_BOUND('',#8925,.T.);
#8927=ADVANCED_FACE('',(#8926),#8896,.F.);
#8928=CARTESIAN_POINT('',(0.005588095238094893,0.00108,0.01630000000000004));
#8929=DIRECTION('',(0.,-1.,0.));
#8930=DIRECTION('',(0.,0.,-1.));
#8931=AXIS2_PLACEMENT_3D('',#8928,#8929,#8930);
#8932=CYLINDRICAL_SURFACE('',#8931,0.0007022997935354962);
#8933=CARTESIAN_POINT('',(0.004953095238094896,0.00107,0.016000000000000035));
#8934=CARTESIAN_POINT('',(0.0051431581326785965,0.00107,0.01559770020646454));
#8935=CARTESIAN_POINT('',(0.005588095238094897,0.00107,0.015597700206464544));
#8936=CARTESIAN_POINT('',(0.006033032343511198,0.00107,0.015597700206464546));
#8937=CARTESIAN_POINT('',(0.006223095238094896,0.00107,0.016000000000000042));
#8938=(BOUNDED_CURVE() B_SPLINE_CURVE(2,(#8933,#8934,#8935,#8936,#8937),.UNSPECIFIED.,.F.,.F.) B_SPLINE_CURVE_WITH_KNOTS((3,2,3),(0.,1.,2.),.UNSPECIFIED.) CURVE() GEOMETRIC_REPRESENTATION_ITEM() RATIONAL_B_SPLINE_CURVE((1.,0.8447390137065804,1.,0.8447390137065804,1.)) REPRESENTATION_ITEM(''));
#8939=EDGE_CURVE('',#6932,#6996,#8938,.T.);
#8940=ORIENTED_EDGE('',*,*,#8939,.T.);
#8941=CARTESIAN_POINT('',(0.006223095238094896,0.00108,0.016000000000000042));
#8942=DIRECTION('',(0.,-1.,0.));
#8943=VECTOR('',#8942,1.);
#8944=LINE('',#8941,#8943);
#8945=EDGE_CURVE('',#6988,#6996,#8944,.T.);
#8946=ORIENTED_EDGE('',*,*,#8945,.F.);
#8947=CARTESIAN_POINT('',(0.006223095238094896,0.000010000000000000026,0.016000000000000042));
#8948=CARTESIAN_POINT('',(0.006033032343511198,0.000010000000000000026,0.015597700206464546));
#8949=CARTESIAN_POINT('',(0.0055880952380948975,0.000010000000000000026,0.015597700206464544));
#8950=CARTESIAN_POINT('',(0.005143158132678597,0.000010000000000000026,0.01559770020646454));
#8951=CARTESIAN_POINT('',(0.004953095238094896,0.000010000000000000026,0.016000000000000035));
#8952=(BOUNDED_CURVE() B_SPLINE_CURVE(2,(#8947,#8948,#8949,#8950,#8951),.UNSPECIFIED.,.F.,.F.) B_SPLINE_CURVE_WITH_KNOTS((3,2,3),(0.,1.,2.),.UNSPECIFIED.) CURVE() GEOMETRIC_REPRESENTATION_ITEM() RATIONAL_B_SPLINE_CURVE((1.,0.8447390137065804,1.,0.8447390137065804,1.)) REPRESENTATION_ITEM(''));
#8953=EDGE_CURVE('',#6988,#6940,#8952,.T.);
#8954=ORIENTED_EDGE('',*,*,#8953,.T.);
#8955=CARTESIAN_POINT('',(0.004953095238094896,0.00108,0.016000000000000035));
#8956=DIRECTION('',(0.,-1.,0.));
#8957=VECTOR('',#8956,1.);
#8958=LINE('',#8955,#8957);
#8959=EDGE_CURVE('',#6932,#6940,#8958,.T.);
#8960=ORIENTED_EDGE('',*,*,#8959,.F.);
#8961=EDGE_LOOP('',(#8940,#8946,#8954,#8960));
#8962=FACE_OUTER_BOUND('',#8961,.T.);
#8963=ADVANCED_FACE('',(#8962),#8932,.F.);
#8964=CARTESIAN_POINT('',(0.007824999999999655,0.00108,0.016300000000000054));
#8965=DIRECTION('',(0.,-1.,0.));
#8966=DIRECTION('',(0.,0.,-1.));
#8967=AXIS2_PLACEMENT_3D('',#8964,#8965,#8966);
#8968=CYLINDRICAL_SURFACE('',#8967,0.0007022997935354962);
#8969=CARTESIAN_POINT('',(0.007189999999999657,0.00107,0.01600000000000005));
#8970=CARTESIAN_POINT('',(0.007380062894583359,0.00107,0.015597700206464555));
#8971=CARTESIAN_POINT('',(0.00782499999999966,0.00107,0.015597700206464558));
#8972=CARTESIAN_POINT('',(0.008269937105415962,0.00107,0.015597700206464562));
#8973=CARTESIAN_POINT('',(0.008459999999999657,0.00107,0.01600000000000006));
#8974=(BOUNDED_CURVE() B_SPLINE_CURVE(2,(#8969,#8970,#8971,#8972,#8973),.UNSPECIFIED.,.F.,.F.) B_SPLINE_CURVE_WITH_KNOTS((3,2,3),(0.,1.,2.),.UNSPECIFIED.) CURVE() GEOMETRIC_REPRESENTATION_ITEM() RATIONAL_B_SPLINE_CURVE((1.,0.8447390137065797,1.,0.8447390137065797,1.)) REPRESENTATION_ITEM(''));
#8975=EDGE_CURVE('',#7036,#7084,#8974,.T.);
#8976=ORIENTED_EDGE('',*,*,#8975,.T.);
#8977=CARTESIAN_POINT('',(0.008459999999999657,0.00108,0.01600000000000006));
#8978=DIRECTION('',(0.,-1.,0.));
#8979=VECTOR('',#8978,1.);
#8980=LINE('',#8977,#8979);
#8981=EDGE_CURVE('',#7076,#7084,#8980,.T.);
#8982=ORIENTED_EDGE('',*,*,#8981,.F.);
#8983=CARTESIAN_POINT('',(0.008459999999999657,0.000010000000000000026,0.01600000000000006));
#8984=CARTESIAN_POINT('',(0.008269937105415962,0.000010000000000000026,0.015597700206464562));
#8985=CARTESIAN_POINT('',(0.00782499999999966,0.000010000000000000026,0.015597700206464558));
#8986=CARTESIAN_POINT('',(0.007380062894583359,0.000010000000000000026,0.015597700206464555));
#8987=CARTESIAN_POINT('',(0.007189999999999657,0.000010000000000000026,0.01600000000000005));
#8988=(BOUNDED_CURVE() B_SPLINE_CURVE(2,(#8983,#8984,#8985,#8986,#8987),.UNSPECIFIED.,.F.,.F.) B_SPLINE_CURVE_WITH_KNOTS((3,2,3),(0.,1.,2.),.UNSPECIFIED.) CURVE() GEOMETRIC_REPRESENTATION_ITEM() RATIONAL_B_SPLINE_CURVE((1.,0.8447390137065798,1.,0.8447390137065798,1.)) REPRESENTATION_ITEM(''));
#8989=EDGE_CURVE('',#7076,#7044,#8988,.T.);
#8990=ORIENTED_EDGE('',*,*,#8989,.T.);
#8991=CARTESIAN_POINT('',(0.007189999999999658,0.00108,0.01600000000000005));
#8992=DIRECTION('',(0.,-1.,0.));
#8993=VECTOR('',#8992,1.);
#8994=LINE('',#8991,#8993);
#8995=EDGE_CURVE('',#7036,#7044,#8994,.T.);
#8996=ORIENTED_EDGE('',*,*,#8995,.F.);
#8997=EDGE_LOOP('',(#8976,#8982,#8990,#8996));
#8998=FACE_OUTER_BOUND('',#8997,.T.);
#8999=ADVANCED_FACE('',(#8998),#8968,.F.);
#9000=CARTESIAN_POINT('',(0.016300000000000005,0.00108,0.007599999999999888));
#9001=DIRECTION('',(0.,-1.,0.));
#9002=DIRECTION('',(0.,0.,-1.));
#9003=AXIS2_PLACEMENT_3D('',#9000,#9001,#9002);
#9004=CYLINDRICAL_SURFACE('',#9003,0.000702299793535496);
#9005=CARTESIAN_POINT('',(0.015999999999999875,0.00107,0.008234999999999828));
#9006=CARTESIAN_POINT('',(0.015597700206464506,0.00107,0.008044937105416088));
#9007=CARTESIAN_POINT('',(0.01559770020646451,0.00107,0.007599999999999882));
#9008=CARTESIAN_POINT('',(0.015597700206464513,0.00107,0.007155062894583677));
#9009=CARTESIAN_POINT('',(0.015999999999999886,0.00107,0.006964999999999944));
#9010=(BOUNDED_CURVE() B_SPLINE_CURVE(2,(#9005,#9006,#9007,#9008,#9009),.UNSPECIFIED.,.F.,.F.) B_SPLINE_CURVE_WITH_KNOTS((3,2,3),(0.,1.,2.),.UNSPECIFIED.) CURVE() GEOMETRIC_REPRESENTATION_ITEM() RATIONAL_B_SPLINE_CURVE((1.,0.8447390137066323,1.,0.8447390137066323,1.)) REPRESENTATION_ITEM(''));
#9011=EDGE_CURVE('',#7176,#7240,#9010,.T.);
#9012=ORIENTED_EDGE('',*,*,#9011,.T.);
#9013=CARTESIAN_POINT('',(0.015999999999999886,0.00108,0.006964999999999944));
#9014=DIRECTION('',(0.,-1.,0.));
#9015=VECTOR('',#9014,1.);
#9016=LINE('',#9013,#9015);
#9017=EDGE_CURVE('',#7232,#7240,#9016,.T.);
#9018=ORIENTED_EDGE('',*,*,#9017,.F.);
#9019=CARTESIAN_POINT('',(0.015999999999999886,0.000010000000000000026,0.006964999999999944));
#9020=CARTESIAN_POINT('',(0.015597700206464513,0.000010000000000000026,0.007155062894583677));
#9021=CARTESIAN_POINT('',(0.01559770020646451,0.000010000000000000026,0.007599999999999882));
#9022=CARTESIAN_POINT('',(0.015597700206464506,0.000010000000000000026,0.008044937105416088));
#9023=CARTESIAN_POINT('',(0.015999999999999875,0.000010000000000000026,0.008234999999999828));
#9024=(BOUNDED_CURVE() B_SPLINE_CURVE(2,(#9019,#9020,#9021,#9022,#9023),.UNSPECIFIED.,.F.,.F.) B_SPLINE_CURVE_WITH_KNOTS((3,2,3),(0.,1.,2.),.UNSPECIFIED.) CURVE() GEOMETRIC_REPRESENTATION_ITEM() RATIONAL_B_SPLINE_CURVE((1.,0.8447390137066323,1.,0.8447390137066323,1.)) REPRESENTATION_ITEM(''));
#9025=EDGE_CURVE('',#7232,#7184,#9024,.T.);
#9026=ORIENTED_EDGE('',*,*,#9025,.T.);
#9027=CARTESIAN_POINT('',(0.015999999999999875,0.00108,0.008234999999999828));
#9028=DIRECTION('',(0.,-1.,0.));
#9029=VECTOR('',#9028,1.);
#9030=LINE('',#9027,#9029);
#9031=EDGE_CURVE('',#7176,#7184,#9030,.T.);
#9032=ORIENTED_EDGE('',*,*,#9031,.F.);
#9033=EDGE_LOOP('',(#9012,#9018,#9026,#9032));
#9034=FACE_OUTER_BOUND('',#9033,.T.);
#9035=ADVANCED_FACE('',(#9034),#9004,.F.);
#9036=CARTESIAN_POINT('',(0.016300000000000016,0.00108,0.005363999999999887));
#9037=DIRECTION('',(0.,-1.,0.));
#9038=DIRECTION('',(0.,0.,-1.));
#9039=AXIS2_PLACEMENT_3D('',#9036,#9037,#9038);
#9040=CYLINDRICAL_SURFACE('',#9039,0.000702299793535496);
#9041=CARTESIAN_POINT('',(0.015999999999999886,0.00107,0.005998999999999826));
#9042=CARTESIAN_POINT('',(0.015597700206464518,0.00107,0.005808937105416087));
#9043=CARTESIAN_POINT('',(0.01559770020646452,0.00107,0.005363999999999883));
#9044=CARTESIAN_POINT('',(0.015597700206464523,0.00107,0.004919062894583679));
#9045=CARTESIAN_POINT('',(0.015999999999999893,0.00107,0.004728999999999943));
#9046=(BOUNDED_CURVE() B_SPLINE_CURVE(2,(#9041,#9042,#9043,#9044,#9045),.UNSPECIFIED.,.F.,.F.) B_SPLINE_CURVE_WITH_KNOTS((3,2,3),(0.,1.,2.),.UNSPECIFIED.) CURVE() GEOMETRIC_REPRESENTATION_ITEM() RATIONAL_B_SPLINE_CURVE((1.,0.844739013706633,1.,0.844739013706633,1.)) REPRESENTATION_ITEM(''));
#9047=EDGE_CURVE('',#7280,#7344,#9046,.T.);
#9048=ORIENTED_EDGE('',*,*,#9047,.T.);
#9049=CARTESIAN_POINT('',(0.015999999999999893,0.00108,0.004728999999999944));
#9050=DIRECTION('',(0.,-1.,0.));
#9051=VECTOR('',#9050,1.);
#9052=LINE('',#9049,#9051);
#9053=EDGE_CURVE('',#7336,#7344,#9052,.T.);
#9054=ORIENTED_EDGE('',*,*,#9053,.F.);
#9055=CARTESIAN_POINT('',(0.015999999999999893,0.000010000000000000026,0.004728999999999943));
#9056=CARTESIAN_POINT('',(0.015597700206464523,0.000010000000000000026,0.004919062894583679));
#9057=CARTESIAN_POINT('',(0.01559770020646452,0.000010000000000000026,0.005363999999999883));
#9058=CARTESIAN_POINT('',(0.015597700206464518,0.000010000000000000026,0.005808937105416087));
#9059=CARTESIAN_POINT('',(0.015999999999999886,0.000010000000000000026,0.005998999999999826));
#9060=(BOUNDED_CURVE() B_SPLINE_CURVE(2,(#9055,#9056,#9057,#9058,#9059),.UNSPECIFIED.,.F.,.F.) B_SPLINE_CURVE_WITH_KNOTS((3,2,3),(0.,1.,2.),.UNSPECIFIED.) CURVE() GEOMETRIC_REPRESENTATION_ITEM() RATIONAL_B_SPLINE_CURVE((1.,0.844739013706633,1.,0.844739013706633,1.)) REPRESENTATION_ITEM(''));
#9061=EDGE_CURVE('',#7336,#7288,#9060,.T.);
#9062=ORIENTED_EDGE('',*,*,#9061,.T.);
#9063=CARTESIAN_POINT('',(0.015999999999999886,0.00108,0.0059989999999998265));
#9064=DIRECTION('',(0.,-1.,0.));
#9065=VECTOR('',#9064,1.);
#9066=LINE('',#9063,#9065);
#9067=EDGE_CURVE('',#7280,#7288,#9066,.T.);
#9068=ORIENTED_EDGE('',*,*,#9067,.F.);
#9069=EDGE_LOOP('',(#9048,#9054,#9062,#9068));
#9070=FACE_OUTER_BOUND('',#9069,.T.);
#9071=ADVANCED_FACE('',(#9070),#9040,.F.);
#9072=CARTESIAN_POINT('',(0.016300000000000054,0.00108,-0.00620000000000011));
#9073=DIRECTION('',(0.,-1.,0.));
#9074=DIRECTION('',(0.,0.,-1.));
#9075=AXIS2_PLACEMENT_3D('',#9072,#9073,#9074);
#9076=CYLINDRICAL_SURFACE('',#9075,0.0007022997935353733);
#9077=CARTESIAN_POINT('',(0.015999999999999976,0.00107,-0.0055650000000002815));
#9078=CARTESIAN_POINT('',(0.01559770020646462,0.00107,-0.005755062894584015));
#9079=CARTESIAN_POINT('',(0.015597700206464681,0.00107,-0.0062000000000002045));
#9080=CARTESIAN_POINT('',(0.01559770020646474,0.00107,-0.006644937105416393));
#9081=CARTESIAN_POINT('',(0.016000000000000156,0.00107,-0.006834999999999997));
#9082=(BOUNDED_CURVE() B_SPLINE_CURVE(2,(#9077,#9078,#9079,#9080,#9081),.UNSPECIFIED.,.F.,.F.) B_SPLINE_CURVE_WITH_KNOTS((3,2,3),(0.,1.,2.),.UNSPECIFIED.) CURVE() GEOMETRIC_REPRESENTATION_ITEM() RATIONAL_B_SPLINE_CURVE((1.,0.8447390137065987,1.,0.8447390137065987,1.)) REPRESENTATION_ITEM(''));
#9083=EDGE_CURVE('',#7384,#7448,#9082,.T.);
#9084=ORIENTED_EDGE('',*,*,#9083,.T.);
#9085=CARTESIAN_POINT('',(0.016000000000000104,0.00108,-0.006834999999999997));
#9086=DIRECTION('',(0.,-1.,0.));
#9087=VECTOR('',#9086,1.);
#9088=LINE('',#9085,#9087);
#9089=EDGE_CURVE('',#7440,#7448,#9088,.T.);
#9090=ORIENTED_EDGE('',*,*,#9089,.F.);
#9091=CARTESIAN_POINT('',(0.016000000000000156,0.000010000000000000026,-0.006834999999999997));
#9092=CARTESIAN_POINT('',(0.01559770020646474,0.000010000000000000026,-0.006644937105416393));
#9093=CARTESIAN_POINT('',(0.015597700206464681,0.000010000000000000026,-0.0062000000000002045));
#9094=CARTESIAN_POINT('',(0.01559770020646462,0.000010000000000000026,-0.005755062894584015));
#9095=CARTESIAN_POINT('',(0.015999999999999976,0.000010000000000000026,-0.0055650000000002815));
#9096=(BOUNDED_CURVE() B_SPLINE_CURVE(2,(#9091,#9092,#9093,#9094,#9095),.UNSPECIFIED.,.F.,.F.) B_SPLINE_CURVE_WITH_KNOTS((3,2,3),(0.,1.,2.),.UNSPECIFIED.) CURVE() GEOMETRIC_REPRESENTATION_ITEM() RATIONAL_B_SPLINE_CURVE((1.,0.8447390137065987,1.,0.8447390137065987,1.)) REPRESENTATION_ITEM(''));
#9097=EDGE_CURVE('',#7440,#7392,#9096,.T.);
#9098=ORIENTED_EDGE('',*,*,#9097,.T.);
#9099=CARTESIAN_POINT('',(0.015999999999999924,0.00108,-0.0055650000000001705));
#9100=DIRECTION('',(0.,-1.,0.));
#9101=VECTOR('',#9100,1.);
#9102=LINE('',#9099,#9101);
#9103=EDGE_CURVE('',#7384,#7392,#9102,.T.);
#9104=ORIENTED_EDGE('',*,*,#9103,.F.);
#9105=EDGE_LOOP('',(#9084,#9090,#9098,#9104));
#9106=FACE_OUTER_BOUND('',#9105,.T.);
#9107=ADVANCED_FACE('',(#9106),#9076,.F.);
#9108=CARTESIAN_POINT('',(0.016300000000000064,0.00108,-0.00843600000000011));
#9109=DIRECTION('',(0.,-1.,0.));
#9110=DIRECTION('',(0.,0.,-1.));
#9111=AXIS2_PLACEMENT_3D('',#9108,#9109,#9110);
#9112=CYLINDRICAL_SURFACE('',#9111,0.0007022997935354621);
#9113=CARTESIAN_POINT('',(0.016000000000000243,0.00107,-0.007801000000000063));
#9114=CARTESIAN_POINT('',(0.015597700206464673,0.00107,-0.00799106289458367));
#9115=CARTESIAN_POINT('',(0.015597700206464601,0.00107,-0.008435999999999999));
#9116=CARTESIAN_POINT('',(0.015597700206464532,0.00107,-0.008880937105416327));
#9117=CARTESIAN_POINT('',(0.016000000000000056,0.00107,-0.00907100000000003));
#9118=(BOUNDED_CURVE() B_SPLINE_CURVE(2,(#9113,#9114,#9115,#9116,#9117),.UNSPECIFIED.,.F.,.F.) B_SPLINE_CURVE_WITH_KNOTS((3,2,3),(0.,1.,2.),.UNSPECIFIED.) CURVE() GEOMETRIC_REPRESENTATION_ITEM() RATIONAL_B_SPLINE_CURVE((1.,0.8447390137065531,1.,0.8447390137065531,1.)) REPRESENTATION_ITEM(''));
#9119=EDGE_CURVE('',#7488,#7536,#9118,.T.);
#9120=ORIENTED_EDGE('',*,*,#9119,.T.);
#9121=CARTESIAN_POINT('',(0.01599999999999997,0.00108,-0.00907100000000003));
#9122=DIRECTION('',(0.,-1.,0.));
#9123=VECTOR('',#9122,1.);
#9124=LINE('',#9121,#9123);
#9125=EDGE_CURVE('',#7528,#7536,#9124,.T.);
#9126=ORIENTED_EDGE('',*,*,#9125,.F.);
#9127=CARTESIAN_POINT('',(0.016000000000000056,0.000010000000000000026,-0.00907100000000003));
#9128=CARTESIAN_POINT('',(0.015597700206464532,0.000010000000000000026,-0.008880937105416327));
#9129=CARTESIAN_POINT('',(0.015597700206464601,0.000010000000000000026,-0.008435999999999999));
#9130=CARTESIAN_POINT('',(0.015597700206464673,0.000010000000000000026,-0.00799106289458367));
#9131=CARTESIAN_POINT('',(0.016000000000000243,0.000010000000000000026,-0.007801000000000063));
#9132=(BOUNDED_CURVE() B_SPLINE_CURVE(2,(#9127,#9128,#9129,#9130,#9131),.UNSPECIFIED.,.F.,.F.) B_SPLINE_CURVE_WITH_KNOTS((3,2,3),(0.,1.,2.),.UNSPECIFIED.) CURVE() GEOMETRIC_REPRESENTATION_ITEM() RATIONAL_B_SPLINE_CURVE((1.,0.8447390137065531,1.,0.8447390137065531,1.)) REPRESENTATION_ITEM(''));
#9133=EDGE_CURVE('',#7528,#7496,#9132,.T.);
#9134=ORIENTED_EDGE('',*,*,#9133,.T.);
#9135=CARTESIAN_POINT('',(0.01600000000000016,0.00108,-0.007800999999999889));
#9136=DIRECTION('',(0.,-1.,0.));
#9137=VECTOR('',#9136,1.);
#9138=LINE('',#9135,#9137);
#9139=EDGE_CURVE('',#7488,#7496,#9138,.T.);
#9140=ORIENTED_EDGE('',*,*,#9139,.F.);
#9141=EDGE_LOOP('',(#9120,#9126,#9134,#9140));
#9142=FACE_OUTER_BOUND('',#9141,.T.);
#9143=ADVANCED_FACE('',(#9142),#9112,.F.);
#9144=CARTESIAN_POINT('',(0.0011142857142853704,0.00108,-0.01630000000000001));
#9145=DIRECTION('',(0.,-1.,0.));
#9146=DIRECTION('',(0.,0.,-1.));
#9147=AXIS2_PLACEMENT_3D('',#9144,#9145,#9146);
#9148=CYLINDRICAL_SURFACE('',#9147,0.000702299793535496);
#9149=CARTESIAN_POINT('',(0.0017492857142853715,0.00107,-0.01600000000000001));
#9150=CARTESIAN_POINT('',(0.0015592228197016742,0.00107,-0.015597700206464515));
#9151=CARTESIAN_POINT('',(0.0011142857142853741,0.00107,-0.015597700206464513));
#9152=CARTESIAN_POINT('',(0.000669348608869074,0.00107,-0.015597700206464511));
#9153=CARTESIAN_POINT('',(0.00047928571428537236,0.00107,-0.016000000000000004));
#9154=(BOUNDED_CURVE() B_SPLINE_CURVE(2,(#9149,#9150,#9151,#9152,#9153),.UNSPECIFIED.,.F.,.F.) B_SPLINE_CURVE_WITH_KNOTS((3,2,3),(0.,1.,2.),.UNSPECIFIED.) CURVE() GEOMETRIC_REPRESENTATION_ITEM() RATIONAL_B_SPLINE_CURVE((1.,0.8447390137065804,1.,0.8447390137065804,1.)) REPRESENTATION_ITEM(''));
#9155=EDGE_CURVE('',#7628,#7676,#9154,.T.);
#9156=ORIENTED_EDGE('',*,*,#9155,.T.);
#9157=CARTESIAN_POINT('',(0.00047928571428537236,0.00108,-0.016000000000000004));
#9158=DIRECTION('',(0.,-1.,0.));
#9159=VECTOR('',#9158,1.);
#9160=LINE('',#9157,#9159);
#9161=EDGE_CURVE('',#7668,#7676,#9160,.T.);
#9162=ORIENTED_EDGE('',*,*,#9161,.F.);
#9163=CARTESIAN_POINT('',(0.00047928571428537236,0.000010000000000000026,-0.016000000000000004));
#9164=CARTESIAN_POINT('',(0.000669348608869074,0.000010000000000000026,-0.015597700206464511));
#9165=CARTESIAN_POINT('',(0.0011142857142853741,0.000010000000000000026,-0.015597700206464513));
#9166=CARTESIAN_POINT('',(0.0015592228197016742,0.000010000000000000026,-0.015597700206464515));
#9167=CARTESIAN_POINT('',(0.0017492857142853715,0.000010000000000000026,-0.01600000000000001));
#9168=(BOUNDED_CURVE() B_SPLINE_CURVE(2,(#9163,#9164,#9165,#9166,#9167),.UNSPECIFIED.,.F.,.F.) B_SPLINE_CURVE_WITH_KNOTS((3,2,3),(0.,1.,2.),.UNSPECIFIED.) CURVE() GEOMETRIC_REPRESENTATION_ITEM() RATIONAL_B_SPLINE_CURVE((1.,0.8447390137065804,1.,0.8447390137065804,1.)) REPRESENTATION_ITEM(''));
#9169=EDGE_CURVE('',#7668,#7636,#9168,.T.);
#9170=ORIENTED_EDGE('',*,*,#9169,.T.);
#9171=CARTESIAN_POINT('',(0.0017492857142853723,0.00108,-0.01600000000000001));
#9172=DIRECTION('',(0.,-1.,0.));
#9173=VECTOR('',#9172,1.);
#9174=LINE('',#9171,#9173);
#9175=EDGE_CURVE('',#7628,#7636,#9174,.T.);
#9176=ORIENTED_EDGE('',*,*,#9175,.F.);
#9177=EDGE_LOOP('',(#9156,#9162,#9170,#9176));
#9178=FACE_OUTER_BOUND('',#9177,.T.);
#9179=ADVANCED_FACE('',(#9178),#9148,.F.);
#9180=CARTESIAN_POINT('',(-0.0011142857142856,0.00108,-0.01630000000000027));
#9181=DIRECTION('',(0.,-1.,0.));
#9182=DIRECTION('',(0.,0.,-1.));
#9183=AXIS2_PLACEMENT_3D('',#9180,#9181,#9182);
#9184=CYLINDRICAL_SURFACE('',#9183,0.0007022997935354962);
#9185=CARTESIAN_POINT('',(-0.00047928571428559896,0.00107,-0.01600000000000027));
#9186=CARTESIAN_POINT('',(-0.000669348608869297,0.00107,-0.015597700206464773));
#9187=CARTESIAN_POINT('',(-0.0011142857142855999,0.00107,-0.015597700206464773));
#9188=CARTESIAN_POINT('',(-0.0015592228197019026,0.00107,-0.015597700206464773));
#9189=CARTESIAN_POINT('',(-0.0017492857142856002,0.00107,-0.01600000000000027));
#9190=(BOUNDED_CURVE() B_SPLINE_CURVE(2,(#9185,#9186,#9187,#9188,#9189),.UNSPECIFIED.,.F.,.F.) B_SPLINE_CURVE_WITH_KNOTS((3,2,3),(0.,1.,2.),.UNSPECIFIED.) CURVE() GEOMETRIC_REPRESENTATION_ITEM() RATIONAL_B_SPLINE_CURVE((1.,0.8447390137065791,1.,0.8447390137065791,1.)) REPRESENTATION_ITEM(''));
#9191=EDGE_CURVE('',#7716,#7780,#9190,.T.);
#9192=ORIENTED_EDGE('',*,*,#9191,.T.);
#9193=CARTESIAN_POINT('',(-0.0017492857142856002,0.00108,-0.01600000000000027));
#9194=DIRECTION('',(0.,-1.,0.));
#9195=VECTOR('',#9194,1.);
#9196=LINE('',#9193,#9195);
#9197=EDGE_CURVE('',#7772,#7780,#9196,.T.);
#9198=ORIENTED_EDGE('',*,*,#9197,.F.);
#9199=CARTESIAN_POINT('',(-0.0017492857142856002,0.000010000000000000026,-0.01600000000000027));
#9200=CARTESIAN_POINT('',(-0.0015592228197019026,0.000010000000000000026,-0.015597700206464773));
#9201=CARTESIAN_POINT('',(-0.0011142857142855999,0.000010000000000000026,-0.015597700206464773));
#9202=CARTESIAN_POINT('',(-0.0006693486088692973,0.000010000000000000026,-0.015597700206464773));
#9203=CARTESIAN_POINT('',(-0.00047928571428559896,0.000010000000000000026,-0.01600000000000027));
#9204=(BOUNDED_CURVE() B_SPLINE_CURVE(2,(#9199,#9200,#9201,#9202,#9203),.UNSPECIFIED.,.F.,.F.) B_SPLINE_CURVE_WITH_KNOTS((3,2,3),(0.,1.,2.),.UNSPECIFIED.) CURVE() GEOMETRIC_REPRESENTATION_ITEM() RATIONAL_B_SPLINE_CURVE((1.,0.8447390137065791,1.,0.8447390137065791,1.)) REPRESENTATION_ITEM(''));
#9205=EDGE_CURVE('',#7772,#7724,#9204,.T.);
#9206=ORIENTED_EDGE('',*,*,#9205,.T.);
#9207=CARTESIAN_POINT('',(-0.00047928571428559994,0.00108,-0.01600000000000027));
#9208=DIRECTION('',(0.,-1.,0.));
#9209=VECTOR('',#9208,1.);
#9210=LINE('',#9207,#9209);
#9211=EDGE_CURVE('',#7716,#7724,#9210,.T.);
#9212=ORIENTED_EDGE('',*,*,#9211,.F.);
#9213=EDGE_LOOP('',(#9192,#9198,#9206,#9212));
#9214=FACE_OUTER_BOUND('',#9213,.T.);
#9215=ADVANCED_FACE('',(#9214),#9184,.F.);
#9216=CARTESIAN_POINT('',(-0.007824999999999655,0.00108,0.016300000000000012));
#9217=DIRECTION('',(0.,-1.,0.));
#9218=DIRECTION('',(0.,0.,-1.));
#9219=AXIS2_PLACEMENT_3D('',#9216,#9217,#9218);
#9220=CYLINDRICAL_SURFACE('',#9219,0.0007022997935354948);
#9221=CARTESIAN_POINT('',(-0.008459999999999655,0.00107,0.016000000000000014));
#9222=CARTESIAN_POINT('',(-0.008269937105415957,0.00107,0.015597700206464518));
#9223=CARTESIAN_POINT('',(-0.007824999999999655,0.00107,0.015597700206464518));
#9224=CARTESIAN_POINT('',(-0.007380062894583353,0.00107,0.015597700206464518));
#9225=CARTESIAN_POINT('',(-0.007189999999999656,0.00107,0.016000000000000014));
#9226=(BOUNDED_CURVE() B_SPLINE_CURVE(2,(#9221,#9222,#9223,#9224,#9225),.UNSPECIFIED.,.F.,.F.) B_SPLINE_CURVE_WITH_KNOTS((3,2,3),(0.,1.,2.),.UNSPECIFIED.) CURVE() GEOMETRIC_REPRESENTATION_ITEM() RATIONAL_B_SPLINE_CURVE((1.,0.8447390137065792,1.,0.8447390137065792,1.)) REPRESENTATION_ITEM(''));
#9227=EDGE_CURVE('',#6308,#6372,#9226,.T.);
#9228=ORIENTED_EDGE('',*,*,#9227,.T.);
#9229=CARTESIAN_POINT('',(-0.007189999999999656,0.00108,0.016000000000000014));
#9230=DIRECTION('',(0.,-1.,0.));
#9231=VECTOR('',#9230,1.);
#9232=LINE('',#9229,#9231);
#9233=EDGE_CURVE('',#6364,#6372,#9232,.T.);
#9234=ORIENTED_EDGE('',*,*,#9233,.F.);
#9235=CARTESIAN_POINT('',(-0.007189999999999656,0.000010000000000000026,0.016000000000000014));
#9236=CARTESIAN_POINT('',(-0.007380062894583353,0.000010000000000000026,0.015597700206464518));
#9237=CARTESIAN_POINT('',(-0.007824999999999655,0.000010000000000000026,0.015597700206464518));
#9238=CARTESIAN_POINT('',(-0.008269937105415957,0.000010000000000000026,0.015597700206464518));
#9239=CARTESIAN_POINT('',(-0.008459999999999655,0.000010000000000000026,0.016000000000000014));
#9240=(BOUNDED_CURVE() B_SPLINE_CURVE(2,(#9235,#9236,#9237,#9238,#9239),.UNSPECIFIED.,.F.,.F.) B_SPLINE_CURVE_WITH_KNOTS((3,2,3),(0.,1.,2.),.UNSPECIFIED.) CURVE() GEOMETRIC_REPRESENTATION_ITEM() RATIONAL_B_SPLINE_CURVE((1.,0.8447390137065791,1.,0.8447390137065791,1.)) REPRESENTATION_ITEM(''));
#9241=EDGE_CURVE('',#6364,#6316,#9240,.T.);
#9242=ORIENTED_EDGE('',*,*,#9241,.T.);
#9243=CARTESIAN_POINT('',(-0.008459999999999657,0.00108,0.016000000000000014));
#9244=DIRECTION('',(0.,-1.,0.));
#9245=VECTOR('',#9244,1.);
#9246=LINE('',#9243,#9245);
#9247=EDGE_CURVE('',#6308,#6316,#9246,.T.);
#9248=ORIENTED_EDGE('',*,*,#9247,.F.);
#9249=EDGE_LOOP('',(#9228,#9234,#9242,#9248));
#9250=FACE_OUTER_BOUND('',#9249,.T.);
#9251=ADVANCED_FACE('',(#9250),#9220,.F.);
#9252=CARTESIAN_POINT('',(-0.01630000000000005,0.00108,-0.008435999999999855));
#9253=DIRECTION('',(0.,-1.,0.));
#9254=DIRECTION('',(0.,0.,-1.));
#9255=AXIS2_PLACEMENT_3D('',#9252,#9253,#9254);
#9256=CYLINDRICAL_SURFACE('',#9255,0.0007022997935354958);
#9257=CARTESIAN_POINT('',(-0.016000000000000052,0.00107,-0.009070999999999855));
#9258=CARTESIAN_POINT('',(-0.015597700206464556,0.00107,-0.008880937105416159));
#9259=CARTESIAN_POINT('',(-0.015597700206464555,0.00107,-0.008435999999999859));
#9260=CARTESIAN_POINT('',(-0.015597700206464553,0.00107,-0.007991062894583558));
#9261=CARTESIAN_POINT('',(-0.016000000000000045,0.00107,-0.007800999999999857));
#9262=(BOUNDED_CURVE() B_SPLINE_CURVE(2,(#9257,#9258,#9259,#9260,#9261),.UNSPECIFIED.,.F.,.F.) B_SPLINE_CURVE_WITH_KNOTS((3,2,3),(0.,1.,2.),.UNSPECIFIED.) CURVE() GEOMETRIC_REPRESENTATION_ITEM() RATIONAL_B_SPLINE_CURVE((1.,0.8447390137065804,1.,0.8447390137065804,1.)) REPRESENTATION_ITEM(''));
#9263=EDGE_CURVE('',#7872,#7936,#9262,.T.);
#9264=ORIENTED_EDGE('',*,*,#9263,.T.);
#9265=CARTESIAN_POINT('',(-0.016000000000000045,0.00108,-0.007800999999999857));
#9266=DIRECTION('',(0.,-1.,0.));
#9267=VECTOR('',#9266,1.);
#9268=LINE('',#9265,#9267);
#9269=EDGE_CURVE('',#7928,#7936,#9268,.T.);
#9270=ORIENTED_EDGE('',*,*,#9269,.F.);
#9271=CARTESIAN_POINT('',(-0.016000000000000045,0.000010000000000000026,-0.007800999999999857));
#9272=CARTESIAN_POINT('',(-0.015597700206464553,0.000010000000000000026,-0.007991062894583558));
#9273=CARTESIAN_POINT('',(-0.015597700206464555,0.000010000000000000026,-0.008435999999999859));
#9274=CARTESIAN_POINT('',(-0.015597700206464556,0.000010000000000000026,-0.008880937105416159));
#9275=CARTESIAN_POINT('',(-0.016000000000000052,0.000010000000000000026,-0.009070999999999855));
#9276=(BOUNDED_CURVE() B_SPLINE_CURVE(2,(#9271,#9272,#9273,#9274,#9275),.UNSPECIFIED.,.F.,.F.) B_SPLINE_CURVE_WITH_KNOTS((3,2,3),(0.,1.,2.),.UNSPECIFIED.) CURVE() GEOMETRIC_REPRESENTATION_ITEM() RATIONAL_B_SPLINE_CURVE((1.,0.8447390137065804,1.,0.8447390137065804,1.)) REPRESENTATION_ITEM(''));
#9277=EDGE_CURVE('',#7928,#7880,#9276,.T.);
#9278=ORIENTED_EDGE('',*,*,#9277,.T.);
#9279=CARTESIAN_POINT('',(-0.016000000000000052,0.00108,-0.009070999999999855));
#9280=DIRECTION('',(0.,-1.,0.));
#9281=VECTOR('',#9280,1.);
#9282=LINE('',#9279,#9281);
#9283=EDGE_CURVE('',#7872,#7880,#9282,.T.);
#9284=ORIENTED_EDGE('',*,*,#9283,.F.);
#9285=EDGE_LOOP('',(#9264,#9270,#9278,#9284));
#9286=FACE_OUTER_BOUND('',#9285,.T.);
#9287=ADVANCED_FACE('',(#9286),#9256,.F.);
#9288=CARTESIAN_POINT('',(-0.01630000000000004,0.00108,-0.006199999999999854));
#9289=DIRECTION('',(0.,-1.,0.));
#9290=DIRECTION('',(0.,0.,-1.));
#9291=AXIS2_PLACEMENT_3D('',#9288,#9289,#9290);
#9292=CYLINDRICAL_SURFACE('',#9291,0.0007022997935354958);
#9293=CARTESIAN_POINT('',(-0.016000000000000045,0.00107,-0.006834999999999856));
#9294=CARTESIAN_POINT('',(-0.015597700206464548,0.00107,-0.006644937105416161));
#9295=CARTESIAN_POINT('',(-0.015597700206464544,0.00107,-0.006199999999999859));
#9296=CARTESIAN_POINT('',(-0.01559770020646454,0.00107,-0.005755062894583558));
#9297=CARTESIAN_POINT('',(-0.016000000000000035,0.00107,-0.005564999999999856));
#9298=(BOUNDED_CURVE() B_SPLINE_CURVE(2,(#9293,#9294,#9295,#9296,#9297),.UNSPECIFIED.,.F.,.F.) B_SPLINE_CURVE_WITH_KNOTS((3,2,3),(0.,1.,2.),.UNSPECIFIED.) CURVE() GEOMETRIC_REPRESENTATION_ITEM() RATIONAL_B_SPLINE_CURVE((1.,0.8447390137065798,1.,0.8447390137065798,1.)) REPRESENTATION_ITEM(''));
#9299=EDGE_CURVE('',#7976,#8040,#9298,.T.);
#9300=ORIENTED_EDGE('',*,*,#9299,.T.);
#9301=CARTESIAN_POINT('',(-0.016000000000000035,0.00108,-0.005564999999999856));
#9302=DIRECTION('',(0.,-1.,0.));
#9303=VECTOR('',#9302,1.);
#9304=LINE('',#9301,#9303);
#9305=EDGE_CURVE('',#8032,#8040,#9304,.T.);
#9306=ORIENTED_EDGE('',*,*,#9305,.F.);
#9307=CARTESIAN_POINT('',(-0.016000000000000035,0.000010000000000000026,-0.005564999999999856));
#9308=CARTESIAN_POINT('',(-0.01559770020646454,0.000010000000000000026,-0.005755062894583558));
#9309=CARTESIAN_POINT('',(-0.015597700206464544,0.000010000000000000026,-0.006199999999999859));
#9310=CARTESIAN_POINT('',(-0.015597700206464548,0.000010000000000000026,-0.00664493710541616));
#9311=CARTESIAN_POINT('',(-0.016000000000000045,0.000010000000000000026,-0.006834999999999856));
#9312=(BOUNDED_CURVE() B_SPLINE_CURVE(2,(#9307,#9308,#9309,#9310,#9311),.UNSPECIFIED.,.F.,.F.) B_SPLINE_CURVE_WITH_KNOTS((3,2,3),(0.,1.,2.),.UNSPECIFIED.) CURVE() GEOMETRIC_REPRESENTATION_ITEM() RATIONAL_B_SPLINE_CURVE((1.,0.8447390137065798,1.,0.8447390137065798,1.)) REPRESENTATION_ITEM(''));
#9313=EDGE_CURVE('',#8032,#7984,#9312,.T.);
#9314=ORIENTED_EDGE('',*,*,#9313,.T.);
#9315=CARTESIAN_POINT('',(-0.016000000000000045,0.00108,-0.006834999999999855));
#9316=DIRECTION('',(0.,-1.,0.));
#9317=VECTOR('',#9316,1.);
#9318=LINE('',#9315,#9317);
#9319=EDGE_CURVE('',#7976,#7984,#9318,.T.);
#9320=ORIENTED_EDGE('',*,*,#9319,.F.);
#9321=EDGE_LOOP('',(#9300,#9306,#9314,#9320));
#9322=FACE_OUTER_BOUND('',#9321,.T.);
#9323=ADVANCED_FACE('',(#9322),#9292,.F.);
#9324=CARTESIAN_POINT('',(-0.016300000000000002,0.00108,0.005364000000000143));
#9325=DIRECTION('',(0.,-1.,0.));
#9326=DIRECTION('',(0.,0.,-1.));
#9327=AXIS2_PLACEMENT_3D('',#9324,#9325,#9326);
#9328=CYLINDRICAL_SURFACE('',#9327,0.0007022997935354958);
#9329=CARTESIAN_POINT('',(-0.016000000000000007,0.00107,0.004729000000000141));
#9330=CARTESIAN_POINT('',(-0.01559770020646451,0.00107,0.004919062894583836));
#9331=CARTESIAN_POINT('',(-0.015597700206464506,0.00107,0.005364000000000137));
#9332=CARTESIAN_POINT('',(-0.015597700206464503,0.00107,0.005808937105416438));
#9333=CARTESIAN_POINT('',(-0.015999999999999997,0.00107,0.0059990000000001405));
#9334=(BOUNDED_CURVE() B_SPLINE_CURVE(2,(#9329,#9330,#9331,#9332,#9333),.UNSPECIFIED.,.F.,.F.) B_SPLINE_CURVE_WITH_KNOTS((3,2,3),(0.,1.,2.),.UNSPECIFIED.) CURVE() GEOMETRIC_REPRESENTATION_ITEM() RATIONAL_B_SPLINE_CURVE((1.,0.8447390137065798,1.,0.8447390137065798,1.)) REPRESENTATION_ITEM(''));
#9335=EDGE_CURVE('',#8080,#8144,#9334,.T.);
#9336=ORIENTED_EDGE('',*,*,#9335,.T.);
#9337=CARTESIAN_POINT('',(-0.015999999999999997,0.00108,0.0059990000000001405));
#9338=DIRECTION('',(0.,-1.,0.));
#9339=VECTOR('',#9338,1.);
#9340=LINE('',#9337,#9339);
#9341=EDGE_CURVE('',#8136,#8144,#9340,.T.);
#9342=ORIENTED_EDGE('',*,*,#9341,.F.);
#9343=CARTESIAN_POINT('',(-0.015999999999999997,0.000010000000000000026,0.0059990000000001405));
#9344=CARTESIAN_POINT('',(-0.015597700206464503,0.000010000000000000026,0.005808937105416439));
#9345=CARTESIAN_POINT('',(-0.015597700206464506,0.000010000000000000026,0.005364000000000138));
#9346=CARTESIAN_POINT('',(-0.01559770020646451,0.000010000000000000026,0.004919062894583837));
#9347=CARTESIAN_POINT('',(-0.016000000000000007,0.000010000000000000026,0.004729000000000141));
#9348=(BOUNDED_CURVE() B_SPLINE_CURVE(2,(#9343,#9344,#9345,#9346,#9347),.UNSPECIFIED.,.F.,.F.) B_SPLINE_CURVE_WITH_KNOTS((3,2,3),(0.,1.,2.),.UNSPECIFIED.) CURVE() GEOMETRIC_REPRESENTATION_ITEM() RATIONAL_B_SPLINE_CURVE((1.,0.8447390137065798,1.,0.8447390137065798,1.)) REPRESENTATION_ITEM(''));
#9349=EDGE_CURVE('',#8136,#8088,#9348,.T.);
#9350=ORIENTED_EDGE('',*,*,#9349,.T.);
#9351=CARTESIAN_POINT('',(-0.016000000000000007,0.00108,0.004729000000000142));
#9352=DIRECTION('',(0.,-1.,0.));
#9353=VECTOR('',#9352,1.);
#9354=LINE('',#9351,#9353);
#9355=EDGE_CURVE('',#8080,#8088,#9354,.T.);
#9356=ORIENTED_EDGE('',*,*,#9355,.F.);
#9357=EDGE_LOOP('',(#9336,#9342,#9350,#9356));
#9358=FACE_OUTER_BOUND('',#9357,.T.);
#9359=ADVANCED_FACE('',(#9358),#9328,.F.);
#9360=CARTESIAN_POINT('',(-0.01629999999999999,0.00108,0.007600000000000144));
#9361=DIRECTION('',(0.,-1.,0.));
#9362=DIRECTION('',(0.,0.,-1.));
#9363=AXIS2_PLACEMENT_3D('',#9360,#9361,#9362);
#9364=CYLINDRICAL_SURFACE('',#9363,0.0007022997935354958);
#9365=CARTESIAN_POINT('',(-0.015999999999999997,0.00107,0.006965000000000141));
#9366=CARTESIAN_POINT('',(-0.015597700206464499,0.00107,0.007155062894583838));
#9367=CARTESIAN_POINT('',(-0.015597700206464496,0.00107,0.0076000000000001405));
#9368=CARTESIAN_POINT('',(-0.015597700206464494,0.00107,0.008044937105416443));
#9369=CARTESIAN_POINT('',(-0.01599999999999999,0.00107,0.008235000000000143));
#9370=(BOUNDED_CURVE() B_SPLINE_CURVE(2,(#9365,#9366,#9367,#9368,#9369),.UNSPECIFIED.,.F.,.F.) B_SPLINE_CURVE_WITH_KNOTS((3,2,3),(0.,1.,2.),.UNSPECIFIED.) CURVE() GEOMETRIC_REPRESENTATION_ITEM() RATIONAL_B_SPLINE_CURVE((1.,0.844739013706579,1.,0.844739013706579,1.)) REPRESENTATION_ITEM(''));
#9371=EDGE_CURVE('',#8184,#6216,#9370,.T.);
#9372=ORIENTED_EDGE('',*,*,#9371,.T.);
#9373=CARTESIAN_POINT('',(-0.01599999999999999,0.00108,0.008235000000000142));
#9374=DIRECTION('',(0.,-1.,0.));
#9375=VECTOR('',#9374,1.);
#9376=LINE('',#9373,#9375);
#9377=EDGE_CURVE('',#6208,#6216,#9376,.T.);
#9378=ORIENTED_EDGE('',*,*,#9377,.F.);
#9379=CARTESIAN_POINT('',(-0.01599999999999999,0.000010000000000000026,0.008235000000000143));
#9380=CARTESIAN_POINT('',(-0.015597700206464494,0.000010000000000000026,0.008044937105416443));
#9381=CARTESIAN_POINT('',(-0.015597700206464496,0.000010000000000000026,0.0076000000000001405));
#9382=CARTESIAN_POINT('',(-0.015597700206464499,0.000010000000000000026,0.007155062894583838));
#9383=CARTESIAN_POINT('',(-0.015999999999999997,0.000010000000000000026,0.006965000000000141));
#9384=(BOUNDED_CURVE() B_SPLINE_CURVE(2,(#9379,#9380,#9381,#9382,#9383),.UNSPECIFIED.,.F.,.F.) B_SPLINE_CURVE_WITH_KNOTS((3,2,3),(0.,1.,2.),.UNSPECIFIED.) CURVE() GEOMETRIC_REPRESENTATION_ITEM() RATIONAL_B_SPLINE_CURVE((1.,0.844739013706579,1.,0.844739013706579,1.)) REPRESENTATION_ITEM(''));
#9385=EDGE_CURVE('',#6208,#8192,#9384,.T.);
#9386=ORIENTED_EDGE('',*,*,#9385,.T.);
#9387=CARTESIAN_POINT('',(-0.015999999999999997,0.00108,0.006965000000000142));
#9388=DIRECTION('',(0.,-1.,0.));
#9389=VECTOR('',#9388,1.);
#9390=LINE('',#9387,#9389);
#9391=EDGE_CURVE('',#8184,#8192,#9390,.T.);
#9392=ORIENTED_EDGE('',*,*,#9391,.F.);
#9393=EDGE_LOOP('',(#9372,#9378,#9386,#9392));
#9394=FACE_OUTER_BOUND('',#9393,.T.);
#9395=ADVANCED_FACE('',(#9394),#9364,.F.);
#9396=CARTESIAN_POINT('',(-0.007824999999999655,0.00108,0.016300000000000012));
#9397=DIRECTION('',(0.,1.,0.));
#9398=DIRECTION('',(0.,0.,1.));
#9399=AXIS2_PLACEMENT_3D('',#9396,#9397,#9398);
#9400=PLANE('',#9399);
#9401=CARTESIAN_POINT('',(0.0018478571428567996,0.00108,-0.01754999999999995));
#9402=DIRECTION('',(-1.000068083900704E-13,0.,-1.));
#9403=VECTOR('',#9402,1.);
#9404=LINE('',#9401,#9403);
#9405=CARTESIAN_POINT('',(0.0018478571428570496,0.00108,-0.015050000000000138));
#9406=VERTEX_POINT('',#9405);
#9407=EDGE_CURVE('',#9406,#7612,#9404,.T.);
#9408=ORIENTED_EDGE('',*,*,#9407,.F.);
#9409=CARTESIAN_POINT('',(0.0018478571428570496,0.00108,-0.015050000000000138));
#9410=DIRECTION('',(1.,0.,8.317167350573735E-15));
#9411=VECTOR('',#9410,1.);
#9412=LINE('',#9409,#9411);
#9413=CARTESIAN_POINT('',(0.0003878571428570502,0.00108,-0.01505000000000015));
#9414=VERTEX_POINT('',#9413);
#9415=EDGE_CURVE('',#9414,#9406,#9412,.T.);
#9416=ORIENTED_EDGE('',*,*,#9415,.F.);
#9417=CARTESIAN_POINT('',(0.00038785714286020644,0.00108,0.016299999999999187));
#9418=DIRECTION('',(1.0063564565011256E-13,0.,1.));
#9419=VECTOR('',#9418,1.);
#9420=LINE('',#9417,#9419);
#9421=EDGE_CURVE('',#7692,#9414,#9420,.T.);
#9422=ORIENTED_EDGE('',*,*,#9421,.F.);
#9423=CARTESIAN_POINT('',(0.0004792857142853724,0.00108,-0.016000000000000004));
#9424=DIRECTION('',(-1.,0.,-2.7815179571867553E-13));
#9425=VECTOR('',#9424,1.);
#9426=LINE('',#9423,#9425);
#9427=EDGE_CURVE('',#7692,#7700,#9426,.T.);
#9428=ORIENTED_EDGE('',*,*,#9427,.T.);
#9429=CARTESIAN_POINT('',(-0.0003878571428567986,0.00108,-0.01754999999999995));
#9430=DIRECTION('',(9.261254957371929E-14,0.,-1.));
#9431=VECTOR('',#9430,1.);
#9432=LINE('',#9429,#9431);
#9433=CARTESIAN_POINT('',(-0.00038785714285703016,0.00108,-0.015050000000000154));
#9434=VERTEX_POINT('',#9433);
#9435=EDGE_CURVE('',#9434,#7700,#9432,.T.);
#9436=ORIENTED_EDGE('',*,*,#9435,.F.);
#9437=CARTESIAN_POINT('',(-0.0018478571428570296,0.00108,-0.015050000000000154));
#9438=DIRECTION('',(1.,0.,0.));
#9439=VECTOR('',#9438,1.);
#9440=LINE('',#9437,#9439);
#9441=CARTESIAN_POINT('',(-0.0018478571428570296,0.00108,-0.015050000000000157));
#9442=VERTEX_POINT('',#9441);
#9443=EDGE_CURVE('',#9442,#9434,#9440,.T.);
#9444=ORIENTED_EDGE('',*,*,#9443,.F.);
#9445=CARTESIAN_POINT('',(-0.0018478571428599145,0.00108,0.016300000000000564));
#9446=DIRECTION('',(-9.20270804005771E-14,0.,1.));
#9447=VECTOR('',#9446,1.);
#9448=LINE('',#9445,#9447);
#9449=EDGE_CURVE('',#7796,#9442,#9448,.T.);
#9450=ORIENTED_EDGE('',*,*,#9449,.F.);
#9451=CARTESIAN_POINT('',(-0.0017492857142856002,0.00108,-0.01600000000000027));
#9452=DIRECTION('',(-1.,0.,2.6837863102510508E-14));
#9453=VECTOR('',#9452,1.);
#9454=LINE('',#9451,#9453);
#9455=EDGE_CURVE('',#7796,#7804,#9454,.T.);
#9456=ORIENTED_EDGE('',*,*,#9455,.T.);
#9457=CARTESIAN_POINT('',(-0.01600000000000011,0.00108,-0.01599999999999989));
#9458=DIRECTION('',(8.200669399367356E-15,0.,1.));
#9459=VECTOR('',#9458,1.);
#9460=LINE('',#9457,#9459);
#9461=EDGE_CURVE('',#7804,#7856,#9460,.T.);
#9462=ORIENTED_EDGE('',*,*,#9461,.T.);
#9463=CARTESIAN_POINT('',(-0.017550000000000215,0.00108,-0.009165999999999855));
#9464=DIRECTION('',(-1.,0.,0.));
#9465=VECTOR('',#9464,1.);
#9466=LINE('',#9463,#9465);
#9467=CARTESIAN_POINT('',(-0.015049999999999886,0.00108,-0.009165999999999855));
#9468=VERTEX_POINT('',#9467);
#9469=EDGE_CURVE('',#9468,#7856,#9466,.T.);
#9470=ORIENTED_EDGE('',*,*,#9469,.F.);
#9471=CARTESIAN_POINT('',(-0.015049999999999886,0.00108,-0.007705999999999855));
#9472=DIRECTION('',(0.,0.,-1.));
#9473=VECTOR('',#9472,1.);
#9474=LINE('',#9471,#9473);
#9475=CARTESIAN_POINT('',(-0.015049999999999886,0.00108,-0.007705999999999855));
#9476=VERTEX_POINT('',#9475);
#9477=EDGE_CURVE('',#9476,#9468,#9474,.T.);
#9478=ORIENTED_EDGE('',*,*,#9477,.F.);
#9479=CARTESIAN_POINT('',(-0.007824999999999655,0.00108,-0.007705999999999855));
#9480=DIRECTION('',(1.,0.,0.));
#9481=VECTOR('',#9480,1.);
#9482=LINE('',#9479,#9481);
#9483=EDGE_CURVE('',#7952,#9476,#9482,.T.);
#9484=ORIENTED_EDGE('',*,*,#9483,.F.);
#9485=CARTESIAN_POINT('',(-0.016000000000000045,0.00108,-0.007800999999999857));
#9486=DIRECTION('',(0.,0.,1.));
#9487=VECTOR('',#9486,1.);
#9488=LINE('',#9485,#9487);
#9489=EDGE_CURVE('',#7952,#7960,#9488,.T.);
#9490=ORIENTED_EDGE('',*,*,#9489,.T.);
#9491=CARTESIAN_POINT('',(-0.017550000000000204,0.00108,-0.006929999999999853));
#9492=DIRECTION('',(-1.,0.,0.));
#9493=VECTOR('',#9492,1.);
#9494=LINE('',#9491,#9493);
#9495=CARTESIAN_POINT('',(-0.015049999999999874,0.00108,-0.006929999999999853));
#9496=VERTEX_POINT('',#9495);
#9497=EDGE_CURVE('',#9496,#7960,#9494,.T.);
#9498=ORIENTED_EDGE('',*,*,#9497,.F.);
#9499=CARTESIAN_POINT('',(-0.015049999999999874,0.00108,-0.0054699999999998535));
#9500=DIRECTION('',(0.,0.,-1.));
#9501=VECTOR('',#9500,1.);
#9502=LINE('',#9499,#9501);
#9503=CARTESIAN_POINT('',(-0.015049999999999874,0.00108,-0.0054699999999998535));
#9504=VERTEX_POINT('',#9503);
#9505=EDGE_CURVE('',#9504,#9496,#9502,.T.);
#9506=ORIENTED_EDGE('',*,*,#9505,.F.);
#9507=CARTESIAN_POINT('',(-0.007824999999999655,0.00108,-0.0054699999999998535));
#9508=DIRECTION('',(1.,0.,0.));
#9509=VECTOR('',#9508,1.);
#9510=LINE('',#9507,#9509);
#9511=EDGE_CURVE('',#8056,#9504,#9510,.T.);
#9512=ORIENTED_EDGE('',*,*,#9511,.F.);
#9513=CARTESIAN_POINT('',(-0.016000000000000035,0.00108,-0.005564999999999856));
#9514=DIRECTION('',(2.972284586073417E-15,0.,1.));
#9515=VECTOR('',#9514,1.);
#9516=LINE('',#9513,#9515);
#9517=EDGE_CURVE('',#8056,#8064,#9516,.T.);
#9518=ORIENTED_EDGE('',*,*,#9517,.T.);
#9519=CARTESIAN_POINT('',(-0.01755000000000017,0.00108,0.004634000000000143));
#9520=DIRECTION('',(-1.,0.,0.));
#9521=VECTOR('',#9520,1.);
#9522=LINE('',#9519,#9521);
#9523=CARTESIAN_POINT('',(-0.01504999999999984,0.00108,0.004634000000000143));
#9524=VERTEX_POINT('',#9523);
#9525=EDGE_CURVE('',#9524,#8064,#9522,.T.);
#9526=ORIENTED_EDGE('',*,*,#9525,.F.);
#9527=CARTESIAN_POINT('',(-0.01504999999999984,0.00108,0.006094000000000143));
#9528=DIRECTION('',(0.,0.,-1.));
#9529=VECTOR('',#9528,1.);
#9530=LINE('',#9527,#9529);
#9531=CARTESIAN_POINT('',(-0.01504999999999984,0.00108,0.006094000000000143));
#9532=VERTEX_POINT('',#9531);
#9533=EDGE_CURVE('',#9532,#9524,#9530,.T.);
#9534=ORIENTED_EDGE('',*,*,#9533,.F.);
#9535=CARTESIAN_POINT('',(-0.007824999999999655,0.00108,0.006094000000000143));
#9536=DIRECTION('',(1.,0.,0.));
#9537=VECTOR('',#9536,1.);
#9538=LINE('',#9535,#9537);
#9539=EDGE_CURVE('',#8160,#9532,#9538,.T.);
#9540=ORIENTED_EDGE('',*,*,#9539,.F.);
#9541=CARTESIAN_POINT('',(-0.015999999999999997,0.00108,0.0059990000000001405));
#9542=DIRECTION('',(0.,0.,1.));
#9543=VECTOR('',#9542,1.);
#9544=LINE('',#9541,#9543);
#9545=EDGE_CURVE('',#8160,#8168,#9544,.T.);
#9546=ORIENTED_EDGE('',*,*,#9545,.T.);
#9547=CARTESIAN_POINT('',(-0.017550000000000156,0.00108,0.006870000000000145));
#9548=DIRECTION('',(-1.,0.,0.));
#9549=VECTOR('',#9548,1.);
#9550=LINE('',#9547,#9549);
#9551=CARTESIAN_POINT('',(-0.015049999999999824,0.00108,0.006870000000000145));
#9552=VERTEX_POINT('',#9551);
#9553=EDGE_CURVE('',#9552,#8168,#9550,.T.);
#9554=ORIENTED_EDGE('',*,*,#9553,.F.);
#9555=CARTESIAN_POINT('',(-0.015049999999999824,0.00108,0.008330000000000145));
#9556=DIRECTION('',(0.,0.,-1.));
#9557=VECTOR('',#9556,1.);
#9558=LINE('',#9555,#9557);
#9559=CARTESIAN_POINT('',(-0.015049999999999824,0.00108,0.008330000000000145));
#9560=VERTEX_POINT('',#9559);
#9561=EDGE_CURVE('',#9560,#9552,#9558,.T.);
#9562=ORIENTED_EDGE('',*,*,#9561,.F.);
#9563=CARTESIAN_POINT('',(-0.007824999999999655,0.00108,0.008330000000000145));
#9564=DIRECTION('',(1.,0.,0.));
#9565=VECTOR('',#9564,1.);
#9566=LINE('',#9563,#9565);
#9567=EDGE_CURVE('',#6232,#9560,#9566,.T.);
#9568=ORIENTED_EDGE('',*,*,#9567,.F.);
#9569=CARTESIAN_POINT('',(-0.01599999999999999,0.00108,0.008235000000000142));
#9570=DIRECTION('',(1.2946813414918903E-14,0.,1.));
#9571=VECTOR('',#9570,1.);
#9572=LINE('',#9569,#9571);
#9573=EDGE_CURVE('',#6232,#6240,#9572,.T.);
#9574=ORIENTED_EDGE('',*,*,#9573,.T.);
#9575=CARTESIAN_POINT('',(-0.008459999999999657,0.00108,0.016000000000000014));
#9576=DIRECTION('',(1.,0.,-1.275345482453304E-14));
#9577=VECTOR('',#9576,1.);
#9578=LINE('',#9575,#9577);
#9579=EDGE_CURVE('',#6240,#6292,#9578,.T.);
#9580=ORIENTED_EDGE('',*,*,#9579,.T.);
#9581=CARTESIAN_POINT('',(-0.008554999999999657,0.00108,0.01754999999999995));
#9582=DIRECTION('',(9.228728892197361E-14,0.,1.));
#9583=VECTOR('',#9582,1.);
#9584=LINE('',#9581,#9583);
#9585=CARTESIAN_POINT('',(-0.008554999999999887,0.00108,0.015050000000000154));
#9586=VERTEX_POINT('',#9585);
#9587=EDGE_CURVE('',#9586,#6292,#9584,.T.);
#9588=ORIENTED_EDGE('',*,*,#9587,.F.);
#9589=CARTESIAN_POINT('',(-0.008554999999999887,0.00108,0.015050000000000154));
#9590=DIRECTION('',(-1.,0.,0.));
#9591=VECTOR('',#9590,1.);
#9592=LINE('',#9589,#9591);
#9593=CARTESIAN_POINT('',(-0.007094999999999884,0.00108,0.015050000000000154));
#9594=VERTEX_POINT('',#9593);
#9595=EDGE_CURVE('',#9594,#9586,#9592,.T.);
#9596=ORIENTED_EDGE('',*,*,#9595,.F.);
#9597=CARTESIAN_POINT('',(-0.00709499999999977,0.00108,0.016299999999999946));
#9598=DIRECTION('',(-9.124645483638746E-14,0.,-1.));
#9599=VECTOR('',#9598,1.);
#9600=LINE('',#9597,#9599);
#9601=EDGE_CURVE('',#6388,#9594,#9600,.T.);
#9602=ORIENTED_EDGE('',*,*,#9601,.F.);
#9603=CARTESIAN_POINT('',(-0.006223095238095123,0.00108,0.016000000000000302));
#9604=DIRECTION('',(1.,0.,2.9609707286174473E-13));
#9605=VECTOR('',#9604,1.);
#9606=LINE('',#9603,#9605);
#9607=EDGE_CURVE('',#6388,#6396,#9606,.T.);
#9608=ORIENTED_EDGE('',*,*,#9607,.T.);
#9609=CARTESIAN_POINT('',(-0.006319285714285371,0.00108,0.01754999999999995));
#9610=DIRECTION('',(9.159339953158284E-14,0.,1.));
#9611=VECTOR('',#9610,1.);
#9612=LINE('',#9609,#9611);
#9613=CARTESIAN_POINT('',(-0.0063192857142856,0.00108,0.015050000000000154));
#9614=VERTEX_POINT('',#9613);
#9615=EDGE_CURVE('',#9614,#6396,#9612,.T.);
#9616=ORIENTED_EDGE('',*,*,#9615,.F.);
#9617=CARTESIAN_POINT('',(-0.0063192857142856,0.00108,0.015050000000000154));
#9618=DIRECTION('',(-1.,0.,0.));
#9619=VECTOR('',#9618,1.);
#9620=LINE('',#9617,#9619);
#9621=CARTESIAN_POINT('',(-0.004859285714285601,0.00108,0.015050000000000154));
#9622=VERTEX_POINT('',#9621);
#9623=EDGE_CURVE('',#9622,#9614,#9620,.T.);
#9624=ORIENTED_EDGE('',*,*,#9623,.F.);
#9625=CARTESIAN_POINT('',(-0.0048592857142854854,0.00108,0.01629999999999974));
#9626=DIRECTION('',(-9.228728892197362E-14,0.,-1.));
#9627=VECTOR('',#9626,1.);
#9628=LINE('',#9625,#9627);
#9629=EDGE_CURVE('',#6492,#9622,#9628,.T.);
#9630=ORIENTED_EDGE('',*,*,#9629,.F.);
#9631=CARTESIAN_POINT('',(-0.003986190476190361,0.00108,0.016000000000000285));
#9632=DIRECTION('',(1.,0.,-1.582198099260861E-14));
#9633=VECTOR('',#9632,1.);
#9634=LINE('',#9631,#9633);
#9635=EDGE_CURVE('',#6492,#6500,#9634,.T.);
#9636=ORIENTED_EDGE('',*,*,#9635,.T.);
#9637=CARTESIAN_POINT('',(-0.004083571428571085,0.00108,0.01754999999999995));
#9638=DIRECTION('',(9.194034422677822E-14,0.,1.));
#9639=VECTOR('',#9638,1.);
#9640=LINE('',#9637,#9639);
#9641=CARTESIAN_POINT('',(-0.004083571428571315,0.00108,0.015050000000000154));
#9642=VERTEX_POINT('',#9641);
#9643=EDGE_CURVE('',#9642,#6500,#9640,.T.);
#9644=ORIENTED_EDGE('',*,*,#9643,.F.);
#9645=CARTESIAN_POINT('',(-0.004083571428571315,0.00108,0.015050000000000154));
#9646=DIRECTION('',(-1.,0.,0.));
#9647=VECTOR('',#9646,1.);
#9648=LINE('',#9645,#9647);
#9649=CARTESIAN_POINT('',(-0.002623571428571312,0.00108,0.015050000000000154));
#9650=VERTEX_POINT('',#9649);
#9651=EDGE_CURVE('',#9650,#9642,#9648,.T.);
#9652=ORIENTED_EDGE('',*,*,#9651,.F.);
#9653=CARTESIAN_POINT('',(-0.0026235714285711984,0.00108,0.01629999999999954));
#9654=DIRECTION('',(-9.089951014119206E-14,0.,-1.));
#9655=VECTOR('',#9654,1.);
#9656=LINE('',#9653,#9655);
#9657=EDGE_CURVE('',#6596,#9650,#9656,.T.);
#9658=ORIENTED_EDGE('',*,*,#9657,.F.);
#9659=CARTESIAN_POINT('',(-0.0017492857142853721,0.00108,0.016000000000000014));
#9660=DIRECTION('',(1.,0.,-2.8027509186900067E-13));
#9661=VECTOR('',#9660,1.);
#9662=LINE('',#9659,#9661);
#9663=EDGE_CURVE('',#6596,#6604,#9662,.T.);
#9664=ORIENTED_EDGE('',*,*,#9663,.T.);
#9665=CARTESIAN_POINT('',(-0.0018478571428567996,0.00108,0.01754999999999995));
#9666=DIRECTION('',(9.202708040057708E-14,0.,1.));
#9667=VECTOR('',#9666,1.);
#9668=LINE('',#9665,#9667);
#9669=CARTESIAN_POINT('',(-0.00184785714285703,0.00108,0.015050000000000154));
#9670=VERTEX_POINT('',#9669);
#9671=EDGE_CURVE('',#9670,#6604,#9668,.T.);
#9672=ORIENTED_EDGE('',*,*,#9671,.F.);
#9673=CARTESIAN_POINT('',(-0.0018478571428570296,0.00108,0.015050000000000154));
#9674=DIRECTION('',(-1.,0.,0.));
#9675=VECTOR('',#9674,1.);
#9676=LINE('',#9673,#9675);
#9677=CARTESIAN_POINT('',(-0.00038785714285703016,0.00108,0.015050000000000154));
#9678=VERTEX_POINT('',#9677);
#9679=EDGE_CURVE('',#9678,#9670,#9676,.T.);
#9680=ORIENTED_EDGE('',*,*,#9679,.F.);
#9681=CARTESIAN_POINT('',(-0.00038785714285691393,0.00108,0.016299999999999322));
#9682=DIRECTION('',(-9.261254957371931E-14,0.,-1.));
#9683=VECTOR('',#9682,1.);
#9684=LINE('',#9681,#9683);
#9685=EDGE_CURVE('',#6700,#9678,#9684,.T.);
#9686=ORIENTED_EDGE('',*,*,#9685,.F.);
#9687=CARTESIAN_POINT('',(0.0004792857142853724,0.00108,0.016000000000000004));
#9688=DIRECTION('',(1.,0.,-2.2799327517929643E-15));
#9689=VECTOR('',#9688,1.);
#9690=LINE('',#9687,#9689);
#9691=EDGE_CURVE('',#6700,#6708,#9690,.T.);
#9692=ORIENTED_EDGE('',*,*,#9691,.T.);
#9693=CARTESIAN_POINT('',(0.0003878571428567986,0.00108,0.01754999999999995));
#9694=DIRECTION('',(-1.0063564565011254E-13,0.,1.));
#9695=VECTOR('',#9694,1.);
#9696=LINE('',#9693,#9695);
#9697=CARTESIAN_POINT('',(0.0003878571428570502,0.00108,0.01505000000000015));
#9698=VERTEX_POINT('',#9697);
#9699=EDGE_CURVE('',#9698,#6708,#9696,.T.);
#9700=ORIENTED_EDGE('',*,*,#9699,.F.);
#9701=CARTESIAN_POINT('',(0.0018478571428570496,0.00108,0.015050000000000138));
#9702=DIRECTION('',(-1.,0.,8.317167350573735E-15));
#9703=VECTOR('',#9702,1.);
#9704=LINE('',#9701,#9703);
#9705=CARTESIAN_POINT('',(0.0018478571428570505,0.00108,0.015050000000000138));
#9706=VERTEX_POINT('',#9705);
#9707=EDGE_CURVE('',#9706,#9698,#9704,.T.);
#9708=ORIENTED_EDGE('',*,*,#9707,.F.);
#9709=CARTESIAN_POINT('',(0.0018478571428569238,0.00108,0.01630000000000098));
#9710=DIRECTION('',(1.0000680839007041E-13,0.,-1.));
#9711=VECTOR('',#9710,1.);
#9712=LINE('',#9709,#9711);
#9713=EDGE_CURVE('',#6804,#9706,#9712,.T.);
#9714=ORIENTED_EDGE('',*,*,#9713,.F.);
#9715=CARTESIAN_POINT('',(0.002716190476190134,0.00108,0.016000000000000018));
#9716=DIRECTION('',(1.,0.,6.780848996832254E-15));
#9717=VECTOR('',#9716,1.);
#9718=LINE('',#9715,#9717);
#9719=EDGE_CURVE('',#6804,#6812,#9718,.T.);
#9720=ORIENTED_EDGE('',*,*,#9719,.T.);
#9721=CARTESIAN_POINT('',(0.0026235714285710848,0.00108,0.01754999999999995));
#9722=DIRECTION('',(-9.887923813068519E-14,0.,1.));
#9723=VECTOR('',#9722,1.);
#9724=LINE('',#9721,#9723);
#9725=CARTESIAN_POINT('',(0.002623571428571332,0.00108,0.015050000000000133));
#9726=VERTEX_POINT('',#9725);
#9727=EDGE_CURVE('',#9726,#6812,#9724,.T.);
#9728=ORIENTED_EDGE('',*,*,#9727,.F.);
#9729=CARTESIAN_POINT('',(0.004083571428571336,0.00108,0.01505000000000012));
#9730=DIRECTION('',(-1.,0.,8.317167350573712E-15));
#9731=VECTOR('',#9730,1.);
#9732=LINE('',#9729,#9731);
#9733=CARTESIAN_POINT('',(0.004083571428571336,0.00108,0.01505000000000012));
#9734=VERTEX_POINT('',#9733);
#9735=EDGE_CURVE('',#9734,#9726,#9732,.T.);
#9736=ORIENTED_EDGE('',*,*,#9735,.F.);
#9737=CARTESIAN_POINT('',(0.004083571428571211,0.00108,0.016300000000001206));
#9738=DIRECTION('',(1.0026701691146625E-13,0.,-1.));
#9739=VECTOR('',#9738,1.);
#9740=LINE('',#9737,#9739);
#9741=EDGE_CURVE('',#6908,#9734,#9740,.T.);
#9742=ORIENTED_EDGE('',*,*,#9741,.F.);
#9743=CARTESIAN_POINT('',(0.004953095238094896,0.00108,0.016000000000000035));
#9744=DIRECTION('',(1.,0.,6.780848996832254E-15));
#9745=VECTOR('',#9744,1.);
#9746=LINE('',#9743,#9745);
#9747=EDGE_CURVE('',#6908,#6916,#9746,.T.);
#9748=ORIENTED_EDGE('',*,*,#9747,.T.);
#9749=CARTESIAN_POINT('',(0.00485928571428537,0.00108,0.01754999999999995));
#9750=DIRECTION('',(-1.0061396160666136E-13,0.,1.));
#9751=VECTOR('',#9750,1.);
#9752=LINE('',#9749,#9751);
#9753=CARTESIAN_POINT('',(0.004859285714285622,0.00108,0.015050000000000114));
#9754=VERTEX_POINT('',#9753);
#9755=EDGE_CURVE('',#9754,#6916,#9752,.T.);
#9756=ORIENTED_EDGE('',*,*,#9755,.F.);
#9757=CARTESIAN_POINT('',(0.006319285714285621,0.00108,0.015050000000000101));
#9758=DIRECTION('',(-1.,0.,8.317167350573735E-15));
#9759=VECTOR('',#9758,1.);
#9760=LINE('',#9757,#9759);
#9761=CARTESIAN_POINT('',(0.006319285714285621,0.00108,0.015050000000000101));
#9762=VERTEX_POINT('',#9761);
#9763=EDGE_CURVE('',#9762,#9754,#9760,.T.);
#9764=ORIENTED_EDGE('',*,*,#9763,.F.);
#9765=CARTESIAN_POINT('',(0.006319285714285496,0.00108,0.016300000000001424));
#9766=DIRECTION('',(9.992007221627012E-14,0.,-1.));
#9767=VECTOR('',#9766,1.);
#9768=LINE('',#9765,#9767);
#9769=EDGE_CURVE('',#7012,#9762,#9768,.T.);
#9770=ORIENTED_EDGE('',*,*,#9769,.F.);
#9771=CARTESIAN_POINT('',(0.007189999999999658,0.00108,0.01600000000000005));
#9772=DIRECTION('',(1.,0.,6.780848996832254E-15));
#9773=VECTOR('',#9772,1.);
#9774=LINE('',#9771,#9773);
#9775=EDGE_CURVE('',#7012,#7020,#9774,.T.);
#9776=ORIENTED_EDGE('',*,*,#9775,.T.);
#9777=CARTESIAN_POINT('',(0.007094999999999656,0.00108,0.01754999999999995));
#9778=DIRECTION('',(-9.957312752107452E-14,0.,1.));
#9779=VECTOR('',#9778,1.);
#9780=LINE('',#9777,#9779);
#9781=CARTESIAN_POINT('',(0.007094999999999905,0.00108,0.015050000000000096));
#9782=VERTEX_POINT('',#9781);
#9783=EDGE_CURVE('',#9782,#7020,#9780,.T.);
#9784=ORIENTED_EDGE('',*,*,#9783,.F.);
#9785=CARTESIAN_POINT('',(0.008554999999999908,0.00108,0.015050000000000084));
#9786=DIRECTION('',(-1.,0.,8.317167350573716E-15));
#9787=VECTOR('',#9786,1.);
#9788=LINE('',#9785,#9787);
#9789=CARTESIAN_POINT('',(0.008554999999999906,0.00108,0.015050000000000082));
#9790=VERTEX_POINT('',#9789);
#9791=EDGE_CURVE('',#9790,#9782,#9788,.T.);
#9792=ORIENTED_EDGE('',*,*,#9791,.F.);
#9793=CARTESIAN_POINT('',(0.008554999999999782,0.00108,0.01630000000000166));
#9794=DIRECTION('',(1.0061396160666019E-13,0.,-1.));
#9795=VECTOR('',#9794,1.);
#9796=LINE('',#9793,#9795);
#9797=EDGE_CURVE('',#7100,#9790,#9796,.T.);
#9798=ORIENTED_EDGE('',*,*,#9797,.F.);
#9799=CARTESIAN_POINT('',(0.01600000000000011,0.00108,0.01599999999999989));
#9800=DIRECTION('',(1.,0.,-2.2608397188944268E-14));
#9801=VECTOR('',#9800,1.);
#9802=LINE('',#9799,#9801);
#9803=EDGE_CURVE('',#7100,#7108,#9802,.T.);
#9804=ORIENTED_EDGE('',*,*,#9803,.T.);
#9805=CARTESIAN_POINT('',(0.015999999999999875,0.00108,0.008234999999999828));
#9806=DIRECTION('',(-3.011541381296318E-14,0.,-1.));
#9807=VECTOR('',#9806,1.);
#9808=LINE('',#9805,#9807);
#9809=EDGE_CURVE('',#7108,#7160,#9808,.T.);
#9810=ORIENTED_EDGE('',*,*,#9809,.T.);
#9811=CARTESIAN_POINT('',(0.01755000000000012,0.00108,0.008330000000000002));
#9812=DIRECTION('',(1.,0.,-8.32667268468757E-15));
#9813=VECTOR('',#9812,1.);
#9814=LINE('',#9811,#9813);
#9815=CARTESIAN_POINT('',(0.01504999999999979,0.00108,0.008330000000000023));
#9816=VERTEX_POINT('',#9815);
#9817=EDGE_CURVE('',#9816,#7160,#9814,.T.);
#9818=ORIENTED_EDGE('',*,*,#9817,.F.);
#9819=CARTESIAN_POINT('',(0.01504999999999979,0.00108,0.008330000000000023));
#9820=DIRECTION('',(7.129000586206051E-15,0.,1.));
#9821=VECTOR('',#9820,1.);
#9822=LINE('',#9819,#9821);
#9823=CARTESIAN_POINT('',(0.015049999999999779,0.00108,0.006870000000000022));
#9824=VERTEX_POINT('',#9823);
#9825=EDGE_CURVE('',#9824,#9816,#9822,.T.);
#9826=ORIENTED_EDGE('',*,*,#9825,.F.);
#9827=CARTESIAN_POINT('',(-0.007824999999999726,0.00108,0.006870000000000197));
#9828=DIRECTION('',(-1.,0.,7.632783294296951E-15));
#9829=VECTOR('',#9828,1.);
#9830=LINE('',#9827,#9829);
#9831=EDGE_CURVE('',#7256,#9824,#9830,.T.);
#9832=ORIENTED_EDGE('',*,*,#9831,.F.);
#9833=CARTESIAN_POINT('',(0.015999999999999886,0.00108,0.0059989999999998265));
#9834=DIRECTION('',(0.,0.,-1.));
#9835=VECTOR('',#9834,1.);
#9836=LINE('',#9833,#9835);
#9837=EDGE_CURVE('',#7256,#7264,#9836,.T.);
#9838=ORIENTED_EDGE('',*,*,#9837,.T.);
#9839=CARTESIAN_POINT('',(0.017550000000000114,0.00108,0.0060940000000000005));
#9840=DIRECTION('',(1.,0.,-7.632783294296954E-15));
#9841=VECTOR('',#9840,1.);
#9842=LINE('',#9839,#9841);
#9843=CARTESIAN_POINT('',(0.015049999999999788,0.00108,0.0060940000000000195));
#9844=VERTEX_POINT('',#9843);
#9845=EDGE_CURVE('',#9844,#7264,#9842,.T.);
#9846=ORIENTED_EDGE('',*,*,#9845,.F.);
#9847=CARTESIAN_POINT('',(0.015049999999999788,0.00108,0.0060940000000000195));
#9848=DIRECTION('',(9.505334114941412E-15,0.,1.));
#9849=VECTOR('',#9848,1.);
#9850=LINE('',#9847,#9849);
#9851=CARTESIAN_POINT('',(0.015049999999999774,0.00108,0.00463400000000002));
#9852=VERTEX_POINT('',#9851);
#9853=EDGE_CURVE('',#9852,#9844,#9850,.T.);
#9854=ORIENTED_EDGE('',*,*,#9853,.F.);
#9855=CARTESIAN_POINT('',(-0.007824999999999744,0.00108,0.004634000000000195));
#9856=DIRECTION('',(-1.,0.,7.632783294296934E-15));
#9857=VECTOR('',#9856,1.);
#9858=LINE('',#9855,#9857);
#9859=EDGE_CURVE('',#7360,#9852,#9858,.T.);
#9860=ORIENTED_EDGE('',*,*,#9859,.F.);
#9861=CARTESIAN_POINT('',(0.015999999999999924,0.00108,-0.0055650000000001705));
#9862=DIRECTION('',(2.9722845860733835E-15,0.,-1.));
#9863=VECTOR('',#9862,1.);
#9864=LINE('',#9861,#9863);
#9865=EDGE_CURVE('',#7360,#7368,#9864,.T.);
#9866=ORIENTED_EDGE('',*,*,#9865,.T.);
#9867=CARTESIAN_POINT('',(0.01755000000000006,0.00108,-0.005469999999999996));
#9868=DIRECTION('',(1.,0.,-5.655198531684488E-14));
#9869=VECTOR('',#9868,1.);
#9870=LINE('',#9867,#9869);
#9871=CARTESIAN_POINT('',(0.015050000000000101,0.00108,-0.005469999999999854));
#9872=VERTEX_POINT('',#9871);
#9873=EDGE_CURVE('',#9872,#7368,#9870,.T.);
#9874=ORIENTED_EDGE('',*,*,#9873,.F.);
#9875=CARTESIAN_POINT('',(0.015050000000000101,0.00108,-0.005469999999999854));
#9876=DIRECTION('',(0.,0.,1.));
#9877=VECTOR('',#9876,1.);
#9878=LINE('',#9875,#9877);
#9879=CARTESIAN_POINT('',(0.015050000000000101,0.00108,-0.006929999999999854));
#9880=VERTEX_POINT('',#9879);
#9881=EDGE_CURVE('',#9880,#9872,#9878,.T.);
#9882=ORIENTED_EDGE('',*,*,#9881,.F.);
#9883=CARTESIAN_POINT('',(-0.007825000000000968,0.00108,-0.006929999999998559));
#9884=DIRECTION('',(-1.,0.,5.6551985316845205E-14));
#9885=VECTOR('',#9884,1.);
#9886=LINE('',#9883,#9885);
#9887=EDGE_CURVE('',#7464,#9880,#9886,.T.);
#9888=ORIENTED_EDGE('',*,*,#9887,.F.);
#9889=CARTESIAN_POINT('',(0.01600000000000016,0.00108,-0.007800999999999889));
#9890=DIRECTION('',(4.524799989506018E-15,0.,-1.));
#9891=VECTOR('',#9890,1.);
#9892=LINE('',#9889,#9891);
#9893=EDGE_CURVE('',#7464,#7472,#9892,.T.);
#9894=ORIENTED_EDGE('',*,*,#9893,.T.);
#9895=CARTESIAN_POINT('',(0.017550000000000048,0.00108,-0.007705999999999998));
#9896=DIRECTION('',(1.,0.,-5.689893001204072E-14));
#9897=VECTOR('',#9896,1.);
#9898=LINE('',#9895,#9897);
#9899=CARTESIAN_POINT('',(0.015050000000000112,0.00108,-0.007705999999999855));
#9900=VERTEX_POINT('',#9899);
#9901=EDGE_CURVE('',#9900,#7472,#9898,.T.);
#9902=ORIENTED_EDGE('',*,*,#9901,.F.);
#9903=CARTESIAN_POINT('',(0.015050000000000112,0.00108,-0.007705999999999855));
#9904=DIRECTION('',(0.,0.,1.));
#9905=VECTOR('',#9904,1.);
#9906=LINE('',#9903,#9905);
#9907=CARTESIAN_POINT('',(0.015050000000000112,0.00108,-0.009165999999999855));
#9908=VERTEX_POINT('',#9907);
#9909=EDGE_CURVE('',#9908,#9900,#9906,.T.);
#9910=ORIENTED_EDGE('',*,*,#9909,.F.);
#9911=CARTESIAN_POINT('',(-0.007825000000001104,0.00108,-0.009165999999998554));
#9912=DIRECTION('',(-1.,0.,5.689893001204089E-14));
#9913=VECTOR('',#9912,1.);
#9914=LINE('',#9911,#9913);
#9915=EDGE_CURVE('',#7552,#9908,#9914,.T.);
#9916=ORIENTED_EDGE('',*,*,#9915,.F.);
#9917=CARTESIAN_POINT('',(0.01599999999999989,0.00108,-0.01600000000000011));
#9918=DIRECTION('',(-2.397118747507304E-14,0.,-1.));
#9919=VECTOR('',#9918,1.);
#9920=LINE('',#9917,#9919);
#9921=EDGE_CURVE('',#7552,#7560,#9920,.T.);
#9922=ORIENTED_EDGE('',*,*,#9921,.T.);
#9923=CARTESIAN_POINT('',(0.01599999999999989,0.00108,-0.01600000000000011));
#9924=DIRECTION('',(-1.,0.,6.901164797788414E-15));
#9925=VECTOR('',#9924,1.);
#9926=LINE('',#9923,#9925);
#9927=EDGE_CURVE('',#7560,#7612,#9926,.T.);
#9928=ORIENTED_EDGE('',*,*,#9927,.T.);
#9929=EDGE_LOOP('',(#9408,#9416,#9422,#9428,#9436,#9444,#9450,#9456,#9462,#9470,#9478,#9484,#9490,#9498,#9506,#9512,#9518,#9526,#9534,#9540,#9546,#9554,#9562,#9568,#9574,#9580,#9588,#9596,#9602,#9608,#9616,#9624,#9630,#9636,#9644,#9652,#9658,#9664,#9672,#9680,#9686,#9692,#9700,#9708,#9714,#9720,#9728,#9736,#9742,#9748,#9756,#9764,#9770,#9776,#9784,#9792,#9798,#9804,#9810,#9818,#9826,#9832,#9838,#9846,#9854,#9860,#9866,#9874,#9882,#9888,#9894,#9902,#9910,#9916,#9922,#9928));
#9930=FACE_OUTER_BOUND('',#9929,.T.);
#9931=ADVANCED_FACE('',(#9930),#9400,.T.);
#9932=CARTESIAN_POINT('',(0.,0.00107,0.));
#9933=DIRECTION('',(0.,-1.,0.));
#9934=DIRECTION('',(0.,0.,-1.));
#9935=AXIS2_PLACEMENT_3D('',#9932,#9933,#9934);
#9936=PLANE('',#9935);
#9937=CARTESIAN_POINT('',(-0.016000000000000052,0.00107,-0.009070999999999855));
#9938=CARTESIAN_POINT('',(-0.015597700206464556,0.00107,-0.008880937105416159));
#9939=CARTESIAN_POINT('',(-0.015597700206464555,0.00107,-0.008435999999999859));
#9940=CARTESIAN_POINT('',(-0.015597700206464553,0.00107,-0.007991062894583558));
#9941=CARTESIAN_POINT('',(-0.016000000000000045,0.00107,-0.007800999999999857));
#9942=(BOUNDED_CURVE() B_SPLINE_CURVE(2,(#9937,#9938,#9939,#9940,#9941),.UNSPECIFIED.,.F.,.F.) B_SPLINE_CURVE_WITH_KNOTS((3,2,3),(0.,1.,2.),.UNSPECIFIED.) CURVE() GEOMETRIC_REPRESENTATION_ITEM() RATIONAL_B_SPLINE_CURVE((1.,0.8447390137065804,1.,0.8447390137065804,1.)) REPRESENTATION_ITEM(''));
#9943=EDGE_CURVE('',#7872,#7936,#9942,.T.);
#9944=ORIENTED_EDGE('',*,*,#9943,.F.);
#9945=CARTESIAN_POINT('',(-0.01600000000000011,0.00107,-0.01599999999999989));
#9946=DIRECTION('',(-8.200669399367356E-15,0.,-1.));
#9947=VECTOR('',#9946,1.);
#9948=LINE('',#9945,#9947);
#9949=EDGE_CURVE('',#7864,#7872,#9948,.T.);
#9950=ORIENTED_EDGE('',*,*,#9949,.F.);
#9951=CARTESIAN_POINT('',(-0.017550000000000215,0.00107,-0.009165999999999855));
#9952=DIRECTION('',(-1.,0.,0.));
#9953=VECTOR('',#9952,1.);
#9954=LINE('',#9951,#9953);
#9955=CARTESIAN_POINT('',(-0.015049999999999886,0.00107,-0.009165999999999855));
#9956=VERTEX_POINT('',#9955);
#9957=EDGE_CURVE('',#7864,#9956,#9954,.T.);
#9958=ORIENTED_EDGE('',*,*,#9957,.T.);
#9959=CARTESIAN_POINT('',(-0.015049999999999886,0.00107,-0.007705999999999855));
#9960=DIRECTION('',(0.,0.,-1.));
#9961=VECTOR('',#9960,1.);
#9962=LINE('',#9959,#9961);
#9963=CARTESIAN_POINT('',(-0.015049999999999886,0.00107,-0.007705999999999855));
#9964=VERTEX_POINT('',#9963);
#9965=EDGE_CURVE('',#9956,#9964,#9962,.T.);
#9966=ORIENTED_EDGE('',*,*,#9965,.T.);
#9967=CARTESIAN_POINT('',(-0.017550000000000215,0.00107,-0.007705999999999855));
#9968=DIRECTION('',(1.,0.,0.));
#9969=VECTOR('',#9968,1.);
#9970=LINE('',#9967,#9969);
#9971=EDGE_CURVE('',#9964,#7944,#9970,.T.);
#9972=ORIENTED_EDGE('',*,*,#9971,.T.);
#9973=CARTESIAN_POINT('',(-0.016000000000000045,0.00107,-0.007800999999999857));
#9974=DIRECTION('',(0.,0.,-1.));
#9975=VECTOR('',#9974,1.);
#9976=LINE('',#9973,#9975);
#9977=EDGE_CURVE('',#7936,#7944,#9976,.T.);
#9978=ORIENTED_EDGE('',*,*,#9977,.F.);
#9979=EDGE_LOOP('',(#9944,#9950,#9958,#9966,#9972,#9978));
#9980=FACE_OUTER_BOUND('',#9979,.T.);
#9981=ADVANCED_FACE('',(#9980),#9936,.F.);
#9982=CARTESIAN_POINT('',(-0.017550000000000215,0.00107,-0.007705999999999855));
#9983=DIRECTION('',(0.,0.,1.));
#9984=DIRECTION('',(1.,0.,0.));
#9985=AXIS2_PLACEMENT_3D('',#9982,#9983,#9984);
#9986=PLANE('',#9985);
#9987=CARTESIAN_POINT('',(-0.016000000000000045,0.00108,-0.007705999999999855));
#9988=DIRECTION('',(0.,-1.,0.));
#9989=VECTOR('',#9988,1.);
#9990=LINE('',#9987,#9989);
#9991=EDGE_CURVE('',#7944,#7952,#9990,.T.);
#9992=ORIENTED_EDGE('',*,*,#9991,.F.);
#9993=CARTESIAN_POINT('',(-0.017550000000000215,0.00107,-0.007705999999999855));
#9994=DIRECTION('',(1.,0.,0.));
#9995=VECTOR('',#9994,1.);
#9996=LINE('',#9993,#9995);
#9997=EDGE_CURVE('',#9964,#7944,#9996,.T.);
#9998=ORIENTED_EDGE('',*,*,#9997,.F.);
#9999=CARTESIAN_POINT('',(-0.015049999999999886,0.00107,-0.007705999999999855));
#10000=DIRECTION('',(0.,1.,0.));
#10001=VECTOR('',#10000,1.);
#10002=LINE('',#9999,#10001);
#10003=EDGE_CURVE('',#9964,#9476,#10002,.T.);
#10004=ORIENTED_EDGE('',*,*,#10003,.T.);
#10005=CARTESIAN_POINT('',(-0.007824999999999655,0.00108,-0.007705999999999855));
#10006=DIRECTION('',(1.,0.,0.));
#10007=VECTOR('',#10006,1.);
#10008=LINE('',#10005,#10007);
#10009=EDGE_CURVE('',#7952,#9476,#10008,.T.);
#10010=ORIENTED_EDGE('',*,*,#10009,.F.);
#10011=EDGE_LOOP('',(#9992,#9998,#10004,#10010));
#10012=FACE_OUTER_BOUND('',#10011,.T.);
#10013=ADVANCED_FACE('',(#10012),#9986,.F.);
#10014=CARTESIAN_POINT('',(-0.017550000000000215,0.00107,-0.009165999999999855));
#10015=DIRECTION('',(0.,0.,-1.));
#10016=DIRECTION('',(-1.,0.,0.));
#10017=AXIS2_PLACEMENT_3D('',#10014,#10015,#10016);
#10018=PLANE('',#10017);
#10019=CARTESIAN_POINT('',(-0.017550000000000215,0.00107,-0.009165999999999855));
#10020=DIRECTION('',(-1.,0.,0.));
#10021=VECTOR('',#10020,1.);
#10022=LINE('',#10019,#10021);
#10023=EDGE_CURVE('',#7864,#9956,#10022,.T.);
#10024=ORIENTED_EDGE('',*,*,#10023,.F.);
#10025=CARTESIAN_POINT('',(-0.016000000000000056,0.00108,-0.009165999999999855));
#10026=DIRECTION('',(0.,1.,0.));
#10027=VECTOR('',#10026,1.);
#10028=LINE('',#10025,#10027);
#10029=EDGE_CURVE('',#7856,#7864,#10028,.T.);
#10030=ORIENTED_EDGE('',*,*,#10029,.F.);
#10031=CARTESIAN_POINT('',(-0.017550000000000215,0.00108,-0.009165999999999855));
#10032=DIRECTION('',(-1.,0.,0.));
#10033=VECTOR('',#10032,1.);
#10034=LINE('',#10031,#10033);
#10035=EDGE_CURVE('',#9468,#7856,#10034,.T.);
#10036=ORIENTED_EDGE('',*,*,#10035,.F.);
#10037=CARTESIAN_POINT('',(-0.015049999999999886,0.00107,-0.009165999999999855));
#10038=DIRECTION('',(0.,1.,0.));
#10039=VECTOR('',#10038,1.);
#10040=LINE('',#10037,#10039);
#10041=EDGE_CURVE('',#9468,#9956,#10040,.T.);
#10042=ORIENTED_EDGE('',*,*,#10041,.T.);
#10043=EDGE_LOOP('',(#10024,#10030,#10036,#10042));
#10044=FACE_OUTER_BOUND('',#10043,.T.);
#10045=ADVANCED_FACE('',(#10044),#10018,.F.);
#10046=CARTESIAN_POINT('',(-0.015049999999999886,0.00107,-0.007705999999999855));
#10047=DIRECTION('',(1.,0.,0.));
#10048=DIRECTION('',(0.,0.,-1.));
#10049=AXIS2_PLACEMENT_3D('',#10046,#10047,#10048);
#10050=PLANE('',#10049);
#10051=CARTESIAN_POINT('',(-0.015049999999999886,0.00107,-0.007705999999999855));
#10052=DIRECTION('',(0.,1.,0.));
#10053=VECTOR('',#10052,1.);
#10054=LINE('',#10051,#10053);
#10055=EDGE_CURVE('',#9964,#9476,#10054,.T.);
#10056=ORIENTED_EDGE('',*,*,#10055,.F.);
#10057=CARTESIAN_POINT('',(-0.015049999999999886,0.00107,-0.007705999999999855));
#10058=DIRECTION('',(0.,0.,-1.));
#10059=VECTOR('',#10058,1.);
#10060=LINE('',#10057,#10059);
#10061=EDGE_CURVE('',#9956,#9964,#10060,.T.);
#10062=ORIENTED_EDGE('',*,*,#10061,.F.);
#10063=CARTESIAN_POINT('',(-0.015049999999999886,0.00107,-0.009165999999999855));
#10064=DIRECTION('',(0.,1.,0.));
#10065=VECTOR('',#10064,1.);
#10066=LINE('',#10063,#10065);
#10067=EDGE_CURVE('',#9468,#9956,#10066,.T.);
#10068=ORIENTED_EDGE('',*,*,#10067,.F.);
#10069=CARTESIAN_POINT('',(-0.015049999999999886,0.00108,-0.007705999999999855));
#10070=DIRECTION('',(0.,0.,-1.));
#10071=VECTOR('',#10070,1.);
#10072=LINE('',#10069,#10071);
#10073=EDGE_CURVE('',#9476,#9468,#10072,.T.);
#10074=ORIENTED_EDGE('',*,*,#10073,.F.);
#10075=EDGE_LOOP('',(#10056,#10062,#10068,#10074));
#10076=FACE_OUTER_BOUND('',#10075,.T.);
#10077=ADVANCED_FACE('',(#10076),#10050,.F.);
#10078=CARTESIAN_POINT('',(0.,0.00107,0.));
#10079=DIRECTION('',(0.,1.,0.));
#10080=DIRECTION('',(0.,0.,1.));
#10081=AXIS2_PLACEMENT_3D('',#10078,#10079,#10080);
#10082=PLANE('',#10081);
#10083=CARTESIAN_POINT('',(0.0004792857142853724,0.00107,-0.016000000000000004));
#10084=DIRECTION('',(-1.,0.,-2.7815179571867553E-13));
#10085=VECTOR('',#10084,1.);
#10086=LINE('',#10083,#10085);
#10087=EDGE_CURVE('',#7708,#7716,#10086,.T.);
#10088=ORIENTED_EDGE('',*,*,#10087,.T.);
#10089=CARTESIAN_POINT('',(-0.00047928571428559896,0.00107,-0.01600000000000027));
#10090=CARTESIAN_POINT('',(-0.000669348608869297,0.00107,-0.015597700206464773));
#10091=CARTESIAN_POINT('',(-0.0011142857142855999,0.00107,-0.015597700206464773));
#10092=CARTESIAN_POINT('',(-0.0015592228197019026,0.00107,-0.015597700206464773));
#10093=CARTESIAN_POINT('',(-0.0017492857142856002,0.00107,-0.01600000000000027));
#10094=(BOUNDED_CURVE() B_SPLINE_CURVE(2,(#10089,#10090,#10091,#10092,#10093),.UNSPECIFIED.,.F.,.F.) B_SPLINE_CURVE_WITH_KNOTS((3,2,3),(0.,1.,2.),.UNSPECIFIED.) CURVE() GEOMETRIC_REPRESENTATION_ITEM() RATIONAL_B_SPLINE_CURVE((1.,0.8447390137065791,1.,0.8447390137065791,1.)) REPRESENTATION_ITEM(''));
#10095=EDGE_CURVE('',#7716,#7780,#10094,.T.);
#10096=ORIENTED_EDGE('',*,*,#10095,.T.);
#10097=CARTESIAN_POINT('',(-0.0017492857142856002,0.00107,-0.01600000000000027));
#10098=DIRECTION('',(-1.,0.,2.683786310251051E-14));
#10099=VECTOR('',#10098,1.);
#10100=LINE('',#10097,#10099);
#10101=EDGE_CURVE('',#7780,#7788,#10100,.T.);
#10102=ORIENTED_EDGE('',*,*,#10101,.T.);
#10103=CARTESIAN_POINT('',(-0.0018478571428567996,0.00107,-0.01754999999999995));
#10104=DIRECTION('',(-9.202708040057708E-14,0.,1.));
#10105=VECTOR('',#10104,1.);
#10106=LINE('',#10103,#10105);
#10107=CARTESIAN_POINT('',(-0.0018478571428570296,0.00107,-0.015050000000000154));
#10108=VERTEX_POINT('',#10107);
#10109=EDGE_CURVE('',#10108,#7788,#10106,.T.);
#10110=ORIENTED_EDGE('',*,*,#10109,.F.);
#10111=CARTESIAN_POINT('',(-0.0018478571428570296,0.00107,-0.015050000000000154));
#10112=DIRECTION('',(1.,0.,0.));
#10113=VECTOR('',#10112,1.);
#10114=LINE('',#10111,#10113);
#10115=CARTESIAN_POINT('',(-0.00038785714285703016,0.00107,-0.015050000000000154));
#10116=VERTEX_POINT('',#10115);
#10117=EDGE_CURVE('',#10116,#10108,#10114,.T.);
#10118=ORIENTED_EDGE('',*,*,#10117,.F.);
#10119=CARTESIAN_POINT('',(-0.0003878571428567986,0.00107,-0.01754999999999995));
#10120=DIRECTION('',(9.261254957371929E-14,0.,-1.));
#10121=VECTOR('',#10120,1.);
#10122=LINE('',#10119,#10121);
#10123=EDGE_CURVE('',#7708,#10116,#10122,.T.);
#10124=ORIENTED_EDGE('',*,*,#10123,.F.);
#10125=EDGE_LOOP('',(#10088,#10096,#10102,#10110,#10118,#10124));
#10126=FACE_OUTER_BOUND('',#10125,.T.);
#10127=ADVANCED_FACE('',(#10126),#10082,.T.);
#10128=CARTESIAN_POINT('',(-0.0018478571428567996,0.00107,-0.01754999999999995));
#10129=DIRECTION('',(-1.,0.,-9.202708040057709E-14));
#10130=DIRECTION('',(-9.20270804005771E-14,0.,1.));
#10131=AXIS2_PLACEMENT_3D('',#10128,#10129,#10130);
#10132=PLANE('',#10131);
#10133=CARTESIAN_POINT('',(-0.0018478571428569423,0.00108,-0.016000000000000267));
#10134=DIRECTION('',(0.,-1.,0.));
#10135=VECTOR('',#10134,1.);
#10136=LINE('',#10133,#10135);
#10137=EDGE_CURVE('',#7788,#7796,#10136,.T.);
#10138=ORIENTED_EDGE('',*,*,#10137,.F.);
#10139=CARTESIAN_POINT('',(-0.0018478571428567996,0.00107,-0.01754999999999995));
#10140=DIRECTION('',(-9.202708040057708E-14,0.,1.));
#10141=VECTOR('',#10140,1.);
#10142=LINE('',#10139,#10141);
#10143=EDGE_CURVE('',#10108,#7788,#10142,.T.);
#10144=ORIENTED_EDGE('',*,*,#10143,.F.);
#10145=CARTESIAN_POINT('',(-0.0018478571428570296,0.00107,-0.015050000000000154));
#10146=DIRECTION('',(0.,1.,0.));
#10147=VECTOR('',#10146,1.);
#10148=LINE('',#10145,#10147);
#10149=EDGE_CURVE('',#10108,#9442,#10148,.T.);
#10150=ORIENTED_EDGE('',*,*,#10149,.T.);
#10151=CARTESIAN_POINT('',(-0.0018478571428599145,0.00108,0.016300000000000564));
#10152=DIRECTION('',(-9.20270804005771E-14,0.,1.));
#10153=VECTOR('',#10152,1.);
#10154=LINE('',#10151,#10153);
#10155=EDGE_CURVE('',#7796,#9442,#10154,.T.);
#10156=ORIENTED_EDGE('',*,*,#10155,.F.);
#10157=EDGE_LOOP('',(#10138,#10144,#10150,#10156));
#10158=FACE_OUTER_BOUND('',#10157,.T.);
#10159=ADVANCED_FACE('',(#10158),#10132,.F.);
#10160=CARTESIAN_POINT('',(-0.0003878571428567986,0.00107,-0.01754999999999995));
#10161=DIRECTION('',(1.,0.,9.26125495737193E-14));
#10162=DIRECTION('',(9.261254957371931E-14,0.,-1.));
#10163=AXIS2_PLACEMENT_3D('',#10160,#10161,#10162);
#10164=PLANE('',#10163);
#10165=CARTESIAN_POINT('',(-0.0003878571428567986,0.00107,-0.01754999999999995));
#10166=DIRECTION('',(9.261254957371929E-14,0.,-1.));
#10167=VECTOR('',#10166,1.);
#10168=LINE('',#10165,#10167);
#10169=EDGE_CURVE('',#7708,#10116,#10168,.T.);
#10170=ORIENTED_EDGE('',*,*,#10169,.F.);
#10171=CARTESIAN_POINT('',(-0.0003878571428569422,0.00108,-0.016000000000000247));
#10172=DIRECTION('',(0.,1.,0.));
#10173=VECTOR('',#10172,1.);
#10174=LINE('',#10171,#10173);
#10175=EDGE_CURVE('',#7700,#7708,#10174,.T.);
#10176=ORIENTED_EDGE('',*,*,#10175,.F.);
#10177=CARTESIAN_POINT('',(-0.0003878571428567986,0.00108,-0.01754999999999995));
#10178=DIRECTION('',(9.261254957371929E-14,0.,-1.));
#10179=VECTOR('',#10178,1.);
#10180=LINE('',#10177,#10179);
#10181=EDGE_CURVE('',#9434,#7700,#10180,.T.);
#10182=ORIENTED_EDGE('',*,*,#10181,.F.);
#10183=CARTESIAN_POINT('',(-0.00038785714285703016,0.00107,-0.015050000000000154));
#10184=DIRECTION('',(0.,1.,0.));
#10185=VECTOR('',#10184,1.);
#10186=LINE('',#10183,#10185);
#10187=EDGE_CURVE('',#9434,#10116,#10186,.T.);
#10188=ORIENTED_EDGE('',*,*,#10187,.T.);
#10189=EDGE_LOOP('',(#10170,#10176,#10182,#10188));
#10190=FACE_OUTER_BOUND('',#10189,.T.);
#10191=ADVANCED_FACE('',(#10190),#10164,.F.);
#10192=CARTESIAN_POINT('',(-0.0018478571428570296,0.00107,-0.015050000000000154));
#10193=DIRECTION('',(0.,0.,1.));
#10194=DIRECTION('',(1.,0.,0.));
#10195=AXIS2_PLACEMENT_3D('',#10192,#10193,#10194);
#10196=PLANE('',#10195);
#10197=CARTESIAN_POINT('',(-0.0018478571428570296,0.00107,-0.015050000000000154));
#10198=DIRECTION('',(0.,1.,0.));
#10199=VECTOR('',#10198,1.);
#10200=LINE('',#10197,#10199);
#10201=EDGE_CURVE('',#10108,#9442,#10200,.T.);
#10202=ORIENTED_EDGE('',*,*,#10201,.F.);
#10203=CARTESIAN_POINT('',(-0.0018478571428570296,0.00107,-0.015050000000000154));
#10204=DIRECTION('',(1.,0.,0.));
#10205=VECTOR('',#10204,1.);
#10206=LINE('',#10203,#10205);
#10207=EDGE_CURVE('',#10116,#10108,#10206,.T.);
#10208=ORIENTED_EDGE('',*,*,#10207,.F.);
#10209=CARTESIAN_POINT('',(-0.00038785714285703016,0.00107,-0.015050000000000154));
#10210=DIRECTION('',(0.,1.,0.));
#10211=VECTOR('',#10210,1.);
#10212=LINE('',#10209,#10211);
#10213=EDGE_CURVE('',#9434,#10116,#10212,.T.);
#10214=ORIENTED_EDGE('',*,*,#10213,.F.);
#10215=CARTESIAN_POINT('',(-0.0018478571428570296,0.00108,-0.015050000000000154));
#10216=DIRECTION('',(1.,0.,0.));
#10217=VECTOR('',#10216,1.);
#10218=LINE('',#10215,#10217);
#10219=EDGE_CURVE('',#9442,#9434,#10218,.T.);
#10220=ORIENTED_EDGE('',*,*,#10219,.F.);
#10221=EDGE_LOOP('',(#10202,#10208,#10214,#10220));
#10222=FACE_OUTER_BOUND('',#10221,.T.);
#10223=ADVANCED_FACE('',(#10222),#10196,.F.);
#10224=CARTESIAN_POINT('',(0.,0.00107,0.));
#10225=DIRECTION('',(0.,-1.,0.));
#10226=DIRECTION('',(0.,0.,-1.));
#10227=AXIS2_PLACEMENT_3D('',#10224,#10225,#10226);
#10228=PLANE('',#10227);
#10229=CARTESIAN_POINT('',(-0.016000000000000045,0.00107,-0.006834999999999856));
#10230=CARTESIAN_POINT('',(-0.015597700206464548,0.00107,-0.006644937105416161));
#10231=CARTESIAN_POINT('',(-0.015597700206464544,0.00107,-0.006199999999999859));
#10232=CARTESIAN_POINT('',(-0.01559770020646454,0.00107,-0.005755062894583558));
#10233=CARTESIAN_POINT('',(-0.016000000000000035,0.00107,-0.005564999999999856));
#10234=(BOUNDED_CURVE() B_SPLINE_CURVE(2,(#10229,#10230,#10231,#10232,#10233),.UNSPECIFIED.,.F.,.F.) B_SPLINE_CURVE_WITH_KNOTS((3,2,3),(0.,1.,2.),.UNSPECIFIED.) CURVE() GEOMETRIC_REPRESENTATION_ITEM() RATIONAL_B_SPLINE_CURVE((1.,0.8447390137065798,1.,0.8447390137065798,1.)) REPRESENTATION_ITEM(''));
#10235=EDGE_CURVE('',#7976,#8040,#10234,.T.);
#10236=ORIENTED_EDGE('',*,*,#10235,.F.);
#10237=CARTESIAN_POINT('',(-0.016000000000000045,0.00107,-0.007800999999999857));
#10238=DIRECTION('',(0.,0.,-1.));
#10239=VECTOR('',#10238,1.);
#10240=LINE('',#10237,#10239);
#10241=EDGE_CURVE('',#7968,#7976,#10240,.T.);
#10242=ORIENTED_EDGE('',*,*,#10241,.F.);
#10243=CARTESIAN_POINT('',(-0.017550000000000204,0.00107,-0.006929999999999853));
#10244=DIRECTION('',(-1.,0.,0.));
#10245=VECTOR('',#10244,1.);
#10246=LINE('',#10243,#10245);
#10247=CARTESIAN_POINT('',(-0.015049999999999874,0.00107,-0.006929999999999853));
#10248=VERTEX_POINT('',#10247);
#10249=EDGE_CURVE('',#7968,#10248,#10246,.T.);
#10250=ORIENTED_EDGE('',*,*,#10249,.T.);
#10251=CARTESIAN_POINT('',(-0.015049999999999874,0.00107,-0.0054699999999998535));
#10252=DIRECTION('',(0.,0.,-1.));
#10253=VECTOR('',#10252,1.);
#10254=LINE('',#10251,#10253);
#10255=CARTESIAN_POINT('',(-0.015049999999999874,0.00107,-0.0054699999999998535));
#10256=VERTEX_POINT('',#10255);
#10257=EDGE_CURVE('',#10248,#10256,#10254,.T.);
#10258=ORIENTED_EDGE('',*,*,#10257,.T.);
#10259=CARTESIAN_POINT('',(-0.017550000000000204,0.00107,-0.0054699999999998535));
#10260=DIRECTION('',(1.,0.,0.));
#10261=VECTOR('',#10260,1.);
#10262=LINE('',#10259,#10261);
#10263=EDGE_CURVE('',#10256,#8048,#10262,.T.);
#10264=ORIENTED_EDGE('',*,*,#10263,.T.);
#10265=CARTESIAN_POINT('',(-0.016000000000000035,0.00107,-0.005564999999999856));
#10266=DIRECTION('',(-2.9722845860734174E-15,0.,-1.));
#10267=VECTOR('',#10266,1.);
#10268=LINE('',#10265,#10267);
#10269=EDGE_CURVE('',#8040,#8048,#10268,.T.);
#10270=ORIENTED_EDGE('',*,*,#10269,.F.);
#10271=EDGE_LOOP('',(#10236,#10242,#10250,#10258,#10264,#10270));
#10272=FACE_OUTER_BOUND('',#10271,.T.);
#10273=ADVANCED_FACE('',(#10272),#10228,.F.);
#10274=CARTESIAN_POINT('',(-0.017550000000000204,0.00107,-0.0054699999999998535));
#10275=DIRECTION('',(0.,0.,1.));
#10276=DIRECTION('',(1.,0.,0.));
#10277=AXIS2_PLACEMENT_3D('',#10274,#10275,#10276);
#10278=PLANE('',#10277);
#10279=CARTESIAN_POINT('',(-0.016000000000000035,0.00108,-0.0054699999999998535));
#10280=DIRECTION('',(0.,-1.,0.));
#10281=VECTOR('',#10280,1.);
#10282=LINE('',#10279,#10281);
#10283=EDGE_CURVE('',#8048,#8056,#10282,.T.);
#10284=ORIENTED_EDGE('',*,*,#10283,.F.);
#10285=CARTESIAN_POINT('',(-0.017550000000000204,0.00107,-0.0054699999999998535));
#10286=DIRECTION('',(1.,0.,0.));
#10287=VECTOR('',#10286,1.);
#10288=LINE('',#10285,#10287);
#10289=EDGE_CURVE('',#10256,#8048,#10288,.T.);
#10290=ORIENTED_EDGE('',*,*,#10289,.F.);
#10291=CARTESIAN_POINT('',(-0.015049999999999874,0.00107,-0.0054699999999998535));
#10292=DIRECTION('',(0.,1.,0.));
#10293=VECTOR('',#10292,1.);
#10294=LINE('',#10291,#10293);
#10295=EDGE_CURVE('',#10256,#9504,#10294,.T.);
#10296=ORIENTED_EDGE('',*,*,#10295,.T.);
#10297=CARTESIAN_POINT('',(-0.007824999999999655,0.00108,-0.0054699999999998535));
#10298=DIRECTION('',(1.,0.,0.));
#10299=VECTOR('',#10298,1.);
#10300=LINE('',#10297,#10299);
#10301=EDGE_CURVE('',#8056,#9504,#10300,.T.);
#10302=ORIENTED_EDGE('',*,*,#10301,.F.);
#10303=EDGE_LOOP('',(#10284,#10290,#10296,#10302));
#10304=FACE_OUTER_BOUND('',#10303,.T.);
#10305=ADVANCED_FACE('',(#10304),#10278,.F.);
#10306=CARTESIAN_POINT('',(-0.017550000000000204,0.00107,-0.006929999999999853));
#10307=DIRECTION('',(0.,0.,-1.));
#10308=DIRECTION('',(-1.,0.,0.));
#10309=AXIS2_PLACEMENT_3D('',#10306,#10307,#10308);
#10310=PLANE('',#10309);
#10311=CARTESIAN_POINT('',(-0.017550000000000204,0.00107,-0.006929999999999853));
#10312=DIRECTION('',(-1.,0.,0.));
#10313=VECTOR('',#10312,1.);
#10314=LINE('',#10311,#10313);
#10315=EDGE_CURVE('',#7968,#10248,#10314,.T.);
#10316=ORIENTED_EDGE('',*,*,#10315,.F.);
#10317=CARTESIAN_POINT('',(-0.016000000000000045,0.00108,-0.006929999999999853));
#10318=DIRECTION('',(0.,1.,0.));
#10319=VECTOR('',#10318,1.);
#10320=LINE('',#10317,#10319);
#10321=EDGE_CURVE('',#7960,#7968,#10320,.T.);
#10322=ORIENTED_EDGE('',*,*,#10321,.F.);
#10323=CARTESIAN_POINT('',(-0.017550000000000204,0.00108,-0.006929999999999853));
#10324=DIRECTION('',(-1.,0.,0.));
#10325=VECTOR('',#10324,1.);
#10326=LINE('',#10323,#10325);
#10327=EDGE_CURVE('',#9496,#7960,#10326,.T.);
#10328=ORIENTED_EDGE('',*,*,#10327,.F.);
#10329=CARTESIAN_POINT('',(-0.015049999999999874,0.00107,-0.006929999999999853));
#10330=DIRECTION('',(0.,1.,0.));
#10331=VECTOR('',#10330,1.);
#10332=LINE('',#10329,#10331);
#10333=EDGE_CURVE('',#9496,#10248,#10332,.T.);
#10334=ORIENTED_EDGE('',*,*,#10333,.T.);
#10335=EDGE_LOOP('',(#10316,#10322,#10328,#10334));
#10336=FACE_OUTER_BOUND('',#10335,.T.);
#10337=ADVANCED_FACE('',(#10336),#10310,.F.);
#10338=CARTESIAN_POINT('',(-0.015049999999999874,0.00107,-0.0054699999999998535));
#10339=DIRECTION('',(1.,0.,0.));
#10340=DIRECTION('',(0.,0.,-1.));
#10341=AXIS2_PLACEMENT_3D('',#10338,#10339,#10340);
#10342=PLANE('',#10341);
#10343=CARTESIAN_POINT('',(-0.015049999999999874,0.00107,-0.0054699999999998535));
#10344=DIRECTION('',(0.,1.,0.));
#10345=VECTOR('',#10344,1.);
#10346=LINE('',#10343,#10345);
#10347=EDGE_CURVE('',#10256,#9504,#10346,.T.);
#10348=ORIENTED_EDGE('',*,*,#10347,.F.);
#10349=CARTESIAN_POINT('',(-0.015049999999999874,0.00107,-0.0054699999999998535));
#10350=DIRECTION('',(0.,0.,-1.));
#10351=VECTOR('',#10350,1.);
#10352=LINE('',#10349,#10351);
#10353=EDGE_CURVE('',#10248,#10256,#10352,.T.);
#10354=ORIENTED_EDGE('',*,*,#10353,.F.);
#10355=CARTESIAN_POINT('',(-0.015049999999999874,0.00107,-0.006929999999999853));
#10356=DIRECTION('',(0.,1.,0.));
#10357=VECTOR('',#10356,1.);
#10358=LINE('',#10355,#10357);
#10359=EDGE_CURVE('',#9496,#10248,#10358,.T.);
#10360=ORIENTED_EDGE('',*,*,#10359,.F.);
#10361=CARTESIAN_POINT('',(-0.015049999999999874,0.00108,-0.0054699999999998535));
#10362=DIRECTION('',(0.,0.,-1.));
#10363=VECTOR('',#10362,1.);
#10364=LINE('',#10361,#10363);
#10365=EDGE_CURVE('',#9504,#9496,#10364,.T.);
#10366=ORIENTED_EDGE('',*,*,#10365,.F.);
#10367=EDGE_LOOP('',(#10348,#10354,#10360,#10366));
#10368=FACE_OUTER_BOUND('',#10367,.T.);
#10369=ADVANCED_FACE('',(#10368),#10342,.F.);
#10370=CARTESIAN_POINT('',(0.,0.00107,0.));
#10371=DIRECTION('',(0.,-1.,0.));
#10372=DIRECTION('',(0.,0.,-1.));
#10373=AXIS2_PLACEMENT_3D('',#10370,#10371,#10372);
#10374=PLANE('',#10373);
#10375=CARTESIAN_POINT('',(-0.016000000000000007,0.00107,0.004729000000000141));
#10376=CARTESIAN_POINT('',(-0.01559770020646451,0.00107,0.004919062894583836));
#10377=CARTESIAN_POINT('',(-0.015597700206464506,0.00107,0.005364000000000137));
#10378=CARTESIAN_POINT('',(-0.015597700206464503,0.00107,0.005808937105416438));
#10379=CARTESIAN_POINT('',(-0.015999999999999997,0.00107,0.0059990000000001405));
#10380=(BOUNDED_CURVE() B_SPLINE_CURVE(2,(#10375,#10376,#10377,#10378,#10379),.UNSPECIFIED.,.F.,.F.) B_SPLINE_CURVE_WITH_KNOTS((3,2,3),(0.,1.,2.),.UNSPECIFIED.) CURVE() GEOMETRIC_REPRESENTATION_ITEM() RATIONAL_B_SPLINE_CURVE((1.,0.8447390137065798,1.,0.8447390137065798,1.)) REPRESENTATION_ITEM(''));
#10381=EDGE_CURVE('',#8080,#8144,#10380,.T.);
#10382=ORIENTED_EDGE('',*,*,#10381,.F.);
#10383=CARTESIAN_POINT('',(-0.016000000000000035,0.00107,-0.005564999999999856));
#10384=DIRECTION('',(-2.9722845860734174E-15,0.,-1.));
#10385=VECTOR('',#10384,1.);
#10386=LINE('',#10383,#10385);
#10387=EDGE_CURVE('',#8072,#8080,#10386,.T.);
#10388=ORIENTED_EDGE('',*,*,#10387,.F.);
#10389=CARTESIAN_POINT('',(-0.01755000000000017,0.00107,0.004634000000000143));
#10390=DIRECTION('',(-1.,0.,0.));
#10391=VECTOR('',#10390,1.);
#10392=LINE('',#10389,#10391);
#10393=CARTESIAN_POINT('',(-0.01504999999999984,0.00107,0.004634000000000143));
#10394=VERTEX_POINT('',#10393);
#10395=EDGE_CURVE('',#8072,#10394,#10392,.T.);
#10396=ORIENTED_EDGE('',*,*,#10395,.T.);
#10397=CARTESIAN_POINT('',(-0.01504999999999984,0.00107,0.006094000000000143));
#10398=DIRECTION('',(0.,0.,-1.));
#10399=VECTOR('',#10398,1.);
#10400=LINE('',#10397,#10399);
#10401=CARTESIAN_POINT('',(-0.01504999999999984,0.00107,0.006094000000000143));
#10402=VERTEX_POINT('',#10401);
#10403=EDGE_CURVE('',#10394,#10402,#10400,.T.);
#10404=ORIENTED_EDGE('',*,*,#10403,.T.);
#10405=CARTESIAN_POINT('',(-0.01755000000000017,0.00107,0.006094000000000143));
#10406=DIRECTION('',(1.,0.,0.));
#10407=VECTOR('',#10406,1.);
#10408=LINE('',#10405,#10407);
#10409=EDGE_CURVE('',#10402,#8152,#10408,.T.);
#10410=ORIENTED_EDGE('',*,*,#10409,.T.);
#10411=CARTESIAN_POINT('',(-0.015999999999999997,0.00107,0.0059990000000001405));
#10412=DIRECTION('',(0.,0.,-1.));
#10413=VECTOR('',#10412,1.);
#10414=LINE('',#10411,#10413);
#10415=EDGE_CURVE('',#8144,#8152,#10414,.T.);
#10416=ORIENTED_EDGE('',*,*,#10415,.F.);
#10417=EDGE_LOOP('',(#10382,#10388,#10396,#10404,#10410,#10416));
#10418=FACE_OUTER_BOUND('',#10417,.T.);
#10419=ADVANCED_FACE('',(#10418),#10374,.F.);
#10420=CARTESIAN_POINT('',(-0.01755000000000017,0.00107,0.006094000000000143));
#10421=DIRECTION('',(0.,0.,1.));
#10422=DIRECTION('',(1.,0.,0.));
#10423=AXIS2_PLACEMENT_3D('',#10420,#10421,#10422);
#10424=PLANE('',#10423);
#10425=CARTESIAN_POINT('',(-0.015999999999999997,0.00108,0.006094000000000143));
#10426=DIRECTION('',(0.,-1.,0.));
#10427=VECTOR('',#10426,1.);
#10428=LINE('',#10425,#10427);
#10429=EDGE_CURVE('',#8152,#8160,#10428,.T.);
#10430=ORIENTED_EDGE('',*,*,#10429,.F.);
#10431=CARTESIAN_POINT('',(-0.01755000000000017,0.00107,0.006094000000000143));
#10432=DIRECTION('',(1.,0.,0.));
#10433=VECTOR('',#10432,1.);
#10434=LINE('',#10431,#10433);
#10435=EDGE_CURVE('',#10402,#8152,#10434,.T.);
#10436=ORIENTED_EDGE('',*,*,#10435,.F.);
#10437=CARTESIAN_POINT('',(-0.01504999999999984,0.00107,0.006094000000000143));
#10438=DIRECTION('',(0.,1.,0.));
#10439=VECTOR('',#10438,1.);
#10440=LINE('',#10437,#10439);
#10441=EDGE_CURVE('',#10402,#9532,#10440,.T.);
#10442=ORIENTED_EDGE('',*,*,#10441,.T.);
#10443=CARTESIAN_POINT('',(-0.007824999999999655,0.00108,0.006094000000000143));
#10444=DIRECTION('',(1.,0.,0.));
#10445=VECTOR('',#10444,1.);
#10446=LINE('',#10443,#10445);
#10447=EDGE_CURVE('',#8160,#9532,#10446,.T.);
#10448=ORIENTED_EDGE('',*,*,#10447,.F.);
#10449=EDGE_LOOP('',(#10430,#10436,#10442,#10448));
#10450=FACE_OUTER_BOUND('',#10449,.T.);
#10451=ADVANCED_FACE('',(#10450),#10424,.F.);
#10452=CARTESIAN_POINT('',(-0.01755000000000017,0.00107,0.004634000000000143));
#10453=DIRECTION('',(0.,0.,-1.));
#10454=DIRECTION('',(-1.,0.,0.));
#10455=AXIS2_PLACEMENT_3D('',#10452,#10453,#10454);
#10456=PLANE('',#10455);
#10457=CARTESIAN_POINT('',(-0.01755000000000017,0.00107,0.004634000000000143));
#10458=DIRECTION('',(-1.,0.,0.));
#10459=VECTOR('',#10458,1.);
#10460=LINE('',#10457,#10459);
#10461=EDGE_CURVE('',#8072,#10394,#10460,.T.);
#10462=ORIENTED_EDGE('',*,*,#10461,.F.);
#10463=CARTESIAN_POINT('',(-0.016000000000000004,0.00108,0.004634000000000144));
#10464=DIRECTION('',(0.,1.,0.));
#10465=VECTOR('',#10464,1.);
#10466=LINE('',#10463,#10465);
#10467=EDGE_CURVE('',#8064,#8072,#10466,.T.);
#10468=ORIENTED_EDGE('',*,*,#10467,.F.);
#10469=CARTESIAN_POINT('',(-0.01755000000000017,0.00108,0.004634000000000143));
#10470=DIRECTION('',(-1.,0.,0.));
#10471=VECTOR('',#10470,1.);
#10472=LINE('',#10469,#10471);
#10473=EDGE_CURVE('',#9524,#8064,#10472,.T.);
#10474=ORIENTED_EDGE('',*,*,#10473,.F.);
#10475=CARTESIAN_POINT('',(-0.01504999999999984,0.00107,0.004634000000000143));
#10476=DIRECTION('',(0.,1.,0.));
#10477=VECTOR('',#10476,1.);
#10478=LINE('',#10475,#10477);
#10479=EDGE_CURVE('',#9524,#10394,#10478,.T.);
#10480=ORIENTED_EDGE('',*,*,#10479,.T.);
#10481=EDGE_LOOP('',(#10462,#10468,#10474,#10480));
#10482=FACE_OUTER_BOUND('',#10481,.T.);
#10483=ADVANCED_FACE('',(#10482),#10456,.F.);
#10484=CARTESIAN_POINT('',(-0.01504999999999984,0.00107,0.006094000000000143));
#10485=DIRECTION('',(1.,0.,0.));
#10486=DIRECTION('',(0.,0.,-1.));
#10487=AXIS2_PLACEMENT_3D('',#10484,#10485,#10486);
#10488=PLANE('',#10487);
#10489=CARTESIAN_POINT('',(-0.01504999999999984,0.00107,0.006094000000000143));
#10490=DIRECTION('',(0.,1.,0.));
#10491=VECTOR('',#10490,1.);
#10492=LINE('',#10489,#10491);
#10493=EDGE_CURVE('',#10402,#9532,#10492,.T.);
#10494=ORIENTED_EDGE('',*,*,#10493,.F.);
#10495=CARTESIAN_POINT('',(-0.01504999999999984,0.00107,0.006094000000000143));
#10496=DIRECTION('',(0.,0.,-1.));
#10497=VECTOR('',#10496,1.);
#10498=LINE('',#10495,#10497);
#10499=EDGE_CURVE('',#10394,#10402,#10498,.T.);
#10500=ORIENTED_EDGE('',*,*,#10499,.F.);
#10501=CARTESIAN_POINT('',(-0.01504999999999984,0.00107,0.004634000000000143));
#10502=DIRECTION('',(0.,1.,0.));
#10503=VECTOR('',#10502,1.);
#10504=LINE('',#10501,#10503);
#10505=EDGE_CURVE('',#9524,#10394,#10504,.T.);
#10506=ORIENTED_EDGE('',*,*,#10505,.F.);
#10507=CARTESIAN_POINT('',(-0.01504999999999984,0.00108,0.006094000000000143));
#10508=DIRECTION('',(0.,0.,-1.));
#10509=VECTOR('',#10508,1.);
#10510=LINE('',#10507,#10509);
#10511=EDGE_CURVE('',#9532,#9524,#10510,.T.);
#10512=ORIENTED_EDGE('',*,*,#10511,.F.);
#10513=EDGE_LOOP('',(#10494,#10500,#10506,#10512));
#10514=FACE_OUTER_BOUND('',#10513,.T.);
#10515=ADVANCED_FACE('',(#10514),#10488,.F.);
#10516=CARTESIAN_POINT('',(0.,0.00107,0.));
#10517=DIRECTION('',(0.,-1.,0.));
#10518=DIRECTION('',(0.,0.,-1.));
#10519=AXIS2_PLACEMENT_3D('',#10516,#10517,#10518);
#10520=PLANE('',#10519);
#10521=CARTESIAN_POINT('',(-0.017550000000000156,0.00107,0.008330000000000145));
#10522=DIRECTION('',(1.,0.,0.));
#10523=VECTOR('',#10522,1.);
#10524=LINE('',#10521,#10523);
#10525=CARTESIAN_POINT('',(-0.015049999999999824,0.00107,0.008330000000000145));
#10526=VERTEX_POINT('',#10525);
#10527=EDGE_CURVE('',#10526,#6224,#10524,.T.);
#10528=ORIENTED_EDGE('',*,*,#10527,.T.);
#10529=CARTESIAN_POINT('',(-0.01599999999999999,0.00107,0.008235000000000142));
#10530=DIRECTION('',(-1.2946813414918903E-14,0.,-1.));
#10531=VECTOR('',#10530,1.);
#10532=LINE('',#10529,#10531);
#10533=EDGE_CURVE('',#6216,#6224,#10532,.T.);
#10534=ORIENTED_EDGE('',*,*,#10533,.F.);
#10535=CARTESIAN_POINT('',(-0.015999999999999997,0.00107,0.006965000000000141));
#10536=CARTESIAN_POINT('',(-0.015597700206464499,0.00107,0.007155062894583838));
#10537=CARTESIAN_POINT('',(-0.015597700206464496,0.00107,0.0076000000000001405));
#10538=CARTESIAN_POINT('',(-0.015597700206464494,0.00107,0.008044937105416443));
#10539=CARTESIAN_POINT('',(-0.01599999999999999,0.00107,0.008235000000000143));
#10540=(BOUNDED_CURVE() B_SPLINE_CURVE(2,(#10535,#10536,#10537,#10538,#10539),.UNSPECIFIED.,.F.,.F.) B_SPLINE_CURVE_WITH_KNOTS((3,2,3),(0.,1.,2.),.UNSPECIFIED.) CURVE() GEOMETRIC_REPRESENTATION_ITEM() RATIONAL_B_SPLINE_CURVE((1.,0.844739013706579,1.,0.844739013706579,1.)) REPRESENTATION_ITEM(''));
#10541=EDGE_CURVE('',#8184,#6216,#10540,.T.);
#10542=ORIENTED_EDGE('',*,*,#10541,.F.);
#10543=CARTESIAN_POINT('',(-0.015999999999999997,0.00107,0.0059990000000001405));
#10544=DIRECTION('',(0.,0.,-1.));
#10545=VECTOR('',#10544,1.);
#10546=LINE('',#10543,#10545);
#10547=EDGE_CURVE('',#8176,#8184,#10546,.T.);
#10548=ORIENTED_EDGE('',*,*,#10547,.F.);
#10549=CARTESIAN_POINT('',(-0.017550000000000156,0.00107,0.006870000000000145));
#10550=DIRECTION('',(-1.,0.,0.));
#10551=VECTOR('',#10550,1.);
#10552=LINE('',#10549,#10551);
#10553=CARTESIAN_POINT('',(-0.015049999999999824,0.00107,0.006870000000000145));
#10554=VERTEX_POINT('',#10553);
#10555=EDGE_CURVE('',#8176,#10554,#10552,.T.);
#10556=ORIENTED_EDGE('',*,*,#10555,.T.);
#10557=CARTESIAN_POINT('',(-0.015049999999999824,0.00107,0.008330000000000145));
#10558=DIRECTION('',(0.,0.,-1.));
#10559=VECTOR('',#10558,1.);
#10560=LINE('',#10557,#10559);
#10561=EDGE_CURVE('',#10554,#10526,#10560,.T.);
#10562=ORIENTED_EDGE('',*,*,#10561,.T.);
#10563=EDGE_LOOP('',(#10528,#10534,#10542,#10548,#10556,#10562));
#10564=FACE_OUTER_BOUND('',#10563,.T.);
#10565=ADVANCED_FACE('',(#10564),#10520,.F.);
#10566=CARTESIAN_POINT('',(-0.017550000000000156,0.00107,0.008330000000000145));
#10567=DIRECTION('',(0.,0.,1.));
#10568=DIRECTION('',(1.,0.,0.));
#10569=AXIS2_PLACEMENT_3D('',#10566,#10567,#10568);
#10570=PLANE('',#10569);
#10571=CARTESIAN_POINT('',(-0.01599999999999999,0.00108,0.008330000000000145));
#10572=DIRECTION('',(0.,-1.,0.));
#10573=VECTOR('',#10572,1.);
#10574=LINE('',#10571,#10573);
#10575=EDGE_CURVE('',#6224,#6232,#10574,.T.);
#10576=ORIENTED_EDGE('',*,*,#10575,.F.);
#10577=CARTESIAN_POINT('',(-0.017550000000000156,0.00107,0.008330000000000145));
#10578=DIRECTION('',(1.,0.,0.));
#10579=VECTOR('',#10578,1.);
#10580=LINE('',#10577,#10579);
#10581=EDGE_CURVE('',#10526,#6224,#10580,.T.);
#10582=ORIENTED_EDGE('',*,*,#10581,.F.);
#10583=CARTESIAN_POINT('',(-0.015049999999999824,0.00107,0.008330000000000145));
#10584=DIRECTION('',(0.,1.,0.));
#10585=VECTOR('',#10584,1.);
#10586=LINE('',#10583,#10585);
#10587=EDGE_CURVE('',#10526,#9560,#10586,.T.);
#10588=ORIENTED_EDGE('',*,*,#10587,.T.);
#10589=CARTESIAN_POINT('',(-0.007824999999999655,0.00108,0.008330000000000145));
#10590=DIRECTION('',(1.,0.,0.));
#10591=VECTOR('',#10590,1.);
#10592=LINE('',#10589,#10591);
#10593=EDGE_CURVE('',#6232,#9560,#10592,.T.);
#10594=ORIENTED_EDGE('',*,*,#10593,.F.);
#10595=EDGE_LOOP('',(#10576,#10582,#10588,#10594));
#10596=FACE_OUTER_BOUND('',#10595,.T.);
#10597=ADVANCED_FACE('',(#10596),#10570,.F.);
#10598=CARTESIAN_POINT('',(-0.017550000000000156,0.00107,0.006870000000000145));
#10599=DIRECTION('',(0.,0.,-1.));
#10600=DIRECTION('',(-1.,0.,0.));
#10601=AXIS2_PLACEMENT_3D('',#10598,#10599,#10600);
#10602=PLANE('',#10601);
#10603=CARTESIAN_POINT('',(-0.017550000000000156,0.00107,0.006870000000000145));
#10604=DIRECTION('',(-1.,0.,0.));
#10605=VECTOR('',#10604,1.);
#10606=LINE('',#10603,#10605);
#10607=EDGE_CURVE('',#8176,#10554,#10606,.T.);
#10608=ORIENTED_EDGE('',*,*,#10607,.F.);
#10609=CARTESIAN_POINT('',(-0.015999999999999997,0.00108,0.006870000000000145));
#10610=DIRECTION('',(0.,1.,0.));
#10611=VECTOR('',#10610,1.);
#10612=LINE('',#10609,#10611);
#10613=EDGE_CURVE('',#8168,#8176,#10612,.T.);
#10614=ORIENTED_EDGE('',*,*,#10613,.F.);
#10615=CARTESIAN_POINT('',(-0.017550000000000156,0.00108,0.006870000000000145));
#10616=DIRECTION('',(-1.,0.,0.));
#10617=VECTOR('',#10616,1.);
#10618=LINE('',#10615,#10617);
#10619=EDGE_CURVE('',#9552,#8168,#10618,.T.);
#10620=ORIENTED_EDGE('',*,*,#10619,.F.);
#10621=CARTESIAN_POINT('',(-0.015049999999999824,0.00107,0.006870000000000145));
#10622=DIRECTION('',(0.,1.,0.));
#10623=VECTOR('',#10622,1.);
#10624=LINE('',#10621,#10623);
#10625=EDGE_CURVE('',#9552,#10554,#10624,.T.);
#10626=ORIENTED_EDGE('',*,*,#10625,.T.);
#10627=EDGE_LOOP('',(#10608,#10614,#10620,#10626));
#10628=FACE_OUTER_BOUND('',#10627,.T.);
#10629=ADVANCED_FACE('',(#10628),#10602,.F.);
#10630=CARTESIAN_POINT('',(-0.015049999999999824,0.00107,0.008330000000000145));
#10631=DIRECTION('',(1.,0.,0.));
#10632=DIRECTION('',(0.,0.,-1.));
#10633=AXIS2_PLACEMENT_3D('',#10630,#10631,#10632);
#10634=PLANE('',#10633);
#10635=CARTESIAN_POINT('',(-0.015049999999999824,0.00107,0.008330000000000145));
#10636=DIRECTION('',(0.,1.,0.));
#10637=VECTOR('',#10636,1.);
#10638=LINE('',#10635,#10637);
#10639=EDGE_CURVE('',#10526,#9560,#10638,.T.);
#10640=ORIENTED_EDGE('',*,*,#10639,.F.);
#10641=CARTESIAN_POINT('',(-0.015049999999999824,0.00107,0.008330000000000145));
#10642=DIRECTION('',(0.,0.,-1.));
#10643=VECTOR('',#10642,1.);
#10644=LINE('',#10641,#10643);
#10645=EDGE_CURVE('',#10554,#10526,#10644,.T.);
#10646=ORIENTED_EDGE('',*,*,#10645,.F.);
#10647=CARTESIAN_POINT('',(-0.015049999999999824,0.00107,0.006870000000000145));
#10648=DIRECTION('',(0.,1.,0.));
#10649=VECTOR('',#10648,1.);
#10650=LINE('',#10647,#10649);
#10651=EDGE_CURVE('',#9552,#10554,#10650,.T.);
#10652=ORIENTED_EDGE('',*,*,#10651,.F.);
#10653=CARTESIAN_POINT('',(-0.015049999999999824,0.00108,0.008330000000000145));
#10654=DIRECTION('',(0.,0.,-1.));
#10655=VECTOR('',#10654,1.);
#10656=LINE('',#10653,#10655);
#10657=EDGE_CURVE('',#9560,#9552,#10656,.T.);
#10658=ORIENTED_EDGE('',*,*,#10657,.F.);
#10659=EDGE_LOOP('',(#10640,#10646,#10652,#10658));
#10660=FACE_OUTER_BOUND('',#10659,.T.);
#10661=ADVANCED_FACE('',(#10660),#10634,.F.);
#10662=CARTESIAN_POINT('',(0.,0.00107,0.));
#10663=DIRECTION('',(0.,-1.,0.));
#10664=DIRECTION('',(0.,0.,-1.));
#10665=AXIS2_PLACEMENT_3D('',#10662,#10663,#10664);
#10666=PLANE('',#10665);
#10667=CARTESIAN_POINT('',(-0.008459999999999655,0.00107,0.016000000000000014));
#10668=CARTESIAN_POINT('',(-0.008269937105415957,0.00107,0.015597700206464518));
#10669=CARTESIAN_POINT('',(-0.007824999999999655,0.00107,0.015597700206464518));
#10670=CARTESIAN_POINT('',(-0.007380062894583353,0.00107,0.015597700206464518));
#10671=CARTESIAN_POINT('',(-0.007189999999999656,0.00107,0.016000000000000014));
#10672=(BOUNDED_CURVE() B_SPLINE_CURVE(2,(#10667,#10668,#10669,#10670,#10671),.UNSPECIFIED.,.F.,.F.) B_SPLINE_CURVE_WITH_KNOTS((3,2,3),(0.,1.,2.),.UNSPECIFIED.) CURVE() GEOMETRIC_REPRESENTATION_ITEM() RATIONAL_B_SPLINE_CURVE((1.,0.8447390137065792,1.,0.8447390137065792,1.)) REPRESENTATION_ITEM(''));
#10673=EDGE_CURVE('',#6308,#6372,#10672,.T.);
#10674=ORIENTED_EDGE('',*,*,#10673,.F.);
#10675=CARTESIAN_POINT('',(-0.008459999999999657,0.00107,0.016000000000000014));
#10676=DIRECTION('',(-1.,0.,1.275345482453304E-14));
#10677=VECTOR('',#10676,1.);
#10678=LINE('',#10675,#10677);
#10679=EDGE_CURVE('',#6300,#6308,#10678,.T.);
#10680=ORIENTED_EDGE('',*,*,#10679,.F.);
#10681=CARTESIAN_POINT('',(-0.008554999999999657,0.00107,0.01754999999999995));
#10682=DIRECTION('',(9.228728892197361E-14,0.,1.));
#10683=VECTOR('',#10682,1.);
#10684=LINE('',#10681,#10683);
#10685=CARTESIAN_POINT('',(-0.008554999999999887,0.00107,0.015050000000000154));
#10686=VERTEX_POINT('',#10685);
#10687=EDGE_CURVE('',#6300,#10686,#10684,.T.);
#10688=ORIENTED_EDGE('',*,*,#10687,.T.);
#10689=CARTESIAN_POINT('',(-0.008554999999999887,0.00107,0.015050000000000154));
#10690=DIRECTION('',(-1.,0.,0.));
#10691=VECTOR('',#10690,1.);
#10692=LINE('',#10689,#10691);
#10693=CARTESIAN_POINT('',(-0.007094999999999884,0.00107,0.015050000000000154));
#10694=VERTEX_POINT('',#10693);
#10695=EDGE_CURVE('',#10686,#10694,#10692,.T.);
#10696=ORIENTED_EDGE('',*,*,#10695,.T.);
#10697=CARTESIAN_POINT('',(-0.007094999999999656,0.00107,0.01754999999999995));
#10698=DIRECTION('',(-9.124645483638745E-14,0.,-1.));
#10699=VECTOR('',#10698,1.);
#10700=LINE('',#10697,#10699);
#10701=EDGE_CURVE('',#10694,#6380,#10700,.T.);
#10702=ORIENTED_EDGE('',*,*,#10701,.T.);
#10703=CARTESIAN_POINT('',(-0.006223095238095123,0.00107,0.016000000000000302));
#10704=DIRECTION('',(-1.,0.,-2.9609707286174473E-13));
#10705=VECTOR('',#10704,1.);
#10706=LINE('',#10703,#10705);
#10707=EDGE_CURVE('',#6372,#6380,#10706,.T.);
#10708=ORIENTED_EDGE('',*,*,#10707,.F.);
#10709=EDGE_LOOP('',(#10674,#10680,#10688,#10696,#10702,#10708));
#10710=FACE_OUTER_BOUND('',#10709,.T.);
#10711=ADVANCED_FACE('',(#10710),#10666,.F.);
#10712=CARTESIAN_POINT('',(-0.007094999999999656,0.00107,0.01754999999999995));
#10713=DIRECTION('',(1.,0.,-9.124645483638745E-14));
#10714=DIRECTION('',(-9.124645483638746E-14,0.,-1.));
#10715=AXIS2_PLACEMENT_3D('',#10712,#10713,#10714);
#10716=PLANE('',#10715);
#10717=CARTESIAN_POINT('',(-0.007094999999999798,0.00108,0.016000000000000045));
#10718=DIRECTION('',(0.,-1.,0.));
#10719=VECTOR('',#10718,1.);
#10720=LINE('',#10717,#10719);
#10721=EDGE_CURVE('',#6380,#6388,#10720,.T.);
#10722=ORIENTED_EDGE('',*,*,#10721,.F.);
#10723=CARTESIAN_POINT('',(-0.007094999999999656,0.00107,0.01754999999999995));
#10724=DIRECTION('',(-9.124645483638745E-14,0.,-1.));
#10725=VECTOR('',#10724,1.);
#10726=LINE('',#10723,#10725);
#10727=EDGE_CURVE('',#10694,#6380,#10726,.T.);
#10728=ORIENTED_EDGE('',*,*,#10727,.F.);
#10729=CARTESIAN_POINT('',(-0.007094999999999884,0.00107,0.015050000000000154));
#10730=DIRECTION('',(0.,1.,0.));
#10731=VECTOR('',#10730,1.);
#10732=LINE('',#10729,#10731);
#10733=EDGE_CURVE('',#10694,#9594,#10732,.T.);
#10734=ORIENTED_EDGE('',*,*,#10733,.T.);
#10735=CARTESIAN_POINT('',(-0.00709499999999977,0.00108,0.016299999999999946));
#10736=DIRECTION('',(-9.124645483638746E-14,0.,-1.));
#10737=VECTOR('',#10736,1.);
#10738=LINE('',#10735,#10737);
#10739=EDGE_CURVE('',#6388,#9594,#10738,.T.);
#10740=ORIENTED_EDGE('',*,*,#10739,.F.);
#10741=EDGE_LOOP('',(#10722,#10728,#10734,#10740));
#10742=FACE_OUTER_BOUND('',#10741,.T.);
#10743=ADVANCED_FACE('',(#10742),#10716,.F.);
#10744=CARTESIAN_POINT('',(-0.008554999999999657,0.00107,0.01754999999999995));
#10745=DIRECTION('',(-1.,0.,9.228728892197361E-14));
#10746=DIRECTION('',(9.228728892197362E-14,0.,1.));
#10747=AXIS2_PLACEMENT_3D('',#10744,#10745,#10746);
#10748=PLANE('',#10747);
#10749=CARTESIAN_POINT('',(-0.008554999999999657,0.00107,0.01754999999999995));
#10750=DIRECTION('',(9.228728892197361E-14,0.,1.));
#10751=VECTOR('',#10750,1.);
#10752=LINE('',#10749,#10751);
#10753=EDGE_CURVE('',#6300,#10686,#10752,.T.);
#10754=ORIENTED_EDGE('',*,*,#10753,.F.);
#10755=CARTESIAN_POINT('',(-0.008554999999999799,0.00108,0.016000000000000014));
#10756=DIRECTION('',(0.,1.,0.));
#10757=VECTOR('',#10756,1.);
#10758=LINE('',#10755,#10757);
#10759=EDGE_CURVE('',#6292,#6300,#10758,.T.);
#10760=ORIENTED_EDGE('',*,*,#10759,.F.);
#10761=CARTESIAN_POINT('',(-0.008554999999999657,0.00108,0.01754999999999995));
#10762=DIRECTION('',(9.228728892197361E-14,0.,1.));
#10763=VECTOR('',#10762,1.);
#10764=LINE('',#10761,#10763);
#10765=EDGE_CURVE('',#9586,#6292,#10764,.T.);
#10766=ORIENTED_EDGE('',*,*,#10765,.F.);
#10767=CARTESIAN_POINT('',(-0.008554999999999887,0.00107,0.015050000000000154));
#10768=DIRECTION('',(0.,1.,0.));
#10769=VECTOR('',#10768,1.);
#10770=LINE('',#10767,#10769);
#10771=EDGE_CURVE('',#9586,#10686,#10770,.T.);
#10772=ORIENTED_EDGE('',*,*,#10771,.T.);
#10773=EDGE_LOOP('',(#10754,#10760,#10766,#10772));
#10774=FACE_OUTER_BOUND('',#10773,.T.);
#10775=ADVANCED_FACE('',(#10774),#10748,.F.);
#10776=CARTESIAN_POINT('',(-0.008554999999999887,0.00107,0.015050000000000154));
#10777=DIRECTION('',(0.,0.,-1.));
#10778=DIRECTION('',(-1.,0.,0.));
#10779=AXIS2_PLACEMENT_3D('',#10776,#10777,#10778);
#10780=PLANE('',#10779);
#10781=CARTESIAN_POINT('',(-0.007094999999999884,0.00107,0.015050000000000154));
#10782=DIRECTION('',(0.,1.,0.));
#10783=VECTOR('',#10782,1.);
#10784=LINE('',#10781,#10783);
#10785=EDGE_CURVE('',#10694,#9594,#10784,.T.);
#10786=ORIENTED_EDGE('',*,*,#10785,.F.);
#10787=CARTESIAN_POINT('',(-0.008554999999999887,0.00107,0.015050000000000154));
#10788=DIRECTION('',(-1.,0.,0.));
#10789=VECTOR('',#10788,1.);
#10790=LINE('',#10787,#10789);
#10791=EDGE_CURVE('',#10686,#10694,#10790,.T.);
#10792=ORIENTED_EDGE('',*,*,#10791,.F.);
#10793=CARTESIAN_POINT('',(-0.008554999999999887,0.00107,0.015050000000000154));
#10794=DIRECTION('',(0.,1.,0.));
#10795=VECTOR('',#10794,1.);
#10796=LINE('',#10793,#10795);
#10797=EDGE_CURVE('',#9586,#10686,#10796,.T.);
#10798=ORIENTED_EDGE('',*,*,#10797,.F.);
#10799=CARTESIAN_POINT('',(-0.008554999999999887,0.00108,0.015050000000000154));
#10800=DIRECTION('',(-1.,0.,0.));
#10801=VECTOR('',#10800,1.);
#10802=LINE('',#10799,#10801);
#10803=EDGE_CURVE('',#9594,#9586,#10802,.T.);
#10804=ORIENTED_EDGE('',*,*,#10803,.F.);
#10805=EDGE_LOOP('',(#10786,#10792,#10798,#10804));
#10806=FACE_OUTER_BOUND('',#10805,.T.);
#10807=ADVANCED_FACE('',(#10806),#10780,.F.);
#10808=CARTESIAN_POINT('',(0.,0.00107,0.));
#10809=DIRECTION('',(0.,1.,0.));
#10810=DIRECTION('',(0.,0.,1.));
#10811=AXIS2_PLACEMENT_3D('',#10808,#10809,#10810);
#10812=PLANE('',#10811);
#10813=CARTESIAN_POINT('',(-0.006223095238095123,0.00107,0.016000000000000302));
#10814=DIRECTION('',(1.,0.,2.9609707286174473E-13));
#10815=VECTOR('',#10814,1.);
#10816=LINE('',#10813,#10815);
#10817=EDGE_CURVE('',#6404,#6412,#10816,.T.);
#10818=ORIENTED_EDGE('',*,*,#10817,.T.);
#10819=CARTESIAN_POINT('',(-0.006223095238095125,0.00107,0.016000000000000302));
#10820=CARTESIAN_POINT('',(-0.0060330323435114274,0.00107,0.015597700206464804));
#10821=CARTESIAN_POINT('',(-0.005588095238095126,0.00107,0.015597700206464804));
#10822=CARTESIAN_POINT('',(-0.005143158132678824,0.00107,0.015597700206464803));
#10823=CARTESIAN_POINT('',(-0.004953095238095123,0.00107,0.0160000000000003));
#10824=(BOUNDED_CURVE() B_SPLINE_CURVE(2,(#10819,#10820,#10821,#10822,#10823),.UNSPECIFIED.,.F.,.F.) B_SPLINE_CURVE_WITH_KNOTS((3,2,3),(0.,1.,2.),.UNSPECIFIED.) CURVE() GEOMETRIC_REPRESENTATION_ITEM() RATIONAL_B_SPLINE_CURVE((1.,0.8447390137065797,1.,0.8447390137065797,1.)) REPRESENTATION_ITEM(''));
#10825=EDGE_CURVE('',#6412,#6476,#10824,.T.);
#10826=ORIENTED_EDGE('',*,*,#10825,.T.);
#10827=CARTESIAN_POINT('',(-0.003986190476190361,0.00107,0.016000000000000285));
#10828=DIRECTION('',(1.,0.,-1.582198099260861E-14));
#10829=VECTOR('',#10828,1.);
#10830=LINE('',#10827,#10829);
#10831=EDGE_CURVE('',#6476,#6484,#10830,.T.);
#10832=ORIENTED_EDGE('',*,*,#10831,.T.);
#10833=CARTESIAN_POINT('',(-0.00485928571428537,0.00107,0.01754999999999995));
#10834=DIRECTION('',(-9.228728892197361E-14,0.,-1.));
#10835=VECTOR('',#10834,1.);
#10836=LINE('',#10833,#10835);
#10837=CARTESIAN_POINT('',(-0.004859285714285601,0.00107,0.015050000000000154));
#10838=VERTEX_POINT('',#10837);
#10839=EDGE_CURVE('',#10838,#6484,#10836,.T.);
#10840=ORIENTED_EDGE('',*,*,#10839,.F.);
#10841=CARTESIAN_POINT('',(-0.0063192857142856,0.00107,0.015050000000000154));
#10842=DIRECTION('',(-1.,0.,0.));
#10843=VECTOR('',#10842,1.);
#10844=LINE('',#10841,#10843);
#10845=CARTESIAN_POINT('',(-0.0063192857142856,0.00107,0.015050000000000154));
#10846=VERTEX_POINT('',#10845);
#10847=EDGE_CURVE('',#10846,#10838,#10844,.T.);
#10848=ORIENTED_EDGE('',*,*,#10847,.F.);
#10849=CARTESIAN_POINT('',(-0.006319285714285371,0.00107,0.01754999999999995));
#10850=DIRECTION('',(9.159339953158284E-14,0.,1.));
#10851=VECTOR('',#10850,1.);
#10852=LINE('',#10849,#10851);
#10853=EDGE_CURVE('',#6404,#10846,#10852,.T.);
#10854=ORIENTED_EDGE('',*,*,#10853,.F.);
#10855=EDGE_LOOP('',(#10818,#10826,#10832,#10840,#10848,#10854));
#10856=FACE_OUTER_BOUND('',#10855,.T.);
#10857=ADVANCED_FACE('',(#10856),#10812,.T.);
#10858=CARTESIAN_POINT('',(-0.00485928571428537,0.00107,0.01754999999999995));
#10859=DIRECTION('',(1.,0.,-9.228728892197361E-14));
#10860=DIRECTION('',(-9.228728892197362E-14,0.,-1.));
#10861=AXIS2_PLACEMENT_3D('',#10858,#10859,#10860);
#10862=PLANE('',#10861);
#10863=CARTESIAN_POINT('',(-0.004859285714285513,0.00108,0.0160000000000003));
#10864=DIRECTION('',(0.,-1.,0.));
#10865=VECTOR('',#10864,1.);
#10866=LINE('',#10863,#10865);
#10867=EDGE_CURVE('',#6484,#6492,#10866,.T.);
#10868=ORIENTED_EDGE('',*,*,#10867,.F.);
#10869=CARTESIAN_POINT('',(-0.00485928571428537,0.00107,0.01754999999999995));
#10870=DIRECTION('',(-9.228728892197361E-14,0.,-1.));
#10871=VECTOR('',#10870,1.);
#10872=LINE('',#10869,#10871);
#10873=EDGE_CURVE('',#10838,#6484,#10872,.T.);
#10874=ORIENTED_EDGE('',*,*,#10873,.F.);
#10875=CARTESIAN_POINT('',(-0.004859285714285601,0.00107,0.015050000000000154));
#10876=DIRECTION('',(0.,1.,0.));
#10877=VECTOR('',#10876,1.);
#10878=LINE('',#10875,#10877);
#10879=EDGE_CURVE('',#10838,#9622,#10878,.T.);
#10880=ORIENTED_EDGE('',*,*,#10879,.T.);
#10881=CARTESIAN_POINT('',(-0.0048592857142854854,0.00108,0.01629999999999974));
#10882=DIRECTION('',(-9.228728892197362E-14,0.,-1.));
#10883=VECTOR('',#10882,1.);
#10884=LINE('',#10881,#10883);
#10885=EDGE_CURVE('',#6492,#9622,#10884,.T.);
#10886=ORIENTED_EDGE('',*,*,#10885,.F.);
#10887=EDGE_LOOP('',(#10868,#10874,#10880,#10886));
#10888=FACE_OUTER_BOUND('',#10887,.T.);
#10889=ADVANCED_FACE('',(#10888),#10862,.F.);
#10890=CARTESIAN_POINT('',(-0.006319285714285371,0.00107,0.01754999999999995));
#10891=DIRECTION('',(-1.,0.,9.159339953158285E-14));
#10892=DIRECTION('',(9.159339953158286E-14,0.,1.));
#10893=AXIS2_PLACEMENT_3D('',#10890,#10891,#10892);
#10894=PLANE('',#10893);
#10895=CARTESIAN_POINT('',(-0.006319285714285371,0.00107,0.01754999999999995));
#10896=DIRECTION('',(9.159339953158284E-14,0.,1.));
#10897=VECTOR('',#10896,1.);
#10898=LINE('',#10895,#10897);
#10899=EDGE_CURVE('',#6404,#10846,#10898,.T.);
#10900=ORIENTED_EDGE('',*,*,#10899,.F.);
#10901=CARTESIAN_POINT('',(-0.0063192857142855136,0.00108,0.016000000000000274));
#10902=DIRECTION('',(0.,1.,0.));
#10903=VECTOR('',#10902,1.);
#10904=LINE('',#10901,#10903);
#10905=EDGE_CURVE('',#6396,#6404,#10904,.T.);
#10906=ORIENTED_EDGE('',*,*,#10905,.F.);
#10907=CARTESIAN_POINT('',(-0.006319285714285371,0.00108,0.01754999999999995));
#10908=DIRECTION('',(9.159339953158284E-14,0.,1.));
#10909=VECTOR('',#10908,1.);
#10910=LINE('',#10907,#10909);
#10911=EDGE_CURVE('',#9614,#6396,#10910,.T.);
#10912=ORIENTED_EDGE('',*,*,#10911,.F.);
#10913=CARTESIAN_POINT('',(-0.0063192857142856,0.00107,0.015050000000000154));
#10914=DIRECTION('',(0.,1.,0.));
#10915=VECTOR('',#10914,1.);
#10916=LINE('',#10913,#10915);
#10917=EDGE_CURVE('',#9614,#10846,#10916,.T.);
#10918=ORIENTED_EDGE('',*,*,#10917,.T.);
#10919=EDGE_LOOP('',(#10900,#10906,#10912,#10918));
#10920=FACE_OUTER_BOUND('',#10919,.T.);
#10921=ADVANCED_FACE('',(#10920),#10894,.F.);
#10922=CARTESIAN_POINT('',(-0.0063192857142856,0.00107,0.015050000000000154));
#10923=DIRECTION('',(0.,0.,-1.));
#10924=DIRECTION('',(-1.,0.,0.));
#10925=AXIS2_PLACEMENT_3D('',#10922,#10923,#10924);
#10926=PLANE('',#10925);
#10927=CARTESIAN_POINT('',(-0.004859285714285601,0.00107,0.015050000000000154));
#10928=DIRECTION('',(0.,1.,0.));
#10929=VECTOR('',#10928,1.);
#10930=LINE('',#10927,#10929);
#10931=EDGE_CURVE('',#10838,#9622,#10930,.T.);
#10932=ORIENTED_EDGE('',*,*,#10931,.F.);
#10933=CARTESIAN_POINT('',(-0.0063192857142856,0.00107,0.015050000000000154));
#10934=DIRECTION('',(-1.,0.,0.));
#10935=VECTOR('',#10934,1.);
#10936=LINE('',#10933,#10935);
#10937=EDGE_CURVE('',#10846,#10838,#10936,.T.);
#10938=ORIENTED_EDGE('',*,*,#10937,.F.);
#10939=CARTESIAN_POINT('',(-0.0063192857142856,0.00107,0.015050000000000154));
#10940=DIRECTION('',(0.,1.,0.));
#10941=VECTOR('',#10940,1.);
#10942=LINE('',#10939,#10941);
#10943=EDGE_CURVE('',#9614,#10846,#10942,.T.);
#10944=ORIENTED_EDGE('',*,*,#10943,.F.);
#10945=CARTESIAN_POINT('',(-0.0063192857142856,0.00108,0.015050000000000154));
#10946=DIRECTION('',(-1.,0.,0.));
#10947=VECTOR('',#10946,1.);
#10948=LINE('',#10945,#10947);
#10949=EDGE_CURVE('',#9622,#9614,#10948,.T.);
#10950=ORIENTED_EDGE('',*,*,#10949,.F.);
#10951=EDGE_LOOP('',(#10932,#10938,#10944,#10950));
#10952=FACE_OUTER_BOUND('',#10951,.T.);
#10953=ADVANCED_FACE('',(#10952),#10926,.F.);
#10954=CARTESIAN_POINT('',(0.,0.00107,0.));
#10955=DIRECTION('',(0.,1.,0.));
#10956=DIRECTION('',(0.,0.,1.));
#10957=AXIS2_PLACEMENT_3D('',#10954,#10955,#10956);
#10958=PLANE('',#10957);
#10959=CARTESIAN_POINT('',(-0.003986190476190361,0.00107,0.016000000000000285));
#10960=DIRECTION('',(1.,0.,-1.582198099260861E-14));
#10961=VECTOR('',#10960,1.);
#10962=LINE('',#10959,#10961);
#10963=EDGE_CURVE('',#6508,#6516,#10962,.T.);
#10964=ORIENTED_EDGE('',*,*,#10963,.T.);
#10965=CARTESIAN_POINT('',(-0.00398619047619036,0.00107,0.016000000000000285));
#10966=CARTESIAN_POINT('',(-0.003796127581606661,0.00107,0.01559770020646479));
#10967=CARTESIAN_POINT('',(-0.003351190476190361,0.00107,0.01559770020646479));
#10968=CARTESIAN_POINT('',(-0.002906253370774061,0.00107,0.01559770020646479));
#10969=CARTESIAN_POINT('',(-0.002716190476190361,0.00107,0.016000000000000285));
#10970=(BOUNDED_CURVE() B_SPLINE_CURVE(2,(#10965,#10966,#10967,#10968,#10969),.UNSPECIFIED.,.F.,.F.) B_SPLINE_CURVE_WITH_KNOTS((3,2,3),(0.,1.,2.),.UNSPECIFIED.) CURVE() GEOMETRIC_REPRESENTATION_ITEM() RATIONAL_B_SPLINE_CURVE((1.,0.8447390137065804,1.,0.8447390137065804,1.)) REPRESENTATION_ITEM(''));
#10971=EDGE_CURVE('',#6516,#6580,#10970,.T.);
#10972=ORIENTED_EDGE('',*,*,#10971,.T.);
#10973=CARTESIAN_POINT('',(-0.0017492857142853721,0.00107,0.016000000000000014));
#10974=DIRECTION('',(1.,0.,-2.802750918690007E-13));
#10975=VECTOR('',#10974,1.);
#10976=LINE('',#10973,#10975);
#10977=EDGE_CURVE('',#6580,#6588,#10976,.T.);
#10978=ORIENTED_EDGE('',*,*,#10977,.T.);
#10979=CARTESIAN_POINT('',(-0.0026235714285710848,0.00107,0.01754999999999995));
#10980=DIRECTION('',(-9.089951014119205E-14,0.,-1.));
#10981=VECTOR('',#10980,1.);
#10982=LINE('',#10979,#10981);
#10983=CARTESIAN_POINT('',(-0.002623571428571312,0.00107,0.015050000000000154));
#10984=VERTEX_POINT('',#10983);
#10985=EDGE_CURVE('',#10984,#6588,#10982,.T.);
#10986=ORIENTED_EDGE('',*,*,#10985,.F.);
#10987=CARTESIAN_POINT('',(-0.004083571428571315,0.00107,0.015050000000000154));
#10988=DIRECTION('',(-1.,0.,0.));
#10989=VECTOR('',#10988,1.);
#10990=LINE('',#10987,#10989);
#10991=CARTESIAN_POINT('',(-0.004083571428571315,0.00107,0.015050000000000154));
#10992=VERTEX_POINT('',#10991);
#10993=EDGE_CURVE('',#10992,#10984,#10990,.T.);
#10994=ORIENTED_EDGE('',*,*,#10993,.F.);
#10995=CARTESIAN_POINT('',(-0.004083571428571085,0.00107,0.01754999999999995));
#10996=DIRECTION('',(9.194034422677822E-14,0.,1.));
#10997=VECTOR('',#10996,1.);
#10998=LINE('',#10995,#10997);
#10999=EDGE_CURVE('',#6508,#10992,#10998,.T.);
#11000=ORIENTED_EDGE('',*,*,#10999,.F.);
#11001=EDGE_LOOP('',(#10964,#10972,#10978,#10986,#10994,#11000));
#11002=FACE_OUTER_BOUND('',#11001,.T.);
#11003=ADVANCED_FACE('',(#11002),#10958,.T.);
#11004=CARTESIAN_POINT('',(-0.0026235714285710848,0.00107,0.01754999999999995));
#11005=DIRECTION('',(1.,0.,-9.089951014119205E-14));
#11006=DIRECTION('',(-9.089951014119206E-14,0.,-1.));
#11007=AXIS2_PLACEMENT_3D('',#11004,#11005,#11006);
#11008=PLANE('',#11007);
#11009=CARTESIAN_POINT('',(-0.0026235714285712257,0.00108,0.01600000000000026));
#11010=DIRECTION('',(0.,-1.,0.));
#11011=VECTOR('',#11010,1.);
#11012=LINE('',#11009,#11011);
#11013=EDGE_CURVE('',#6588,#6596,#11012,.T.);
#11014=ORIENTED_EDGE('',*,*,#11013,.F.);
#11015=CARTESIAN_POINT('',(-0.0026235714285710848,0.00107,0.01754999999999995));
#11016=DIRECTION('',(-9.089951014119205E-14,0.,-1.));
#11017=VECTOR('',#11016,1.);
#11018=LINE('',#11015,#11017);
#11019=EDGE_CURVE('',#10984,#6588,#11018,.T.);
#11020=ORIENTED_EDGE('',*,*,#11019,.F.);
#11021=CARTESIAN_POINT('',(-0.002623571428571312,0.00107,0.015050000000000154));
#11022=DIRECTION('',(0.,1.,0.));
#11023=VECTOR('',#11022,1.);
#11024=LINE('',#11021,#11023);
#11025=EDGE_CURVE('',#10984,#9650,#11024,.T.);
#11026=ORIENTED_EDGE('',*,*,#11025,.T.);
#11027=CARTESIAN_POINT('',(-0.0026235714285711984,0.00108,0.01629999999999954));
#11028=DIRECTION('',(-9.089951014119206E-14,0.,-1.));
#11029=VECTOR('',#11028,1.);
#11030=LINE('',#11027,#11029);
#11031=EDGE_CURVE('',#6596,#9650,#11030,.T.);
#11032=ORIENTED_EDGE('',*,*,#11031,.F.);
#11033=EDGE_LOOP('',(#11014,#11020,#11026,#11032));
#11034=FACE_OUTER_BOUND('',#11033,.T.);
#11035=ADVANCED_FACE('',(#11034),#11008,.F.);
#11036=CARTESIAN_POINT('',(-0.004083571428571085,0.00107,0.01754999999999995));
#11037=DIRECTION('',(-1.,0.,9.194034422677824E-14));
#11038=DIRECTION('',(9.194034422677825E-14,0.,1.));
#11039=AXIS2_PLACEMENT_3D('',#11036,#11037,#11038);
#11040=PLANE('',#11039);
#11041=CARTESIAN_POINT('',(-0.004083571428571085,0.00107,0.01754999999999995));
#11042=DIRECTION('',(9.194034422677822E-14,0.,1.));
#11043=VECTOR('',#11042,1.);
#11044=LINE('',#11041,#11043);
#11045=EDGE_CURVE('',#6508,#10992,#11044,.T.);
#11046=ORIENTED_EDGE('',*,*,#11045,.F.);
#11047=CARTESIAN_POINT('',(-0.004083571428571227,0.00108,0.016000000000000285));
#11048=DIRECTION('',(0.,1.,0.));
#11049=VECTOR('',#11048,1.);
#11050=LINE('',#11047,#11049);
#11051=EDGE_CURVE('',#6500,#6508,#11050,.T.);
#11052=ORIENTED_EDGE('',*,*,#11051,.F.);
#11053=CARTESIAN_POINT('',(-0.004083571428571085,0.00108,0.01754999999999995));
#11054=DIRECTION('',(9.194034422677822E-14,0.,1.));
#11055=VECTOR('',#11054,1.);
#11056=LINE('',#11053,#11055);
#11057=EDGE_CURVE('',#9642,#6500,#11056,.T.);
#11058=ORIENTED_EDGE('',*,*,#11057,.F.);
#11059=CARTESIAN_POINT('',(-0.004083571428571315,0.00107,0.015050000000000154));
#11060=DIRECTION('',(0.,1.,0.));
#11061=VECTOR('',#11060,1.);
#11062=LINE('',#11059,#11061);
#11063=EDGE_CURVE('',#9642,#10992,#11062,.T.);
#11064=ORIENTED_EDGE('',*,*,#11063,.T.);
#11065=EDGE_LOOP('',(#11046,#11052,#11058,#11064));
#11066=FACE_OUTER_BOUND('',#11065,.T.);
#11067=ADVANCED_FACE('',(#11066),#11040,.F.);
#11068=CARTESIAN_POINT('',(-0.004083571428571315,0.00107,0.015050000000000154));
#11069=DIRECTION('',(0.,0.,-1.));
#11070=DIRECTION('',(-1.,0.,0.));
#11071=AXIS2_PLACEMENT_3D('',#11068,#11069,#11070);
#11072=PLANE('',#11071);
#11073=CARTESIAN_POINT('',(-0.002623571428571312,0.00107,0.015050000000000154));
#11074=DIRECTION('',(0.,1.,0.));
#11075=VECTOR('',#11074,1.);
#11076=LINE('',#11073,#11075);
#11077=EDGE_CURVE('',#10984,#9650,#11076,.T.);
#11078=ORIENTED_EDGE('',*,*,#11077,.F.);
#11079=CARTESIAN_POINT('',(-0.004083571428571315,0.00107,0.015050000000000154));
#11080=DIRECTION('',(-1.,0.,0.));
#11081=VECTOR('',#11080,1.);
#11082=LINE('',#11079,#11081);
#11083=EDGE_CURVE('',#10992,#10984,#11082,.T.);
#11084=ORIENTED_EDGE('',*,*,#11083,.F.);
#11085=CARTESIAN_POINT('',(-0.004083571428571315,0.00107,0.015050000000000154));
#11086=DIRECTION('',(0.,1.,0.));
#11087=VECTOR('',#11086,1.);
#11088=LINE('',#11085,#11087);
#11089=EDGE_CURVE('',#9642,#10992,#11088,.T.);
#11090=ORIENTED_EDGE('',*,*,#11089,.F.);
#11091=CARTESIAN_POINT('',(-0.004083571428571315,0.00108,0.015050000000000154));
#11092=DIRECTION('',(-1.,0.,0.));
#11093=VECTOR('',#11092,1.);
#11094=LINE('',#11091,#11093);
#11095=EDGE_CURVE('',#9650,#9642,#11094,.T.);
#11096=ORIENTED_EDGE('',*,*,#11095,.F.);
#11097=EDGE_LOOP('',(#11078,#11084,#11090,#11096));
#11098=FACE_OUTER_BOUND('',#11097,.T.);
#11099=ADVANCED_FACE('',(#11098),#11072,.F.);
#11100=CARTESIAN_POINT('',(0.,0.00107,0.));
#11101=DIRECTION('',(0.,1.,0.));
#11102=DIRECTION('',(0.,0.,1.));
#11103=AXIS2_PLACEMENT_3D('',#11100,#11101,#11102);
#11104=PLANE('',#11103);
#11105=CARTESIAN_POINT('',(-0.0017492857142853721,0.00107,0.016000000000000014));
#11106=DIRECTION('',(1.,0.,-2.802750918690007E-13));
#11107=VECTOR('',#11106,1.);
#11108=LINE('',#11105,#11107);
#11109=EDGE_CURVE('',#6612,#6620,#11108,.T.);
#11110=ORIENTED_EDGE('',*,*,#11109,.T.);
#11111=CARTESIAN_POINT('',(-0.0017492857142853715,0.00107,0.016000000000000014));
#11112=CARTESIAN_POINT('',(-0.001559222819701674,0.00107,0.015597700206464518));
#11113=CARTESIAN_POINT('',(-0.001114285714285374,0.00107,0.015597700206464516));
#11114=CARTESIAN_POINT('',(-0.0006693486088690737,0.00107,0.015597700206464515));
#11115=CARTESIAN_POINT('',(-0.0004792857142853722,0.00107,0.016000000000000007));
#11116=(BOUNDED_CURVE() B_SPLINE_CURVE(2,(#11111,#11112,#11113,#11114,#11115),.UNSPECIFIED.,.F.,.F.) B_SPLINE_CURVE_WITH_KNOTS((3,2,3),(0.,1.,2.),.UNSPECIFIED.) CURVE() GEOMETRIC_REPRESENTATION_ITEM() RATIONAL_B_SPLINE_CURVE((1.,0.8447390137065804,1.,0.8447390137065804,1.)) REPRESENTATION_ITEM(''));
#11117=EDGE_CURVE('',#6620,#6684,#11116,.T.);
#11118=ORIENTED_EDGE('',*,*,#11117,.T.);
#11119=CARTESIAN_POINT('',(0.0004792857142853724,0.00107,0.016000000000000004));
#11120=DIRECTION('',(1.,0.,-2.2799327517929643E-15));
#11121=VECTOR('',#11120,1.);
#11122=LINE('',#11119,#11121);
#11123=EDGE_CURVE('',#6684,#6692,#11122,.T.);
#11124=ORIENTED_EDGE('',*,*,#11123,.T.);
#11125=CARTESIAN_POINT('',(-0.0003878571428567986,0.00107,0.01754999999999995));
#11126=DIRECTION('',(-9.261254957371929E-14,0.,-1.));
#11127=VECTOR('',#11126,1.);
#11128=LINE('',#11125,#11127);
#11129=CARTESIAN_POINT('',(-0.00038785714285703016,0.00107,0.015050000000000154));
#11130=VERTEX_POINT('',#11129);
#11131=EDGE_CURVE('',#11130,#6692,#11128,.T.);
#11132=ORIENTED_EDGE('',*,*,#11131,.F.);
#11133=CARTESIAN_POINT('',(-0.0018478571428570296,0.00107,0.015050000000000154));
#11134=DIRECTION('',(-1.,0.,0.));
#11135=VECTOR('',#11134,1.);
#11136=LINE('',#11133,#11135);
#11137=CARTESIAN_POINT('',(-0.0018478571428570296,0.00107,0.015050000000000154));
#11138=VERTEX_POINT('',#11137);
#11139=EDGE_CURVE('',#11138,#11130,#11136,.T.);
#11140=ORIENTED_EDGE('',*,*,#11139,.F.);
#11141=CARTESIAN_POINT('',(-0.0018478571428567996,0.00107,0.01754999999999995));
#11142=DIRECTION('',(9.202708040057708E-14,0.,1.));
#11143=VECTOR('',#11142,1.);
#11144=LINE('',#11141,#11143);
#11145=EDGE_CURVE('',#6612,#11138,#11144,.T.);
#11146=ORIENTED_EDGE('',*,*,#11145,.F.);
#11147=EDGE_LOOP('',(#11110,#11118,#11124,#11132,#11140,#11146));
#11148=FACE_OUTER_BOUND('',#11147,.T.);
#11149=ADVANCED_FACE('',(#11148),#11104,.T.);
#11150=CARTESIAN_POINT('',(-0.0003878571428567986,0.00107,0.01754999999999995));
#11151=DIRECTION('',(1.,0.,-9.26125495737193E-14));
#11152=DIRECTION('',(-9.261254957371931E-14,0.,-1.));
#11153=AXIS2_PLACEMENT_3D('',#11150,#11151,#11152);
#11154=PLANE('',#11153);
#11155=CARTESIAN_POINT('',(-0.0003878571428569422,0.00108,0.016000000000000007));
#11156=DIRECTION('',(0.,-1.,0.));
#11157=VECTOR('',#11156,1.);
#11158=LINE('',#11155,#11157);
#11159=EDGE_CURVE('',#6692,#6700,#11158,.T.);
#11160=ORIENTED_EDGE('',*,*,#11159,.F.);
#11161=CARTESIAN_POINT('',(-0.0003878571428567986,0.00107,0.01754999999999995));
#11162=DIRECTION('',(-9.261254957371929E-14,0.,-1.));
#11163=VECTOR('',#11162,1.);
#11164=LINE('',#11161,#11163);
#11165=EDGE_CURVE('',#11130,#6692,#11164,.T.);
#11166=ORIENTED_EDGE('',*,*,#11165,.F.);
#11167=CARTESIAN_POINT('',(-0.00038785714285703016,0.00107,0.015050000000000154));
#11168=DIRECTION('',(0.,1.,0.));
#11169=VECTOR('',#11168,1.);
#11170=LINE('',#11167,#11169);
#11171=EDGE_CURVE('',#11130,#9678,#11170,.T.);
#11172=ORIENTED_EDGE('',*,*,#11171,.T.);
#11173=CARTESIAN_POINT('',(-0.00038785714285691393,0.00108,0.016299999999999322));
#11174=DIRECTION('',(-9.261254957371931E-14,0.,-1.));
#11175=VECTOR('',#11174,1.);
#11176=LINE('',#11173,#11175);
#11177=EDGE_CURVE('',#6700,#9678,#11176,.T.);
#11178=ORIENTED_EDGE('',*,*,#11177,.F.);
#11179=EDGE_LOOP('',(#11160,#11166,#11172,#11178));
#11180=FACE_OUTER_BOUND('',#11179,.T.);
#11181=ADVANCED_FACE('',(#11180),#11154,.F.);
#11182=CARTESIAN_POINT('',(-0.0018478571428567996,0.00107,0.01754999999999995));
#11183=DIRECTION('',(-1.,0.,9.202708040057709E-14));
#11184=DIRECTION('',(9.20270804005771E-14,0.,1.));
#11185=AXIS2_PLACEMENT_3D('',#11182,#11183,#11184);
#11186=PLANE('',#11185);
#11187=CARTESIAN_POINT('',(-0.0018478571428567996,0.00107,0.01754999999999995));
#11188=DIRECTION('',(9.202708040057708E-14,0.,1.));
#11189=VECTOR('',#11188,1.);
#11190=LINE('',#11187,#11189);
#11191=EDGE_CURVE('',#6612,#11138,#11190,.T.);
#11192=ORIENTED_EDGE('',*,*,#11191,.F.);
#11193=CARTESIAN_POINT('',(-0.0018478571428569423,0.00108,0.016000000000000042));
#11194=DIRECTION('',(0.,1.,0.));
#11195=VECTOR('',#11194,1.);
#11196=LINE('',#11193,#11195);
#11197=EDGE_CURVE('',#6604,#6612,#11196,.T.);
#11198=ORIENTED_EDGE('',*,*,#11197,.F.);
#11199=CARTESIAN_POINT('',(-0.0018478571428567996,0.00108,0.01754999999999995));
#11200=DIRECTION('',(9.202708040057708E-14,0.,1.));
#11201=VECTOR('',#11200,1.);
#11202=LINE('',#11199,#11201);
#11203=EDGE_CURVE('',#9670,#6604,#11202,.T.);
#11204=ORIENTED_EDGE('',*,*,#11203,.F.);
#11205=CARTESIAN_POINT('',(-0.0018478571428570296,0.00107,0.015050000000000154));
#11206=DIRECTION('',(0.,1.,0.));
#11207=VECTOR('',#11206,1.);
#11208=LINE('',#11205,#11207);
#11209=EDGE_CURVE('',#9670,#11138,#11208,.T.);
#11210=ORIENTED_EDGE('',*,*,#11209,.T.);
#11211=EDGE_LOOP('',(#11192,#11198,#11204,#11210));
#11212=FACE_OUTER_BOUND('',#11211,.T.);
#11213=ADVANCED_FACE('',(#11212),#11186,.F.);
#11214=CARTESIAN_POINT('',(-0.0018478571428570296,0.00107,0.015050000000000154));
#11215=DIRECTION('',(0.,0.,-1.));
#11216=DIRECTION('',(-1.,0.,0.));
#11217=AXIS2_PLACEMENT_3D('',#11214,#11215,#11216);
#11218=PLANE('',#11217);
#11219=CARTESIAN_POINT('',(-0.00038785714285703016,0.00107,0.015050000000000154));
#11220=DIRECTION('',(0.,1.,0.));
#11221=VECTOR('',#11220,1.);
#11222=LINE('',#11219,#11221);
#11223=EDGE_CURVE('',#11130,#9678,#11222,.T.);
#11224=ORIENTED_EDGE('',*,*,#11223,.F.);
#11225=CARTESIAN_POINT('',(-0.0018478571428570296,0.00107,0.015050000000000154));
#11226=DIRECTION('',(-1.,0.,0.));
#11227=VECTOR('',#11226,1.);
#11228=LINE('',#11225,#11227);
#11229=EDGE_CURVE('',#11138,#11130,#11228,.T.);
#11230=ORIENTED_EDGE('',*,*,#11229,.F.);
#11231=CARTESIAN_POINT('',(-0.0018478571428570296,0.00107,0.015050000000000154));
#11232=DIRECTION('',(0.,1.,0.));
#11233=VECTOR('',#11232,1.);
#11234=LINE('',#11231,#11233);
#11235=EDGE_CURVE('',#9670,#11138,#11234,.T.);
#11236=ORIENTED_EDGE('',*,*,#11235,.F.);
#11237=CARTESIAN_POINT('',(-0.0018478571428570296,0.00108,0.015050000000000154));
#11238=DIRECTION('',(-1.,0.,0.));
#11239=VECTOR('',#11238,1.);
#11240=LINE('',#11237,#11239);
#11241=EDGE_CURVE('',#9678,#9670,#11240,.T.);
#11242=ORIENTED_EDGE('',*,*,#11241,.F.);
#11243=EDGE_LOOP('',(#11224,#11230,#11236,#11242));
#11244=FACE_OUTER_BOUND('',#11243,.T.);
#11245=ADVANCED_FACE('',(#11244),#11218,.F.);
#11246=CARTESIAN_POINT('',(0.,0.00107,0.));
#11247=DIRECTION('',(0.,1.,0.));
#11248=DIRECTION('',(0.,0.,1.));
#11249=AXIS2_PLACEMENT_3D('',#11246,#11247,#11248);
#11250=PLANE('',#11249);
#11251=CARTESIAN_POINT('',(0.0004792857142853724,0.00107,0.016000000000000004));
#11252=DIRECTION('',(1.,0.,-2.2799327517929643E-15));
#11253=VECTOR('',#11252,1.);
#11254=LINE('',#11251,#11253);
#11255=EDGE_CURVE('',#6716,#6724,#11254,.T.);
#11256=ORIENTED_EDGE('',*,*,#11255,.T.);
#11257=CARTESIAN_POINT('',(0.0004792857142853726,0.00107,0.016000000000000004));
#11258=CARTESIAN_POINT('',(0.0006693486088690742,0.00107,0.015597700206464511));
#11259=CARTESIAN_POINT('',(0.0011142857142853741,0.00107,0.015597700206464513));
#11260=CARTESIAN_POINT('',(0.0015592228197016742,0.00107,0.015597700206464515));
#11261=CARTESIAN_POINT('',(0.0017492857142853723,0.00107,0.01600000000000001));
#11262=(BOUNDED_CURVE() B_SPLINE_CURVE(2,(#11257,#11258,#11259,#11260,#11261),.UNSPECIFIED.,.F.,.F.) B_SPLINE_CURVE_WITH_KNOTS((3,2,3),(0.,1.,2.),.UNSPECIFIED.) CURVE() GEOMETRIC_REPRESENTATION_ITEM() RATIONAL_B_SPLINE_CURVE((1.,0.8447390137065804,1.,0.8447390137065804,1.)) REPRESENTATION_ITEM(''));
#11263=EDGE_CURVE('',#6724,#6788,#11262,.T.);
#11264=ORIENTED_EDGE('',*,*,#11263,.T.);
#11265=CARTESIAN_POINT('',(0.002716190476190134,0.00107,0.016000000000000018));
#11266=DIRECTION('',(1.,0.,6.780848996832254E-15));
#11267=VECTOR('',#11266,1.);
#11268=LINE('',#11265,#11267);
#11269=EDGE_CURVE('',#6788,#6796,#11268,.T.);
#11270=ORIENTED_EDGE('',*,*,#11269,.T.);
#11271=CARTESIAN_POINT('',(0.0018478571428567996,0.00107,0.01754999999999995));
#11272=DIRECTION('',(1.000068083900704E-13,0.,-1.));
#11273=VECTOR('',#11272,1.);
#11274=LINE('',#11271,#11273);
#11275=CARTESIAN_POINT('',(0.0018478571428570496,0.00107,0.015050000000000138));
#11276=VERTEX_POINT('',#11275);
#11277=EDGE_CURVE('',#11276,#6796,#11274,.T.);
#11278=ORIENTED_EDGE('',*,*,#11277,.F.);
#11279=CARTESIAN_POINT('',(0.0018478571428570496,0.00107,0.015050000000000138));
#11280=DIRECTION('',(-1.,0.,8.317167350573735E-15));
#11281=VECTOR('',#11280,1.);
#11282=LINE('',#11279,#11281);
#11283=CARTESIAN_POINT('',(0.0003878571428570502,0.00107,0.01505000000000015));
#11284=VERTEX_POINT('',#11283);
#11285=EDGE_CURVE('',#11284,#11276,#11282,.T.);
#11286=ORIENTED_EDGE('',*,*,#11285,.F.);
#11287=CARTESIAN_POINT('',(0.0003878571428567986,0.00107,0.01754999999999995));
#11288=DIRECTION('',(-1.0063564565011254E-13,0.,1.));
#11289=VECTOR('',#11288,1.);
#11290=LINE('',#11287,#11289);
#11291=EDGE_CURVE('',#6716,#11284,#11290,.T.);
#11292=ORIENTED_EDGE('',*,*,#11291,.F.);
#11293=EDGE_LOOP('',(#11256,#11264,#11270,#11278,#11286,#11292));
#11294=FACE_OUTER_BOUND('',#11293,.T.);
#11295=ADVANCED_FACE('',(#11294),#11250,.T.);
#11296=CARTESIAN_POINT('',(0.0018478571428567996,0.00107,0.01754999999999995));
#11297=DIRECTION('',(1.,0.,1.000068083900704E-13));
#11298=DIRECTION('',(1.0000680839007041E-13,0.,-1.));
#11299=AXIS2_PLACEMENT_3D('',#11296,#11297,#11298);
#11300=PLANE('',#11299);
#11301=CARTESIAN_POINT('',(0.0018478571428569546,0.00108,0.01600000000000001));
#11302=DIRECTION('',(0.,-1.,0.));
#11303=VECTOR('',#11302,1.);
#11304=LINE('',#11301,#11303);
#11305=EDGE_CURVE('',#6796,#6804,#11304,.T.);
#11306=ORIENTED_EDGE('',*,*,#11305,.F.);
#11307=CARTESIAN_POINT('',(0.0018478571428567996,0.00107,0.01754999999999995));
#11308=DIRECTION('',(1.000068083900704E-13,0.,-1.));
#11309=VECTOR('',#11308,1.);
#11310=LINE('',#11307,#11309);
#11311=EDGE_CURVE('',#11276,#6796,#11310,.T.);
#11312=ORIENTED_EDGE('',*,*,#11311,.F.);
#11313=CARTESIAN_POINT('',(0.0018478571428570496,0.00107,0.015050000000000138));
#11314=DIRECTION('',(0.,1.,0.));
#11315=VECTOR('',#11314,1.);
#11316=LINE('',#11313,#11315);
#11317=EDGE_CURVE('',#11276,#9706,#11316,.T.);
#11318=ORIENTED_EDGE('',*,*,#11317,.T.);
#11319=CARTESIAN_POINT('',(0.0018478571428569238,0.00108,0.01630000000000098));
#11320=DIRECTION('',(1.0000680839007041E-13,0.,-1.));
#11321=VECTOR('',#11320,1.);
#11322=LINE('',#11319,#11321);
#11323=EDGE_CURVE('',#6804,#9706,#11322,.T.);
#11324=ORIENTED_EDGE('',*,*,#11323,.F.);
#11325=EDGE_LOOP('',(#11306,#11312,#11318,#11324));
#11326=FACE_OUTER_BOUND('',#11325,.T.);
#11327=ADVANCED_FACE('',(#11326),#11300,.F.);
#11328=CARTESIAN_POINT('',(0.0003878571428567986,0.00107,0.01754999999999995));
#11329=DIRECTION('',(-1.,0.,-1.0063564565011255E-13));
#11330=DIRECTION('',(-1.0063564565011256E-13,0.,1.));
#11331=AXIS2_PLACEMENT_3D('',#11328,#11329,#11330);
#11332=PLANE('',#11331);
#11333=CARTESIAN_POINT('',(0.0003878571428567986,0.00107,0.01754999999999995));
#11334=DIRECTION('',(-1.0063564565011254E-13,0.,1.));
#11335=VECTOR('',#11334,1.);
#11336=LINE('',#11333,#11335);
#11337=EDGE_CURVE('',#6716,#11284,#11336,.T.);
#11338=ORIENTED_EDGE('',*,*,#11337,.F.);
#11339=CARTESIAN_POINT('',(0.0003878571428569546,0.00108,0.016000000000000004));
#11340=DIRECTION('',(0.,1.,0.));
#11341=VECTOR('',#11340,1.);
#11342=LINE('',#11339,#11341);
#11343=EDGE_CURVE('',#6708,#6716,#11342,.T.);
#11344=ORIENTED_EDGE('',*,*,#11343,.F.);
#11345=CARTESIAN_POINT('',(0.0003878571428567986,0.00108,0.01754999999999995));
#11346=DIRECTION('',(-1.0063564565011254E-13,0.,1.));
#11347=VECTOR('',#11346,1.);
#11348=LINE('',#11345,#11347);
#11349=EDGE_CURVE('',#9698,#6708,#11348,.T.);
#11350=ORIENTED_EDGE('',*,*,#11349,.F.);
#11351=CARTESIAN_POINT('',(0.0003878571428570502,0.00107,0.01505000000000015));
#11352=DIRECTION('',(0.,1.,0.));
#11353=VECTOR('',#11352,1.);
#11354=LINE('',#11351,#11353);
#11355=EDGE_CURVE('',#9698,#11284,#11354,.T.);
#11356=ORIENTED_EDGE('',*,*,#11355,.T.);
#11357=EDGE_LOOP('',(#11338,#11344,#11350,#11356));
#11358=FACE_OUTER_BOUND('',#11357,.T.);
#11359=ADVANCED_FACE('',(#11358),#11332,.F.);
#11360=CARTESIAN_POINT('',(0.0018478571428570496,0.00107,0.015050000000000138));
#11361=DIRECTION('',(-8.317167350573737E-15,0.,-1.));
#11362=DIRECTION('',(-1.,0.,8.317167350573737E-15));
#11363=AXIS2_PLACEMENT_3D('',#11360,#11361,#11362);
#11364=PLANE('',#11363);
#11365=CARTESIAN_POINT('',(0.0018478571428570496,0.00107,0.015050000000000138));
#11366=DIRECTION('',(0.,1.,0.));
#11367=VECTOR('',#11366,1.);
#11368=LINE('',#11365,#11367);
#11369=EDGE_CURVE('',#11276,#9706,#11368,.T.);
#11370=ORIENTED_EDGE('',*,*,#11369,.F.);
#11371=CARTESIAN_POINT('',(0.0018478571428570496,0.00107,0.015050000000000138));
#11372=DIRECTION('',(-1.,0.,8.317167350573735E-15));
#11373=VECTOR('',#11372,1.);
#11374=LINE('',#11371,#11373);
#11375=EDGE_CURVE('',#11284,#11276,#11374,.T.);
#11376=ORIENTED_EDGE('',*,*,#11375,.F.);
#11377=CARTESIAN_POINT('',(0.0003878571428570502,0.00107,0.01505000000000015));
#11378=DIRECTION('',(0.,1.,0.));
#11379=VECTOR('',#11378,1.);
#11380=LINE('',#11377,#11379);
#11381=EDGE_CURVE('',#9698,#11284,#11380,.T.);
#11382=ORIENTED_EDGE('',*,*,#11381,.F.);
#11383=CARTESIAN_POINT('',(0.0018478571428570496,0.00108,0.015050000000000138));
#11384=DIRECTION('',(-1.,0.,8.317167350573735E-15));
#11385=VECTOR('',#11384,1.);
#11386=LINE('',#11383,#11385);
#11387=EDGE_CURVE('',#9706,#9698,#11386,.T.);
#11388=ORIENTED_EDGE('',*,*,#11387,.F.);
#11389=EDGE_LOOP('',(#11370,#11376,#11382,#11388));
#11390=FACE_OUTER_BOUND('',#11389,.T.);
#11391=ADVANCED_FACE('',(#11390),#11364,.F.);
#11392=CARTESIAN_POINT('',(0.,0.00107,0.));
#11393=DIRECTION('',(0.,1.,0.));
#11394=DIRECTION('',(0.,0.,1.));
#11395=AXIS2_PLACEMENT_3D('',#11392,#11393,#11394);
#11396=PLANE('',#11395);
#11397=CARTESIAN_POINT('',(0.002716190476190134,0.00107,0.016000000000000018));
#11398=DIRECTION('',(1.,0.,6.780848996832254E-15));
#11399=VECTOR('',#11398,1.);
#11400=LINE('',#11397,#11399);
#11401=EDGE_CURVE('',#6820,#6828,#11400,.T.);
#11402=ORIENTED_EDGE('',*,*,#11401,.T.);
#11403=CARTESIAN_POINT('',(0.0027161904761901345,0.00107,0.016000000000000018));
#11404=CARTESIAN_POINT('',(0.0029062533707738362,0.00107,0.015597700206464523));
#11405=CARTESIAN_POINT('',(0.0033511904761901377,0.00107,0.015597700206464527));
#11406=CARTESIAN_POINT('',(0.003796127581606439,0.00107,0.01559770020646453));
#11407=CARTESIAN_POINT('',(0.003986190476190134,0.00107,0.016000000000000028));
#11408=(BOUNDED_CURVE() B_SPLINE_CURVE(2,(#11403,#11404,#11405,#11406,#11407),.UNSPECIFIED.,.F.,.F.) B_SPLINE_CURVE_WITH_KNOTS((3,2,3),(0.,1.,2.),.UNSPECIFIED.) CURVE() GEOMETRIC_REPRESENTATION_ITEM() RATIONAL_B_SPLINE_CURVE((1.,0.8447390137065798,1.,0.8447390137065798,1.)) REPRESENTATION_ITEM(''));
#11409=EDGE_CURVE('',#6828,#6892,#11408,.T.);
#11410=ORIENTED_EDGE('',*,*,#11409,.T.);
#11411=CARTESIAN_POINT('',(0.004953095238094896,0.00107,0.016000000000000035));
#11412=DIRECTION('',(1.,0.,6.780848996832254E-15));
#11413=VECTOR('',#11412,1.);
#11414=LINE('',#11411,#11413);
#11415=EDGE_CURVE('',#6892,#6900,#11414,.T.);
#11416=ORIENTED_EDGE('',*,*,#11415,.T.);
#11417=CARTESIAN_POINT('',(0.004083571428571085,0.00107,0.01754999999999995));
#11418=DIRECTION('',(1.0026701691146624E-13,0.,-1.));
#11419=VECTOR('',#11418,1.);
#11420=LINE('',#11417,#11419);
#11421=CARTESIAN_POINT('',(0.004083571428571336,0.00107,0.01505000000000012));
#11422=VERTEX_POINT('',#11421);
#11423=EDGE_CURVE('',#11422,#6900,#11420,.T.);
#11424=ORIENTED_EDGE('',*,*,#11423,.F.);
#11425=CARTESIAN_POINT('',(0.004083571428571336,0.00107,0.01505000000000012));
#11426=DIRECTION('',(-1.,0.,8.317167350573712E-15));
#11427=VECTOR('',#11426,1.);
#11428=LINE('',#11425,#11427);
#11429=CARTESIAN_POINT('',(0.002623571428571332,0.00107,0.015050000000000133));
#11430=VERTEX_POINT('',#11429);
#11431=EDGE_CURVE('',#11430,#11422,#11428,.T.);
#11432=ORIENTED_EDGE('',*,*,#11431,.F.);
#11433=CARTESIAN_POINT('',(0.0026235714285710848,0.00107,0.01754999999999995));
#11434=DIRECTION('',(-9.887923813068519E-14,0.,1.));
#11435=VECTOR('',#11434,1.);
#11436=LINE('',#11433,#11435);
#11437=EDGE_CURVE('',#6820,#11430,#11436,.T.);
#11438=ORIENTED_EDGE('',*,*,#11437,.F.);
#11439=EDGE_LOOP('',(#11402,#11410,#11416,#11424,#11432,#11438));
#11440=FACE_OUTER_BOUND('',#11439,.T.);
#11441=ADVANCED_FACE('',(#11440),#11396,.T.);
#11442=CARTESIAN_POINT('',(0.004083571428571085,0.00107,0.01754999999999995));
#11443=DIRECTION('',(1.,0.,1.0026701691146624E-13));
#11444=DIRECTION('',(1.0026701691146625E-13,0.,-1.));
#11445=AXIS2_PLACEMENT_3D('',#11442,#11443,#11444);
#11446=PLANE('',#11445);
#11447=CARTESIAN_POINT('',(0.00408357142857124,0.00108,0.016000000000000028));
#11448=DIRECTION('',(0.,-1.,0.));
#11449=VECTOR('',#11448,1.);
#11450=LINE('',#11447,#11449);
#11451=EDGE_CURVE('',#6900,#6908,#11450,.T.);
#11452=ORIENTED_EDGE('',*,*,#11451,.F.);
#11453=CARTESIAN_POINT('',(0.004083571428571085,0.00107,0.01754999999999995));
#11454=DIRECTION('',(1.0026701691146624E-13,0.,-1.));
#11455=VECTOR('',#11454,1.);
#11456=LINE('',#11453,#11455);
#11457=EDGE_CURVE('',#11422,#6900,#11456,.T.);
#11458=ORIENTED_EDGE('',*,*,#11457,.F.);
#11459=CARTESIAN_POINT('',(0.004083571428571336,0.00107,0.01505000000000012));
#11460=DIRECTION('',(0.,1.,0.));
#11461=VECTOR('',#11460,1.);
#11462=LINE('',#11459,#11461);
#11463=EDGE_CURVE('',#11422,#9734,#11462,.T.);
#11464=ORIENTED_EDGE('',*,*,#11463,.T.);
#11465=CARTESIAN_POINT('',(0.004083571428571211,0.00108,0.016300000000001206));
#11466=DIRECTION('',(1.0026701691146625E-13,0.,-1.));
#11467=VECTOR('',#11466,1.);
#11468=LINE('',#11465,#11467);
#11469=EDGE_CURVE('',#6908,#9734,#11468,.T.);
#11470=ORIENTED_EDGE('',*,*,#11469,.F.);
#11471=EDGE_LOOP('',(#11452,#11458,#11464,#11470));
#11472=FACE_OUTER_BOUND('',#11471,.T.);
#11473=ADVANCED_FACE('',(#11472),#11446,.F.);
#11474=CARTESIAN_POINT('',(0.0026235714285710848,0.00107,0.01754999999999995));
#11475=DIRECTION('',(-1.,0.,-9.88792381306852E-14));
#11476=DIRECTION('',(-9.887923813068521E-14,0.,1.));
#11477=AXIS2_PLACEMENT_3D('',#11474,#11475,#11476);
#11478=PLANE('',#11477);
#11479=CARTESIAN_POINT('',(0.0026235714285710848,0.00107,0.01754999999999995));
#11480=DIRECTION('',(-9.887923813068519E-14,0.,1.));
#11481=VECTOR('',#11480,1.);
#11482=LINE('',#11479,#11481);
#11483=EDGE_CURVE('',#6820,#11430,#11482,.T.);
#11484=ORIENTED_EDGE('',*,*,#11483,.F.);
#11485=CARTESIAN_POINT('',(0.002623571428571238,0.00108,0.016000000000000018));
#11486=DIRECTION('',(0.,1.,0.));
#11487=VECTOR('',#11486,1.);
#11488=LINE('',#11485,#11487);
#11489=EDGE_CURVE('',#6812,#6820,#11488,.T.);
#11490=ORIENTED_EDGE('',*,*,#11489,.F.);
#11491=CARTESIAN_POINT('',(0.0026235714285710848,0.00108,0.01754999999999995));
#11492=DIRECTION('',(-9.887923813068519E-14,0.,1.));
#11493=VECTOR('',#11492,1.);
#11494=LINE('',#11491,#11493);
#11495=EDGE_CURVE('',#9726,#6812,#11494,.T.);
#11496=ORIENTED_EDGE('',*,*,#11495,.F.);
#11497=CARTESIAN_POINT('',(0.002623571428571332,0.00107,0.015050000000000133));
#11498=DIRECTION('',(0.,1.,0.));
#11499=VECTOR('',#11498,1.);
#11500=LINE('',#11497,#11499);
#11501=EDGE_CURVE('',#9726,#11430,#11500,.T.);
#11502=ORIENTED_EDGE('',*,*,#11501,.T.);
#11503=EDGE_LOOP('',(#11484,#11490,#11496,#11502));
#11504=FACE_OUTER_BOUND('',#11503,.T.);
#11505=ADVANCED_FACE('',(#11504),#11478,.F.);
#11506=CARTESIAN_POINT('',(0.004083571428571336,0.00107,0.01505000000000012));
#11507=DIRECTION('',(-8.317167350573712E-15,0.,-1.));
#11508=DIRECTION('',(-1.,0.,8.317167350573712E-15));
#11509=AXIS2_PLACEMENT_3D('',#11506,#11507,#11508);
#11510=PLANE('',#11509);
#11511=CARTESIAN_POINT('',(0.004083571428571336,0.00107,0.01505000000000012));
#11512=DIRECTION('',(0.,1.,0.));
#11513=VECTOR('',#11512,1.);
#11514=LINE('',#11511,#11513);
#11515=EDGE_CURVE('',#11422,#9734,#11514,.T.);
#11516=ORIENTED_EDGE('',*,*,#11515,.F.);
#11517=CARTESIAN_POINT('',(0.004083571428571336,0.00107,0.01505000000000012));
#11518=DIRECTION('',(-1.,0.,8.317167350573712E-15));
#11519=VECTOR('',#11518,1.);
#11520=LINE('',#11517,#11519);
#11521=EDGE_CURVE('',#11430,#11422,#11520,.T.);
#11522=ORIENTED_EDGE('',*,*,#11521,.F.);
#11523=CARTESIAN_POINT('',(0.002623571428571332,0.00107,0.015050000000000133));
#11524=DIRECTION('',(0.,1.,0.));
#11525=VECTOR('',#11524,1.);
#11526=LINE('',#11523,#11525);
#11527=EDGE_CURVE('',#9726,#11430,#11526,.T.);
#11528=ORIENTED_EDGE('',*,*,#11527,.F.);
#11529=CARTESIAN_POINT('',(0.004083571428571336,0.00108,0.01505000000000012));
#11530=DIRECTION('',(-1.,0.,8.317167350573712E-15));
#11531=VECTOR('',#11530,1.);
#11532=LINE('',#11529,#11531);
#11533=EDGE_CURVE('',#9734,#9726,#11532,.T.);
#11534=ORIENTED_EDGE('',*,*,#11533,.F.);
#11535=EDGE_LOOP('',(#11516,#11522,#11528,#11534));
#11536=FACE_OUTER_BOUND('',#11535,.T.);
#11537=ADVANCED_FACE('',(#11536),#11510,.F.);
#11538=CARTESIAN_POINT('',(0.,0.00107,0.));
#11539=DIRECTION('',(0.,1.,0.));
#11540=DIRECTION('',(0.,0.,1.));
#11541=AXIS2_PLACEMENT_3D('',#11538,#11539,#11540);
#11542=PLANE('',#11541);
#11543=CARTESIAN_POINT('',(0.004953095238094896,0.00107,0.016000000000000035));
#11544=DIRECTION('',(1.,0.,6.780848996832254E-15));
#11545=VECTOR('',#11544,1.);
#11546=LINE('',#11543,#11545);
#11547=EDGE_CURVE('',#6924,#6932,#11546,.T.);
#11548=ORIENTED_EDGE('',*,*,#11547,.T.);
#11549=CARTESIAN_POINT('',(0.004953095238094896,0.00107,0.016000000000000035));
#11550=CARTESIAN_POINT('',(0.0051431581326785965,0.00107,0.01559770020646454));
#11551=CARTESIAN_POINT('',(0.005588095238094897,0.00107,0.015597700206464544));
#11552=CARTESIAN_POINT('',(0.006033032343511198,0.00107,0.015597700206464546));
#11553=CARTESIAN_POINT('',(0.006223095238094896,0.00107,0.016000000000000042));
#11554=(BOUNDED_CURVE() B_SPLINE_CURVE(2,(#11549,#11550,#11551,#11552,#11553),.UNSPECIFIED.,.F.,.F.) B_SPLINE_CURVE_WITH_KNOTS((3,2,3),(0.,1.,2.),.UNSPECIFIED.) CURVE() GEOMETRIC_REPRESENTATION_ITEM() RATIONAL_B_SPLINE_CURVE((1.,0.8447390137065804,1.,0.8447390137065804,1.)) REPRESENTATION_ITEM(''));
#11555=EDGE_CURVE('',#6932,#6996,#11554,.T.);
#11556=ORIENTED_EDGE('',*,*,#11555,.T.);
#11557=CARTESIAN_POINT('',(0.007189999999999658,0.00107,0.01600000000000005));
#11558=DIRECTION('',(1.,0.,6.780848996832254E-15));
#11559=VECTOR('',#11558,1.);
#11560=LINE('',#11557,#11559);
#11561=EDGE_CURVE('',#6996,#7004,#11560,.T.);
#11562=ORIENTED_EDGE('',*,*,#11561,.T.);
#11563=CARTESIAN_POINT('',(0.006319285714285371,0.00107,0.01754999999999995));
#11564=DIRECTION('',(9.992007221627011E-14,0.,-1.));
#11565=VECTOR('',#11564,1.);
#11566=LINE('',#11563,#11565);
#11567=CARTESIAN_POINT('',(0.006319285714285621,0.00107,0.015050000000000101));
#11568=VERTEX_POINT('',#11567);
#11569=EDGE_CURVE('',#11568,#7004,#11566,.T.);
#11570=ORIENTED_EDGE('',*,*,#11569,.F.);
#11571=CARTESIAN_POINT('',(0.006319285714285621,0.00107,0.015050000000000101));
#11572=DIRECTION('',(-1.,0.,8.317167350573735E-15));
#11573=VECTOR('',#11572,1.);
#11574=LINE('',#11571,#11573);
#11575=CARTESIAN_POINT('',(0.004859285714285622,0.00107,0.015050000000000114));
#11576=VERTEX_POINT('',#11575);
#11577=EDGE_CURVE('',#11576,#11568,#11574,.T.);
#11578=ORIENTED_EDGE('',*,*,#11577,.F.);
#11579=CARTESIAN_POINT('',(0.00485928571428537,0.00107,0.01754999999999995));
#11580=DIRECTION('',(-1.0061396160666136E-13,0.,1.));
#11581=VECTOR('',#11580,1.);
#11582=LINE('',#11579,#11581);
#11583=EDGE_CURVE('',#6924,#11576,#11582,.T.);
#11584=ORIENTED_EDGE('',*,*,#11583,.F.);
#11585=EDGE_LOOP('',(#11548,#11556,#11562,#11570,#11578,#11584));
#11586=FACE_OUTER_BOUND('',#11585,.T.);
#11587=ADVANCED_FACE('',(#11586),#11542,.T.);
#11588=CARTESIAN_POINT('',(0.006319285714285371,0.00107,0.01754999999999995));
#11589=DIRECTION('',(1.,0.,9.992007221627012E-14));
#11590=DIRECTION('',(9.992007221627012E-14,0.,-1.));
#11591=AXIS2_PLACEMENT_3D('',#11588,#11589,#11590);
#11592=PLANE('',#11591);
#11593=CARTESIAN_POINT('',(0.006319285714285526,0.00108,0.016000000000000042));
#11594=DIRECTION('',(0.,-1.,0.));
#11595=VECTOR('',#11594,1.);
#11596=LINE('',#11593,#11595);
#11597=EDGE_CURVE('',#7004,#7012,#11596,.T.);
#11598=ORIENTED_EDGE('',*,*,#11597,.F.);
#11599=CARTESIAN_POINT('',(0.006319285714285371,0.00107,0.01754999999999995));
#11600=DIRECTION('',(9.992007221627011E-14,0.,-1.));
#11601=VECTOR('',#11600,1.);
#11602=LINE('',#11599,#11601);
#11603=EDGE_CURVE('',#11568,#7004,#11602,.T.);
#11604=ORIENTED_EDGE('',*,*,#11603,.F.);
#11605=CARTESIAN_POINT('',(0.006319285714285621,0.00107,0.015050000000000101));
#11606=DIRECTION('',(0.,1.,0.));
#11607=VECTOR('',#11606,1.);
#11608=LINE('',#11605,#11607);
#11609=EDGE_CURVE('',#11568,#9762,#11608,.T.);
#11610=ORIENTED_EDGE('',*,*,#11609,.T.);
#11611=CARTESIAN_POINT('',(0.006319285714285496,0.00108,0.016300000000001424));
#11612=DIRECTION('',(9.992007221627012E-14,0.,-1.));
#11613=VECTOR('',#11612,1.);
#11614=LINE('',#11611,#11613);
#11615=EDGE_CURVE('',#7012,#9762,#11614,.T.);
#11616=ORIENTED_EDGE('',*,*,#11615,.F.);
#11617=EDGE_LOOP('',(#11598,#11604,#11610,#11616));
#11618=FACE_OUTER_BOUND('',#11617,.T.);
#11619=ADVANCED_FACE('',(#11618),#11592,.F.);
#11620=CARTESIAN_POINT('',(0.00485928571428537,0.00107,0.01754999999999995));
#11621=DIRECTION('',(-1.,0.,-1.0061396160666137E-13));
#11622=DIRECTION('',(-1.0061396160666139E-13,0.,1.));
#11623=AXIS2_PLACEMENT_3D('',#11620,#11621,#11622);
#11624=PLANE('',#11623);
#11625=CARTESIAN_POINT('',(0.00485928571428537,0.00107,0.01754999999999995));
#11626=DIRECTION('',(-1.0061396160666136E-13,0.,1.));
#11627=VECTOR('',#11626,1.);
#11628=LINE('',#11625,#11627);
#11629=EDGE_CURVE('',#6924,#11576,#11628,.T.);
#11630=ORIENTED_EDGE('',*,*,#11629,.F.);
#11631=CARTESIAN_POINT('',(0.004859285714285526,0.00108,0.016000000000000035));
#11632=DIRECTION('',(0.,1.,0.));
#11633=VECTOR('',#11632,1.);
#11634=LINE('',#11631,#11633);
#11635=EDGE_CURVE('',#6916,#6924,#11634,.T.);
#11636=ORIENTED_EDGE('',*,*,#11635,.F.);
#11637=CARTESIAN_POINT('',(0.00485928571428537,0.00108,0.01754999999999995));
#11638=DIRECTION('',(-1.0061396160666136E-13,0.,1.));
#11639=VECTOR('',#11638,1.);
#11640=LINE('',#11637,#11639);
#11641=EDGE_CURVE('',#9754,#6916,#11640,.T.);
#11642=ORIENTED_EDGE('',*,*,#11641,.F.);
#11643=CARTESIAN_POINT('',(0.004859285714285622,0.00107,0.015050000000000114));
#11644=DIRECTION('',(0.,1.,0.));
#11645=VECTOR('',#11644,1.);
#11646=LINE('',#11643,#11645);
#11647=EDGE_CURVE('',#9754,#11576,#11646,.T.);
#11648=ORIENTED_EDGE('',*,*,#11647,.T.);
#11649=EDGE_LOOP('',(#11630,#11636,#11642,#11648));
#11650=FACE_OUTER_BOUND('',#11649,.T.);
#11651=ADVANCED_FACE('',(#11650),#11624,.F.);
#11652=CARTESIAN_POINT('',(0.006319285714285621,0.00107,0.015050000000000101));
#11653=DIRECTION('',(-8.317167350573737E-15,0.,-1.));
#11654=DIRECTION('',(-1.,0.,8.317167350573737E-15));
#11655=AXIS2_PLACEMENT_3D('',#11652,#11653,#11654);
#11656=PLANE('',#11655);
#11657=CARTESIAN_POINT('',(0.006319285714285621,0.00107,0.015050000000000101));
#11658=DIRECTION('',(0.,1.,0.));
#11659=VECTOR('',#11658,1.);
#11660=LINE('',#11657,#11659);
#11661=EDGE_CURVE('',#11568,#9762,#11660,.T.);
#11662=ORIENTED_EDGE('',*,*,#11661,.F.);
#11663=CARTESIAN_POINT('',(0.006319285714285621,0.00107,0.015050000000000101));
#11664=DIRECTION('',(-1.,0.,8.317167350573735E-15));
#11665=VECTOR('',#11664,1.);
#11666=LINE('',#11663,#11665);
#11667=EDGE_CURVE('',#11576,#11568,#11666,.T.);
#11668=ORIENTED_EDGE('',*,*,#11667,.F.);
#11669=CARTESIAN_POINT('',(0.004859285714285622,0.00107,0.015050000000000114));
#11670=DIRECTION('',(0.,1.,0.));
#11671=VECTOR('',#11670,1.);
#11672=LINE('',#11669,#11671);
#11673=EDGE_CURVE('',#9754,#11576,#11672,.T.);
#11674=ORIENTED_EDGE('',*,*,#11673,.F.);
#11675=CARTESIAN_POINT('',(0.006319285714285621,0.00108,0.015050000000000101));
#11676=DIRECTION('',(-1.,0.,8.317167350573735E-15));
#11677=VECTOR('',#11676,1.);
#11678=LINE('',#11675,#11677);
#11679=EDGE_CURVE('',#9762,#9754,#11678,.T.);
#11680=ORIENTED_EDGE('',*,*,#11679,.F.);
#11681=EDGE_LOOP('',(#11662,#11668,#11674,#11680));
#11682=FACE_OUTER_BOUND('',#11681,.T.);
#11683=ADVANCED_FACE('',(#11682),#11656,.F.);
#11684=CARTESIAN_POINT('',(0.,0.00107,0.));
#11685=DIRECTION('',(0.,1.,0.));
#11686=DIRECTION('',(0.,0.,1.));
#11687=AXIS2_PLACEMENT_3D('',#11684,#11685,#11686);
#11688=PLANE('',#11687);
#11689=CARTESIAN_POINT('',(0.007189999999999658,0.00107,0.01600000000000005));
#11690=DIRECTION('',(1.,0.,6.780848996832254E-15));
#11691=VECTOR('',#11690,1.);
#11692=LINE('',#11689,#11691);
#11693=EDGE_CURVE('',#7028,#7036,#11692,.T.);
#11694=ORIENTED_EDGE('',*,*,#11693,.T.);
#11695=CARTESIAN_POINT('',(0.007189999999999657,0.00107,0.01600000000000005));
#11696=CARTESIAN_POINT('',(0.007380062894583359,0.00107,0.015597700206464555));
#11697=CARTESIAN_POINT('',(0.00782499999999966,0.00107,0.015597700206464558));
#11698=CARTESIAN_POINT('',(0.008269937105415962,0.00107,0.015597700206464562));
#11699=CARTESIAN_POINT('',(0.008459999999999657,0.00107,0.01600000000000006));
#11700=(BOUNDED_CURVE() B_SPLINE_CURVE(2,(#11695,#11696,#11697,#11698,#11699),.UNSPECIFIED.,.F.,.F.) B_SPLINE_CURVE_WITH_KNOTS((3,2,3),(0.,1.,2.),.UNSPECIFIED.) CURVE() GEOMETRIC_REPRESENTATION_ITEM() RATIONAL_B_SPLINE_CURVE((1.,0.8447390137065797,1.,0.8447390137065797,1.)) REPRESENTATION_ITEM(''));
#11701=EDGE_CURVE('',#7036,#7084,#11700,.T.);
#11702=ORIENTED_EDGE('',*,*,#11701,.T.);
#11703=CARTESIAN_POINT('',(0.01600000000000011,0.00107,0.01599999999999989));
#11704=DIRECTION('',(1.,0.,-2.2608397188944268E-14));
#11705=VECTOR('',#11704,1.);
#11706=LINE('',#11703,#11705);
#11707=EDGE_CURVE('',#7084,#7092,#11706,.T.);
#11708=ORIENTED_EDGE('',*,*,#11707,.T.);
#11709=CARTESIAN_POINT('',(0.008554999999999657,0.00107,0.01754999999999995));
#11710=DIRECTION('',(1.0061396160666018E-13,0.,-1.));
#11711=VECTOR('',#11710,1.);
#11712=LINE('',#11709,#11711);
#11713=CARTESIAN_POINT('',(0.008554999999999908,0.00107,0.015050000000000084));
#11714=VERTEX_POINT('',#11713);
#11715=EDGE_CURVE('',#11714,#7092,#11712,.T.);
#11716=ORIENTED_EDGE('',*,*,#11715,.F.);
#11717=CARTESIAN_POINT('',(0.008554999999999908,0.00107,0.015050000000000084));
#11718=DIRECTION('',(-1.,0.,8.317167350573716E-15));
#11719=VECTOR('',#11718,1.);
#11720=LINE('',#11717,#11719);
#11721=CARTESIAN_POINT('',(0.007094999999999905,0.00107,0.015050000000000096));
#11722=VERTEX_POINT('',#11721);
#11723=EDGE_CURVE('',#11722,#11714,#11720,.T.);
#11724=ORIENTED_EDGE('',*,*,#11723,.F.);
#11725=CARTESIAN_POINT('',(0.007094999999999656,0.00107,0.01754999999999995));
#11726=DIRECTION('',(-9.957312752107452E-14,0.,1.));
#11727=VECTOR('',#11726,1.);
#11728=LINE('',#11725,#11727);
#11729=EDGE_CURVE('',#7028,#11722,#11728,.T.);
#11730=ORIENTED_EDGE('',*,*,#11729,.F.);
#11731=EDGE_LOOP('',(#11694,#11702,#11708,#11716,#11724,#11730));
#11732=FACE_OUTER_BOUND('',#11731,.T.);
#11733=ADVANCED_FACE('',(#11732),#11688,.T.);
#11734=CARTESIAN_POINT('',(0.008554999999999657,0.00107,0.01754999999999995));
#11735=DIRECTION('',(1.,0.,1.0061396160666018E-13));
#11736=DIRECTION('',(1.0061396160666019E-13,0.,-1.));
#11737=AXIS2_PLACEMENT_3D('',#11734,#11735,#11736);
#11738=PLANE('',#11737);
#11739=CARTESIAN_POINT('',(0.008554999999999813,0.00108,0.01600000000000006));
#11740=DIRECTION('',(0.,-1.,0.));
#11741=VECTOR('',#11740,1.);
#11742=LINE('',#11739,#11741);
#11743=EDGE_CURVE('',#7092,#7100,#11742,.T.);
#11744=ORIENTED_EDGE('',*,*,#11743,.F.);
#11745=CARTESIAN_POINT('',(0.008554999999999657,0.00107,0.01754999999999995));
#11746=DIRECTION('',(1.0061396160666018E-13,0.,-1.));
#11747=VECTOR('',#11746,1.);
#11748=LINE('',#11745,#11747);
#11749=EDGE_CURVE('',#11714,#7092,#11748,.T.);
#11750=ORIENTED_EDGE('',*,*,#11749,.F.);
#11751=CARTESIAN_POINT('',(0.008554999999999908,0.00107,0.015050000000000084));
#11752=DIRECTION('',(0.,1.,0.));
#11753=VECTOR('',#11752,1.);
#11754=LINE('',#11751,#11753);
#11755=EDGE_CURVE('',#11714,#9790,#11754,.T.);
#11756=ORIENTED_EDGE('',*,*,#11755,.T.);
#11757=CARTESIAN_POINT('',(0.008554999999999782,0.00108,0.01630000000000166));
#11758=DIRECTION('',(1.0061396160666019E-13,0.,-1.));
#11759=VECTOR('',#11758,1.);
#11760=LINE('',#11757,#11759);
#11761=EDGE_CURVE('',#7100,#9790,#11760,.T.);
#11762=ORIENTED_EDGE('',*,*,#11761,.F.);
#11763=EDGE_LOOP('',(#11744,#11750,#11756,#11762));
#11764=FACE_OUTER_BOUND('',#11763,.T.);
#11765=ADVANCED_FACE('',(#11764),#11738,.F.);
#11766=CARTESIAN_POINT('',(0.007094999999999656,0.00107,0.01754999999999995));
#11767=DIRECTION('',(-1.,0.,-9.957312752107453E-14));
#11768=DIRECTION('',(-9.957312752107455E-14,0.,1.));
#11769=AXIS2_PLACEMENT_3D('',#11766,#11767,#11768);
#11770=PLANE('',#11769);
#11771=CARTESIAN_POINT('',(0.007094999999999656,0.00107,0.01754999999999995));
#11772=DIRECTION('',(-9.957312752107452E-14,0.,1.));
#11773=VECTOR('',#11772,1.);
#11774=LINE('',#11771,#11773);
#11775=EDGE_CURVE('',#7028,#11722,#11774,.T.);
#11776=ORIENTED_EDGE('',*,*,#11775,.F.);
#11777=CARTESIAN_POINT('',(0.007094999999999811,0.00108,0.01600000000000005));
#11778=DIRECTION('',(0.,1.,0.));
#11779=VECTOR('',#11778,1.);
#11780=LINE('',#11777,#11779);
#11781=EDGE_CURVE('',#7020,#7028,#11780,.T.);
#11782=ORIENTED_EDGE('',*,*,#11781,.F.);
#11783=CARTESIAN_POINT('',(0.007094999999999656,0.00108,0.01754999999999995));
#11784=DIRECTION('',(-9.957312752107452E-14,0.,1.));
#11785=VECTOR('',#11784,1.);
#11786=LINE('',#11783,#11785);
#11787=EDGE_CURVE('',#9782,#7020,#11786,.T.);
#11788=ORIENTED_EDGE('',*,*,#11787,.F.);
#11789=CARTESIAN_POINT('',(0.007094999999999905,0.00107,0.015050000000000096));
#11790=DIRECTION('',(0.,1.,0.));
#11791=VECTOR('',#11790,1.);
#11792=LINE('',#11789,#11791);
#11793=EDGE_CURVE('',#9782,#11722,#11792,.T.);
#11794=ORIENTED_EDGE('',*,*,#11793,.T.);
#11795=EDGE_LOOP('',(#11776,#11782,#11788,#11794));
#11796=FACE_OUTER_BOUND('',#11795,.T.);
#11797=ADVANCED_FACE('',(#11796),#11770,.F.);
#11798=CARTESIAN_POINT('',(0.008554999999999908,0.00107,0.015050000000000084));
#11799=DIRECTION('',(-8.317167350573716E-15,0.,-1.));
#11800=DIRECTION('',(-1.,0.,8.317167350573716E-15));
#11801=AXIS2_PLACEMENT_3D('',#11798,#11799,#11800);
#11802=PLANE('',#11801);
#11803=CARTESIAN_POINT('',(0.008554999999999908,0.00107,0.015050000000000084));
#11804=DIRECTION('',(0.,1.,0.));
#11805=VECTOR('',#11804,1.);
#11806=LINE('',#11803,#11805);
#11807=EDGE_CURVE('',#11714,#9790,#11806,.T.);
#11808=ORIENTED_EDGE('',*,*,#11807,.F.);
#11809=CARTESIAN_POINT('',(0.008554999999999908,0.00107,0.015050000000000084));
#11810=DIRECTION('',(-1.,0.,8.317167350573716E-15));
#11811=VECTOR('',#11810,1.);
#11812=LINE('',#11809,#11811);
#11813=EDGE_CURVE('',#11722,#11714,#11812,.T.);
#11814=ORIENTED_EDGE('',*,*,#11813,.F.);
#11815=CARTESIAN_POINT('',(0.007094999999999905,0.00107,0.015050000000000096));
#11816=DIRECTION('',(0.,1.,0.));
#11817=VECTOR('',#11816,1.);
#11818=LINE('',#11815,#11817);
#11819=EDGE_CURVE('',#9782,#11722,#11818,.T.);
#11820=ORIENTED_EDGE('',*,*,#11819,.F.);
#11821=CARTESIAN_POINT('',(0.008554999999999908,0.00108,0.015050000000000084));
#11822=DIRECTION('',(-1.,0.,8.317167350573716E-15));
#11823=VECTOR('',#11822,1.);
#11824=LINE('',#11821,#11823);
#11825=EDGE_CURVE('',#9790,#9782,#11824,.T.);
#11826=ORIENTED_EDGE('',*,*,#11825,.F.);
#11827=EDGE_LOOP('',(#11808,#11814,#11820,#11826));
#11828=FACE_OUTER_BOUND('',#11827,.T.);
#11829=ADVANCED_FACE('',(#11828),#11802,.F.);
#11830=CARTESIAN_POINT('',(0.,0.00107,0.));
#11831=DIRECTION('',(0.,1.,0.));
#11832=DIRECTION('',(0.,0.,1.));
#11833=AXIS2_PLACEMENT_3D('',#11830,#11831,#11832);
#11834=PLANE('',#11833);
#11835=CARTESIAN_POINT('',(0.015999999999999875,0.00107,0.008234999999999828));
#11836=DIRECTION('',(-3.011541381296318E-14,0.,-1.));
#11837=VECTOR('',#11836,1.);
#11838=LINE('',#11835,#11837);
#11839=EDGE_CURVE('',#7168,#7176,#11838,.T.);
#11840=ORIENTED_EDGE('',*,*,#11839,.T.);
#11841=CARTESIAN_POINT('',(0.015999999999999875,0.00107,0.008234999999999828));
#11842=CARTESIAN_POINT('',(0.015597700206464506,0.00107,0.008044937105416088));
#11843=CARTESIAN_POINT('',(0.01559770020646451,0.00107,0.007599999999999882));
#11844=CARTESIAN_POINT('',(0.015597700206464513,0.00107,0.007155062894583677));
#11845=CARTESIAN_POINT('',(0.015999999999999886,0.00107,0.006964999999999944));
#11846=(BOUNDED_CURVE() B_SPLINE_CURVE(2,(#11841,#11842,#11843,#11844,#11845),.UNSPECIFIED.,.F.,.F.) B_SPLINE_CURVE_WITH_KNOTS((3,2,3),(0.,1.,2.),.UNSPECIFIED.) CURVE() GEOMETRIC_REPRESENTATION_ITEM() RATIONAL_B_SPLINE_CURVE((1.,0.8447390137066323,1.,0.8447390137066323,1.)) REPRESENTATION_ITEM(''));
#11847=EDGE_CURVE('',#7176,#7240,#11846,.T.);
#11848=ORIENTED_EDGE('',*,*,#11847,.T.);
#11849=CARTESIAN_POINT('',(0.015999999999999886,0.00107,0.0059989999999998265));
#11850=DIRECTION('',(0.,0.,-1.));
#11851=VECTOR('',#11850,1.);
#11852=LINE('',#11849,#11851);
#11853=EDGE_CURVE('',#7240,#7248,#11852,.T.);
#11854=ORIENTED_EDGE('',*,*,#11853,.T.);
#11855=CARTESIAN_POINT('',(0.017550000000000107,0.00107,0.006870000000000003));
#11856=DIRECTION('',(-1.,0.,7.63278329429695E-15));
#11857=VECTOR('',#11856,1.);
#11858=LINE('',#11855,#11857);
#11859=CARTESIAN_POINT('',(0.015049999999999779,0.00107,0.006870000000000022));
#11860=VERTEX_POINT('',#11859);
#11861=EDGE_CURVE('',#11860,#7248,#11858,.T.);
#11862=ORIENTED_EDGE('',*,*,#11861,.F.);
#11863=CARTESIAN_POINT('',(0.01504999999999979,0.00107,0.008330000000000023));
#11864=DIRECTION('',(7.129000586206051E-15,0.,1.));
#11865=VECTOR('',#11864,1.);
#11866=LINE('',#11863,#11865);
#11867=CARTESIAN_POINT('',(0.01504999999999979,0.00107,0.008330000000000023));
#11868=VERTEX_POINT('',#11867);
#11869=EDGE_CURVE('',#11868,#11860,#11866,.T.);
#11870=ORIENTED_EDGE('',*,*,#11869,.F.);
#11871=CARTESIAN_POINT('',(0.01755000000000012,0.00107,0.008330000000000002));
#11872=DIRECTION('',(1.,0.,-8.32667268468757E-15));
#11873=VECTOR('',#11872,1.);
#11874=LINE('',#11871,#11873);
#11875=EDGE_CURVE('',#7168,#11868,#11874,.T.);
#11876=ORIENTED_EDGE('',*,*,#11875,.F.);
#11877=EDGE_LOOP('',(#11840,#11848,#11854,#11862,#11870,#11876));
#11878=FACE_OUTER_BOUND('',#11877,.T.);
#11879=ADVANCED_FACE('',(#11878),#11834,.T.);
#11880=CARTESIAN_POINT('',(0.01755000000000012,0.00107,0.008330000000000002));
#11881=DIRECTION('',(8.326672684687571E-15,0.,1.));
#11882=DIRECTION('',(1.,0.,-8.326672684687571E-15));
#11883=AXIS2_PLACEMENT_3D('',#11880,#11881,#11882);
#11884=PLANE('',#11883);
#11885=CARTESIAN_POINT('',(0.01755000000000012,0.00107,0.008330000000000002));
#11886=DIRECTION('',(1.,0.,-8.32667268468757E-15));
#11887=VECTOR('',#11886,1.);
#11888=LINE('',#11885,#11887);
#11889=EDGE_CURVE('',#7168,#11868,#11888,.T.);
#11890=ORIENTED_EDGE('',*,*,#11889,.F.);
#11891=CARTESIAN_POINT('',(0.01599999999999988,0.00108,0.008330000000000014));
#11892=DIRECTION('',(0.,1.,0.));
#11893=VECTOR('',#11892,1.);
#11894=LINE('',#11891,#11893);
#11895=EDGE_CURVE('',#7160,#7168,#11894,.T.);
#11896=ORIENTED_EDGE('',*,*,#11895,.F.);
#11897=CARTESIAN_POINT('',(0.01755000000000012,0.00108,0.008330000000000002));
#11898=DIRECTION('',(1.,0.,-8.32667268468757E-15));
#11899=VECTOR('',#11898,1.);
#11900=LINE('',#11897,#11899);
#11901=EDGE_CURVE('',#9816,#7160,#11900,.T.);
#11902=ORIENTED_EDGE('',*,*,#11901,.F.);
#11903=CARTESIAN_POINT('',(0.01504999999999979,0.00107,0.008330000000000023));
#11904=DIRECTION('',(0.,1.,0.));
#11905=VECTOR('',#11904,1.);
#11906=LINE('',#11903,#11905);
#11907=EDGE_CURVE('',#9816,#11868,#11906,.T.);
#11908=ORIENTED_EDGE('',*,*,#11907,.T.);
#11909=EDGE_LOOP('',(#11890,#11896,#11902,#11908));
#11910=FACE_OUTER_BOUND('',#11909,.T.);
#11911=ADVANCED_FACE('',(#11910),#11884,.F.);
#11912=CARTESIAN_POINT('',(0.017550000000000107,0.00107,0.006870000000000003));
#11913=DIRECTION('',(-7.632783294296951E-15,0.,-1.));
#11914=DIRECTION('',(-1.,0.,7.632783294296951E-15));
#11915=AXIS2_PLACEMENT_3D('',#11912,#11913,#11914);
#11916=PLANE('',#11915);
#11917=CARTESIAN_POINT('',(0.015999999999999886,0.00108,0.006870000000000015));
#11918=DIRECTION('',(0.,-1.,0.));
#11919=VECTOR('',#11918,1.);
#11920=LINE('',#11917,#11919);
#11921=EDGE_CURVE('',#7248,#7256,#11920,.T.);
#11922=ORIENTED_EDGE('',*,*,#11921,.F.);
#11923=CARTESIAN_POINT('',(0.017550000000000107,0.00107,0.006870000000000003));
#11924=DIRECTION('',(-1.,0.,7.63278329429695E-15));
#11925=VECTOR('',#11924,1.);
#11926=LINE('',#11923,#11925);
#11927=EDGE_CURVE('',#11860,#7248,#11926,.T.);
#11928=ORIENTED_EDGE('',*,*,#11927,.F.);
#11929=CARTESIAN_POINT('',(0.015049999999999779,0.00107,0.006870000000000022));
#11930=DIRECTION('',(0.,1.,0.));
#11931=VECTOR('',#11930,1.);
#11932=LINE('',#11929,#11931);
#11933=EDGE_CURVE('',#11860,#9824,#11932,.T.);
#11934=ORIENTED_EDGE('',*,*,#11933,.T.);
#11935=CARTESIAN_POINT('',(-0.007824999999999726,0.00108,0.006870000000000197));
#11936=DIRECTION('',(-1.,0.,7.632783294296951E-15));
#11937=VECTOR('',#11936,1.);
#11938=LINE('',#11935,#11937);
#11939=EDGE_CURVE('',#7256,#9824,#11938,.T.);
#11940=ORIENTED_EDGE('',*,*,#11939,.F.);
#11941=EDGE_LOOP('',(#11922,#11928,#11934,#11940));
#11942=FACE_OUTER_BOUND('',#11941,.T.);
#11943=ADVANCED_FACE('',(#11942),#11916,.F.);
#11944=CARTESIAN_POINT('',(0.01504999999999979,0.00107,0.008330000000000023));
#11945=DIRECTION('',(-1.,0.,7.129000586206051E-15));
#11946=DIRECTION('',(7.129000586206051E-15,0.,1.));
#11947=AXIS2_PLACEMENT_3D('',#11944,#11945,#11946);
#11948=PLANE('',#11947);
#11949=CARTESIAN_POINT('',(0.015049999999999779,0.00107,0.006870000000000022));
#11950=DIRECTION('',(0.,1.,0.));
#11951=VECTOR('',#11950,1.);
#11952=LINE('',#11949,#11951);
#11953=EDGE_CURVE('',#11860,#9824,#11952,.T.);
#11954=ORIENTED_EDGE('',*,*,#11953,.F.);
#11955=CARTESIAN_POINT('',(0.01504999999999979,0.00107,0.008330000000000023));
#11956=DIRECTION('',(7.129000586206051E-15,0.,1.));
#11957=VECTOR('',#11956,1.);
#11958=LINE('',#11955,#11957);
#11959=EDGE_CURVE('',#11868,#11860,#11958,.T.);
#11960=ORIENTED_EDGE('',*,*,#11959,.F.);
#11961=CARTESIAN_POINT('',(0.01504999999999979,0.00107,0.008330000000000023));
#11962=DIRECTION('',(0.,1.,0.));
#11963=VECTOR('',#11962,1.);
#11964=LINE('',#11961,#11963);
#11965=EDGE_CURVE('',#9816,#11868,#11964,.T.);
#11966=ORIENTED_EDGE('',*,*,#11965,.F.);
#11967=CARTESIAN_POINT('',(0.01504999999999979,0.00108,0.008330000000000023));
#11968=DIRECTION('',(7.129000586206051E-15,0.,1.));
#11969=VECTOR('',#11968,1.);
#11970=LINE('',#11967,#11969);
#11971=EDGE_CURVE('',#9824,#9816,#11970,.T.);
#11972=ORIENTED_EDGE('',*,*,#11971,.F.);
#11973=EDGE_LOOP('',(#11954,#11960,#11966,#11972));
#11974=FACE_OUTER_BOUND('',#11973,.T.);
#11975=ADVANCED_FACE('',(#11974),#11948,.F.);
#11976=CARTESIAN_POINT('',(0.,0.00107,0.));
#11977=DIRECTION('',(0.,1.,0.));
#11978=DIRECTION('',(0.,0.,1.));
#11979=AXIS2_PLACEMENT_3D('',#11976,#11977,#11978);
#11980=PLANE('',#11979);
#11981=CARTESIAN_POINT('',(0.015999999999999886,0.00107,0.0059989999999998265));
#11982=DIRECTION('',(0.,0.,-1.));
#11983=VECTOR('',#11982,1.);
#11984=LINE('',#11981,#11983);
#11985=EDGE_CURVE('',#7272,#7280,#11984,.T.);
#11986=ORIENTED_EDGE('',*,*,#11985,.T.);
#11987=CARTESIAN_POINT('',(0.015999999999999886,0.00107,0.005998999999999826));
#11988=CARTESIAN_POINT('',(0.015597700206464518,0.00107,0.005808937105416087));
#11989=CARTESIAN_POINT('',(0.01559770020646452,0.00107,0.005363999999999883));
#11990=CARTESIAN_POINT('',(0.015597700206464523,0.00107,0.004919062894583679));
#11991=CARTESIAN_POINT('',(0.015999999999999893,0.00107,0.004728999999999943));
#11992=(BOUNDED_CURVE() B_SPLINE_CURVE(2,(#11987,#11988,#11989,#11990,#11991),.UNSPECIFIED.,.F.,.F.) B_SPLINE_CURVE_WITH_KNOTS((3,2,3),(0.,1.,2.),.UNSPECIFIED.) CURVE() GEOMETRIC_REPRESENTATION_ITEM() RATIONAL_B_SPLINE_CURVE((1.,0.844739013706633,1.,0.844739013706633,1.)) REPRESENTATION_ITEM(''));
#11993=EDGE_CURVE('',#7280,#7344,#11992,.T.);
#11994=ORIENTED_EDGE('',*,*,#11993,.T.);
#11995=CARTESIAN_POINT('',(0.015999999999999924,0.00107,-0.0055650000000001705));
#11996=DIRECTION('',(2.972284586073384E-15,0.,-1.));
#11997=VECTOR('',#11996,1.);
#11998=LINE('',#11995,#11997);
#11999=EDGE_CURVE('',#7344,#7352,#11998,.T.);
#12000=ORIENTED_EDGE('',*,*,#11999,.T.);
#12001=CARTESIAN_POINT('',(0.017550000000000107,0.00107,0.004634000000000001));
#12002=DIRECTION('',(-1.,0.,7.632783294296932E-15));
#12003=VECTOR('',#12002,1.);
#12004=LINE('',#12001,#12003);
#12005=CARTESIAN_POINT('',(0.015049999999999774,0.00107,0.00463400000000002));
#12006=VERTEX_POINT('',#12005);
#12007=EDGE_CURVE('',#12006,#7352,#12004,.T.);
#12008=ORIENTED_EDGE('',*,*,#12007,.F.);
#12009=CARTESIAN_POINT('',(0.015049999999999788,0.00107,0.0060940000000000195));
#12010=DIRECTION('',(9.505334114941412E-15,0.,1.));
#12011=VECTOR('',#12010,1.);
#12012=LINE('',#12009,#12011);
#12013=CARTESIAN_POINT('',(0.015049999999999788,0.00107,0.0060940000000000195));
#12014=VERTEX_POINT('',#12013);
#12015=EDGE_CURVE('',#12014,#12006,#12012,.T.);
#12016=ORIENTED_EDGE('',*,*,#12015,.F.);
#12017=CARTESIAN_POINT('',(0.017550000000000114,0.00107,0.0060940000000000005));
#12018=DIRECTION('',(1.,0.,-7.632783294296954E-15));
#12019=VECTOR('',#12018,1.);
#12020=LINE('',#12017,#12019);
#12021=EDGE_CURVE('',#7272,#12014,#12020,.T.);
#12022=ORIENTED_EDGE('',*,*,#12021,.F.);
#12023=EDGE_LOOP('',(#11986,#11994,#12000,#12008,#12016,#12022));
#12024=FACE_OUTER_BOUND('',#12023,.T.);
#12025=ADVANCED_FACE('',(#12024),#11980,.T.);
#12026=CARTESIAN_POINT('',(0.017550000000000114,0.00107,0.0060940000000000005));
#12027=DIRECTION('',(7.632783294296956E-15,0.,1.));
#12028=DIRECTION('',(1.,0.,-7.632783294296956E-15));
#12029=AXIS2_PLACEMENT_3D('',#12026,#12027,#12028);
#12030=PLANE('',#12029);
#12031=CARTESIAN_POINT('',(0.017550000000000114,0.00107,0.0060940000000000005));
#12032=DIRECTION('',(1.,0.,-7.632783294296954E-15));
#12033=VECTOR('',#12032,1.);
#12034=LINE('',#12031,#12033);
#12035=EDGE_CURVE('',#7272,#12014,#12034,.T.);
#12036=ORIENTED_EDGE('',*,*,#12035,.F.);
#12037=CARTESIAN_POINT('',(0.015999999999999886,0.00108,0.006094000000000013));
#12038=DIRECTION('',(0.,1.,0.));
#12039=VECTOR('',#12038,1.);
#12040=LINE('',#12037,#12039);
#12041=EDGE_CURVE('',#7264,#7272,#12040,.T.);
#12042=ORIENTED_EDGE('',*,*,#12041,.F.);
#12043=CARTESIAN_POINT('',(0.017550000000000114,0.00108,0.0060940000000000005));
#12044=DIRECTION('',(1.,0.,-7.632783294296954E-15));
#12045=VECTOR('',#12044,1.);
#12046=LINE('',#12043,#12045);
#12047=EDGE_CURVE('',#9844,#7264,#12046,.T.);
#12048=ORIENTED_EDGE('',*,*,#12047,.F.);
#12049=CARTESIAN_POINT('',(0.015049999999999788,0.00107,0.0060940000000000195));
#12050=DIRECTION('',(0.,1.,0.));
#12051=VECTOR('',#12050,1.);
#12052=LINE('',#12049,#12051);
#12053=EDGE_CURVE('',#9844,#12014,#12052,.T.);
#12054=ORIENTED_EDGE('',*,*,#12053,.T.);
#12055=EDGE_LOOP('',(#12036,#12042,#12048,#12054));
#12056=FACE_OUTER_BOUND('',#12055,.T.);
#12057=ADVANCED_FACE('',(#12056),#12030,.F.);
#12058=CARTESIAN_POINT('',(0.017550000000000107,0.00107,0.004634000000000001));
#12059=DIRECTION('',(-7.632783294296934E-15,0.,-1.));
#12060=DIRECTION('',(-1.,0.,7.632783294296934E-15));
#12061=AXIS2_PLACEMENT_3D('',#12058,#12059,#12060);
#12062=PLANE('',#12061);
#12063=CARTESIAN_POINT('',(0.015999999999999893,0.00108,0.004634000000000013));
#12064=DIRECTION('',(0.,-1.,0.));
#12065=VECTOR('',#12064,1.);
#12066=LINE('',#12063,#12065);
#12067=EDGE_CURVE('',#7352,#7360,#12066,.T.);
#12068=ORIENTED_EDGE('',*,*,#12067,.F.);
#12069=CARTESIAN_POINT('',(0.017550000000000107,0.00107,0.004634000000000001));
#12070=DIRECTION('',(-1.,0.,7.632783294296932E-15));
#12071=VECTOR('',#12070,1.);
#12072=LINE('',#12069,#12071);
#12073=EDGE_CURVE('',#12006,#7352,#12072,.T.);
#12074=ORIENTED_EDGE('',*,*,#12073,.F.);
#12075=CARTESIAN_POINT('',(0.015049999999999774,0.00107,0.00463400000000002));
#12076=DIRECTION('',(0.,1.,0.));
#12077=VECTOR('',#12076,1.);
#12078=LINE('',#12075,#12077);
#12079=EDGE_CURVE('',#12006,#9852,#12078,.T.);
#12080=ORIENTED_EDGE('',*,*,#12079,.T.);
#12081=CARTESIAN_POINT('',(-0.007824999999999744,0.00108,0.004634000000000195));
#12082=DIRECTION('',(-1.,0.,7.632783294296934E-15));
#12083=VECTOR('',#12082,1.);
#12084=LINE('',#12081,#12083);
#12085=EDGE_CURVE('',#7360,#9852,#12084,.T.);
#12086=ORIENTED_EDGE('',*,*,#12085,.F.);
#12087=EDGE_LOOP('',(#12068,#12074,#12080,#12086));
#12088=FACE_OUTER_BOUND('',#12087,.T.);
#12089=ADVANCED_FACE('',(#12088),#12062,.F.);
#12090=CARTESIAN_POINT('',(0.015049999999999788,0.00107,0.0060940000000000195));
#12091=DIRECTION('',(-1.,0.,9.505334114941412E-15));
#12092=DIRECTION('',(9.505334114941412E-15,0.,1.));
#12093=AXIS2_PLACEMENT_3D('',#12090,#12091,#12092);
#12094=PLANE('',#12093);
#12095=CARTESIAN_POINT('',(0.015049999999999774,0.00107,0.00463400000000002));
#12096=DIRECTION('',(0.,1.,0.));
#12097=VECTOR('',#12096,1.);
#12098=LINE('',#12095,#12097);
#12099=EDGE_CURVE('',#12006,#9852,#12098,.T.);
#12100=ORIENTED_EDGE('',*,*,#12099,.F.);
#12101=CARTESIAN_POINT('',(0.015049999999999788,0.00107,0.0060940000000000195));
#12102=DIRECTION('',(9.505334114941412E-15,0.,1.));
#12103=VECTOR('',#12102,1.);
#12104=LINE('',#12101,#12103);
#12105=EDGE_CURVE('',#12014,#12006,#12104,.T.);
#12106=ORIENTED_EDGE('',*,*,#12105,.F.);
#12107=CARTESIAN_POINT('',(0.015049999999999788,0.00107,0.0060940000000000195));
#12108=DIRECTION('',(0.,1.,0.));
#12109=VECTOR('',#12108,1.);
#12110=LINE('',#12107,#12109);
#12111=EDGE_CURVE('',#9844,#12014,#12110,.T.);
#12112=ORIENTED_EDGE('',*,*,#12111,.F.);
#12113=CARTESIAN_POINT('',(0.015049999999999788,0.00108,0.0060940000000000195));
#12114=DIRECTION('',(9.505334114941412E-15,0.,1.));
#12115=VECTOR('',#12114,1.);
#12116=LINE('',#12113,#12115);
#12117=EDGE_CURVE('',#9852,#9844,#12116,.T.);
#12118=ORIENTED_EDGE('',*,*,#12117,.F.);
#12119=EDGE_LOOP('',(#12100,#12106,#12112,#12118));
#12120=FACE_OUTER_BOUND('',#12119,.T.);
#12121=ADVANCED_FACE('',(#12120),#12094,.F.);
#12122=CARTESIAN_POINT('',(0.,0.00107,0.));
#12123=DIRECTION('',(0.,1.,0.));
#12124=DIRECTION('',(0.,0.,1.));
#12125=AXIS2_PLACEMENT_3D('',#12122,#12123,#12124);
#12126=PLANE('',#12125);
#12127=CARTESIAN_POINT('',(0.015999999999999924,0.00107,-0.0055650000000001705));
#12128=DIRECTION('',(2.972284586073384E-15,0.,-1.));
#12129=VECTOR('',#12128,1.);
#12130=LINE('',#12127,#12129);
#12131=EDGE_CURVE('',#7376,#7384,#12130,.T.);
#12132=ORIENTED_EDGE('',*,*,#12131,.T.);
#12133=CARTESIAN_POINT('',(0.015999999999999976,0.00107,-0.0055650000000002815));
#12134=CARTESIAN_POINT('',(0.01559770020646462,0.00107,-0.005755062894584015));
#12135=CARTESIAN_POINT('',(0.015597700206464681,0.00107,-0.0062000000000002045));
#12136=CARTESIAN_POINT('',(0.01559770020646474,0.00107,-0.006644937105416393));
#12137=CARTESIAN_POINT('',(0.016000000000000156,0.00107,-0.006834999999999997));
#12138=(BOUNDED_CURVE() B_SPLINE_CURVE(2,(#12133,#12134,#12135,#12136,#12137),.UNSPECIFIED.,.F.,.F.) B_SPLINE_CURVE_WITH_KNOTS((3,2,3),(0.,1.,2.),.UNSPECIFIED.) CURVE() GEOMETRIC_REPRESENTATION_ITEM() RATIONAL_B_SPLINE_CURVE((1.,0.8447390137065987,1.,0.8447390137065987,1.)) REPRESENTATION_ITEM(''));
#12139=EDGE_CURVE('',#7384,#7448,#12138,.T.);
#12140=ORIENTED_EDGE('',*,*,#12139,.T.);
#12141=CARTESIAN_POINT('',(0.01600000000000016,0.00107,-0.007800999999999889));
#12142=DIRECTION('',(4.524799989506018E-15,0.,-1.));
#12143=VECTOR('',#12142,1.);
#12144=LINE('',#12141,#12143);
#12145=EDGE_CURVE('',#7448,#7456,#12144,.T.);
#12146=ORIENTED_EDGE('',*,*,#12145,.T.);
#12147=CARTESIAN_POINT('',(0.017550000000000045,0.00107,-0.006929999999999995));
#12148=DIRECTION('',(-1.,0.,5.65519853168452E-14));
#12149=VECTOR('',#12148,1.);
#12150=LINE('',#12147,#12149);
#12151=CARTESIAN_POINT('',(0.015050000000000101,0.00107,-0.006929999999999854));
#12152=VERTEX_POINT('',#12151);
#12153=EDGE_CURVE('',#12152,#7456,#12150,.T.);
#12154=ORIENTED_EDGE('',*,*,#12153,.F.);
#12155=CARTESIAN_POINT('',(0.015050000000000101,0.00107,-0.005469999999999854));
#12156=DIRECTION('',(0.,0.,1.));
#12157=VECTOR('',#12156,1.);
#12158=LINE('',#12155,#12157);
#12159=CARTESIAN_POINT('',(0.015050000000000101,0.00107,-0.005469999999999854));
#12160=VERTEX_POINT('',#12159);
#12161=EDGE_CURVE('',#12160,#12152,#12158,.T.);
#12162=ORIENTED_EDGE('',*,*,#12161,.F.);
#12163=CARTESIAN_POINT('',(0.01755000000000006,0.00107,-0.005469999999999996));
#12164=DIRECTION('',(1.,0.,-5.655198531684488E-14));
#12165=VECTOR('',#12164,1.);
#12166=LINE('',#12163,#12165);
#12167=EDGE_CURVE('',#7376,#12160,#12166,.T.);
#12168=ORIENTED_EDGE('',*,*,#12167,.F.);
#12169=EDGE_LOOP('',(#12132,#12140,#12146,#12154,#12162,#12168));
#12170=FACE_OUTER_BOUND('',#12169,.T.);
#12171=ADVANCED_FACE('',(#12170),#12126,.T.);
#12172=CARTESIAN_POINT('',(0.01755000000000006,0.00107,-0.005469999999999996));
#12173=DIRECTION('',(5.655198531684488E-14,0.,1.));
#12174=DIRECTION('',(1.,0.,-5.655198531684489E-14));
#12175=AXIS2_PLACEMENT_3D('',#12172,#12173,#12174);
#12176=PLANE('',#12175);
#12177=CARTESIAN_POINT('',(0.01755000000000006,0.00107,-0.005469999999999996));
#12178=DIRECTION('',(1.,0.,-5.655198531684488E-14));
#12179=VECTOR('',#12178,1.);
#12180=LINE('',#12177,#12179);
#12181=EDGE_CURVE('',#7376,#12160,#12180,.T.);
#12182=ORIENTED_EDGE('',*,*,#12181,.F.);
#12183=CARTESIAN_POINT('',(0.015999999999999924,0.00108,-0.005469999999999908));
#12184=DIRECTION('',(0.,1.,0.));
#12185=VECTOR('',#12184,1.);
#12186=LINE('',#12183,#12185);
#12187=EDGE_CURVE('',#7368,#7376,#12186,.T.);
#12188=ORIENTED_EDGE('',*,*,#12187,.F.);
#12189=CARTESIAN_POINT('',(0.01755000000000006,0.00108,-0.005469999999999996));
#12190=DIRECTION('',(1.,0.,-5.655198531684488E-14));
#12191=VECTOR('',#12190,1.);
#12192=LINE('',#12189,#12191);
#12193=EDGE_CURVE('',#9872,#7368,#12192,.T.);
#12194=ORIENTED_EDGE('',*,*,#12193,.F.);
#12195=CARTESIAN_POINT('',(0.015050000000000101,0.00107,-0.005469999999999854));
#12196=DIRECTION('',(0.,1.,0.));
#12197=VECTOR('',#12196,1.);
#12198=LINE('',#12195,#12197);
#12199=EDGE_CURVE('',#9872,#12160,#12198,.T.);
#12200=ORIENTED_EDGE('',*,*,#12199,.T.);
#12201=EDGE_LOOP('',(#12182,#12188,#12194,#12200));
#12202=FACE_OUTER_BOUND('',#12201,.T.);
#12203=ADVANCED_FACE('',(#12202),#12176,.F.);
#12204=CARTESIAN_POINT('',(0.017550000000000045,0.00107,-0.006929999999999995));
#12205=DIRECTION('',(-5.65519853168452E-14,0.,-1.));
#12206=DIRECTION('',(-1.,0.,5.6551985316845205E-14));
#12207=AXIS2_PLACEMENT_3D('',#12204,#12205,#12206);
#12208=PLANE('',#12207);
#12209=CARTESIAN_POINT('',(0.016000000000000156,0.00108,-0.006929999999999908));
#12210=DIRECTION('',(0.,-1.,0.));
#12211=VECTOR('',#12210,1.);
#12212=LINE('',#12209,#12211);
#12213=EDGE_CURVE('',#7456,#7464,#12212,.T.);
#12214=ORIENTED_EDGE('',*,*,#12213,.F.);
#12215=CARTESIAN_POINT('',(0.017550000000000045,0.00107,-0.006929999999999995));
#12216=DIRECTION('',(-1.,0.,5.65519853168452E-14));
#12217=VECTOR('',#12216,1.);
#12218=LINE('',#12215,#12217);
#12219=EDGE_CURVE('',#12152,#7456,#12218,.T.);
#12220=ORIENTED_EDGE('',*,*,#12219,.F.);
#12221=CARTESIAN_POINT('',(0.015050000000000101,0.00107,-0.006929999999999854));
#12222=DIRECTION('',(0.,1.,0.));
#12223=VECTOR('',#12222,1.);
#12224=LINE('',#12221,#12223);
#12225=EDGE_CURVE('',#12152,#9880,#12224,.T.);
#12226=ORIENTED_EDGE('',*,*,#12225,.T.);
#12227=CARTESIAN_POINT('',(-0.007825000000000968,0.00108,-0.006929999999998559));
#12228=DIRECTION('',(-1.,0.,5.6551985316845205E-14));
#12229=VECTOR('',#12228,1.);
#12230=LINE('',#12227,#12229);
#12231=EDGE_CURVE('',#7464,#9880,#12230,.T.);
#12232=ORIENTED_EDGE('',*,*,#12231,.F.);
#12233=EDGE_LOOP('',(#12214,#12220,#12226,#12232));
#12234=FACE_OUTER_BOUND('',#12233,.T.);
#12235=ADVANCED_FACE('',(#12234),#12208,.F.);
#12236=CARTESIAN_POINT('',(0.015050000000000101,0.00107,-0.005469999999999854));
#12237=DIRECTION('',(-1.,0.,0.));
#12238=DIRECTION('',(0.,0.,1.));
#12239=AXIS2_PLACEMENT_3D('',#12236,#12237,#12238);
#12240=PLANE('',#12239);
#12241=CARTESIAN_POINT('',(0.015050000000000101,0.00107,-0.006929999999999854));
#12242=DIRECTION('',(0.,1.,0.));
#12243=VECTOR('',#12242,1.);
#12244=LINE('',#12241,#12243);
#12245=EDGE_CURVE('',#12152,#9880,#12244,.T.);
#12246=ORIENTED_EDGE('',*,*,#12245,.F.);
#12247=CARTESIAN_POINT('',(0.015050000000000101,0.00107,-0.005469999999999854));
#12248=DIRECTION('',(0.,0.,1.));
#12249=VECTOR('',#12248,1.);
#12250=LINE('',#12247,#12249);
#12251=EDGE_CURVE('',#12160,#12152,#12250,.T.);
#12252=ORIENTED_EDGE('',*,*,#12251,.F.);
#12253=CARTESIAN_POINT('',(0.015050000000000101,0.00107,-0.005469999999999854));
#12254=DIRECTION('',(0.,1.,0.));
#12255=VECTOR('',#12254,1.);
#12256=LINE('',#12253,#12255);
#12257=EDGE_CURVE('',#9872,#12160,#12256,.T.);
#12258=ORIENTED_EDGE('',*,*,#12257,.F.);
#12259=CARTESIAN_POINT('',(0.015050000000000101,0.00108,-0.005469999999999854));
#12260=DIRECTION('',(0.,0.,1.));
#12261=VECTOR('',#12260,1.);
#12262=LINE('',#12259,#12261);
#12263=EDGE_CURVE('',#9880,#9872,#12262,.T.);
#12264=ORIENTED_EDGE('',*,*,#12263,.F.);
#12265=EDGE_LOOP('',(#12246,#12252,#12258,#12264));
#12266=FACE_OUTER_BOUND('',#12265,.T.);
#12267=ADVANCED_FACE('',(#12266),#12240,.F.);
#12268=CARTESIAN_POINT('',(0.,0.00107,0.));
#12269=DIRECTION('',(0.,1.,0.));
#12270=DIRECTION('',(0.,0.,1.));
#12271=AXIS2_PLACEMENT_3D('',#12268,#12269,#12270);
#12272=PLANE('',#12271);
#12273=CARTESIAN_POINT('',(0.01600000000000016,0.00107,-0.007800999999999889));
#12274=DIRECTION('',(4.524799989506018E-15,0.,-1.));
#12275=VECTOR('',#12274,1.);
#12276=LINE('',#12273,#12275);
#12277=EDGE_CURVE('',#7480,#7488,#12276,.T.);
#12278=ORIENTED_EDGE('',*,*,#12277,.T.);
#12279=CARTESIAN_POINT('',(0.016000000000000243,0.00107,-0.007801000000000063));
#12280=CARTESIAN_POINT('',(0.015597700206464673,0.00107,-0.00799106289458367));
#12281=CARTESIAN_POINT('',(0.015597700206464601,0.00107,-0.008435999999999999));
#12282=CARTESIAN_POINT('',(0.015597700206464532,0.00107,-0.008880937105416327));
#12283=CARTESIAN_POINT('',(0.016000000000000056,0.00107,-0.00907100000000003));
#12284=(BOUNDED_CURVE() B_SPLINE_CURVE(2,(#12279,#12280,#12281,#12282,#12283),.UNSPECIFIED.,.F.,.F.) B_SPLINE_CURVE_WITH_KNOTS((3,2,3),(0.,1.,2.),.UNSPECIFIED.) CURVE() GEOMETRIC_REPRESENTATION_ITEM() RATIONAL_B_SPLINE_CURVE((1.,0.8447390137065531,1.,0.8447390137065531,1.)) REPRESENTATION_ITEM(''));
#12285=EDGE_CURVE('',#7488,#7536,#12284,.T.);
#12286=ORIENTED_EDGE('',*,*,#12285,.T.);
#12287=CARTESIAN_POINT('',(0.01599999999999989,0.00107,-0.01600000000000011));
#12288=DIRECTION('',(-2.3971187475073042E-14,0.,-1.));
#12289=VECTOR('',#12288,1.);
#12290=LINE('',#12287,#12289);
#12291=EDGE_CURVE('',#7536,#7544,#12290,.T.);
#12292=ORIENTED_EDGE('',*,*,#12291,.T.);
#12293=CARTESIAN_POINT('',(0.01755000000000004,0.00107,-0.009165999999999997));
#12294=DIRECTION('',(-1.,0.,5.689893001204088E-14));
#12295=VECTOR('',#12294,1.);
#12296=LINE('',#12293,#12295);
#12297=CARTESIAN_POINT('',(0.015050000000000112,0.00107,-0.009165999999999855));
#12298=VERTEX_POINT('',#12297);
#12299=EDGE_CURVE('',#12298,#7544,#12296,.T.);
#12300=ORIENTED_EDGE('',*,*,#12299,.F.);
#12301=CARTESIAN_POINT('',(0.015050000000000112,0.00107,-0.007705999999999855));
#12302=DIRECTION('',(0.,0.,1.));
#12303=VECTOR('',#12302,1.);
#12304=LINE('',#12301,#12303);
#12305=CARTESIAN_POINT('',(0.015050000000000112,0.00107,-0.007705999999999855));
#12306=VERTEX_POINT('',#12305);
#12307=EDGE_CURVE('',#12306,#12298,#12304,.T.);
#12308=ORIENTED_EDGE('',*,*,#12307,.F.);
#12309=CARTESIAN_POINT('',(0.017550000000000048,0.00107,-0.007705999999999998));
#12310=DIRECTION('',(1.,0.,-5.689893001204072E-14));
#12311=VECTOR('',#12310,1.);
#12312=LINE('',#12309,#12311);
#12313=EDGE_CURVE('',#7480,#12306,#12312,.T.);
#12314=ORIENTED_EDGE('',*,*,#12313,.F.);
#12315=EDGE_LOOP('',(#12278,#12286,#12292,#12300,#12308,#12314));
#12316=FACE_OUTER_BOUND('',#12315,.T.);
#12317=ADVANCED_FACE('',(#12316),#12272,.T.);
#12318=CARTESIAN_POINT('',(0.017550000000000048,0.00107,-0.007705999999999998));
#12319=DIRECTION('',(5.689893001204074E-14,0.,1.));
#12320=DIRECTION('',(1.,0.,-5.689893001204074E-14));
#12321=AXIS2_PLACEMENT_3D('',#12318,#12319,#12320);
#12322=PLANE('',#12321);
#12323=CARTESIAN_POINT('',(0.017550000000000048,0.00107,-0.007705999999999998));
#12324=DIRECTION('',(1.,0.,-5.689893001204072E-14));
#12325=VECTOR('',#12324,1.);
#12326=LINE('',#12323,#12325);
#12327=EDGE_CURVE('',#7480,#12306,#12326,.T.);
#12328=ORIENTED_EDGE('',*,*,#12327,.F.);
#12329=CARTESIAN_POINT('',(0.01600000000000016,0.00108,-0.007705999999999909));
#12330=DIRECTION('',(0.,1.,0.));
#12331=VECTOR('',#12330,1.);
#12332=LINE('',#12329,#12331);
#12333=EDGE_CURVE('',#7472,#7480,#12332,.T.);
#12334=ORIENTED_EDGE('',*,*,#12333,.F.);
#12335=CARTESIAN_POINT('',(0.017550000000000048,0.00108,-0.007705999999999998));
#12336=DIRECTION('',(1.,0.,-5.689893001204072E-14));
#12337=VECTOR('',#12336,1.);
#12338=LINE('',#12335,#12337);
#12339=EDGE_CURVE('',#9900,#7472,#12338,.T.);
#12340=ORIENTED_EDGE('',*,*,#12339,.F.);
#12341=CARTESIAN_POINT('',(0.015050000000000112,0.00107,-0.007705999999999855));
#12342=DIRECTION('',(0.,1.,0.));
#12343=VECTOR('',#12342,1.);
#12344=LINE('',#12341,#12343);
#12345=EDGE_CURVE('',#9900,#12306,#12344,.T.);
#12346=ORIENTED_EDGE('',*,*,#12345,.T.);
#12347=EDGE_LOOP('',(#12328,#12334,#12340,#12346));
#12348=FACE_OUTER_BOUND('',#12347,.T.);
#12349=ADVANCED_FACE('',(#12348),#12322,.F.);
#12350=CARTESIAN_POINT('',(0.01755000000000004,0.00107,-0.009165999999999997));
#12351=DIRECTION('',(-5.689893001204089E-14,0.,-1.));
#12352=DIRECTION('',(-1.,0.,5.689893001204089E-14));
#12353=AXIS2_PLACEMENT_3D('',#12350,#12351,#12352);
#12354=PLANE('',#12353);
#12355=CARTESIAN_POINT('',(0.016000000000000052,0.00108,-0.009165999999999909));
#12356=DIRECTION('',(0.,-1.,0.));
#12357=VECTOR('',#12356,1.);
#12358=LINE('',#12355,#12357);
#12359=EDGE_CURVE('',#7544,#7552,#12358,.T.);
#12360=ORIENTED_EDGE('',*,*,#12359,.F.);
#12361=CARTESIAN_POINT('',(0.01755000000000004,0.00107,-0.009165999999999997));
#12362=DIRECTION('',(-1.,0.,5.689893001204088E-14));
#12363=VECTOR('',#12362,1.);
#12364=LINE('',#12361,#12363);
#12365=EDGE_CURVE('',#12298,#7544,#12364,.T.);
#12366=ORIENTED_EDGE('',*,*,#12365,.F.);
#12367=CARTESIAN_POINT('',(0.015050000000000112,0.00107,-0.009165999999999855));
#12368=DIRECTION('',(0.,1.,0.));
#12369=VECTOR('',#12368,1.);
#12370=LINE('',#12367,#12369);
#12371=EDGE_CURVE('',#12298,#9908,#12370,.T.);
#12372=ORIENTED_EDGE('',*,*,#12371,.T.);
#12373=CARTESIAN_POINT('',(-0.007825000000001104,0.00108,-0.009165999999998554));
#12374=DIRECTION('',(-1.,0.,5.689893001204089E-14));
#12375=VECTOR('',#12374,1.);
#12376=LINE('',#12373,#12375);
#12377=EDGE_CURVE('',#7552,#9908,#12376,.T.);
#12378=ORIENTED_EDGE('',*,*,#12377,.F.);
#12379=EDGE_LOOP('',(#12360,#12366,#12372,#12378));
#12380=FACE_OUTER_BOUND('',#12379,.T.);
#12381=ADVANCED_FACE('',(#12380),#12354,.F.);
#12382=CARTESIAN_POINT('',(0.015050000000000112,0.00107,-0.007705999999999855));
#12383=DIRECTION('',(-1.,0.,0.));
#12384=DIRECTION('',(0.,0.,1.));
#12385=AXIS2_PLACEMENT_3D('',#12382,#12383,#12384);
#12386=PLANE('',#12385);
#12387=CARTESIAN_POINT('',(0.015050000000000112,0.00107,-0.009165999999999855));
#12388=DIRECTION('',(0.,1.,0.));
#12389=VECTOR('',#12388,1.);
#12390=LINE('',#12387,#12389);
#12391=EDGE_CURVE('',#12298,#9908,#12390,.T.);
#12392=ORIENTED_EDGE('',*,*,#12391,.F.);
#12393=CARTESIAN_POINT('',(0.015050000000000112,0.00107,-0.007705999999999855));
#12394=DIRECTION('',(0.,0.,1.));
#12395=VECTOR('',#12394,1.);
#12396=LINE('',#12393,#12395);
#12397=EDGE_CURVE('',#12306,#12298,#12396,.T.);
#12398=ORIENTED_EDGE('',*,*,#12397,.F.);
#12399=CARTESIAN_POINT('',(0.015050000000000112,0.00107,-0.007705999999999855));
#12400=DIRECTION('',(0.,1.,0.));
#12401=VECTOR('',#12400,1.);
#12402=LINE('',#12399,#12401);
#12403=EDGE_CURVE('',#9900,#12306,#12402,.T.);
#12404=ORIENTED_EDGE('',*,*,#12403,.F.);
#12405=CARTESIAN_POINT('',(0.015050000000000112,0.00108,-0.007705999999999855));
#12406=DIRECTION('',(0.,0.,1.));
#12407=VECTOR('',#12406,1.);
#12408=LINE('',#12405,#12407);
#12409=EDGE_CURVE('',#9908,#9900,#12408,.T.);
#12410=ORIENTED_EDGE('',*,*,#12409,.F.);
#12411=EDGE_LOOP('',(#12392,#12398,#12404,#12410));
#12412=FACE_OUTER_BOUND('',#12411,.T.);
#12413=ADVANCED_FACE('',(#12412),#12386,.F.);
#12414=CARTESIAN_POINT('',(0.,0.00107,0.));
#12415=DIRECTION('',(0.,1.,0.));
#12416=DIRECTION('',(0.,0.,1.));
#12417=AXIS2_PLACEMENT_3D('',#12414,#12415,#12416);
#12418=PLANE('',#12417);
#12419=CARTESIAN_POINT('',(0.01599999999999989,0.00107,-0.01600000000000011));
#12420=DIRECTION('',(-1.,0.,6.9011647977884145E-15));
#12421=VECTOR('',#12420,1.);
#12422=LINE('',#12419,#12421);
#12423=EDGE_CURVE('',#7620,#7628,#12422,.T.);
#12424=ORIENTED_EDGE('',*,*,#12423,.T.);
#12425=CARTESIAN_POINT('',(0.0017492857142853715,0.00107,-0.01600000000000001));
#12426=CARTESIAN_POINT('',(0.0015592228197016742,0.00107,-0.015597700206464515));
#12427=CARTESIAN_POINT('',(0.0011142857142853741,0.00107,-0.015597700206464513));
#12428=CARTESIAN_POINT('',(0.000669348608869074,0.00107,-0.015597700206464511));
#12429=CARTESIAN_POINT('',(0.00047928571428537236,0.00107,-0.016000000000000004));
#12430=(BOUNDED_CURVE() B_SPLINE_CURVE(2,(#12425,#12426,#12427,#12428,#12429),.UNSPECIFIED.,.F.,.F.) B_SPLINE_CURVE_WITH_KNOTS((3,2,3),(0.,1.,2.),.UNSPECIFIED.) CURVE() GEOMETRIC_REPRESENTATION_ITEM() RATIONAL_B_SPLINE_CURVE((1.,0.8447390137065804,1.,0.8447390137065804,1.)) REPRESENTATION_ITEM(''));
#12431=EDGE_CURVE('',#7628,#7676,#12430,.T.);
#12432=ORIENTED_EDGE('',*,*,#12431,.T.);
#12433=CARTESIAN_POINT('',(0.0004792857142853724,0.00107,-0.016000000000000004));
#12434=DIRECTION('',(-1.,0.,-2.7815179571867553E-13));
#12435=VECTOR('',#12434,1.);
#12436=LINE('',#12433,#12435);
#12437=EDGE_CURVE('',#7676,#7684,#12436,.T.);
#12438=ORIENTED_EDGE('',*,*,#12437,.T.);
#12439=CARTESIAN_POINT('',(0.0003878571428567986,0.00107,-0.01754999999999995));
#12440=DIRECTION('',(1.0063564565011254E-13,0.,1.));
#12441=VECTOR('',#12440,1.);
#12442=LINE('',#12439,#12441);
#12443=CARTESIAN_POINT('',(0.0003878571428570502,0.00107,-0.01505000000000015));
#12444=VERTEX_POINT('',#12443);
#12445=EDGE_CURVE('',#12444,#7684,#12442,.T.);
#12446=ORIENTED_EDGE('',*,*,#12445,.F.);
#12447=CARTESIAN_POINT('',(0.0018478571428570496,0.00107,-0.015050000000000138));
#12448=DIRECTION('',(1.,0.,8.317167350573735E-15));
#12449=VECTOR('',#12448,1.);
#12450=LINE('',#12447,#12449);
#12451=CARTESIAN_POINT('',(0.0018478571428570496,0.00107,-0.015050000000000138));
#12452=VERTEX_POINT('',#12451);
#12453=EDGE_CURVE('',#12452,#12444,#12450,.T.);
#12454=ORIENTED_EDGE('',*,*,#12453,.F.);
#12455=CARTESIAN_POINT('',(0.0018478571428567996,0.00107,-0.01754999999999995));
#12456=DIRECTION('',(-1.000068083900704E-13,0.,-1.));
#12457=VECTOR('',#12456,1.);
#12458=LINE('',#12455,#12457);
#12459=EDGE_CURVE('',#7620,#12452,#12458,.T.);
#12460=ORIENTED_EDGE('',*,*,#12459,.F.);
#12461=EDGE_LOOP('',(#12424,#12432,#12438,#12446,#12454,#12460));
#12462=FACE_OUTER_BOUND('',#12461,.T.);
#12463=ADVANCED_FACE('',(#12462),#12418,.T.);
#12464=CARTESIAN_POINT('',(0.0018478571428567996,0.00107,-0.01754999999999995));
#12465=DIRECTION('',(1.,0.,-1.000068083900704E-13));
#12466=DIRECTION('',(-1.0000680839007041E-13,0.,-1.));
#12467=AXIS2_PLACEMENT_3D('',#12464,#12465,#12466);
#12468=PLANE('',#12467);
#12469=CARTESIAN_POINT('',(0.0018478571428567996,0.00107,-0.01754999999999995));
#12470=DIRECTION('',(-1.000068083900704E-13,0.,-1.));
#12471=VECTOR('',#12470,1.);
#12472=LINE('',#12469,#12471);
#12473=EDGE_CURVE('',#7620,#12452,#12472,.T.);
#12474=ORIENTED_EDGE('',*,*,#12473,.F.);
#12475=CARTESIAN_POINT('',(0.0018478571428569533,0.00108,-0.016000000000000014));
#12476=DIRECTION('',(0.,1.,0.));
#12477=VECTOR('',#12476,1.);
#12478=LINE('',#12475,#12477);
#12479=EDGE_CURVE('',#7612,#7620,#12478,.T.);
#12480=ORIENTED_EDGE('',*,*,#12479,.F.);
#12481=CARTESIAN_POINT('',(0.0018478571428567996,0.00108,-0.01754999999999995));
#12482=DIRECTION('',(-1.000068083900704E-13,0.,-1.));
#12483=VECTOR('',#12482,1.);
#12484=LINE('',#12481,#12483);
#12485=EDGE_CURVE('',#9406,#7612,#12484,.T.);
#12486=ORIENTED_EDGE('',*,*,#12485,.F.);
#12487=CARTESIAN_POINT('',(0.0018478571428570496,0.00107,-0.015050000000000138));
#12488=DIRECTION('',(0.,1.,0.));
#12489=VECTOR('',#12488,1.);
#12490=LINE('',#12487,#12489);
#12491=EDGE_CURVE('',#9406,#12452,#12490,.T.);
#12492=ORIENTED_EDGE('',*,*,#12491,.T.);
#12493=EDGE_LOOP('',(#12474,#12480,#12486,#12492));
#12494=FACE_OUTER_BOUND('',#12493,.T.);
#12495=ADVANCED_FACE('',(#12494),#12468,.F.);
#12496=CARTESIAN_POINT('',(0.0003878571428567986,0.00107,-0.01754999999999995));
#12497=DIRECTION('',(-1.,0.,1.0063564565011255E-13));
#12498=DIRECTION('',(1.0063564565011256E-13,0.,1.));
#12499=AXIS2_PLACEMENT_3D('',#12496,#12497,#12498);
#12500=PLANE('',#12499);
#12501=CARTESIAN_POINT('',(0.0003878571428569546,0.00108,-0.016000000000000028));
#12502=DIRECTION('',(0.,-1.,0.));
#12503=VECTOR('',#12502,1.);
#12504=LINE('',#12501,#12503);
#12505=EDGE_CURVE('',#7684,#7692,#12504,.T.);
#12506=ORIENTED_EDGE('',*,*,#12505,.F.);
#12507=CARTESIAN_POINT('',(0.0003878571428567986,0.00107,-0.01754999999999995));
#12508=DIRECTION('',(1.0063564565011254E-13,0.,1.));
#12509=VECTOR('',#12508,1.);
#12510=LINE('',#12507,#12509);
#12511=EDGE_CURVE('',#12444,#7684,#12510,.T.);
#12512=ORIENTED_EDGE('',*,*,#12511,.F.);
#12513=CARTESIAN_POINT('',(0.0003878571428570502,0.00107,-0.01505000000000015));
#12514=DIRECTION('',(0.,1.,0.));
#12515=VECTOR('',#12514,1.);
#12516=LINE('',#12513,#12515);
#12517=EDGE_CURVE('',#12444,#9414,#12516,.T.);
#12518=ORIENTED_EDGE('',*,*,#12517,.T.);
#12519=CARTESIAN_POINT('',(0.00038785714286020644,0.00108,0.016299999999999187));
#12520=DIRECTION('',(1.0063564565011256E-13,0.,1.));
#12521=VECTOR('',#12520,1.);
#12522=LINE('',#12519,#12521);
#12523=EDGE_CURVE('',#7692,#9414,#12522,.T.);
#12524=ORIENTED_EDGE('',*,*,#12523,.F.);
#12525=EDGE_LOOP('',(#12506,#12512,#12518,#12524));
#12526=FACE_OUTER_BOUND('',#12525,.T.);
#12527=ADVANCED_FACE('',(#12526),#12500,.F.);
#12528=CARTESIAN_POINT('',(0.0018478571428570496,0.00107,-0.015050000000000138));
#12529=DIRECTION('',(-8.317167350573737E-15,0.,1.));
#12530=DIRECTION('',(1.,0.,8.317167350573737E-15));
#12531=AXIS2_PLACEMENT_3D('',#12528,#12529,#12530);
#12532=PLANE('',#12531);
#12533=CARTESIAN_POINT('',(0.0003878571428570502,0.00107,-0.01505000000000015));
#12534=DIRECTION('',(0.,1.,0.));
#12535=VECTOR('',#12534,1.);
#12536=LINE('',#12533,#12535);
#12537=EDGE_CURVE('',#12444,#9414,#12536,.T.);
#12538=ORIENTED_EDGE('',*,*,#12537,.F.);
#12539=CARTESIAN_POINT('',(0.0018478571428570496,0.00107,-0.015050000000000138));
#12540=DIRECTION('',(1.,0.,8.317167350573735E-15));
#12541=VECTOR('',#12540,1.);
#12542=LINE('',#12539,#12541);
#12543=EDGE_CURVE('',#12452,#12444,#12542,.T.);
#12544=ORIENTED_EDGE('',*,*,#12543,.F.);
#12545=CARTESIAN_POINT('',(0.0018478571428570496,0.00107,-0.015050000000000138));
#12546=DIRECTION('',(0.,1.,0.));
#12547=VECTOR('',#12546,1.);
#12548=LINE('',#12545,#12547);
#12549=EDGE_CURVE('',#9406,#12452,#12548,.T.);
#12550=ORIENTED_EDGE('',*,*,#12549,.F.);
#12551=CARTESIAN_POINT('',(0.0018478571428570496,0.00108,-0.015050000000000138));
#12552=DIRECTION('',(1.,0.,8.317167350573735E-15));
#12553=VECTOR('',#12552,1.);
#12554=LINE('',#12551,#12553);
#12555=EDGE_CURVE('',#9414,#9406,#12554,.T.);
#12556=ORIENTED_EDGE('',*,*,#12555,.F.);
#12557=EDGE_LOOP('',(#12538,#12544,#12550,#12556));
#12558=FACE_OUTER_BOUND('',#12557,.T.);
#12559=ADVANCED_FACE('',(#12558),#12532,.F.);
#12560=CARTESIAN_POINT('',(0.,0.00001,0.));
#12561=DIRECTION('',(0.,1.,0.));
#12562=DIRECTION('',(0.,0.,1.));
#12563=AXIS2_PLACEMENT_3D('',#12560,#12561,#12562);
#12564=PLANE('',#12563);
#12565=CARTESIAN_POINT('',(-0.01600000000000011,0.000010000000000000026,-0.01599999999999989));
#12566=DIRECTION('',(8.200669399367356E-15,0.,1.));
#12567=VECTOR('',#12566,1.);
#12568=LINE('',#12565,#12567);
#12569=EDGE_CURVE('',#7880,#7888,#12568,.T.);
#12570=ORIENTED_EDGE('',*,*,#12569,.F.);
#12571=CARTESIAN_POINT('',(-0.016000000000000045,0.000010000000000000026,-0.007800999999999857));
#12572=CARTESIAN_POINT('',(-0.015597700206464553,0.000010000000000000026,-0.007991062894583558));
#12573=CARTESIAN_POINT('',(-0.015597700206464555,0.000010000000000000026,-0.008435999999999859));
#12574=CARTESIAN_POINT('',(-0.015597700206464556,0.000010000000000000026,-0.008880937105416159));
#12575=CARTESIAN_POINT('',(-0.016000000000000052,0.000010000000000000026,-0.009070999999999855));
#12576=(BOUNDED_CURVE() B_SPLINE_CURVE(2,(#12571,#12572,#12573,#12574,#12575),.UNSPECIFIED.,.F.,.F.) B_SPLINE_CURVE_WITH_KNOTS((3,2,3),(0.,1.,2.),.UNSPECIFIED.) CURVE() GEOMETRIC_REPRESENTATION_ITEM() RATIONAL_B_SPLINE_CURVE((1.,0.8447390137065804,1.,0.8447390137065804,1.)) REPRESENTATION_ITEM(''));
#12577=EDGE_CURVE('',#7928,#7880,#12576,.T.);
#12578=ORIENTED_EDGE('',*,*,#12577,.F.);
#12579=CARTESIAN_POINT('',(-0.016000000000000045,0.000010000000000000026,-0.007800999999999857));
#12580=DIRECTION('',(0.,0.,1.));
#12581=VECTOR('',#12580,1.);
#12582=LINE('',#12579,#12581);
#12583=EDGE_CURVE('',#7920,#7928,#12582,.T.);
#12584=ORIENTED_EDGE('',*,*,#12583,.F.);
#12585=CARTESIAN_POINT('',(-0.007824999999999655,0.00001,-0.007705999999999855));
#12586=DIRECTION('',(1.,0.,0.));
#12587=VECTOR('',#12586,1.);
#12588=LINE('',#12585,#12587);
#12589=CARTESIAN_POINT('',(-0.015049999999999886,0.00001,-0.007705999999999855));
#12590=VERTEX_POINT('',#12589);
#12591=EDGE_CURVE('',#7920,#12590,#12588,.T.);
#12592=ORIENTED_EDGE('',*,*,#12591,.T.);
#12593=CARTESIAN_POINT('',(-0.015049999999999886,0.00001,0.016300000000000012));
#12594=DIRECTION('',(0.,0.,-1.));
#12595=VECTOR('',#12594,1.);
#12596=LINE('',#12593,#12595);
#12597=CARTESIAN_POINT('',(-0.015049999999999886,0.00001,-0.009165999999999855));
#12598=VERTEX_POINT('',#12597);
#12599=EDGE_CURVE('',#12590,#12598,#12596,.T.);
#12600=ORIENTED_EDGE('',*,*,#12599,.T.);
#12601=CARTESIAN_POINT('',(-0.007824999999999655,0.00001,-0.009165999999999855));
#12602=DIRECTION('',(-1.,0.,0.));
#12603=VECTOR('',#12602,1.);
#12604=LINE('',#12601,#12603);
#12605=EDGE_CURVE('',#12598,#7888,#12604,.T.);
#12606=ORIENTED_EDGE('',*,*,#12605,.T.);
#12607=EDGE_LOOP('',(#12570,#12578,#12584,#12592,#12600,#12606));
#12608=FACE_OUTER_BOUND('',#12607,.T.);
#12609=ADVANCED_FACE('',(#12608),#12564,.F.);
#12610=CARTESIAN_POINT('',(-0.007824999999999655,0.00001,-0.007705999999999855));
#12611=DIRECTION('',(0.,0.,-1.));
#12612=DIRECTION('',(-1.,0.,0.));
#12613=AXIS2_PLACEMENT_3D('',#12610,#12611,#12612);
#12614=PLANE('',#12613);
#12615=CARTESIAN_POINT('',(-0.016000000000000045,0.00108,-0.007705999999999855));
#12616=DIRECTION('',(0.,1.,0.));
#12617=VECTOR('',#12616,1.);
#12618=LINE('',#12615,#12617);
#12619=EDGE_CURVE('',#7912,#7920,#12618,.T.);
#12620=ORIENTED_EDGE('',*,*,#12619,.T.);
#12621=CARTESIAN_POINT('',(-0.007824999999999655,0.00001,-0.007705999999999855));
#12622=DIRECTION('',(1.,0.,0.));
#12623=VECTOR('',#12622,1.);
#12624=LINE('',#12621,#12623);
#12625=EDGE_CURVE('',#7920,#12590,#12624,.T.);
#12626=ORIENTED_EDGE('',*,*,#12625,.T.);
#12627=CARTESIAN_POINT('',(-0.015049999999999886,0.00001,-0.007705999999999855));
#12628=DIRECTION('',(0.,-1.,0.));
#12629=VECTOR('',#12628,1.);
#12630=LINE('',#12627,#12629);
#12631=EDGE_CURVE('',#8292,#12590,#12630,.T.);
#12632=ORIENTED_EDGE('',*,*,#12631,.F.);
#12633=CARTESIAN_POINT('',(-0.007824999999999655,0.,-0.007705999999999855));
#12634=DIRECTION('',(-1.,0.,0.));
#12635=VECTOR('',#12634,1.);
#12636=LINE('',#12633,#12635);
#12637=EDGE_CURVE('',#8292,#7912,#12636,.T.);
#12638=ORIENTED_EDGE('',*,*,#12637,.T.);
#12639=EDGE_LOOP('',(#12620,#12626,#12632,#12638));
#12640=FACE_OUTER_BOUND('',#12639,.T.);
#12641=ADVANCED_FACE('',(#12640),#12614,.T.);
#12642=CARTESIAN_POINT('',(-0.007824999999999655,0.00001,-0.009165999999999855));
#12643=DIRECTION('',(0.,0.,1.));
#12644=DIRECTION('',(1.,0.,0.));
#12645=AXIS2_PLACEMENT_3D('',#12642,#12643,#12644);
#12646=PLANE('',#12645);
#12647=CARTESIAN_POINT('',(-0.016000000000000056,0.00108,-0.009165999999999855));
#12648=DIRECTION('',(0.,-1.,0.));
#12649=VECTOR('',#12648,1.);
#12650=LINE('',#12647,#12649);
#12651=EDGE_CURVE('',#7888,#7842,#12650,.T.);
#12652=ORIENTED_EDGE('',*,*,#12651,.T.);
#12653=CARTESIAN_POINT('',(-0.007824999999999655,0.,-0.009165999999999855));
#12654=DIRECTION('',(-1.,0.,0.));
#12655=VECTOR('',#12654,1.);
#12656=LINE('',#12653,#12655);
#12657=EDGE_CURVE('',#7842,#8284,#12656,.T.);
#12658=ORIENTED_EDGE('',*,*,#12657,.T.);
#12659=CARTESIAN_POINT('',(-0.015049999999999886,0.00001,-0.009165999999999855));
#12660=DIRECTION('',(0.,-1.,0.));
#12661=VECTOR('',#12660,1.);
#12662=LINE('',#12659,#12661);
#12663=EDGE_CURVE('',#12598,#8284,#12662,.T.);
#12664=ORIENTED_EDGE('',*,*,#12663,.F.);
#12665=CARTESIAN_POINT('',(-0.007824999999999655,0.00001,-0.009165999999999855));
#12666=DIRECTION('',(-1.,0.,0.));
#12667=VECTOR('',#12666,1.);
#12668=LINE('',#12665,#12667);
#12669=EDGE_CURVE('',#12598,#7888,#12668,.T.);
#12670=ORIENTED_EDGE('',*,*,#12669,.T.);
#12671=EDGE_LOOP('',(#12652,#12658,#12664,#12670));
#12672=FACE_OUTER_BOUND('',#12671,.T.);
#12673=ADVANCED_FACE('',(#12672),#12646,.T.);
#12674=CARTESIAN_POINT('',(-0.015049999999999886,0.00001,0.016300000000000012));
#12675=DIRECTION('',(-1.,0.,0.));
#12676=DIRECTION('',(0.,0.,1.));
#12677=AXIS2_PLACEMENT_3D('',#12674,#12675,#12676);
#12678=PLANE('',#12677);
#12679=CARTESIAN_POINT('',(-0.015049999999999886,0.00001,-0.007705999999999855));
#12680=DIRECTION('',(0.,-1.,0.));
#12681=VECTOR('',#12680,1.);
#12682=LINE('',#12679,#12681);
#12683=EDGE_CURVE('',#8292,#12590,#12682,.T.);
#12684=ORIENTED_EDGE('',*,*,#12683,.T.);
#12685=CARTESIAN_POINT('',(-0.015049999999999886,0.00001,0.016300000000000012));
#12686=DIRECTION('',(0.,0.,-1.));
#12687=VECTOR('',#12686,1.);
#12688=LINE('',#12685,#12687);
#12689=EDGE_CURVE('',#12590,#12598,#12688,.T.);
#12690=ORIENTED_EDGE('',*,*,#12689,.T.);
#12691=CARTESIAN_POINT('',(-0.015049999999999886,0.00001,-0.009165999999999855));
#12692=DIRECTION('',(0.,-1.,0.));
#12693=VECTOR('',#12692,1.);
#12694=LINE('',#12691,#12693);
#12695=EDGE_CURVE('',#12598,#8284,#12694,.T.);
#12696=ORIENTED_EDGE('',*,*,#12695,.T.);
#12697=CARTESIAN_POINT('',(-0.015049999999999886,0.,0.016300000000000012));
#12698=DIRECTION('',(0.,0.,-1.));
#12699=VECTOR('',#12698,1.);
#12700=LINE('',#12697,#12699);
#12701=EDGE_CURVE('',#8284,#8292,#12700,.T.);
#12702=ORIENTED_EDGE('',*,*,#12701,.T.);
#12703=EDGE_LOOP('',(#12684,#12690,#12696,#12702));
#12704=FACE_OUTER_BOUND('',#12703,.T.);
#12705=ADVANCED_FACE('',(#12704),#12678,.T.);
#12706=CARTESIAN_POINT('',(0.,0.00001,0.));
#12707=DIRECTION('',(0.,1.,0.));
#12708=DIRECTION('',(0.,0.,1.));
#12709=AXIS2_PLACEMENT_3D('',#12706,#12707,#12708);
#12710=PLANE('',#12709);
#12711=CARTESIAN_POINT('',(0.0004792857142853724,0.000010000000000000026,-0.016000000000000004));
#12712=DIRECTION('',(-1.,0.,-2.7815179571867553E-13));
#12713=VECTOR('',#12712,1.);
#12714=LINE('',#12711,#12713);
#12715=EDGE_CURVE('',#7724,#7732,#12714,.T.);
#12716=ORIENTED_EDGE('',*,*,#12715,.F.);
#12717=CARTESIAN_POINT('',(-0.0017492857142856002,0.000010000000000000026,-0.01600000000000027));
#12718=CARTESIAN_POINT('',(-0.0015592228197019026,0.000010000000000000026,-0.015597700206464773));
#12719=CARTESIAN_POINT('',(-0.0011142857142855999,0.000010000000000000026,-0.015597700206464773));
#12720=CARTESIAN_POINT('',(-0.0006693486088692973,0.000010000000000000026,-0.015597700206464773));
#12721=CARTESIAN_POINT('',(-0.00047928571428559896,0.000010000000000000026,-0.01600000000000027));
#12722=(BOUNDED_CURVE() B_SPLINE_CURVE(2,(#12717,#12718,#12719,#12720,#12721),.UNSPECIFIED.,.F.,.F.) B_SPLINE_CURVE_WITH_KNOTS((3,2,3),(0.,1.,2.),.UNSPECIFIED.) CURVE() GEOMETRIC_REPRESENTATION_ITEM() RATIONAL_B_SPLINE_CURVE((1.,0.8447390137065791,1.,0.8447390137065791,1.)) REPRESENTATION_ITEM(''));
#12723=EDGE_CURVE('',#7772,#7724,#12722,.T.);
#12724=ORIENTED_EDGE('',*,*,#12723,.F.);
#12725=CARTESIAN_POINT('',(-0.0017492857142856002,0.000010000000000000026,-0.01600000000000027));
#12726=DIRECTION('',(-1.,0.,2.683786310251051E-14));
#12727=VECTOR('',#12726,1.);
#12728=LINE('',#12725,#12727);
#12729=EDGE_CURVE('',#7770,#7772,#12728,.T.);
#12730=ORIENTED_EDGE('',*,*,#12729,.F.);
#12731=CARTESIAN_POINT('',(-0.0018478571428599145,0.00001,0.016300000000000564));
#12732=DIRECTION('',(-9.202708040057708E-14,0.,1.));
#12733=VECTOR('',#12732,1.);
#12734=LINE('',#12731,#12733);
#12735=CARTESIAN_POINT('',(-0.0018478571428570296,0.00001,-0.015050000000000157));
#12736=VERTEX_POINT('',#12735);
#12737=EDGE_CURVE('',#7770,#12736,#12734,.T.);
#12738=ORIENTED_EDGE('',*,*,#12737,.T.);
#12739=CARTESIAN_POINT('',(-0.007824999999999655,0.00001,-0.015050000000000157));
#12740=DIRECTION('',(1.,0.,0.));
#12741=VECTOR('',#12740,1.);
#12742=LINE('',#12739,#12741);
#12743=CARTESIAN_POINT('',(-0.00038785714285702983,0.00001,-0.01505000000000016));
#12744=VERTEX_POINT('',#12743);
#12745=EDGE_CURVE('',#12736,#12744,#12742,.T.);
#12746=ORIENTED_EDGE('',*,*,#12745,.T.);
#12747=CARTESIAN_POINT('',(-0.0003878571428599332,0.00001,0.016300000000000703));
#12748=DIRECTION('',(9.26125495737193E-14,0.,-1.));
#12749=VECTOR('',#12748,1.);
#12750=LINE('',#12747,#12749);
#12751=EDGE_CURVE('',#12744,#7732,#12750,.T.);
#12752=ORIENTED_EDGE('',*,*,#12751,.T.);
#12753=EDGE_LOOP('',(#12716,#12724,#12730,#12738,#12746,#12752));
#12754=FACE_OUTER_BOUND('',#12753,.T.);
#12755=ADVANCED_FACE('',(#12754),#12710,.F.);
#12756=CARTESIAN_POINT('',(-0.0018478571428599145,0.00001,0.016300000000000564));
#12757=DIRECTION('',(1.,0.,9.202708040057709E-14));
#12758=DIRECTION('',(9.20270804005771E-14,0.,-1.));
#12759=AXIS2_PLACEMENT_3D('',#12756,#12757,#12758);
#12760=PLANE('',#12759);
#12761=CARTESIAN_POINT('',(-0.001847857142856942,0.00108,-0.016000000000000267));
#12762=DIRECTION('',(0.,1.,0.));
#12763=VECTOR('',#12762,1.);
#12764=LINE('',#12761,#12763);
#12765=EDGE_CURVE('',#7820,#7770,#12764,.T.);
#12766=ORIENTED_EDGE('',*,*,#12765,.T.);
#12767=CARTESIAN_POINT('',(-0.0018478571428599145,0.00001,0.016300000000000564));
#12768=DIRECTION('',(-9.202708040057708E-14,0.,1.));
#12769=VECTOR('',#12768,1.);
#12770=LINE('',#12767,#12769);
#12771=EDGE_CURVE('',#7770,#12736,#12770,.T.);
#12772=ORIENTED_EDGE('',*,*,#12771,.T.);
#12773=CARTESIAN_POINT('',(-0.0018478571428570296,0.00001,-0.015050000000000157));
#12774=DIRECTION('',(0.,-1.,0.));
#12775=VECTOR('',#12774,1.);
#12776=LINE('',#12773,#12775);
#12777=EDGE_CURVE('',#8258,#12736,#12776,.T.);
#12778=ORIENTED_EDGE('',*,*,#12777,.F.);
#12779=CARTESIAN_POINT('',(-0.0018478571428599145,0.,0.016300000000000564));
#12780=DIRECTION('',(9.20270804005771E-14,0.,-1.));
#12781=VECTOR('',#12780,1.);
#12782=LINE('',#12779,#12781);
#12783=EDGE_CURVE('',#8258,#7820,#12782,.T.);
#12784=ORIENTED_EDGE('',*,*,#12783,.T.);
#12785=EDGE_LOOP('',(#12766,#12772,#12778,#12784));
#12786=FACE_OUTER_BOUND('',#12785,.T.);
#12787=ADVANCED_FACE('',(#12786),#12760,.T.);
#12788=CARTESIAN_POINT('',(-0.0003878571428599332,0.00001,0.016300000000000703));
#12789=DIRECTION('',(-1.,0.,-9.26125495737193E-14));
#12790=DIRECTION('',(-9.261254957371931E-14,0.,1.));
#12791=AXIS2_PLACEMENT_3D('',#12788,#12789,#12790);
#12792=PLANE('',#12791);
#12793=CARTESIAN_POINT('',(-0.00038785714285694185,0.00108,-0.016000000000000247));
#12794=DIRECTION('',(0.,-1.,0.));
#12795=VECTOR('',#12794,1.);
#12796=LINE('',#12793,#12795);
#12797=EDGE_CURVE('',#7732,#7740,#12796,.T.);
#12798=ORIENTED_EDGE('',*,*,#12797,.T.);
#12799=CARTESIAN_POINT('',(-0.0003878571428599332,0.,0.016300000000000703));
#12800=DIRECTION('',(9.26125495737193E-14,0.,-1.));
#12801=VECTOR('',#12800,1.);
#12802=LINE('',#12799,#12801);
#12803=EDGE_CURVE('',#7740,#8250,#12802,.T.);
#12804=ORIENTED_EDGE('',*,*,#12803,.T.);
#12805=CARTESIAN_POINT('',(-0.00038785714285702983,0.00001,-0.01505000000000016));
#12806=DIRECTION('',(0.,-1.,0.));
#12807=VECTOR('',#12806,1.);
#12808=LINE('',#12805,#12807);
#12809=EDGE_CURVE('',#12744,#8250,#12808,.T.);
#12810=ORIENTED_EDGE('',*,*,#12809,.F.);
#12811=CARTESIAN_POINT('',(-0.0003878571428599332,0.00001,0.016300000000000703));
#12812=DIRECTION('',(9.26125495737193E-14,0.,-1.));
#12813=VECTOR('',#12812,1.);
#12814=LINE('',#12811,#12813);
#12815=EDGE_CURVE('',#12744,#7732,#12814,.T.);
#12816=ORIENTED_EDGE('',*,*,#12815,.T.);
#12817=EDGE_LOOP('',(#12798,#12804,#12810,#12816));
#12818=FACE_OUTER_BOUND('',#12817,.T.);
#12819=ADVANCED_FACE('',(#12818),#12792,.T.);
#12820=CARTESIAN_POINT('',(-0.007824999999999655,0.00001,-0.015050000000000157));
#12821=DIRECTION('',(0.,0.,-1.));
#12822=DIRECTION('',(-1.,0.,0.));
#12823=AXIS2_PLACEMENT_3D('',#12820,#12821,#12822);
#12824=PLANE('',#12823);
#12825=CARTESIAN_POINT('',(-0.0018478571428570296,0.00001,-0.015050000000000157));
#12826=DIRECTION('',(0.,-1.,0.));
#12827=VECTOR('',#12826,1.);
#12828=LINE('',#12825,#12827);
#12829=EDGE_CURVE('',#8258,#12736,#12828,.T.);
#12830=ORIENTED_EDGE('',*,*,#12829,.T.);
#12831=CARTESIAN_POINT('',(-0.007824999999999655,0.00001,-0.015050000000000157));
#12832=DIRECTION('',(1.,0.,0.));
#12833=VECTOR('',#12832,1.);
#12834=LINE('',#12831,#12833);
#12835=EDGE_CURVE('',#12736,#12744,#12834,.T.);
#12836=ORIENTED_EDGE('',*,*,#12835,.T.);
#12837=CARTESIAN_POINT('',(-0.00038785714285702983,0.00001,-0.01505000000000016));
#12838=DIRECTION('',(0.,-1.,0.));
#12839=VECTOR('',#12838,1.);
#12840=LINE('',#12837,#12839);
#12841=EDGE_CURVE('',#12744,#8250,#12840,.T.);
#12842=ORIENTED_EDGE('',*,*,#12841,.T.);
#12843=CARTESIAN_POINT('',(-0.007824999999999655,0.,-0.015050000000000157));
#12844=DIRECTION('',(1.,0.,0.));
#12845=VECTOR('',#12844,1.);
#12846=LINE('',#12843,#12845);
#12847=EDGE_CURVE('',#8250,#8258,#12846,.T.);
#12848=ORIENTED_EDGE('',*,*,#12847,.T.);
#12849=EDGE_LOOP('',(#12830,#12836,#12842,#12848));
#12850=FACE_OUTER_BOUND('',#12849,.T.);
#12851=ADVANCED_FACE('',(#12850),#12824,.T.);
#12852=CARTESIAN_POINT('',(0.,0.00001,0.));
#12853=DIRECTION('',(0.,1.,0.));
#12854=DIRECTION('',(0.,0.,1.));
#12855=AXIS2_PLACEMENT_3D('',#12852,#12853,#12854);
#12856=PLANE('',#12855);
#12857=CARTESIAN_POINT('',(-0.016000000000000045,0.000010000000000000026,-0.007800999999999857));
#12858=DIRECTION('',(0.,0.,1.));
#12859=VECTOR('',#12858,1.);
#12860=LINE('',#12857,#12859);
#12861=EDGE_CURVE('',#7984,#7992,#12860,.T.);
#12862=ORIENTED_EDGE('',*,*,#12861,.F.);
#12863=CARTESIAN_POINT('',(-0.016000000000000035,0.000010000000000000026,-0.005564999999999856));
#12864=CARTESIAN_POINT('',(-0.01559770020646454,0.000010000000000000026,-0.005755062894583558));
#12865=CARTESIAN_POINT('',(-0.015597700206464544,0.000010000000000000026,-0.006199999999999859));
#12866=CARTESIAN_POINT('',(-0.015597700206464548,0.000010000000000000026,-0.00664493710541616));
#12867=CARTESIAN_POINT('',(-0.016000000000000045,0.000010000000000000026,-0.006834999999999856));
#12868=(BOUNDED_CURVE() B_SPLINE_CURVE(2,(#12863,#12864,#12865,#12866,#12867),.UNSPECIFIED.,.F.,.F.) B_SPLINE_CURVE_WITH_KNOTS((3,2,3),(0.,1.,2.),.UNSPECIFIED.) CURVE() GEOMETRIC_REPRESENTATION_ITEM() RATIONAL_B_SPLINE_CURVE((1.,0.8447390137065798,1.,0.8447390137065798,1.)) REPRESENTATION_ITEM(''));
#12869=EDGE_CURVE('',#8032,#7984,#12868,.T.);
#12870=ORIENTED_EDGE('',*,*,#12869,.F.);
#12871=CARTESIAN_POINT('',(-0.016000000000000035,0.000010000000000000026,-0.005564999999999856));
#12872=DIRECTION('',(2.9722845860734174E-15,0.,1.));
#12873=VECTOR('',#12872,1.);
#12874=LINE('',#12871,#12873);
#12875=EDGE_CURVE('',#8024,#8032,#12874,.T.);
#12876=ORIENTED_EDGE('',*,*,#12875,.F.);
#12877=CARTESIAN_POINT('',(-0.007824999999999655,0.00001,-0.0054699999999998535));
#12878=DIRECTION('',(1.,0.,0.));
#12879=VECTOR('',#12878,1.);
#12880=LINE('',#12877,#12879);
#12881=CARTESIAN_POINT('',(-0.015049999999999874,0.00001,-0.0054699999999998535));
#12882=VERTEX_POINT('',#12881);
#12883=EDGE_CURVE('',#8024,#12882,#12880,.T.);
#12884=ORIENTED_EDGE('',*,*,#12883,.T.);
#12885=CARTESIAN_POINT('',(-0.015049999999999874,0.00001,0.016300000000000012));
#12886=DIRECTION('',(0.,0.,-1.));
#12887=VECTOR('',#12886,1.);
#12888=LINE('',#12885,#12887);
#12889=CARTESIAN_POINT('',(-0.015049999999999874,0.00001,-0.006929999999999853));
#12890=VERTEX_POINT('',#12889);
#12891=EDGE_CURVE('',#12882,#12890,#12888,.T.);
#12892=ORIENTED_EDGE('',*,*,#12891,.T.);
#12893=CARTESIAN_POINT('',(-0.007824999999999655,0.00001,-0.006929999999999853));
#12894=DIRECTION('',(-1.,0.,0.));
#12895=VECTOR('',#12894,1.);
#12896=LINE('',#12893,#12895);
#12897=EDGE_CURVE('',#12890,#7992,#12896,.T.);
#12898=ORIENTED_EDGE('',*,*,#12897,.T.);
#12899=EDGE_LOOP('',(#12862,#12870,#12876,#12884,#12892,#12898));
#12900=FACE_OUTER_BOUND('',#12899,.T.);
#12901=ADVANCED_FACE('',(#12900),#12856,.F.);
#12902=CARTESIAN_POINT('',(-0.007824999999999655,0.00001,-0.0054699999999998535));
#12903=DIRECTION('',(0.,0.,-1.));
#12904=DIRECTION('',(-1.,0.,0.));
#12905=AXIS2_PLACEMENT_3D('',#12902,#12903,#12904);
#12906=PLANE('',#12905);
#12907=CARTESIAN_POINT('',(-0.016000000000000035,0.00108,-0.0054699999999998535));
#12908=DIRECTION('',(0.,1.,0.));
#12909=VECTOR('',#12908,1.);
#12910=LINE('',#12907,#12909);
#12911=EDGE_CURVE('',#8016,#8024,#12910,.T.);
#12912=ORIENTED_EDGE('',*,*,#12911,.T.);
#12913=CARTESIAN_POINT('',(-0.007824999999999655,0.00001,-0.0054699999999998535));
#12914=DIRECTION('',(1.,0.,0.));
#12915=VECTOR('',#12914,1.);
#12916=LINE('',#12913,#12915);
#12917=EDGE_CURVE('',#8024,#12882,#12916,.T.);
#12918=ORIENTED_EDGE('',*,*,#12917,.T.);
#12919=CARTESIAN_POINT('',(-0.015049999999999874,0.00001,-0.0054699999999998535));
#12920=DIRECTION('',(0.,-1.,0.));
#12921=VECTOR('',#12920,1.);
#12922=LINE('',#12919,#12921);
#12923=EDGE_CURVE('',#8320,#12882,#12922,.T.);
#12924=ORIENTED_EDGE('',*,*,#12923,.F.);
#12925=CARTESIAN_POINT('',(-0.007824999999999655,0.,-0.0054699999999998535));
#12926=DIRECTION('',(-1.,0.,0.));
#12927=VECTOR('',#12926,1.);
#12928=LINE('',#12925,#12927);
#12929=EDGE_CURVE('',#8320,#8016,#12928,.T.);
#12930=ORIENTED_EDGE('',*,*,#12929,.T.);
#12931=EDGE_LOOP('',(#12912,#12918,#12924,#12930));
#12932=FACE_OUTER_BOUND('',#12931,.T.);
#12933=ADVANCED_FACE('',(#12932),#12906,.T.);
#12934=CARTESIAN_POINT('',(-0.007824999999999655,0.00001,-0.006929999999999853));
#12935=DIRECTION('',(0.,0.,1.));
#12936=DIRECTION('',(1.,0.,0.));
#12937=AXIS2_PLACEMENT_3D('',#12934,#12935,#12936);
#12938=PLANE('',#12937);
#12939=CARTESIAN_POINT('',(-0.016000000000000045,0.00108,-0.006929999999999853));
#12940=DIRECTION('',(0.,-1.,0.));
#12941=VECTOR('',#12940,1.);
#12942=LINE('',#12939,#12941);
#12943=EDGE_CURVE('',#7992,#7910,#12942,.T.);
#12944=ORIENTED_EDGE('',*,*,#12943,.T.);
#12945=CARTESIAN_POINT('',(-0.007824999999999655,0.,-0.006929999999999853));
#12946=DIRECTION('',(-1.,0.,0.));
#12947=VECTOR('',#12946,1.);
#12948=LINE('',#12945,#12947);
#12949=EDGE_CURVE('',#7910,#8312,#12948,.T.);
#12950=ORIENTED_EDGE('',*,*,#12949,.T.);
#12951=CARTESIAN_POINT('',(-0.015049999999999874,0.00001,-0.006929999999999853));
#12952=DIRECTION('',(0.,-1.,0.));
#12953=VECTOR('',#12952,1.);
#12954=LINE('',#12951,#12953);
#12955=EDGE_CURVE('',#12890,#8312,#12954,.T.);
#12956=ORIENTED_EDGE('',*,*,#12955,.F.);
#12957=CARTESIAN_POINT('',(-0.007824999999999655,0.00001,-0.006929999999999853));
#12958=DIRECTION('',(-1.,0.,0.));
#12959=VECTOR('',#12958,1.);
#12960=LINE('',#12957,#12959);
#12961=EDGE_CURVE('',#12890,#7992,#12960,.T.);
#12962=ORIENTED_EDGE('',*,*,#12961,.T.);
#12963=EDGE_LOOP('',(#12944,#12950,#12956,#12962));
#12964=FACE_OUTER_BOUND('',#12963,.T.);
#12965=ADVANCED_FACE('',(#12964),#12938,.T.);
#12966=CARTESIAN_POINT('',(-0.015049999999999874,0.00001,0.016300000000000012));
#12967=DIRECTION('',(-1.,0.,0.));
#12968=DIRECTION('',(0.,0.,1.));
#12969=AXIS2_PLACEMENT_3D('',#12966,#12967,#12968);
#12970=PLANE('',#12969);
#12971=CARTESIAN_POINT('',(-0.015049999999999874,0.00001,-0.0054699999999998535));
#12972=DIRECTION('',(0.,-1.,0.));
#12973=VECTOR('',#12972,1.);
#12974=LINE('',#12971,#12973);
#12975=EDGE_CURVE('',#8320,#12882,#12974,.T.);
#12976=ORIENTED_EDGE('',*,*,#12975,.T.);
#12977=CARTESIAN_POINT('',(-0.015049999999999874,0.00001,0.016300000000000012));
#12978=DIRECTION('',(0.,0.,-1.));
#12979=VECTOR('',#12978,1.);
#12980=LINE('',#12977,#12979);
#12981=EDGE_CURVE('',#12882,#12890,#12980,.T.);
#12982=ORIENTED_EDGE('',*,*,#12981,.T.);
#12983=CARTESIAN_POINT('',(-0.015049999999999874,0.00001,-0.006929999999999853));
#12984=DIRECTION('',(0.,-1.,0.));
#12985=VECTOR('',#12984,1.);
#12986=LINE('',#12983,#12985);
#12987=EDGE_CURVE('',#12890,#8312,#12986,.T.);
#12988=ORIENTED_EDGE('',*,*,#12987,.T.);
#12989=CARTESIAN_POINT('',(-0.015049999999999874,0.,0.016300000000000012));
#12990=DIRECTION('',(0.,0.,-1.));
#12991=VECTOR('',#12990,1.);
#12992=LINE('',#12989,#12991);
#12993=EDGE_CURVE('',#8312,#8320,#12992,.T.);
#12994=ORIENTED_EDGE('',*,*,#12993,.T.);
#12995=EDGE_LOOP('',(#12976,#12982,#12988,#12994));
#12996=FACE_OUTER_BOUND('',#12995,.T.);
#12997=ADVANCED_FACE('',(#12996),#12970,.T.);
#12998=CARTESIAN_POINT('',(0.,0.00001,0.));
#12999=DIRECTION('',(0.,1.,0.));
#13000=DIRECTION('',(0.,0.,1.));
#13001=AXIS2_PLACEMENT_3D('',#12998,#12999,#13000);
#13002=PLANE('',#13001);
#13003=CARTESIAN_POINT('',(-0.016000000000000035,0.000010000000000000026,-0.005564999999999856));
#13004=DIRECTION('',(2.9722845860734174E-15,0.,1.));
#13005=VECTOR('',#13004,1.);
#13006=LINE('',#13003,#13005);
#13007=EDGE_CURVE('',#8088,#8096,#13006,.T.);
#13008=ORIENTED_EDGE('',*,*,#13007,.F.);
#13009=CARTESIAN_POINT('',(-0.015999999999999997,0.000010000000000000026,0.0059990000000001405));
#13010=CARTESIAN_POINT('',(-0.015597700206464503,0.000010000000000000026,0.005808937105416439));
#13011=CARTESIAN_POINT('',(-0.015597700206464506,0.000010000000000000026,0.005364000000000138));
#13012=CARTESIAN_POINT('',(-0.01559770020646451,0.000010000000000000026,0.004919062894583837));
#13013=CARTESIAN_POINT('',(-0.016000000000000007,0.000010000000000000026,0.004729000000000141));
#13014=(BOUNDED_CURVE() B_SPLINE_CURVE(2,(#13009,#13010,#13011,#13012,#13013),.UNSPECIFIED.,.F.,.F.) B_SPLINE_CURVE_WITH_KNOTS((3,2,3),(0.,1.,2.),.UNSPECIFIED.) CURVE() GEOMETRIC_REPRESENTATION_ITEM() RATIONAL_B_SPLINE_CURVE((1.,0.8447390137065798,1.,0.8447390137065798,1.)) REPRESENTATION_ITEM(''));
#13015=EDGE_CURVE('',#8136,#8088,#13014,.T.);
#13016=ORIENTED_EDGE('',*,*,#13015,.F.);
#13017=CARTESIAN_POINT('',(-0.015999999999999997,0.000010000000000000026,0.0059990000000001405));
#13018=DIRECTION('',(0.,0.,1.));
#13019=VECTOR('',#13018,1.);
#13020=LINE('',#13017,#13019);
#13021=EDGE_CURVE('',#8128,#8136,#13020,.T.);
#13022=ORIENTED_EDGE('',*,*,#13021,.F.);
#13023=CARTESIAN_POINT('',(-0.007824999999999655,0.00001,0.006094000000000143));
#13024=DIRECTION('',(1.,0.,0.));
#13025=VECTOR('',#13024,1.);
#13026=LINE('',#13023,#13025);
#13027=CARTESIAN_POINT('',(-0.01504999999999984,0.00001,0.006094000000000143));
#13028=VERTEX_POINT('',#13027);
#13029=EDGE_CURVE('',#8128,#13028,#13026,.T.);
#13030=ORIENTED_EDGE('',*,*,#13029,.T.);
#13031=CARTESIAN_POINT('',(-0.01504999999999984,0.00001,0.016300000000000012));
#13032=DIRECTION('',(0.,0.,-1.));
#13033=VECTOR('',#13032,1.);
#13034=LINE('',#13031,#13033);
#13035=CARTESIAN_POINT('',(-0.01504999999999984,0.00001,0.004634000000000143));
#13036=VERTEX_POINT('',#13035);
#13037=EDGE_CURVE('',#13028,#13036,#13034,.T.);
#13038=ORIENTED_EDGE('',*,*,#13037,.T.);
#13039=CARTESIAN_POINT('',(-0.007824999999999655,0.00001,0.004634000000000143));
#13040=DIRECTION('',(-1.,0.,0.));
#13041=VECTOR('',#13040,1.);
#13042=LINE('',#13039,#13041);
#13043=EDGE_CURVE('',#13036,#8096,#13042,.T.);
#13044=ORIENTED_EDGE('',*,*,#13043,.T.);
#13045=EDGE_LOOP('',(#13008,#13016,#13022,#13030,#13038,#13044));
#13046=FACE_OUTER_BOUND('',#13045,.T.);
#13047=ADVANCED_FACE('',(#13046),#13002,.F.);
#13048=CARTESIAN_POINT('',(-0.007824999999999655,0.00001,0.006094000000000143));
#13049=DIRECTION('',(0.,0.,-1.));
#13050=DIRECTION('',(-1.,0.,0.));
#13051=AXIS2_PLACEMENT_3D('',#13048,#13049,#13050);
#13052=PLANE('',#13051);
#13053=CARTESIAN_POINT('',(-0.015999999999999997,0.00108,0.006094000000000143));
#13054=DIRECTION('',(0.,1.,0.));
#13055=VECTOR('',#13054,1.);
#13056=LINE('',#13053,#13055);
#13057=EDGE_CURVE('',#8120,#8128,#13056,.T.);
#13058=ORIENTED_EDGE('',*,*,#13057,.T.);
#13059=CARTESIAN_POINT('',(-0.007824999999999655,0.00001,0.006094000000000143));
#13060=DIRECTION('',(1.,0.,0.));
#13061=VECTOR('',#13060,1.);
#13062=LINE('',#13059,#13061);
#13063=EDGE_CURVE('',#8128,#13028,#13062,.T.);
#13064=ORIENTED_EDGE('',*,*,#13063,.T.);
#13065=CARTESIAN_POINT('',(-0.01504999999999984,0.00001,0.006094000000000143));
#13066=DIRECTION('',(0.,-1.,0.));
#13067=VECTOR('',#13066,1.);
#13068=LINE('',#13065,#13067);
#13069=EDGE_CURVE('',#8348,#13028,#13068,.T.);
#13070=ORIENTED_EDGE('',*,*,#13069,.F.);
#13071=CARTESIAN_POINT('',(-0.007824999999999655,0.,0.006094000000000143));
#13072=DIRECTION('',(-1.,0.,0.));
#13073=VECTOR('',#13072,1.);
#13074=LINE('',#13071,#13073);
#13075=EDGE_CURVE('',#8348,#8120,#13074,.T.);
#13076=ORIENTED_EDGE('',*,*,#13075,.T.);
#13077=EDGE_LOOP('',(#13058,#13064,#13070,#13076));
#13078=FACE_OUTER_BOUND('',#13077,.T.);
#13079=ADVANCED_FACE('',(#13078),#13052,.T.);
#13080=CARTESIAN_POINT('',(-0.007824999999999655,0.00001,0.004634000000000143));
#13081=DIRECTION('',(0.,0.,1.));
#13082=DIRECTION('',(1.,0.,0.));
#13083=AXIS2_PLACEMENT_3D('',#13080,#13081,#13082);
#13084=PLANE('',#13083);
#13085=CARTESIAN_POINT('',(-0.016000000000000004,0.00108,0.004634000000000144));
#13086=DIRECTION('',(0.,-1.,0.));
#13087=VECTOR('',#13086,1.);
#13088=LINE('',#13085,#13087);
#13089=EDGE_CURVE('',#8096,#8014,#13088,.T.);
#13090=ORIENTED_EDGE('',*,*,#13089,.T.);
#13091=CARTESIAN_POINT('',(-0.007824999999999655,0.,0.004634000000000143));
#13092=DIRECTION('',(-1.,0.,0.));
#13093=VECTOR('',#13092,1.);
#13094=LINE('',#13091,#13093);
#13095=EDGE_CURVE('',#8014,#8340,#13094,.T.);
#13096=ORIENTED_EDGE('',*,*,#13095,.T.);
#13097=CARTESIAN_POINT('',(-0.01504999999999984,0.00001,0.004634000000000143));
#13098=DIRECTION('',(0.,-1.,0.));
#13099=VECTOR('',#13098,1.);
#13100=LINE('',#13097,#13099);
#13101=EDGE_CURVE('',#13036,#8340,#13100,.T.);
#13102=ORIENTED_EDGE('',*,*,#13101,.F.);
#13103=CARTESIAN_POINT('',(-0.007824999999999655,0.00001,0.004634000000000143));
#13104=DIRECTION('',(-1.,0.,0.));
#13105=VECTOR('',#13104,1.);
#13106=LINE('',#13103,#13105);
#13107=EDGE_CURVE('',#13036,#8096,#13106,.T.);
#13108=ORIENTED_EDGE('',*,*,#13107,.T.);
#13109=EDGE_LOOP('',(#13090,#13096,#13102,#13108));
#13110=FACE_OUTER_BOUND('',#13109,.T.);
#13111=ADVANCED_FACE('',(#13110),#13084,.T.);
#13112=CARTESIAN_POINT('',(-0.01504999999999984,0.00001,0.016300000000000012));
#13113=DIRECTION('',(-1.,0.,0.));
#13114=DIRECTION('',(0.,0.,1.));
#13115=AXIS2_PLACEMENT_3D('',#13112,#13113,#13114);
#13116=PLANE('',#13115);
#13117=CARTESIAN_POINT('',(-0.01504999999999984,0.00001,0.006094000000000143));
#13118=DIRECTION('',(0.,-1.,0.));
#13119=VECTOR('',#13118,1.);
#13120=LINE('',#13117,#13119);
#13121=EDGE_CURVE('',#8348,#13028,#13120,.T.);
#13122=ORIENTED_EDGE('',*,*,#13121,.T.);
#13123=CARTESIAN_POINT('',(-0.01504999999999984,0.00001,0.016300000000000012));
#13124=DIRECTION('',(0.,0.,-1.));
#13125=VECTOR('',#13124,1.);
#13126=LINE('',#13123,#13125);
#13127=EDGE_CURVE('',#13028,#13036,#13126,.T.);
#13128=ORIENTED_EDGE('',*,*,#13127,.T.);
#13129=CARTESIAN_POINT('',(-0.01504999999999984,0.00001,0.004634000000000143));
#13130=DIRECTION('',(0.,-1.,0.));
#13131=VECTOR('',#13130,1.);
#13132=LINE('',#13129,#13131);
#13133=EDGE_CURVE('',#13036,#8340,#13132,.T.);
#13134=ORIENTED_EDGE('',*,*,#13133,.T.);
#13135=CARTESIAN_POINT('',(-0.01504999999999984,0.,0.016300000000000012));
#13136=DIRECTION('',(0.,0.,-1.));
#13137=VECTOR('',#13136,1.);
#13138=LINE('',#13135,#13137);
#13139=EDGE_CURVE('',#8340,#8348,#13138,.T.);
#13140=ORIENTED_EDGE('',*,*,#13139,.T.);
#13141=EDGE_LOOP('',(#13122,#13128,#13134,#13140));
#13142=FACE_OUTER_BOUND('',#13141,.T.);
#13143=ADVANCED_FACE('',(#13142),#13116,.T.);
#13144=CARTESIAN_POINT('',(0.,0.00001,0.));
#13145=DIRECTION('',(0.,1.,0.));
#13146=DIRECTION('',(0.,0.,1.));
#13147=AXIS2_PLACEMENT_3D('',#13144,#13145,#13146);
#13148=PLANE('',#13147);
#13149=CARTESIAN_POINT('',(-0.01599999999999999,0.000010000000000000026,0.008235000000000143));
#13150=CARTESIAN_POINT('',(-0.015597700206464494,0.000010000000000000026,0.008044937105416443));
#13151=CARTESIAN_POINT('',(-0.015597700206464496,0.000010000000000000026,0.0076000000000001405));
#13152=CARTESIAN_POINT('',(-0.015597700206464499,0.000010000000000000026,0.007155062894583838));
#13153=CARTESIAN_POINT('',(-0.015999999999999997,0.000010000000000000026,0.006965000000000141));
#13154=(BOUNDED_CURVE() B_SPLINE_CURVE(2,(#13149,#13150,#13151,#13152,#13153),.UNSPECIFIED.,.F.,.F.) B_SPLINE_CURVE_WITH_KNOTS((3,2,3),(0.,1.,2.),.UNSPECIFIED.) CURVE() GEOMETRIC_REPRESENTATION_ITEM() RATIONAL_B_SPLINE_CURVE((1.,0.844739013706579,1.,0.844739013706579,1.)) REPRESENTATION_ITEM(''));
#13155=EDGE_CURVE('',#6208,#8192,#13154,.T.);
#13156=ORIENTED_EDGE('',*,*,#13155,.F.);
#13157=CARTESIAN_POINT('',(-0.01599999999999999,0.000010000000000000026,0.008235000000000142));
#13158=DIRECTION('',(1.2946813414918903E-14,0.,1.));
#13159=VECTOR('',#13158,1.);
#13160=LINE('',#13157,#13159);
#13161=EDGE_CURVE('',#6206,#6208,#13160,.T.);
#13162=ORIENTED_EDGE('',*,*,#13161,.F.);
#13163=CARTESIAN_POINT('',(-0.007824999999999655,0.00001,0.008330000000000145));
#13164=DIRECTION('',(1.,0.,0.));
#13165=VECTOR('',#13164,1.);
#13166=LINE('',#13163,#13165);
#13167=CARTESIAN_POINT('',(-0.015049999999999824,0.00001,0.008330000000000145));
#13168=VERTEX_POINT('',#13167);
#13169=EDGE_CURVE('',#6206,#13168,#13166,.T.);
#13170=ORIENTED_EDGE('',*,*,#13169,.T.);
#13171=CARTESIAN_POINT('',(-0.015049999999999824,0.00001,0.016300000000000012));
#13172=DIRECTION('',(0.,0.,-1.));
#13173=VECTOR('',#13172,1.);
#13174=LINE('',#13171,#13173);
#13175=CARTESIAN_POINT('',(-0.015049999999999824,0.00001,0.006870000000000145));
#13176=VERTEX_POINT('',#13175);
#13177=EDGE_CURVE('',#13168,#13176,#13174,.T.);
#13178=ORIENTED_EDGE('',*,*,#13177,.T.);
#13179=CARTESIAN_POINT('',(-0.007824999999999655,0.00001,0.006870000000000145));
#13180=DIRECTION('',(-1.,0.,0.));
#13181=VECTOR('',#13180,1.);
#13182=LINE('',#13179,#13181);
#13183=EDGE_CURVE('',#13176,#8200,#13182,.T.);
#13184=ORIENTED_EDGE('',*,*,#13183,.T.);
#13185=CARTESIAN_POINT('',(-0.015999999999999997,0.000010000000000000026,0.0059990000000001405));
#13186=DIRECTION('',(0.,0.,1.));
#13187=VECTOR('',#13186,1.);
#13188=LINE('',#13185,#13187);
#13189=EDGE_CURVE('',#8192,#8200,#13188,.T.);
#13190=ORIENTED_EDGE('',*,*,#13189,.F.);
#13191=EDGE_LOOP('',(#13156,#13162,#13170,#13178,#13184,#13190));
#13192=FACE_OUTER_BOUND('',#13191,.T.);
#13193=ADVANCED_FACE('',(#13192),#13148,.F.);
#13194=CARTESIAN_POINT('',(-0.007824999999999655,0.00001,0.008330000000000145));
#13195=DIRECTION('',(0.,0.,-1.));
#13196=DIRECTION('',(-1.,0.,0.));
#13197=AXIS2_PLACEMENT_3D('',#13194,#13195,#13196);
#13198=PLANE('',#13197);
#13199=CARTESIAN_POINT('',(-0.01599999999999999,0.00108,0.008330000000000145));
#13200=DIRECTION('',(0.,1.,0.));
#13201=VECTOR('',#13200,1.);
#13202=LINE('',#13199,#13201);
#13203=EDGE_CURVE('',#6256,#6206,#13202,.T.);
#13204=ORIENTED_EDGE('',*,*,#13203,.T.);
#13205=CARTESIAN_POINT('',(-0.007824999999999655,0.00001,0.008330000000000145));
#13206=DIRECTION('',(1.,0.,0.));
#13207=VECTOR('',#13206,1.);
#13208=LINE('',#13205,#13207);
#13209=EDGE_CURVE('',#6206,#13168,#13208,.T.);
#13210=ORIENTED_EDGE('',*,*,#13209,.T.);
#13211=CARTESIAN_POINT('',(-0.015049999999999824,0.00001,0.008330000000000145));
#13212=DIRECTION('',(0.,-1.,0.));
#13213=VECTOR('',#13212,1.);
#13214=LINE('',#13211,#13213);
#13215=EDGE_CURVE('',#8376,#13168,#13214,.T.);
#13216=ORIENTED_EDGE('',*,*,#13215,.F.);
#13217=CARTESIAN_POINT('',(-0.007824999999999655,0.,0.008330000000000145));
#13218=DIRECTION('',(-1.,0.,0.));
#13219=VECTOR('',#13218,1.);
#13220=LINE('',#13217,#13219);
#13221=EDGE_CURVE('',#8376,#6256,#13220,.T.);
#13222=ORIENTED_EDGE('',*,*,#13221,.T.);
#13223=EDGE_LOOP('',(#13204,#13210,#13216,#13222));
#13224=FACE_OUTER_BOUND('',#13223,.T.);
#13225=ADVANCED_FACE('',(#13224),#13198,.T.);
#13226=CARTESIAN_POINT('',(-0.007824999999999655,0.00001,0.006870000000000145));
#13227=DIRECTION('',(0.,0.,1.));
#13228=DIRECTION('',(1.,0.,0.));
#13229=AXIS2_PLACEMENT_3D('',#13226,#13227,#13228);
#13230=PLANE('',#13229);
#13231=CARTESIAN_POINT('',(-0.015999999999999997,0.00108,0.006870000000000145));
#13232=DIRECTION('',(0.,-1.,0.));
#13233=VECTOR('',#13232,1.);
#13234=LINE('',#13231,#13233);
#13235=EDGE_CURVE('',#8200,#8118,#13234,.T.);
#13236=ORIENTED_EDGE('',*,*,#13235,.T.);
#13237=CARTESIAN_POINT('',(-0.007824999999999655,0.,0.006870000000000145));
#13238=DIRECTION('',(-1.,0.,0.));
#13239=VECTOR('',#13238,1.);
#13240=LINE('',#13237,#13239);
#13241=EDGE_CURVE('',#8118,#8368,#13240,.T.);
#13242=ORIENTED_EDGE('',*,*,#13241,.T.);
#13243=CARTESIAN_POINT('',(-0.015049999999999824,0.00001,0.006870000000000145));
#13244=DIRECTION('',(0.,-1.,0.));
#13245=VECTOR('',#13244,1.);
#13246=LINE('',#13243,#13245);
#13247=EDGE_CURVE('',#13176,#8368,#13246,.T.);
#13248=ORIENTED_EDGE('',*,*,#13247,.F.);
#13249=CARTESIAN_POINT('',(-0.007824999999999655,0.00001,0.006870000000000145));
#13250=DIRECTION('',(-1.,0.,0.));
#13251=VECTOR('',#13250,1.);
#13252=LINE('',#13249,#13251);
#13253=EDGE_CURVE('',#13176,#8200,#13252,.T.);
#13254=ORIENTED_EDGE('',*,*,#13253,.T.);
#13255=EDGE_LOOP('',(#13236,#13242,#13248,#13254));
#13256=FACE_OUTER_BOUND('',#13255,.T.);
#13257=ADVANCED_FACE('',(#13256),#13230,.T.);
#13258=CARTESIAN_POINT('',(-0.015049999999999824,0.00001,0.016300000000000012));
#13259=DIRECTION('',(-1.,0.,0.));
#13260=DIRECTION('',(0.,0.,1.));
#13261=AXIS2_PLACEMENT_3D('',#13258,#13259,#13260);
#13262=PLANE('',#13261);
#13263=CARTESIAN_POINT('',(-0.015049999999999824,0.00001,0.008330000000000145));
#13264=DIRECTION('',(0.,-1.,0.));
#13265=VECTOR('',#13264,1.);
#13266=LINE('',#13263,#13265);
#13267=EDGE_CURVE('',#8376,#13168,#13266,.T.);
#13268=ORIENTED_EDGE('',*,*,#13267,.T.);
#13269=CARTESIAN_POINT('',(-0.015049999999999824,0.00001,0.016300000000000012));
#13270=DIRECTION('',(0.,0.,-1.));
#13271=VECTOR('',#13270,1.);
#13272=LINE('',#13269,#13271);
#13273=EDGE_CURVE('',#13168,#13176,#13272,.T.);
#13274=ORIENTED_EDGE('',*,*,#13273,.T.);
#13275=CARTESIAN_POINT('',(-0.015049999999999824,0.00001,0.006870000000000145));
#13276=DIRECTION('',(0.,-1.,0.));
#13277=VECTOR('',#13276,1.);
#13278=LINE('',#13275,#13277);
#13279=EDGE_CURVE('',#13176,#8368,#13278,.T.);
#13280=ORIENTED_EDGE('',*,*,#13279,.T.);
#13281=CARTESIAN_POINT('',(-0.015049999999999824,0.,0.016300000000000012));
#13282=DIRECTION('',(0.,0.,-1.));
#13283=VECTOR('',#13282,1.);
#13284=LINE('',#13281,#13283);
#13285=EDGE_CURVE('',#8368,#8376,#13284,.T.);
#13286=ORIENTED_EDGE('',*,*,#13285,.T.);
#13287=EDGE_LOOP('',(#13268,#13274,#13280,#13286));
#13288=FACE_OUTER_BOUND('',#13287,.T.);
#13289=ADVANCED_FACE('',(#13288),#13262,.T.);
#13290=CARTESIAN_POINT('',(0.,0.00001,0.));
#13291=DIRECTION('',(0.,1.,0.));
#13292=DIRECTION('',(0.,0.,1.));
#13293=AXIS2_PLACEMENT_3D('',#13290,#13291,#13292);
#13294=PLANE('',#13293);
#13295=CARTESIAN_POINT('',(-0.008459999999999657,0.000010000000000000026,0.016000000000000014));
#13296=DIRECTION('',(1.,0.,-1.275345482453304E-14));
#13297=VECTOR('',#13296,1.);
#13298=LINE('',#13295,#13297);
#13299=EDGE_CURVE('',#6316,#6324,#13298,.T.);
#13300=ORIENTED_EDGE('',*,*,#13299,.F.);
#13301=CARTESIAN_POINT('',(-0.007189999999999656,0.000010000000000000026,0.016000000000000014));
#13302=CARTESIAN_POINT('',(-0.007380062894583353,0.000010000000000000026,0.015597700206464518));
#13303=CARTESIAN_POINT('',(-0.007824999999999655,0.000010000000000000026,0.015597700206464518));
#13304=CARTESIAN_POINT('',(-0.008269937105415957,0.000010000000000000026,0.015597700206464518));
#13305=CARTESIAN_POINT('',(-0.008459999999999655,0.000010000000000000026,0.016000000000000014));
#13306=(BOUNDED_CURVE() B_SPLINE_CURVE(2,(#13301,#13302,#13303,#13304,#13305),.UNSPECIFIED.,.F.,.F.) B_SPLINE_CURVE_WITH_KNOTS((3,2,3),(0.,1.,2.),.UNSPECIFIED.) CURVE() GEOMETRIC_REPRESENTATION_ITEM() RATIONAL_B_SPLINE_CURVE((1.,0.8447390137065791,1.,0.8447390137065791,1.)) REPRESENTATION_ITEM(''));
#13307=EDGE_CURVE('',#6364,#6316,#13306,.T.);
#13308=ORIENTED_EDGE('',*,*,#13307,.F.);
#13309=CARTESIAN_POINT('',(-0.006223095238095123,0.000010000000000000026,0.016000000000000302));
#13310=DIRECTION('',(1.,0.,2.9609707286174473E-13));
#13311=VECTOR('',#13310,1.);
#13312=LINE('',#13309,#13311);
#13313=EDGE_CURVE('',#6356,#6364,#13312,.T.);
#13314=ORIENTED_EDGE('',*,*,#13313,.F.);
#13315=CARTESIAN_POINT('',(-0.00709499999999977,0.00001,0.016299999999999946));
#13316=DIRECTION('',(-9.124645483638745E-14,0.,-1.));
#13317=VECTOR('',#13316,1.);
#13318=LINE('',#13315,#13317);
#13319=CARTESIAN_POINT('',(-0.0070949999999998835,0.00001,0.015050000000000154));
#13320=VERTEX_POINT('',#13319);
#13321=EDGE_CURVE('',#6356,#13320,#13318,.T.);
#13322=ORIENTED_EDGE('',*,*,#13321,.T.);
#13323=CARTESIAN_POINT('',(-0.007824999999999655,0.00001,0.015050000000000154));
#13324=DIRECTION('',(-1.,0.,0.));
#13325=VECTOR('',#13324,1.);
#13326=LINE('',#13323,#13325);
#13327=CARTESIAN_POINT('',(-0.008554999999999887,0.00001,0.015050000000000154));
#13328=VERTEX_POINT('',#13327);
#13329=EDGE_CURVE('',#13320,#13328,#13326,.T.);
#13330=ORIENTED_EDGE('',*,*,#13329,.T.);
#13331=CARTESIAN_POINT('',(-0.008554999999999771,0.00001,0.01630000000000008));
#13332=DIRECTION('',(9.228728892197362E-14,0.,1.));
#13333=VECTOR('',#13332,1.);
#13334=LINE('',#13331,#13333);
#13335=EDGE_CURVE('',#13328,#6324,#13334,.T.);
#13336=ORIENTED_EDGE('',*,*,#13335,.T.);
#13337=EDGE_LOOP('',(#13300,#13308,#13314,#13322,#13330,#13336));
#13338=FACE_OUTER_BOUND('',#13337,.T.);
#13339=ADVANCED_FACE('',(#13338),#13294,.F.);
#13340=CARTESIAN_POINT('',(-0.00709499999999977,0.00001,0.016299999999999946));
#13341=DIRECTION('',(-1.,0.,9.124645483638745E-14));
#13342=DIRECTION('',(9.124645483638746E-14,0.,1.));
#13343=AXIS2_PLACEMENT_3D('',#13340,#13341,#13342);
#13344=PLANE('',#13343);
#13345=CARTESIAN_POINT('',(-0.007094999999999798,0.00108,0.016000000000000045));
#13346=DIRECTION('',(0.,1.,0.));
#13347=VECTOR('',#13346,1.);
#13348=LINE('',#13345,#13347);
#13349=EDGE_CURVE('',#6348,#6356,#13348,.T.);
#13350=ORIENTED_EDGE('',*,*,#13349,.T.);
#13351=CARTESIAN_POINT('',(-0.00709499999999977,0.00001,0.016299999999999946));
#13352=DIRECTION('',(-9.124645483638745E-14,0.,-1.));
#13353=VECTOR('',#13352,1.);
#13354=LINE('',#13351,#13353);
#13355=EDGE_CURVE('',#6356,#13320,#13354,.T.);
#13356=ORIENTED_EDGE('',*,*,#13355,.T.);
#13357=CARTESIAN_POINT('',(-0.0070949999999998835,0.00001,0.015050000000000154));
#13358=DIRECTION('',(0.,-1.,0.));
#13359=VECTOR('',#13358,1.);
#13360=LINE('',#13357,#13359);
#13361=EDGE_CURVE('',#8410,#13320,#13360,.T.);
#13362=ORIENTED_EDGE('',*,*,#13361,.F.);
#13363=CARTESIAN_POINT('',(-0.00709499999999977,0.,0.016299999999999946));
#13364=DIRECTION('',(9.124645483638746E-14,0.,1.));
#13365=VECTOR('',#13364,1.);
#13366=LINE('',#13363,#13365);
#13367=EDGE_CURVE('',#8410,#6348,#13366,.T.);
#13368=ORIENTED_EDGE('',*,*,#13367,.T.);
#13369=EDGE_LOOP('',(#13350,#13356,#13362,#13368));
#13370=FACE_OUTER_BOUND('',#13369,.T.);
#13371=ADVANCED_FACE('',(#13370),#13344,.T.);
#13372=CARTESIAN_POINT('',(-0.008554999999999771,0.00001,0.01630000000000008));
#13373=DIRECTION('',(1.,0.,-9.228728892197363E-14));
#13374=DIRECTION('',(-9.228728892197365E-14,0.,-1.));
#13375=AXIS2_PLACEMENT_3D('',#13372,#13373,#13374);
#13376=PLANE('',#13375);
#13377=CARTESIAN_POINT('',(-0.008554999999999799,0.00108,0.016000000000000014));
#13378=DIRECTION('',(0.,-1.,0.));
#13379=VECTOR('',#13378,1.);
#13380=LINE('',#13377,#13379);
#13381=EDGE_CURVE('',#6324,#6278,#13380,.T.);
#13382=ORIENTED_EDGE('',*,*,#13381,.T.);
#13383=CARTESIAN_POINT('',(-0.008554999999999771,0.,0.01630000000000008));
#13384=DIRECTION('',(9.228728892197362E-14,0.,1.));
#13385=VECTOR('',#13384,1.);
#13386=LINE('',#13383,#13385);
#13387=EDGE_CURVE('',#6278,#8402,#13386,.T.);
#13388=ORIENTED_EDGE('',*,*,#13387,.T.);
#13389=CARTESIAN_POINT('',(-0.008554999999999887,0.00001,0.015050000000000154));
#13390=DIRECTION('',(0.,-1.,0.));
#13391=VECTOR('',#13390,1.);
#13392=LINE('',#13389,#13391);
#13393=EDGE_CURVE('',#13328,#8402,#13392,.T.);
#13394=ORIENTED_EDGE('',*,*,#13393,.F.);
#13395=CARTESIAN_POINT('',(-0.008554999999999771,0.00001,0.01630000000000008));
#13396=DIRECTION('',(9.228728892197362E-14,0.,1.));
#13397=VECTOR('',#13396,1.);
#13398=LINE('',#13395,#13397);
#13399=EDGE_CURVE('',#13328,#6324,#13398,.T.);
#13400=ORIENTED_EDGE('',*,*,#13399,.T.);
#13401=EDGE_LOOP('',(#13382,#13388,#13394,#13400));
#13402=FACE_OUTER_BOUND('',#13401,.T.);
#13403=ADVANCED_FACE('',(#13402),#13376,.T.);
#13404=CARTESIAN_POINT('',(-0.007824999999999655,0.00001,0.015050000000000154));
#13405=DIRECTION('',(0.,0.,1.));
#13406=DIRECTION('',(1.,0.,0.));
#13407=AXIS2_PLACEMENT_3D('',#13404,#13405,#13406);
#13408=PLANE('',#13407);
#13409=CARTESIAN_POINT('',(-0.0070949999999998835,0.00001,0.015050000000000154));
#13410=DIRECTION('',(0.,-1.,0.));
#13411=VECTOR('',#13410,1.);
#13412=LINE('',#13409,#13411);
#13413=EDGE_CURVE('',#8410,#13320,#13412,.T.);
#13414=ORIENTED_EDGE('',*,*,#13413,.T.);
#13415=CARTESIAN_POINT('',(-0.007824999999999655,0.00001,0.015050000000000154));
#13416=DIRECTION('',(-1.,0.,0.));
#13417=VECTOR('',#13416,1.);
#13418=LINE('',#13415,#13417);
#13419=EDGE_CURVE('',#13320,#13328,#13418,.T.);
#13420=ORIENTED_EDGE('',*,*,#13419,.T.);
#13421=CARTESIAN_POINT('',(-0.008554999999999887,0.00001,0.015050000000000154));
#13422=DIRECTION('',(0.,-1.,0.));
#13423=VECTOR('',#13422,1.);
#13424=LINE('',#13421,#13423);
#13425=EDGE_CURVE('',#13328,#8402,#13424,.T.);
#13426=ORIENTED_EDGE('',*,*,#13425,.T.);
#13427=CARTESIAN_POINT('',(-0.007824999999999655,0.,0.015050000000000154));
#13428=DIRECTION('',(-1.,0.,0.));
#13429=VECTOR('',#13428,1.);
#13430=LINE('',#13427,#13429);
#13431=EDGE_CURVE('',#8402,#8410,#13430,.T.);
#13432=ORIENTED_EDGE('',*,*,#13431,.T.);
#13433=EDGE_LOOP('',(#13414,#13420,#13426,#13432));
#13434=FACE_OUTER_BOUND('',#13433,.T.);
#13435=ADVANCED_FACE('',(#13434),#13408,.T.);
#13436=CARTESIAN_POINT('',(0.,0.00001,0.));
#13437=DIRECTION('',(0.,1.,0.));
#13438=DIRECTION('',(0.,0.,1.));
#13439=AXIS2_PLACEMENT_3D('',#13436,#13437,#13438);
#13440=PLANE('',#13439);
#13441=CARTESIAN_POINT('',(-0.006223095238095123,0.000010000000000000026,0.016000000000000302));
#13442=DIRECTION('',(1.,0.,2.9609707286174473E-13));
#13443=VECTOR('',#13442,1.);
#13444=LINE('',#13441,#13443);
#13445=EDGE_CURVE('',#6420,#6428,#13444,.T.);
#13446=ORIENTED_EDGE('',*,*,#13445,.F.);
#13447=CARTESIAN_POINT('',(-0.004953095238095123,0.000010000000000000026,0.0160000000000003));
#13448=CARTESIAN_POINT('',(-0.005143158132678824,0.000010000000000000026,0.015597700206464803));
#13449=CARTESIAN_POINT('',(-0.005588095238095126,0.000010000000000000026,0.015597700206464804));
#13450=CARTESIAN_POINT('',(-0.0060330323435114274,0.000010000000000000026,0.015597700206464804));
#13451=CARTESIAN_POINT('',(-0.006223095238095125,0.000010000000000000026,0.016000000000000302));
#13452=(BOUNDED_CURVE() B_SPLINE_CURVE(2,(#13447,#13448,#13449,#13450,#13451),.UNSPECIFIED.,.F.,.F.) B_SPLINE_CURVE_WITH_KNOTS((3,2,3),(0.,1.,2.),.UNSPECIFIED.) CURVE() GEOMETRIC_REPRESENTATION_ITEM() RATIONAL_B_SPLINE_CURVE((1.,0.8447390137065797,1.,0.8447390137065797,1.)) REPRESENTATION_ITEM(''));
#13453=EDGE_CURVE('',#6468,#6420,#13452,.T.);
#13454=ORIENTED_EDGE('',*,*,#13453,.F.);
#13455=CARTESIAN_POINT('',(-0.003986190476190361,0.000010000000000000026,0.016000000000000285));
#13456=DIRECTION('',(1.,0.,-1.582198099260861E-14));
#13457=VECTOR('',#13456,1.);
#13458=LINE('',#13455,#13457);
#13459=EDGE_CURVE('',#6460,#6468,#13458,.T.);
#13460=ORIENTED_EDGE('',*,*,#13459,.F.);
#13461=CARTESIAN_POINT('',(-0.0048592857142854854,0.00001,0.01629999999999974));
#13462=DIRECTION('',(-9.228728892197362E-14,0.,-1.));
#13463=VECTOR('',#13462,1.);
#13464=LINE('',#13461,#13463);
#13465=CARTESIAN_POINT('',(-0.004859285714285601,0.00001,0.015050000000000154));
#13466=VERTEX_POINT('',#13465);
#13467=EDGE_CURVE('',#6460,#13466,#13464,.T.);
#13468=ORIENTED_EDGE('',*,*,#13467,.T.);
#13469=CARTESIAN_POINT('',(-0.007824999999999655,0.00001,0.015050000000000154));
#13470=DIRECTION('',(-1.,0.,0.));
#13471=VECTOR('',#13470,1.);
#13472=LINE('',#13469,#13471);
#13473=CARTESIAN_POINT('',(-0.0063192857142856,0.00001,0.015050000000000154));
#13474=VERTEX_POINT('',#13473);
#13475=EDGE_CURVE('',#13466,#13474,#13472,.T.);
#13476=ORIENTED_EDGE('',*,*,#13475,.T.);
#13477=CARTESIAN_POINT('',(-0.006319285714285486,0.00001,0.016299999999999874));
#13478=DIRECTION('',(9.159339953158285E-14,0.,1.));
#13479=VECTOR('',#13478,1.);
#13480=LINE('',#13477,#13479);
#13481=EDGE_CURVE('',#13474,#6428,#13480,.T.);
#13482=ORIENTED_EDGE('',*,*,#13481,.T.);
#13483=EDGE_LOOP('',(#13446,#13454,#13460,#13468,#13476,#13482));
#13484=FACE_OUTER_BOUND('',#13483,.T.);
#13485=ADVANCED_FACE('',(#13484),#13440,.F.);
#13486=CARTESIAN_POINT('',(-0.0048592857142854854,0.00001,0.01629999999999974));
#13487=DIRECTION('',(-1.,0.,9.228728892197363E-14));
#13488=DIRECTION('',(9.228728892197365E-14,0.,1.));
#13489=AXIS2_PLACEMENT_3D('',#13486,#13487,#13488);
#13490=PLANE('',#13489);
#13491=CARTESIAN_POINT('',(-0.004859285714285513,0.00108,0.0160000000000003));
#13492=DIRECTION('',(0.,1.,0.));
#13493=VECTOR('',#13492,1.);
#13494=LINE('',#13491,#13493);
#13495=EDGE_CURVE('',#6452,#6460,#13494,.T.);
#13496=ORIENTED_EDGE('',*,*,#13495,.T.);
#13497=CARTESIAN_POINT('',(-0.0048592857142854854,0.00001,0.01629999999999974));
#13498=DIRECTION('',(-9.228728892197362E-14,0.,-1.));
#13499=VECTOR('',#13498,1.);
#13500=LINE('',#13497,#13499);
#13501=EDGE_CURVE('',#6460,#13466,#13500,.T.);
#13502=ORIENTED_EDGE('',*,*,#13501,.T.);
#13503=CARTESIAN_POINT('',(-0.004859285714285601,0.00001,0.015050000000000154));
#13504=DIRECTION('',(0.,-1.,0.));
#13505=VECTOR('',#13504,1.);
#13506=LINE('',#13503,#13505);
#13507=EDGE_CURVE('',#8438,#13466,#13506,.T.);
#13508=ORIENTED_EDGE('',*,*,#13507,.F.);
#13509=CARTESIAN_POINT('',(-0.0048592857142854854,0.,0.01629999999999974));
#13510=DIRECTION('',(9.228728892197365E-14,0.,1.));
#13511=VECTOR('',#13510,1.);
#13512=LINE('',#13509,#13511);
#13513=EDGE_CURVE('',#8438,#6452,#13512,.T.);
#13514=ORIENTED_EDGE('',*,*,#13513,.T.);
#13515=EDGE_LOOP('',(#13496,#13502,#13508,#13514));
#13516=FACE_OUTER_BOUND('',#13515,.T.);
#13517=ADVANCED_FACE('',(#13516),#13490,.T.);
#13518=CARTESIAN_POINT('',(-0.006319285714285486,0.00001,0.016299999999999874));
#13519=DIRECTION('',(1.,0.,-9.159339953158285E-14));
#13520=DIRECTION('',(-9.159339953158286E-14,0.,-1.));
#13521=AXIS2_PLACEMENT_3D('',#13518,#13519,#13520);
#13522=PLANE('',#13521);
#13523=CARTESIAN_POINT('',(-0.0063192857142855136,0.00108,0.016000000000000274));
#13524=DIRECTION('',(0.,-1.,0.));
#13525=VECTOR('',#13524,1.);
#13526=LINE('',#13523,#13525);
#13527=EDGE_CURVE('',#6428,#6346,#13526,.T.);
#13528=ORIENTED_EDGE('',*,*,#13527,.T.);
#13529=CARTESIAN_POINT('',(-0.006319285714285486,0.,0.016299999999999874));
#13530=DIRECTION('',(9.159339953158285E-14,0.,1.));
#13531=VECTOR('',#13530,1.);
#13532=LINE('',#13529,#13531);
#13533=EDGE_CURVE('',#6346,#8430,#13532,.T.);
#13534=ORIENTED_EDGE('',*,*,#13533,.T.);
#13535=CARTESIAN_POINT('',(-0.0063192857142856,0.00001,0.015050000000000154));
#13536=DIRECTION('',(0.,-1.,0.));
#13537=VECTOR('',#13536,1.);
#13538=LINE('',#13535,#13537);
#13539=EDGE_CURVE('',#13474,#8430,#13538,.T.);
#13540=ORIENTED_EDGE('',*,*,#13539,.F.);
#13541=CARTESIAN_POINT('',(-0.006319285714285486,0.00001,0.016299999999999874));
#13542=DIRECTION('',(9.159339953158285E-14,0.,1.));
#13543=VECTOR('',#13542,1.);
#13544=LINE('',#13541,#13543);
#13545=EDGE_CURVE('',#13474,#6428,#13544,.T.);
#13546=ORIENTED_EDGE('',*,*,#13545,.T.);
#13547=EDGE_LOOP('',(#13528,#13534,#13540,#13546));
#13548=FACE_OUTER_BOUND('',#13547,.T.);
#13549=ADVANCED_FACE('',(#13548),#13522,.T.);
#13550=CARTESIAN_POINT('',(-0.007824999999999655,0.00001,0.015050000000000154));
#13551=DIRECTION('',(0.,0.,1.));
#13552=DIRECTION('',(1.,0.,0.));
#13553=AXIS2_PLACEMENT_3D('',#13550,#13551,#13552);
#13554=PLANE('',#13553);
#13555=CARTESIAN_POINT('',(-0.004859285714285601,0.00001,0.015050000000000154));
#13556=DIRECTION('',(0.,-1.,0.));
#13557=VECTOR('',#13556,1.);
#13558=LINE('',#13555,#13557);
#13559=EDGE_CURVE('',#8438,#13466,#13558,.T.);
#13560=ORIENTED_EDGE('',*,*,#13559,.T.);
#13561=CARTESIAN_POINT('',(-0.007824999999999655,0.00001,0.015050000000000154));
#13562=DIRECTION('',(-1.,0.,0.));
#13563=VECTOR('',#13562,1.);
#13564=LINE('',#13561,#13563);
#13565=EDGE_CURVE('',#13466,#13474,#13564,.T.);
#13566=ORIENTED_EDGE('',*,*,#13565,.T.);
#13567=CARTESIAN_POINT('',(-0.0063192857142856,0.00001,0.015050000000000154));
#13568=DIRECTION('',(0.,-1.,0.));
#13569=VECTOR('',#13568,1.);
#13570=LINE('',#13567,#13569);
#13571=EDGE_CURVE('',#13474,#8430,#13570,.T.);
#13572=ORIENTED_EDGE('',*,*,#13571,.T.);
#13573=CARTESIAN_POINT('',(-0.007824999999999655,0.,0.015050000000000154));
#13574=DIRECTION('',(-1.,0.,0.));
#13575=VECTOR('',#13574,1.);
#13576=LINE('',#13573,#13575);
#13577=EDGE_CURVE('',#8430,#8438,#13576,.T.);
#13578=ORIENTED_EDGE('',*,*,#13577,.T.);
#13579=EDGE_LOOP('',(#13560,#13566,#13572,#13578));
#13580=FACE_OUTER_BOUND('',#13579,.T.);
#13581=ADVANCED_FACE('',(#13580),#13554,.T.);
#13582=CARTESIAN_POINT('',(0.,0.00001,0.));
#13583=DIRECTION('',(0.,1.,0.));
#13584=DIRECTION('',(0.,0.,1.));
#13585=AXIS2_PLACEMENT_3D('',#13582,#13583,#13584);
#13586=PLANE('',#13585);
#13587=CARTESIAN_POINT('',(-0.003986190476190361,0.000010000000000000026,0.016000000000000285));
#13588=DIRECTION('',(1.,0.,-1.582198099260861E-14));
#13589=VECTOR('',#13588,1.);
#13590=LINE('',#13587,#13589);
#13591=EDGE_CURVE('',#6524,#6532,#13590,.T.);
#13592=ORIENTED_EDGE('',*,*,#13591,.F.);
#13593=CARTESIAN_POINT('',(-0.002716190476190361,0.000010000000000000026,0.016000000000000285));
#13594=CARTESIAN_POINT('',(-0.0029062533707740605,0.000010000000000000026,0.01559770020646479));
#13595=CARTESIAN_POINT('',(-0.003351190476190361,0.000010000000000000026,0.01559770020646479));
#13596=CARTESIAN_POINT('',(-0.003796127581606661,0.000010000000000000026,0.01559770020646479));
#13597=CARTESIAN_POINT('',(-0.00398619047619036,0.000010000000000000026,0.016000000000000285));
#13598=(BOUNDED_CURVE() B_SPLINE_CURVE(2,(#13593,#13594,#13595,#13596,#13597),.UNSPECIFIED.,.F.,.F.) B_SPLINE_CURVE_WITH_KNOTS((3,2,3),(0.,1.,2.),.UNSPECIFIED.) CURVE() GEOMETRIC_REPRESENTATION_ITEM() RATIONAL_B_SPLINE_CURVE((1.,0.8447390137065804,1.,0.8447390137065804,1.)) REPRESENTATION_ITEM(''));
#13599=EDGE_CURVE('',#6572,#6524,#13598,.T.);
#13600=ORIENTED_EDGE('',*,*,#13599,.F.);
#13601=CARTESIAN_POINT('',(-0.0017492857142853721,0.000010000000000000026,0.016000000000000014));
#13602=DIRECTION('',(1.,0.,-2.802750918690007E-13));
#13603=VECTOR('',#13602,1.);
#13604=LINE('',#13601,#13603);
#13605=EDGE_CURVE('',#6564,#6572,#13604,.T.);
#13606=ORIENTED_EDGE('',*,*,#13605,.F.);
#13607=CARTESIAN_POINT('',(-0.0026235714285711984,0.00001,0.01629999999999954));
#13608=DIRECTION('',(-9.089951014119205E-14,0.,-1.));
#13609=VECTOR('',#13608,1.);
#13610=LINE('',#13607,#13609);
#13611=CARTESIAN_POINT('',(-0.002623571428571312,0.00001,0.015050000000000154));
#13612=VERTEX_POINT('',#13611);
#13613=EDGE_CURVE('',#6564,#13612,#13610,.T.);
#13614=ORIENTED_EDGE('',*,*,#13613,.T.);
#13615=CARTESIAN_POINT('',(-0.007824999999999655,0.00001,0.015050000000000154));
#13616=DIRECTION('',(-1.,0.,0.));
#13617=VECTOR('',#13616,1.);
#13618=LINE('',#13615,#13617);
#13619=CARTESIAN_POINT('',(-0.004083571428571315,0.00001,0.015050000000000154));
#13620=VERTEX_POINT('',#13619);
#13621=EDGE_CURVE('',#13612,#13620,#13618,.T.);
#13622=ORIENTED_EDGE('',*,*,#13621,.T.);
#13623=CARTESIAN_POINT('',(-0.0040835714285712005,0.00001,0.01629999999999967));
#13624=DIRECTION('',(9.194034422677824E-14,0.,1.));
#13625=VECTOR('',#13624,1.);
#13626=LINE('',#13623,#13625);
#13627=EDGE_CURVE('',#13620,#6532,#13626,.T.);
#13628=ORIENTED_EDGE('',*,*,#13627,.T.);
#13629=EDGE_LOOP('',(#13592,#13600,#13606,#13614,#13622,#13628));
#13630=FACE_OUTER_BOUND('',#13629,.T.);
#13631=ADVANCED_FACE('',(#13630),#13586,.F.);
#13632=CARTESIAN_POINT('',(-0.0026235714285711984,0.00001,0.01629999999999954));
#13633=DIRECTION('',(-1.,0.,9.089951014119205E-14));
#13634=DIRECTION('',(9.089951014119206E-14,0.,1.));
#13635=AXIS2_PLACEMENT_3D('',#13632,#13633,#13634);
#13636=PLANE('',#13635);
#13637=CARTESIAN_POINT('',(-0.0026235714285712257,0.00108,0.01600000000000026));
#13638=DIRECTION('',(0.,1.,0.));
#13639=VECTOR('',#13638,1.);
#13640=LINE('',#13637,#13639);
#13641=EDGE_CURVE('',#6556,#6564,#13640,.T.);
#13642=ORIENTED_EDGE('',*,*,#13641,.T.);
#13643=CARTESIAN_POINT('',(-0.0026235714285711984,0.00001,0.01629999999999954));
#13644=DIRECTION('',(-9.089951014119205E-14,0.,-1.));
#13645=VECTOR('',#13644,1.);
#13646=LINE('',#13643,#13645);
#13647=EDGE_CURVE('',#6564,#13612,#13646,.T.);
#13648=ORIENTED_EDGE('',*,*,#13647,.T.);
#13649=CARTESIAN_POINT('',(-0.002623571428571312,0.00001,0.015050000000000154));
#13650=DIRECTION('',(0.,-1.,0.));
#13651=VECTOR('',#13650,1.);
#13652=LINE('',#13649,#13651);
#13653=EDGE_CURVE('',#8466,#13612,#13652,.T.);
#13654=ORIENTED_EDGE('',*,*,#13653,.F.);
#13655=CARTESIAN_POINT('',(-0.0026235714285711984,0.,0.01629999999999954));
#13656=DIRECTION('',(9.089951014119206E-14,0.,1.));
#13657=VECTOR('',#13656,1.);
#13658=LINE('',#13655,#13657);
#13659=EDGE_CURVE('',#8466,#6556,#13658,.T.);
#13660=ORIENTED_EDGE('',*,*,#13659,.T.);
#13661=EDGE_LOOP('',(#13642,#13648,#13654,#13660));
#13662=FACE_OUTER_BOUND('',#13661,.T.);
#13663=ADVANCED_FACE('',(#13662),#13636,.T.);
#13664=CARTESIAN_POINT('',(-0.0040835714285712005,0.00001,0.01629999999999967));
#13665=DIRECTION('',(1.,0.,-9.194034422677824E-14));
#13666=DIRECTION('',(-9.194034422677825E-14,0.,-1.));
#13667=AXIS2_PLACEMENT_3D('',#13664,#13665,#13666);
#13668=PLANE('',#13667);
#13669=CARTESIAN_POINT('',(-0.004083571428571228,0.00108,0.016000000000000285));
#13670=DIRECTION('',(0.,-1.,0.));
#13671=VECTOR('',#13670,1.);
#13672=LINE('',#13669,#13671);
#13673=EDGE_CURVE('',#6532,#6450,#13672,.T.);
#13674=ORIENTED_EDGE('',*,*,#13673,.T.);
#13675=CARTESIAN_POINT('',(-0.0040835714285712005,0.,0.01629999999999967));
#13676=DIRECTION('',(9.194034422677824E-14,0.,1.));
#13677=VECTOR('',#13676,1.);
#13678=LINE('',#13675,#13677);
#13679=EDGE_CURVE('',#6450,#8458,#13678,.T.);
#13680=ORIENTED_EDGE('',*,*,#13679,.T.);
#13681=CARTESIAN_POINT('',(-0.004083571428571315,0.00001,0.015050000000000154));
#13682=DIRECTION('',(0.,-1.,0.));
#13683=VECTOR('',#13682,1.);
#13684=LINE('',#13681,#13683);
#13685=EDGE_CURVE('',#13620,#8458,#13684,.T.);
#13686=ORIENTED_EDGE('',*,*,#13685,.F.);
#13687=CARTESIAN_POINT('',(-0.0040835714285712005,0.00001,0.01629999999999967));
#13688=DIRECTION('',(9.194034422677824E-14,0.,1.));
#13689=VECTOR('',#13688,1.);
#13690=LINE('',#13687,#13689);
#13691=EDGE_CURVE('',#13620,#6532,#13690,.T.);
#13692=ORIENTED_EDGE('',*,*,#13691,.T.);
#13693=EDGE_LOOP('',(#13674,#13680,#13686,#13692));
#13694=FACE_OUTER_BOUND('',#13693,.T.);
#13695=ADVANCED_FACE('',(#13694),#13668,.T.);
#13696=CARTESIAN_POINT('',(-0.007824999999999655,0.00001,0.015050000000000154));
#13697=DIRECTION('',(0.,0.,1.));
#13698=DIRECTION('',(1.,0.,0.));
#13699=AXIS2_PLACEMENT_3D('',#13696,#13697,#13698);
#13700=PLANE('',#13699);
#13701=CARTESIAN_POINT('',(-0.002623571428571312,0.00001,0.015050000000000154));
#13702=DIRECTION('',(0.,-1.,0.));
#13703=VECTOR('',#13702,1.);
#13704=LINE('',#13701,#13703);
#13705=EDGE_CURVE('',#8466,#13612,#13704,.T.);
#13706=ORIENTED_EDGE('',*,*,#13705,.T.);
#13707=CARTESIAN_POINT('',(-0.007824999999999655,0.00001,0.015050000000000154));
#13708=DIRECTION('',(-1.,0.,0.));
#13709=VECTOR('',#13708,1.);
#13710=LINE('',#13707,#13709);
#13711=EDGE_CURVE('',#13612,#13620,#13710,.T.);
#13712=ORIENTED_EDGE('',*,*,#13711,.T.);
#13713=CARTESIAN_POINT('',(-0.004083571428571315,0.00001,0.015050000000000154));
#13714=DIRECTION('',(0.,-1.,0.));
#13715=VECTOR('',#13714,1.);
#13716=LINE('',#13713,#13715);
#13717=EDGE_CURVE('',#13620,#8458,#13716,.T.);
#13718=ORIENTED_EDGE('',*,*,#13717,.T.);
#13719=CARTESIAN_POINT('',(-0.007824999999999655,0.,0.015050000000000154));
#13720=DIRECTION('',(-1.,0.,0.));
#13721=VECTOR('',#13720,1.);
#13722=LINE('',#13719,#13721);
#13723=EDGE_CURVE('',#8458,#8466,#13722,.T.);
#13724=ORIENTED_EDGE('',*,*,#13723,.T.);
#13725=EDGE_LOOP('',(#13706,#13712,#13718,#13724));
#13726=FACE_OUTER_BOUND('',#13725,.T.);
#13727=ADVANCED_FACE('',(#13726),#13700,.T.);
#13728=CARTESIAN_POINT('',(0.,0.00001,0.));
#13729=DIRECTION('',(0.,1.,0.));
#13730=DIRECTION('',(0.,0.,1.));
#13731=AXIS2_PLACEMENT_3D('',#13728,#13729,#13730);
#13732=PLANE('',#13731);
#13733=CARTESIAN_POINT('',(-0.0017492857142853721,0.000010000000000000026,0.016000000000000014));
#13734=DIRECTION('',(1.,0.,-2.802750918690007E-13));
#13735=VECTOR('',#13734,1.);
#13736=LINE('',#13733,#13735);
#13737=EDGE_CURVE('',#6628,#6636,#13736,.T.);
#13738=ORIENTED_EDGE('',*,*,#13737,.F.);
#13739=CARTESIAN_POINT('',(-0.0004792857142853722,0.000010000000000000026,0.016000000000000007));
#13740=CARTESIAN_POINT('',(-0.0006693486088690738,0.000010000000000000026,0.015597700206464515));
#13741=CARTESIAN_POINT('',(-0.0011142857142853737,0.000010000000000000026,0.015597700206464516));
#13742=CARTESIAN_POINT('',(-0.0015592228197016738,0.000010000000000000026,0.015597700206464518));
#13743=CARTESIAN_POINT('',(-0.0017492857142853715,0.000010000000000000026,0.016000000000000014));
#13744=(BOUNDED_CURVE() B_SPLINE_CURVE(2,(#13739,#13740,#13741,#13742,#13743),.UNSPECIFIED.,.F.,.F.) B_SPLINE_CURVE_WITH_KNOTS((3,2,3),(0.,1.,2.),.UNSPECIFIED.) CURVE() GEOMETRIC_REPRESENTATION_ITEM() RATIONAL_B_SPLINE_CURVE((1.,0.8447390137065804,1.,0.8447390137065804,1.)) REPRESENTATION_ITEM(''));
#13745=EDGE_CURVE('',#6676,#6628,#13744,.T.);
#13746=ORIENTED_EDGE('',*,*,#13745,.F.);
#13747=CARTESIAN_POINT('',(0.0004792857142853724,0.000010000000000000026,0.016000000000000004));
#13748=DIRECTION('',(1.,0.,-2.2799327517929643E-15));
#13749=VECTOR('',#13748,1.);
#13750=LINE('',#13747,#13749);
#13751=EDGE_CURVE('',#6668,#6676,#13750,.T.);
#13752=ORIENTED_EDGE('',*,*,#13751,.F.);
#13753=CARTESIAN_POINT('',(-0.00038785714285691393,0.00001,0.016299999999999322));
#13754=DIRECTION('',(-9.26125495737193E-14,0.,-1.));
#13755=VECTOR('',#13754,1.);
#13756=LINE('',#13753,#13755);
#13757=CARTESIAN_POINT('',(-0.0003878571428570293,0.00001,0.015050000000000154));
#13758=VERTEX_POINT('',#13757);
#13759=EDGE_CURVE('',#6668,#13758,#13756,.T.);
#13760=ORIENTED_EDGE('',*,*,#13759,.T.);
#13761=CARTESIAN_POINT('',(-0.007824999999999655,0.00001,0.015050000000000154));
#13762=DIRECTION('',(-1.,0.,0.));
#13763=VECTOR('',#13762,1.);
#13764=LINE('',#13761,#13763);
#13765=CARTESIAN_POINT('',(-0.00184785714285703,0.00001,0.015050000000000154));
#13766=VERTEX_POINT('',#13765);
#13767=EDGE_CURVE('',#13758,#13766,#13764,.T.);
#13768=ORIENTED_EDGE('',*,*,#13767,.T.);
#13769=CARTESIAN_POINT('',(-0.0018478571428569152,0.00001,0.01629999999999946));
#13770=DIRECTION('',(9.202708040057708E-14,0.,1.));
#13771=VECTOR('',#13770,1.);
#13772=LINE('',#13769,#13771);
#13773=EDGE_CURVE('',#13766,#6636,#13772,.T.);
#13774=ORIENTED_EDGE('',*,*,#13773,.T.);
#13775=EDGE_LOOP('',(#13738,#13746,#13752,#13760,#13768,#13774));
#13776=FACE_OUTER_BOUND('',#13775,.T.);
#13777=ADVANCED_FACE('',(#13776),#13732,.F.);
#13778=CARTESIAN_POINT('',(-0.00038785714285691393,0.00001,0.016299999999999322));
#13779=DIRECTION('',(-1.,0.,9.26125495737193E-14));
#13780=DIRECTION('',(9.261254957371931E-14,0.,1.));
#13781=AXIS2_PLACEMENT_3D('',#13778,#13779,#13780);
#13782=PLANE('',#13781);
#13783=CARTESIAN_POINT('',(-0.00038785714285694174,0.00108,0.016000000000000007));
#13784=DIRECTION('',(0.,1.,0.));
#13785=VECTOR('',#13784,1.);
#13786=LINE('',#13783,#13785);
#13787=EDGE_CURVE('',#6660,#6668,#13786,.T.);
#13788=ORIENTED_EDGE('',*,*,#13787,.T.);
#13789=CARTESIAN_POINT('',(-0.00038785714285691393,0.00001,0.016299999999999322));
#13790=DIRECTION('',(-9.26125495737193E-14,0.,-1.));
#13791=VECTOR('',#13790,1.);
#13792=LINE('',#13789,#13791);
#13793=EDGE_CURVE('',#6668,#13758,#13792,.T.);
#13794=ORIENTED_EDGE('',*,*,#13793,.T.);
#13795=CARTESIAN_POINT('',(-0.0003878571428570293,0.00001,0.015050000000000154));
#13796=DIRECTION('',(0.,-1.,0.));
#13797=VECTOR('',#13796,1.);
#13798=LINE('',#13795,#13797);
#13799=EDGE_CURVE('',#8494,#13758,#13798,.T.);
#13800=ORIENTED_EDGE('',*,*,#13799,.F.);
#13801=CARTESIAN_POINT('',(-0.00038785714285691393,0.,0.016299999999999322));
#13802=DIRECTION('',(9.261254957371931E-14,0.,1.));
#13803=VECTOR('',#13802,1.);
#13804=LINE('',#13801,#13803);
#13805=EDGE_CURVE('',#8494,#6660,#13804,.T.);
#13806=ORIENTED_EDGE('',*,*,#13805,.T.);
#13807=EDGE_LOOP('',(#13788,#13794,#13800,#13806));
#13808=FACE_OUTER_BOUND('',#13807,.T.);
#13809=ADVANCED_FACE('',(#13808),#13782,.T.);
#13810=CARTESIAN_POINT('',(-0.0018478571428569152,0.00001,0.01629999999999946));
#13811=DIRECTION('',(1.,0.,-9.202708040057709E-14));
#13812=DIRECTION('',(-9.20270804005771E-14,0.,-1.));
#13813=AXIS2_PLACEMENT_3D('',#13810,#13811,#13812);
#13814=PLANE('',#13813);
#13815=CARTESIAN_POINT('',(-0.0018478571428569427,0.00108,0.016000000000000042));
#13816=DIRECTION('',(0.,-1.,0.));
#13817=VECTOR('',#13816,1.);
#13818=LINE('',#13815,#13817);
#13819=EDGE_CURVE('',#6636,#6554,#13818,.T.);
#13820=ORIENTED_EDGE('',*,*,#13819,.T.);
#13821=CARTESIAN_POINT('',(-0.0018478571428569152,0.,0.01629999999999946));
#13822=DIRECTION('',(9.202708040057708E-14,0.,1.));
#13823=VECTOR('',#13822,1.);
#13824=LINE('',#13821,#13823);
#13825=EDGE_CURVE('',#6554,#8486,#13824,.T.);
#13826=ORIENTED_EDGE('',*,*,#13825,.T.);
#13827=CARTESIAN_POINT('',(-0.00184785714285703,0.00001,0.015050000000000154));
#13828=DIRECTION('',(0.,-1.,0.));
#13829=VECTOR('',#13828,1.);
#13830=LINE('',#13827,#13829);
#13831=EDGE_CURVE('',#13766,#8486,#13830,.T.);
#13832=ORIENTED_EDGE('',*,*,#13831,.F.);
#13833=CARTESIAN_POINT('',(-0.0018478571428569152,0.00001,0.01629999999999946));
#13834=DIRECTION('',(9.202708040057708E-14,0.,1.));
#13835=VECTOR('',#13834,1.);
#13836=LINE('',#13833,#13835);
#13837=EDGE_CURVE('',#13766,#6636,#13836,.T.);
#13838=ORIENTED_EDGE('',*,*,#13837,.T.);
#13839=EDGE_LOOP('',(#13820,#13826,#13832,#13838));
#13840=FACE_OUTER_BOUND('',#13839,.T.);
#13841=ADVANCED_FACE('',(#13840),#13814,.T.);
#13842=CARTESIAN_POINT('',(-0.007824999999999655,0.00001,0.015050000000000154));
#13843=DIRECTION('',(0.,0.,1.));
#13844=DIRECTION('',(1.,0.,0.));
#13845=AXIS2_PLACEMENT_3D('',#13842,#13843,#13844);
#13846=PLANE('',#13845);
#13847=CARTESIAN_POINT('',(-0.0003878571428570293,0.00001,0.015050000000000154));
#13848=DIRECTION('',(0.,-1.,0.));
#13849=VECTOR('',#13848,1.);
#13850=LINE('',#13847,#13849);
#13851=EDGE_CURVE('',#8494,#13758,#13850,.T.);
#13852=ORIENTED_EDGE('',*,*,#13851,.T.);
#13853=CARTESIAN_POINT('',(-0.007824999999999655,0.00001,0.015050000000000154));
#13854=DIRECTION('',(-1.,0.,0.));
#13855=VECTOR('',#13854,1.);
#13856=LINE('',#13853,#13855);
#13857=EDGE_CURVE('',#13758,#13766,#13856,.T.);
#13858=ORIENTED_EDGE('',*,*,#13857,.T.);
#13859=CARTESIAN_POINT('',(-0.00184785714285703,0.00001,0.015050000000000154));
#13860=DIRECTION('',(0.,-1.,0.));
#13861=VECTOR('',#13860,1.);
#13862=LINE('',#13859,#13861);
#13863=EDGE_CURVE('',#13766,#8486,#13862,.T.);
#13864=ORIENTED_EDGE('',*,*,#13863,.T.);
#13865=CARTESIAN_POINT('',(-0.007824999999999655,0.,0.015050000000000154));
#13866=DIRECTION('',(-1.,0.,0.));
#13867=VECTOR('',#13866,1.);
#13868=LINE('',#13865,#13867);
#13869=EDGE_CURVE('',#8486,#8494,#13868,.T.);
#13870=ORIENTED_EDGE('',*,*,#13869,.T.);
#13871=EDGE_LOOP('',(#13852,#13858,#13864,#13870));
#13872=FACE_OUTER_BOUND('',#13871,.T.);
#13873=ADVANCED_FACE('',(#13872),#13846,.T.);
#13874=CARTESIAN_POINT('',(0.,0.00001,0.));
#13875=DIRECTION('',(0.,1.,0.));
#13876=DIRECTION('',(0.,0.,1.));
#13877=AXIS2_PLACEMENT_3D('',#13874,#13875,#13876);
#13878=PLANE('',#13877);
#13879=CARTESIAN_POINT('',(0.0004792857142853724,0.000010000000000000026,0.016000000000000004));
#13880=DIRECTION('',(1.,0.,-2.2799327517929643E-15));
#13881=VECTOR('',#13880,1.);
#13882=LINE('',#13879,#13881);
#13883=EDGE_CURVE('',#6732,#6740,#13882,.T.);
#13884=ORIENTED_EDGE('',*,*,#13883,.F.);
#13885=CARTESIAN_POINT('',(0.0017492857142853723,0.000010000000000000026,0.01600000000000001));
#13886=CARTESIAN_POINT('',(0.0015592228197016749,0.000010000000000000026,0.015597700206464515));
#13887=CARTESIAN_POINT('',(0.0011142857142853744,0.000010000000000000026,0.015597700206464513));
#13888=CARTESIAN_POINT('',(0.000669348608869074,0.000010000000000000026,0.015597700206464511));
#13889=CARTESIAN_POINT('',(0.0004792857142853726,0.000010000000000000026,0.016000000000000004));
#13890=(BOUNDED_CURVE() B_SPLINE_CURVE(2,(#13885,#13886,#13887,#13888,#13889),.UNSPECIFIED.,.F.,.F.) B_SPLINE_CURVE_WITH_KNOTS((3,2,3),(0.,1.,2.),.UNSPECIFIED.) CURVE() GEOMETRIC_REPRESENTATION_ITEM() RATIONAL_B_SPLINE_CURVE((1.,0.8447390137065803,1.,0.8447390137065803,1.)) REPRESENTATION_ITEM(''));
#13891=EDGE_CURVE('',#6780,#6732,#13890,.T.);
#13892=ORIENTED_EDGE('',*,*,#13891,.F.);
#13893=CARTESIAN_POINT('',(0.002716190476190134,0.000010000000000000026,0.016000000000000018));
#13894=DIRECTION('',(1.,0.,6.780848996832254E-15));
#13895=VECTOR('',#13894,1.);
#13896=LINE('',#13893,#13895);
#13897=EDGE_CURVE('',#6772,#6780,#13896,.T.);
#13898=ORIENTED_EDGE('',*,*,#13897,.F.);
#13899=CARTESIAN_POINT('',(0.0018478571428569238,0.00001,0.01630000000000098));
#13900=DIRECTION('',(1.000068083900704E-13,0.,-1.));
#13901=VECTOR('',#13900,1.);
#13902=LINE('',#13899,#13901);
#13903=CARTESIAN_POINT('',(0.0018478571428570487,0.00001,0.015050000000000138));
#13904=VERTEX_POINT('',#13903);
#13905=EDGE_CURVE('',#6772,#13904,#13902,.T.);
#13906=ORIENTED_EDGE('',*,*,#13905,.T.);
#13907=CARTESIAN_POINT('',(-0.007824999999999666,0.00001,0.015050000000000218));
#13908=DIRECTION('',(-1.,0.,8.317167350573737E-15));
#13909=VECTOR('',#13908,1.);
#13910=LINE('',#13907,#13909);
#13911=CARTESIAN_POINT('',(0.0003878571428570519,0.00001,0.01505000000000015));
#13912=VERTEX_POINT('',#13911);
#13913=EDGE_CURVE('',#13904,#13912,#13910,.T.);
#13914=ORIENTED_EDGE('',*,*,#13913,.T.);
#13915=CARTESIAN_POINT('',(0.0003878571428569261,0.00001,0.016300000000000838));
#13916=DIRECTION('',(-1.0063564565011255E-13,0.,1.));
#13917=VECTOR('',#13916,1.);
#13918=LINE('',#13915,#13917);
#13919=EDGE_CURVE('',#13912,#6740,#13918,.T.);
#13920=ORIENTED_EDGE('',*,*,#13919,.T.);
#13921=EDGE_LOOP('',(#13884,#13892,#13898,#13906,#13914,#13920));
#13922=FACE_OUTER_BOUND('',#13921,.T.);
#13923=ADVANCED_FACE('',(#13922),#13878,.F.);
#13924=CARTESIAN_POINT('',(0.0018478571428569238,0.00001,0.01630000000000098));
#13925=DIRECTION('',(-1.,0.,-1.000068083900704E-13));
#13926=DIRECTION('',(-1.0000680839007041E-13,0.,1.));
#13927=AXIS2_PLACEMENT_3D('',#13924,#13925,#13926);
#13928=PLANE('',#13927);
#13929=CARTESIAN_POINT('',(0.0018478571428569538,0.00108,0.01600000000000001));
#13930=DIRECTION('',(0.,1.,0.));
#13931=VECTOR('',#13930,1.);
#13932=LINE('',#13929,#13931);
#13933=EDGE_CURVE('',#6764,#6772,#13932,.T.);
#13934=ORIENTED_EDGE('',*,*,#13933,.T.);
#13935=CARTESIAN_POINT('',(0.0018478571428569238,0.00001,0.01630000000000098));
#13936=DIRECTION('',(1.000068083900704E-13,0.,-1.));
#13937=VECTOR('',#13936,1.);
#13938=LINE('',#13935,#13937);
#13939=EDGE_CURVE('',#6772,#13904,#13938,.T.);
#13940=ORIENTED_EDGE('',*,*,#13939,.T.);
#13941=CARTESIAN_POINT('',(0.0018478571428570487,0.00001,0.015050000000000138));
#13942=DIRECTION('',(0.,-1.,0.));
#13943=VECTOR('',#13942,1.);
#13944=LINE('',#13941,#13943);
#13945=EDGE_CURVE('',#8522,#13904,#13944,.T.);
#13946=ORIENTED_EDGE('',*,*,#13945,.F.);
#13947=CARTESIAN_POINT('',(0.0018478571428569238,0.,0.01630000000000098));
#13948=DIRECTION('',(-1.0000680839007041E-13,0.,1.));
#13949=VECTOR('',#13948,1.);
#13950=LINE('',#13947,#13949);
#13951=EDGE_CURVE('',#8522,#6764,#13950,.T.);
#13952=ORIENTED_EDGE('',*,*,#13951,.T.);
#13953=EDGE_LOOP('',(#13934,#13940,#13946,#13952));
#13954=FACE_OUTER_BOUND('',#13953,.T.);
#13955=ADVANCED_FACE('',(#13954),#13928,.T.);
#13956=CARTESIAN_POINT('',(0.0003878571428569261,0.00001,0.016300000000000838));
#13957=DIRECTION('',(1.,0.,1.0063564565011255E-13));
#13958=DIRECTION('',(1.0063564565011256E-13,0.,-1.));
#13959=AXIS2_PLACEMENT_3D('',#13956,#13957,#13958);
#13960=PLANE('',#13959);
#13961=CARTESIAN_POINT('',(0.00038785714285695627,0.00108,0.016000000000000004));
#13962=DIRECTION('',(0.,-1.,0.));
#13963=VECTOR('',#13962,1.);
#13964=LINE('',#13961,#13963);
#13965=EDGE_CURVE('',#6740,#6658,#13964,.T.);
#13966=ORIENTED_EDGE('',*,*,#13965,.T.);
#13967=CARTESIAN_POINT('',(0.0003878571428569261,0.,0.016300000000000838));
#13968=DIRECTION('',(-1.0063564565011255E-13,0.,1.));
#13969=VECTOR('',#13968,1.);
#13970=LINE('',#13967,#13969);
#13971=EDGE_CURVE('',#6658,#8514,#13970,.T.);
#13972=ORIENTED_EDGE('',*,*,#13971,.T.);
#13973=CARTESIAN_POINT('',(0.0003878571428570519,0.00001,0.01505000000000015));
#13974=DIRECTION('',(0.,-1.,0.));
#13975=VECTOR('',#13974,1.);
#13976=LINE('',#13973,#13975);
#13977=EDGE_CURVE('',#13912,#8514,#13976,.T.);
#13978=ORIENTED_EDGE('',*,*,#13977,.F.);
#13979=CARTESIAN_POINT('',(0.0003878571428569261,0.00001,0.016300000000000838));
#13980=DIRECTION('',(-1.0063564565011255E-13,0.,1.));
#13981=VECTOR('',#13980,1.);
#13982=LINE('',#13979,#13981);
#13983=EDGE_CURVE('',#13912,#6740,#13982,.T.);
#13984=ORIENTED_EDGE('',*,*,#13983,.T.);
#13985=EDGE_LOOP('',(#13966,#13972,#13978,#13984));
#13986=FACE_OUTER_BOUND('',#13985,.T.);
#13987=ADVANCED_FACE('',(#13986),#13960,.T.);
#13988=CARTESIAN_POINT('',(-0.007824999999999666,0.00001,0.015050000000000218));
#13989=DIRECTION('',(8.317167350573737E-15,0.,1.));
#13990=DIRECTION('',(1.,0.,-8.317167350573737E-15));
#13991=AXIS2_PLACEMENT_3D('',#13988,#13989,#13990);
#13992=PLANE('',#13991);
#13993=CARTESIAN_POINT('',(0.0018478571428570487,0.00001,0.015050000000000138));
#13994=DIRECTION('',(0.,-1.,0.));
#13995=VECTOR('',#13994,1.);
#13996=LINE('',#13993,#13995);
#13997=EDGE_CURVE('',#8522,#13904,#13996,.T.);
#13998=ORIENTED_EDGE('',*,*,#13997,.T.);
#13999=CARTESIAN_POINT('',(-0.007824999999999666,0.00001,0.015050000000000218));
#14000=DIRECTION('',(-1.,0.,8.317167350573737E-15));
#14001=VECTOR('',#14000,1.);
#14002=LINE('',#13999,#14001);
#14003=EDGE_CURVE('',#13904,#13912,#14002,.T.);
#14004=ORIENTED_EDGE('',*,*,#14003,.T.);
#14005=CARTESIAN_POINT('',(0.0003878571428570519,0.00001,0.01505000000000015));
#14006=DIRECTION('',(0.,-1.,0.));
#14007=VECTOR('',#14006,1.);
#14008=LINE('',#14005,#14007);
#14009=EDGE_CURVE('',#13912,#8514,#14008,.T.);
#14010=ORIENTED_EDGE('',*,*,#14009,.T.);
#14011=CARTESIAN_POINT('',(-0.007824999999999666,0.,0.015050000000000218));
#14012=DIRECTION('',(-1.,0.,8.317167350573737E-15));
#14013=VECTOR('',#14012,1.);
#14014=LINE('',#14011,#14013);
#14015=EDGE_CURVE('',#8514,#8522,#14014,.T.);
#14016=ORIENTED_EDGE('',*,*,#14015,.T.);
#14017=EDGE_LOOP('',(#13998,#14004,#14010,#14016));
#14018=FACE_OUTER_BOUND('',#14017,.T.);
#14019=ADVANCED_FACE('',(#14018),#13992,.T.);
#14020=CARTESIAN_POINT('',(0.,0.00001,0.));
#14021=DIRECTION('',(0.,1.,0.));
#14022=DIRECTION('',(0.,0.,1.));
#14023=AXIS2_PLACEMENT_3D('',#14020,#14021,#14022);
#14024=PLANE('',#14023);
#14025=CARTESIAN_POINT('',(0.002716190476190134,0.000010000000000000026,0.016000000000000018));
#14026=DIRECTION('',(1.,0.,6.780848996832254E-15));
#14027=VECTOR('',#14026,1.);
#14028=LINE('',#14025,#14027);
#14029=EDGE_CURVE('',#6836,#6844,#14028,.T.);
#14030=ORIENTED_EDGE('',*,*,#14029,.F.);
#14031=CARTESIAN_POINT('',(0.003986190476190134,0.000010000000000000026,0.016000000000000028));
#14032=CARTESIAN_POINT('',(0.0037961275816064386,0.000010000000000000026,0.01559770020646453));
#14033=CARTESIAN_POINT('',(0.0033511904761901377,0.000010000000000000026,0.015597700206464527));
#14034=CARTESIAN_POINT('',(0.0029062533707738362,0.000010000000000000026,0.015597700206464523));
#14035=CARTESIAN_POINT('',(0.0027161904761901345,0.000010000000000000026,0.016000000000000018));
#14036=(BOUNDED_CURVE() B_SPLINE_CURVE(2,(#14031,#14032,#14033,#14034,#14035),.UNSPECIFIED.,.F.,.F.) B_SPLINE_CURVE_WITH_KNOTS((3,2,3),(0.,1.,2.),.UNSPECIFIED.) CURVE() GEOMETRIC_REPRESENTATION_ITEM() RATIONAL_B_SPLINE_CURVE((1.,0.8447390137065798,1.,0.8447390137065798,1.)) REPRESENTATION_ITEM(''));
#14037=EDGE_CURVE('',#6884,#6836,#14036,.T.);
#14038=ORIENTED_EDGE('',*,*,#14037,.F.);
#14039=CARTESIAN_POINT('',(0.004953095238094896,0.000010000000000000026,0.016000000000000035));
#14040=DIRECTION('',(1.,0.,6.780848996832254E-15));
#14041=VECTOR('',#14040,1.);
#14042=LINE('',#14039,#14041);
#14043=EDGE_CURVE('',#6876,#6884,#14042,.T.);
#14044=ORIENTED_EDGE('',*,*,#14043,.F.);
#14045=CARTESIAN_POINT('',(0.004083571428571211,0.00001,0.016300000000001206));
#14046=DIRECTION('',(1.0026701691146624E-13,0.,-1.));
#14047=VECTOR('',#14046,1.);
#14048=LINE('',#14045,#14047);
#14049=CARTESIAN_POINT('',(0.004083571428571336,0.00001,0.01505000000000012));
#14050=VERTEX_POINT('',#14049);
#14051=EDGE_CURVE('',#6876,#14050,#14048,.T.);
#14052=ORIENTED_EDGE('',*,*,#14051,.T.);
#14053=CARTESIAN_POINT('',(-0.007824999999999666,0.00001,0.01505000000000022));
#14054=DIRECTION('',(-1.,0.,8.317167350573712E-15));
#14055=VECTOR('',#14054,1.);
#14056=LINE('',#14053,#14055);
#14057=CARTESIAN_POINT('',(0.0026235714285713315,0.00001,0.015050000000000133));
#14058=VERTEX_POINT('',#14057);
#14059=EDGE_CURVE('',#14050,#14058,#14056,.T.);
#14060=ORIENTED_EDGE('',*,*,#14059,.T.);
#14061=CARTESIAN_POINT('',(0.002623571428571208,0.00001,0.016300000000001046));
#14062=DIRECTION('',(-9.88792381306852E-14,0.,1.));
#14063=VECTOR('',#14062,1.);
#14064=LINE('',#14061,#14063);
#14065=EDGE_CURVE('',#14058,#6844,#14064,.T.);
#14066=ORIENTED_EDGE('',*,*,#14065,.T.);
#14067=EDGE_LOOP('',(#14030,#14038,#14044,#14052,#14060,#14066));
#14068=FACE_OUTER_BOUND('',#14067,.T.);
#14069=ADVANCED_FACE('',(#14068),#14024,.F.);
#14070=CARTESIAN_POINT('',(0.004083571428571211,0.00001,0.016300000000001206));
#14071=DIRECTION('',(-1.,0.,-1.0026701691146624E-13));
#14072=DIRECTION('',(-1.0026701691146625E-13,0.,1.));
#14073=AXIS2_PLACEMENT_3D('',#14070,#14071,#14072);
#14074=PLANE('',#14073);
#14075=CARTESIAN_POINT('',(0.004083571428571241,0.00108,0.016000000000000028));
#14076=DIRECTION('',(0.,1.,0.));
#14077=VECTOR('',#14076,1.);
#14078=LINE('',#14075,#14077);
#14079=EDGE_CURVE('',#6868,#6876,#14078,.T.);
#14080=ORIENTED_EDGE('',*,*,#14079,.T.);
#14081=CARTESIAN_POINT('',(0.004083571428571211,0.00001,0.016300000000001206));
#14082=DIRECTION('',(1.0026701691146624E-13,0.,-1.));
#14083=VECTOR('',#14082,1.);
#14084=LINE('',#14081,#14083);
#14085=EDGE_CURVE('',#6876,#14050,#14084,.T.);
#14086=ORIENTED_EDGE('',*,*,#14085,.T.);
#14087=CARTESIAN_POINT('',(0.004083571428571336,0.00001,0.01505000000000012));
#14088=DIRECTION('',(0.,-1.,0.));
#14089=VECTOR('',#14088,1.);
#14090=LINE('',#14087,#14089);
#14091=EDGE_CURVE('',#8550,#14050,#14090,.T.);
#14092=ORIENTED_EDGE('',*,*,#14091,.F.);
#14093=CARTESIAN_POINT('',(0.004083571428571211,0.,0.016300000000001206));
#14094=DIRECTION('',(-1.0026701691146625E-13,0.,1.));
#14095=VECTOR('',#14094,1.);
#14096=LINE('',#14093,#14095);
#14097=EDGE_CURVE('',#8550,#6868,#14096,.T.);
#14098=ORIENTED_EDGE('',*,*,#14097,.T.);
#14099=EDGE_LOOP('',(#14080,#14086,#14092,#14098));
#14100=FACE_OUTER_BOUND('',#14099,.T.);
#14101=ADVANCED_FACE('',(#14100),#14074,.T.);
#14102=CARTESIAN_POINT('',(0.002623571428571208,0.00001,0.016300000000001046));
#14103=DIRECTION('',(1.,0.,9.88792381306852E-14));
#14104=DIRECTION('',(9.887923813068521E-14,0.,-1.));
#14105=AXIS2_PLACEMENT_3D('',#14102,#14103,#14104);
#14106=PLANE('',#14105);
#14107=CARTESIAN_POINT('',(0.0026235714285712374,0.00108,0.016000000000000018));
#14108=DIRECTION('',(0.,-1.,0.));
#14109=VECTOR('',#14108,1.);
#14110=LINE('',#14107,#14109);
#14111=EDGE_CURVE('',#6844,#6762,#14110,.T.);
#14112=ORIENTED_EDGE('',*,*,#14111,.T.);
#14113=CARTESIAN_POINT('',(0.002623571428571208,0.,0.016300000000001046));
#14114=DIRECTION('',(-9.88792381306852E-14,0.,1.));
#14115=VECTOR('',#14114,1.);
#14116=LINE('',#14113,#14115);
#14117=EDGE_CURVE('',#6762,#8542,#14116,.T.);
#14118=ORIENTED_EDGE('',*,*,#14117,.T.);
#14119=CARTESIAN_POINT('',(0.0026235714285713315,0.00001,0.015050000000000133));
#14120=DIRECTION('',(0.,-1.,0.));
#14121=VECTOR('',#14120,1.);
#14122=LINE('',#14119,#14121);
#14123=EDGE_CURVE('',#14058,#8542,#14122,.T.);
#14124=ORIENTED_EDGE('',*,*,#14123,.F.);
#14125=CARTESIAN_POINT('',(0.002623571428571208,0.00001,0.016300000000001046));
#14126=DIRECTION('',(-9.88792381306852E-14,0.,1.));
#14127=VECTOR('',#14126,1.);
#14128=LINE('',#14125,#14127);
#14129=EDGE_CURVE('',#14058,#6844,#14128,.T.);
#14130=ORIENTED_EDGE('',*,*,#14129,.T.);
#14131=EDGE_LOOP('',(#14112,#14118,#14124,#14130));
#14132=FACE_OUTER_BOUND('',#14131,.T.);
#14133=ADVANCED_FACE('',(#14132),#14106,.T.);
#14134=CARTESIAN_POINT('',(-0.007824999999999666,0.00001,0.01505000000000022));
#14135=DIRECTION('',(8.317167350573712E-15,0.,1.));
#14136=DIRECTION('',(1.,0.,-8.317167350573712E-15));
#14137=AXIS2_PLACEMENT_3D('',#14134,#14135,#14136);
#14138=PLANE('',#14137);
#14139=CARTESIAN_POINT('',(0.004083571428571336,0.00001,0.01505000000000012));
#14140=DIRECTION('',(0.,-1.,0.));
#14141=VECTOR('',#14140,1.);
#14142=LINE('',#14139,#14141);
#14143=EDGE_CURVE('',#8550,#14050,#14142,.T.);
#14144=ORIENTED_EDGE('',*,*,#14143,.T.);
#14145=CARTESIAN_POINT('',(-0.007824999999999666,0.00001,0.01505000000000022));
#14146=DIRECTION('',(-1.,0.,8.317167350573712E-15));
#14147=VECTOR('',#14146,1.);
#14148=LINE('',#14145,#14147);
#14149=EDGE_CURVE('',#14050,#14058,#14148,.T.);
#14150=ORIENTED_EDGE('',*,*,#14149,.T.);
#14151=CARTESIAN_POINT('',(0.0026235714285713315,0.00001,0.015050000000000133));
#14152=DIRECTION('',(0.,-1.,0.));
#14153=VECTOR('',#14152,1.);
#14154=LINE('',#14151,#14153);
#14155=EDGE_CURVE('',#14058,#8542,#14154,.T.);
#14156=ORIENTED_EDGE('',*,*,#14155,.T.);
#14157=CARTESIAN_POINT('',(-0.007824999999999666,0.,0.01505000000000022));
#14158=DIRECTION('',(-1.,0.,8.317167350573712E-15));
#14159=VECTOR('',#14158,1.);
#14160=LINE('',#14157,#14159);
#14161=EDGE_CURVE('',#8542,#8550,#14160,.T.);
#14162=ORIENTED_EDGE('',*,*,#14161,.T.);
#14163=EDGE_LOOP('',(#14144,#14150,#14156,#14162));
#14164=FACE_OUTER_BOUND('',#14163,.T.);
#14165=ADVANCED_FACE('',(#14164),#14138,.T.);
#14166=CARTESIAN_POINT('',(0.,0.00001,0.));
#14167=DIRECTION('',(0.,1.,0.));
#14168=DIRECTION('',(0.,0.,1.));
#14169=AXIS2_PLACEMENT_3D('',#14166,#14167,#14168);
#14170=PLANE('',#14169);
#14171=CARTESIAN_POINT('',(0.004953095238094896,0.000010000000000000026,0.016000000000000035));
#14172=DIRECTION('',(1.,0.,6.780848996832254E-15));
#14173=VECTOR('',#14172,1.);
#14174=LINE('',#14171,#14173);
#14175=EDGE_CURVE('',#6940,#6948,#14174,.T.);
#14176=ORIENTED_EDGE('',*,*,#14175,.F.);
#14177=CARTESIAN_POINT('',(0.006223095238094896,0.000010000000000000026,0.016000000000000042));
#14178=CARTESIAN_POINT('',(0.006033032343511198,0.000010000000000000026,0.015597700206464546));
#14179=CARTESIAN_POINT('',(0.0055880952380948975,0.000010000000000000026,0.015597700206464544));
#14180=CARTESIAN_POINT('',(0.005143158132678597,0.000010000000000000026,0.01559770020646454));
#14181=CARTESIAN_POINT('',(0.004953095238094896,0.000010000000000000026,0.016000000000000035));
#14182=(BOUNDED_CURVE() B_SPLINE_CURVE(2,(#14177,#14178,#14179,#14180,#14181),.UNSPECIFIED.,.F.,.F.) B_SPLINE_CURVE_WITH_KNOTS((3,2,3),(0.,1.,2.),.UNSPECIFIED.) CURVE() GEOMETRIC_REPRESENTATION_ITEM() RATIONAL_B_SPLINE_CURVE((1.,0.8447390137065804,1.,0.8447390137065804,1.)) REPRESENTATION_ITEM(''));
#14183=EDGE_CURVE('',#6988,#6940,#14182,.T.);
#14184=ORIENTED_EDGE('',*,*,#14183,.F.);
#14185=CARTESIAN_POINT('',(0.007189999999999658,0.000010000000000000026,0.01600000000000005));
#14186=DIRECTION('',(1.,0.,6.780848996832254E-15));
#14187=VECTOR('',#14186,1.);
#14188=LINE('',#14185,#14187);
#14189=EDGE_CURVE('',#6980,#6988,#14188,.T.);
#14190=ORIENTED_EDGE('',*,*,#14189,.F.);
#14191=CARTESIAN_POINT('',(0.006319285714285496,0.00001,0.016300000000001424));
#14192=DIRECTION('',(9.992007221627011E-14,0.,-1.));
#14193=VECTOR('',#14192,1.);
#14194=LINE('',#14191,#14193);
#14195=CARTESIAN_POINT('',(0.006319285714285621,0.00001,0.015050000000000101));
#14196=VERTEX_POINT('',#14195);
#14197=EDGE_CURVE('',#6980,#14196,#14194,.T.);
#14198=ORIENTED_EDGE('',*,*,#14197,.T.);
#14199=CARTESIAN_POINT('',(-0.007824999999999666,0.00001,0.01505000000000022));
#14200=DIRECTION('',(-1.,0.,8.317167350573737E-15));
#14201=VECTOR('',#14200,1.);
#14202=LINE('',#14199,#14201);
#14203=CARTESIAN_POINT('',(0.0048592857142856225,0.00001,0.015050000000000114));
#14204=VERTEX_POINT('',#14203);
#14205=EDGE_CURVE('',#14196,#14204,#14202,.T.);
#14206=ORIENTED_EDGE('',*,*,#14205,.T.);
#14207=CARTESIAN_POINT('',(0.004859285714285497,0.00001,0.01630000000000129));
#14208=DIRECTION('',(-1.0061396160666137E-13,0.,1.));
#14209=VECTOR('',#14208,1.);
#14210=LINE('',#14207,#14209);
#14211=EDGE_CURVE('',#14204,#6948,#14210,.T.);
#14212=ORIENTED_EDGE('',*,*,#14211,.T.);
#14213=EDGE_LOOP('',(#14176,#14184,#14190,#14198,#14206,#14212));
#14214=FACE_OUTER_BOUND('',#14213,.T.);
#14215=ADVANCED_FACE('',(#14214),#14170,.F.);
#14216=CARTESIAN_POINT('',(0.006319285714285496,0.00001,0.016300000000001424));
#14217=DIRECTION('',(-1.,0.,-9.992007221627011E-14));
#14218=DIRECTION('',(-9.992007221627012E-14,0.,1.));
#14219=AXIS2_PLACEMENT_3D('',#14216,#14217,#14218);
#14220=PLANE('',#14219);
#14221=CARTESIAN_POINT('',(0.006319285714285526,0.00108,0.016000000000000042));
#14222=DIRECTION('',(0.,1.,0.));
#14223=VECTOR('',#14222,1.);
#14224=LINE('',#14221,#14223);
#14225=EDGE_CURVE('',#6972,#6980,#14224,.T.);
#14226=ORIENTED_EDGE('',*,*,#14225,.T.);
#14227=CARTESIAN_POINT('',(0.006319285714285496,0.00001,0.016300000000001424));
#14228=DIRECTION('',(9.992007221627011E-14,0.,-1.));
#14229=VECTOR('',#14228,1.);
#14230=LINE('',#14227,#14229);
#14231=EDGE_CURVE('',#6980,#14196,#14230,.T.);
#14232=ORIENTED_EDGE('',*,*,#14231,.T.);
#14233=CARTESIAN_POINT('',(0.006319285714285621,0.00001,0.015050000000000101));
#14234=DIRECTION('',(0.,-1.,0.));
#14235=VECTOR('',#14234,1.);
#14236=LINE('',#14233,#14235);
#14237=EDGE_CURVE('',#8578,#14196,#14236,.T.);
#14238=ORIENTED_EDGE('',*,*,#14237,.F.);
#14239=CARTESIAN_POINT('',(0.006319285714285496,0.,0.016300000000001424));
#14240=DIRECTION('',(-9.992007221627012E-14,0.,1.));
#14241=VECTOR('',#14240,1.);
#14242=LINE('',#14239,#14241);
#14243=EDGE_CURVE('',#8578,#6972,#14242,.T.);
#14244=ORIENTED_EDGE('',*,*,#14243,.T.);
#14245=EDGE_LOOP('',(#14226,#14232,#14238,#14244));
#14246=FACE_OUTER_BOUND('',#14245,.T.);
#14247=ADVANCED_FACE('',(#14246),#14220,.T.);
#14248=CARTESIAN_POINT('',(0.004859285714285497,0.00001,0.01630000000000129));
#14249=DIRECTION('',(1.,0.,1.0061396160666139E-13));
#14250=DIRECTION('',(1.006139616066614E-13,0.,-1.));
#14251=AXIS2_PLACEMENT_3D('',#14248,#14249,#14250);
#14252=PLANE('',#14251);
#14253=CARTESIAN_POINT('',(0.004859285714285527,0.00108,0.016000000000000035));
#14254=DIRECTION('',(0.,-1.,0.));
#14255=VECTOR('',#14254,1.);
#14256=LINE('',#14253,#14255);
#14257=EDGE_CURVE('',#6948,#6866,#14256,.T.);
#14258=ORIENTED_EDGE('',*,*,#14257,.T.);
#14259=CARTESIAN_POINT('',(0.004859285714285497,0.,0.01630000000000129));
#14260=DIRECTION('',(-1.0061396160666137E-13,0.,1.));
#14261=VECTOR('',#14260,1.);
#14262=LINE('',#14259,#14261);
#14263=EDGE_CURVE('',#6866,#8570,#14262,.T.);
#14264=ORIENTED_EDGE('',*,*,#14263,.T.);
#14265=CARTESIAN_POINT('',(0.0048592857142856225,0.00001,0.015050000000000114));
#14266=DIRECTION('',(0.,-1.,0.));
#14267=VECTOR('',#14266,1.);
#14268=LINE('',#14265,#14267);
#14269=EDGE_CURVE('',#14204,#8570,#14268,.T.);
#14270=ORIENTED_EDGE('',*,*,#14269,.F.);
#14271=CARTESIAN_POINT('',(0.004859285714285497,0.00001,0.01630000000000129));
#14272=DIRECTION('',(-1.0061396160666137E-13,0.,1.));
#14273=VECTOR('',#14272,1.);
#14274=LINE('',#14271,#14273);
#14275=EDGE_CURVE('',#14204,#6948,#14274,.T.);
#14276=ORIENTED_EDGE('',*,*,#14275,.T.);
#14277=EDGE_LOOP('',(#14258,#14264,#14270,#14276));
#14278=FACE_OUTER_BOUND('',#14277,.T.);
#14279=ADVANCED_FACE('',(#14278),#14252,.T.);
#14280=CARTESIAN_POINT('',(-0.007824999999999666,0.00001,0.01505000000000022));
#14281=DIRECTION('',(8.317167350573737E-15,0.,1.));
#14282=DIRECTION('',(1.,0.,-8.317167350573737E-15));
#14283=AXIS2_PLACEMENT_3D('',#14280,#14281,#14282);
#14284=PLANE('',#14283);
#14285=CARTESIAN_POINT('',(0.006319285714285621,0.00001,0.015050000000000101));
#14286=DIRECTION('',(0.,-1.,0.));
#14287=VECTOR('',#14286,1.);
#14288=LINE('',#14285,#14287);
#14289=EDGE_CURVE('',#8578,#14196,#14288,.T.);
#14290=ORIENTED_EDGE('',*,*,#14289,.T.);
#14291=CARTESIAN_POINT('',(-0.007824999999999666,0.00001,0.01505000000000022));
#14292=DIRECTION('',(-1.,0.,8.317167350573737E-15));
#14293=VECTOR('',#14292,1.);
#14294=LINE('',#14291,#14293);
#14295=EDGE_CURVE('',#14196,#14204,#14294,.T.);
#14296=ORIENTED_EDGE('',*,*,#14295,.T.);
#14297=CARTESIAN_POINT('',(0.0048592857142856225,0.00001,0.015050000000000114));
#14298=DIRECTION('',(0.,-1.,0.));
#14299=VECTOR('',#14298,1.);
#14300=LINE('',#14297,#14299);
#14301=EDGE_CURVE('',#14204,#8570,#14300,.T.);
#14302=ORIENTED_EDGE('',*,*,#14301,.T.);
#14303=CARTESIAN_POINT('',(-0.007824999999999666,0.,0.01505000000000022));
#14304=DIRECTION('',(-1.,0.,8.317167350573737E-15));
#14305=VECTOR('',#14304,1.);
#14306=LINE('',#14303,#14305);
#14307=EDGE_CURVE('',#8570,#8578,#14306,.T.);
#14308=ORIENTED_EDGE('',*,*,#14307,.T.);
#14309=EDGE_LOOP('',(#14290,#14296,#14302,#14308));
#14310=FACE_OUTER_BOUND('',#14309,.T.);
#14311=ADVANCED_FACE('',(#14310),#14284,.T.);
#14312=CARTESIAN_POINT('',(0.,0.00001,0.));
#14313=DIRECTION('',(0.,1.,0.));
#14314=DIRECTION('',(0.,0.,1.));
#14315=AXIS2_PLACEMENT_3D('',#14312,#14313,#14314);
#14316=PLANE('',#14315);
#14317=CARTESIAN_POINT('',(0.007189999999999658,0.000010000000000000026,0.01600000000000005));
#14318=DIRECTION('',(1.,0.,6.780848996832254E-15));
#14319=VECTOR('',#14318,1.);
#14320=LINE('',#14317,#14319);
#14321=EDGE_CURVE('',#7044,#7052,#14320,.T.);
#14322=ORIENTED_EDGE('',*,*,#14321,.F.);
#14323=CARTESIAN_POINT('',(0.008459999999999657,0.000010000000000000026,0.01600000000000006));
#14324=CARTESIAN_POINT('',(0.008269937105415962,0.000010000000000000026,0.015597700206464562));
#14325=CARTESIAN_POINT('',(0.00782499999999966,0.000010000000000000026,0.015597700206464558));
#14326=CARTESIAN_POINT('',(0.007380062894583359,0.000010000000000000026,0.015597700206464555));
#14327=CARTESIAN_POINT('',(0.007189999999999657,0.000010000000000000026,0.01600000000000005));
#14328=(BOUNDED_CURVE() B_SPLINE_CURVE(2,(#14323,#14324,#14325,#14326,#14327),.UNSPECIFIED.,.F.,.F.) B_SPLINE_CURVE_WITH_KNOTS((3,2,3),(0.,1.,2.),.UNSPECIFIED.) CURVE() GEOMETRIC_REPRESENTATION_ITEM() RATIONAL_B_SPLINE_CURVE((1.,0.8447390137065798,1.,0.8447390137065798,1.)) REPRESENTATION_ITEM(''));
#14329=EDGE_CURVE('',#7076,#7044,#14328,.T.);
#14330=ORIENTED_EDGE('',*,*,#14329,.F.);
#14331=CARTESIAN_POINT('',(0.01600000000000011,0.000010000000000000026,0.01599999999999989));
#14332=DIRECTION('',(1.,0.,-2.2608397188944268E-14));
#14333=VECTOR('',#14332,1.);
#14334=LINE('',#14331,#14333);
#14335=EDGE_CURVE('',#7074,#7076,#14334,.T.);
#14336=ORIENTED_EDGE('',*,*,#14335,.F.);
#14337=CARTESIAN_POINT('',(0.008554999999999782,0.00001,0.01630000000000166));
#14338=DIRECTION('',(1.0061396160666019E-13,0.,-1.));
#14339=VECTOR('',#14338,1.);
#14340=LINE('',#14337,#14339);
#14341=CARTESIAN_POINT('',(0.00855499999999991,0.00001,0.015050000000000082));
#14342=VERTEX_POINT('',#14341);
#14343=EDGE_CURVE('',#7074,#14342,#14340,.T.);
#14344=ORIENTED_EDGE('',*,*,#14343,.T.);
#14345=CARTESIAN_POINT('',(-0.007824999999999666,0.00001,0.01505000000000022));
#14346=DIRECTION('',(-1.,0.,8.317167350573716E-15));
#14347=VECTOR('',#14346,1.);
#14348=LINE('',#14345,#14347);
#14349=CARTESIAN_POINT('',(0.007094999999999907,0.00001,0.015050000000000095));
#14350=VERTEX_POINT('',#14349);
#14351=EDGE_CURVE('',#14342,#14350,#14348,.T.);
#14352=ORIENTED_EDGE('',*,*,#14351,.T.);
#14353=CARTESIAN_POINT('',(0.007094999999999782,0.00001,0.016300000000001497));
#14354=DIRECTION('',(-9.957312752107453E-14,0.,1.));
#14355=VECTOR('',#14354,1.);
#14356=LINE('',#14353,#14355);
#14357=EDGE_CURVE('',#14350,#7052,#14356,.T.);
#14358=ORIENTED_EDGE('',*,*,#14357,.T.);
#14359=EDGE_LOOP('',(#14322,#14330,#14336,#14344,#14352,#14358));
#14360=FACE_OUTER_BOUND('',#14359,.T.);
#14361=ADVANCED_FACE('',(#14360),#14316,.F.);
#14362=CARTESIAN_POINT('',(0.008554999999999782,0.00001,0.01630000000000166));
#14363=DIRECTION('',(-1.,0.,-1.006139616066602E-13));
#14364=DIRECTION('',(-1.0061396160666021E-13,0.,1.));
#14365=AXIS2_PLACEMENT_3D('',#14362,#14363,#14364);
#14366=PLANE('',#14365);
#14367=CARTESIAN_POINT('',(0.008554999999999813,0.00108,0.01600000000000006));
#14368=DIRECTION('',(0.,1.,0.));
#14369=VECTOR('',#14368,1.);
#14370=LINE('',#14367,#14369);
#14371=EDGE_CURVE('',#7124,#7074,#14370,.T.);
#14372=ORIENTED_EDGE('',*,*,#14371,.T.);
#14373=CARTESIAN_POINT('',(0.008554999999999782,0.00001,0.01630000000000166));
#14374=DIRECTION('',(1.0061396160666019E-13,0.,-1.));
#14375=VECTOR('',#14374,1.);
#14376=LINE('',#14373,#14375);
#14377=EDGE_CURVE('',#7074,#14342,#14376,.T.);
#14378=ORIENTED_EDGE('',*,*,#14377,.T.);
#14379=CARTESIAN_POINT('',(0.00855499999999991,0.00001,0.015050000000000082));
#14380=DIRECTION('',(0.,-1.,0.));
#14381=VECTOR('',#14380,1.);
#14382=LINE('',#14379,#14381);
#14383=EDGE_CURVE('',#8606,#14342,#14382,.T.);
#14384=ORIENTED_EDGE('',*,*,#14383,.F.);
#14385=CARTESIAN_POINT('',(0.008554999999999782,0.,0.01630000000000166));
#14386=DIRECTION('',(-1.0061396160666021E-13,0.,1.));
#14387=VECTOR('',#14386,1.);
#14388=LINE('',#14385,#14387);
#14389=EDGE_CURVE('',#8606,#7124,#14388,.T.);
#14390=ORIENTED_EDGE('',*,*,#14389,.T.);
#14391=EDGE_LOOP('',(#14372,#14378,#14384,#14390));
#14392=FACE_OUTER_BOUND('',#14391,.T.);
#14393=ADVANCED_FACE('',(#14392),#14366,.T.);
#14394=CARTESIAN_POINT('',(0.007094999999999782,0.00001,0.016300000000001497));
#14395=DIRECTION('',(1.,0.,9.957312752107453E-14));
#14396=DIRECTION('',(9.957312752107455E-14,0.,-1.));
#14397=AXIS2_PLACEMENT_3D('',#14394,#14395,#14396);
#14398=PLANE('',#14397);
#14399=CARTESIAN_POINT('',(0.0070949999999998115,0.00108,0.01600000000000005));
#14400=DIRECTION('',(0.,-1.,0.));
#14401=VECTOR('',#14400,1.);
#14402=LINE('',#14399,#14401);
#14403=EDGE_CURVE('',#7052,#6970,#14402,.T.);
#14404=ORIENTED_EDGE('',*,*,#14403,.T.);
#14405=CARTESIAN_POINT('',(0.007094999999999782,0.,0.016300000000001497));
#14406=DIRECTION('',(-9.957312752107453E-14,0.,1.));
#14407=VECTOR('',#14406,1.);
#14408=LINE('',#14405,#14407);
#14409=EDGE_CURVE('',#6970,#8598,#14408,.T.);
#14410=ORIENTED_EDGE('',*,*,#14409,.T.);
#14411=CARTESIAN_POINT('',(0.007094999999999907,0.00001,0.015050000000000095));
#14412=DIRECTION('',(0.,-1.,0.));
#14413=VECTOR('',#14412,1.);
#14414=LINE('',#14411,#14413);
#14415=EDGE_CURVE('',#14350,#8598,#14414,.T.);
#14416=ORIENTED_EDGE('',*,*,#14415,.F.);
#14417=CARTESIAN_POINT('',(0.007094999999999782,0.00001,0.016300000000001497));
#14418=DIRECTION('',(-9.957312752107453E-14,0.,1.));
#14419=VECTOR('',#14418,1.);
#14420=LINE('',#14417,#14419);
#14421=EDGE_CURVE('',#14350,#7052,#14420,.T.);
#14422=ORIENTED_EDGE('',*,*,#14421,.T.);
#14423=EDGE_LOOP('',(#14404,#14410,#14416,#14422));
#14424=FACE_OUTER_BOUND('',#14423,.T.);
#14425=ADVANCED_FACE('',(#14424),#14398,.T.);
#14426=CARTESIAN_POINT('',(-0.007824999999999666,0.00001,0.01505000000000022));
#14427=DIRECTION('',(8.317167350573716E-15,0.,1.));
#14428=DIRECTION('',(1.,0.,-8.317167350573716E-15));
#14429=AXIS2_PLACEMENT_3D('',#14426,#14427,#14428);
#14430=PLANE('',#14429);
#14431=CARTESIAN_POINT('',(0.00855499999999991,0.00001,0.015050000000000082));
#14432=DIRECTION('',(0.,-1.,0.));
#14433=VECTOR('',#14432,1.);
#14434=LINE('',#14431,#14433);
#14435=EDGE_CURVE('',#8606,#14342,#14434,.T.);
#14436=ORIENTED_EDGE('',*,*,#14435,.T.);
#14437=CARTESIAN_POINT('',(-0.007824999999999666,0.00001,0.01505000000000022));
#14438=DIRECTION('',(-1.,0.,8.317167350573716E-15));
#14439=VECTOR('',#14438,1.);
#14440=LINE('',#14437,#14439);
#14441=EDGE_CURVE('',#14342,#14350,#14440,.T.);
#14442=ORIENTED_EDGE('',*,*,#14441,.T.);
#14443=CARTESIAN_POINT('',(0.007094999999999907,0.00001,0.015050000000000095));
#14444=DIRECTION('',(0.,-1.,0.));
#14445=VECTOR('',#14444,1.);
#14446=LINE('',#14443,#14445);
#14447=EDGE_CURVE('',#14350,#8598,#14446,.T.);
#14448=ORIENTED_EDGE('',*,*,#14447,.T.);
#14449=CARTESIAN_POINT('',(-0.007824999999999666,0.,0.01505000000000022));
#14450=DIRECTION('',(-1.,0.,8.317167350573716E-15));
#14451=VECTOR('',#14450,1.);
#14452=LINE('',#14449,#14451);
#14453=EDGE_CURVE('',#8598,#8606,#14452,.T.);
#14454=ORIENTED_EDGE('',*,*,#14453,.T.);
#14455=EDGE_LOOP('',(#14436,#14442,#14448,#14454));
#14456=FACE_OUTER_BOUND('',#14455,.T.);
#14457=ADVANCED_FACE('',(#14456),#14430,.T.);
#14458=CARTESIAN_POINT('',(0.,0.00001,0.));
#14459=DIRECTION('',(0.,1.,0.));
#14460=DIRECTION('',(0.,0.,1.));
#14461=AXIS2_PLACEMENT_3D('',#14458,#14459,#14460);
#14462=PLANE('',#14461);
#14463=CARTESIAN_POINT('',(0.015999999999999875,0.000010000000000000026,0.008234999999999828));
#14464=DIRECTION('',(-3.011541381296318E-14,0.,-1.));
#14465=VECTOR('',#14464,1.);
#14466=LINE('',#14463,#14465);
#14467=EDGE_CURVE('',#7184,#7192,#14466,.T.);
#14468=ORIENTED_EDGE('',*,*,#14467,.F.);
#14469=CARTESIAN_POINT('',(0.015999999999999886,0.000010000000000000026,0.006964999999999944));
#14470=CARTESIAN_POINT('',(0.015597700206464513,0.000010000000000000026,0.007155062894583677));
#14471=CARTESIAN_POINT('',(0.01559770020646451,0.000010000000000000026,0.007599999999999882));
#14472=CARTESIAN_POINT('',(0.015597700206464506,0.000010000000000000026,0.008044937105416088));
#14473=CARTESIAN_POINT('',(0.015999999999999875,0.000010000000000000026,0.008234999999999828));
#14474=(BOUNDED_CURVE() B_SPLINE_CURVE(2,(#14469,#14470,#14471,#14472,#14473),.UNSPECIFIED.,.F.,.F.) B_SPLINE_CURVE_WITH_KNOTS((3,2,3),(0.,1.,2.),.UNSPECIFIED.) CURVE() GEOMETRIC_REPRESENTATION_ITEM() RATIONAL_B_SPLINE_CURVE((1.,0.8447390137066323,1.,0.8447390137066323,1.)) REPRESENTATION_ITEM(''));
#14475=EDGE_CURVE('',#7232,#7184,#14474,.T.);
#14476=ORIENTED_EDGE('',*,*,#14475,.F.);
#14477=CARTESIAN_POINT('',(0.015999999999999886,0.000010000000000000026,0.0059989999999998265));
#14478=DIRECTION('',(0.,0.,-1.));
#14479=VECTOR('',#14478,1.);
#14480=LINE('',#14477,#14479);
#14481=EDGE_CURVE('',#7224,#7232,#14480,.T.);
#14482=ORIENTED_EDGE('',*,*,#14481,.F.);
#14483=CARTESIAN_POINT('',(-0.007824999999999726,0.00001,0.006870000000000197));
#14484=DIRECTION('',(-1.,0.,7.632783294296951E-15));
#14485=VECTOR('',#14484,1.);
#14486=LINE('',#14483,#14485);
#14487=CARTESIAN_POINT('',(0.015049999999999777,0.00001,0.006870000000000022));
#14488=VERTEX_POINT('',#14487);
#14489=EDGE_CURVE('',#7224,#14488,#14486,.T.);
#14490=ORIENTED_EDGE('',*,*,#14489,.T.);
#14491=CARTESIAN_POINT('',(0.015049999999999845,0.00001,0.01629999999999985));
#14492=DIRECTION('',(7.129000586206051E-15,0.,1.));
#14493=VECTOR('',#14492,1.);
#14494=LINE('',#14491,#14493);
#14495=CARTESIAN_POINT('',(0.015049999999999788,0.00001,0.008330000000000023));
#14496=VERTEX_POINT('',#14495);
#14497=EDGE_CURVE('',#14488,#14496,#14494,.T.);
#14498=ORIENTED_EDGE('',*,*,#14497,.T.);
#14499=CARTESIAN_POINT('',(-0.007824999999999721,0.00001,0.008330000000000214));
#14500=DIRECTION('',(1.,0.,-8.32667268468757E-15));
#14501=VECTOR('',#14500,1.);
#14502=LINE('',#14499,#14501);
#14503=EDGE_CURVE('',#14496,#7192,#14502,.T.);
#14504=ORIENTED_EDGE('',*,*,#14503,.T.);
#14505=EDGE_LOOP('',(#14468,#14476,#14482,#14490,#14498,#14504));
#14506=FACE_OUTER_BOUND('',#14505,.T.);
#14507=ADVANCED_FACE('',(#14506),#14462,.F.);
#14508=CARTESIAN_POINT('',(-0.007824999999999721,0.00001,0.008330000000000214));
#14509=DIRECTION('',(-8.326672684687571E-15,0.,-1.));
#14510=DIRECTION('',(-1.,0.,8.326672684687571E-15));
#14511=AXIS2_PLACEMENT_3D('',#14508,#14509,#14510);
#14512=PLANE('',#14511);
#14513=CARTESIAN_POINT('',(0.01599999999999988,0.00108,0.008330000000000016));
#14514=DIRECTION('',(0.,-1.,0.));
#14515=VECTOR('',#14514,1.);
#14516=LINE('',#14513,#14515);
#14517=EDGE_CURVE('',#7192,#7146,#14516,.T.);
#14518=ORIENTED_EDGE('',*,*,#14517,.T.);
#14519=CARTESIAN_POINT('',(-0.007824999999999721,0.,0.008330000000000214));
#14520=DIRECTION('',(1.,0.,-8.32667268468757E-15));
#14521=VECTOR('',#14520,1.);
#14522=LINE('',#14519,#14521);
#14523=EDGE_CURVE('',#7146,#8632,#14522,.T.);
#14524=ORIENTED_EDGE('',*,*,#14523,.T.);
#14525=CARTESIAN_POINT('',(0.015049999999999788,0.00001,0.008330000000000023));
#14526=DIRECTION('',(0.,-1.,0.));
#14527=VECTOR('',#14526,1.);
#14528=LINE('',#14525,#14527);
#14529=EDGE_CURVE('',#14496,#8632,#14528,.T.);
#14530=ORIENTED_EDGE('',*,*,#14529,.F.);
#14531=CARTESIAN_POINT('',(-0.007824999999999721,0.00001,0.008330000000000214));
#14532=DIRECTION('',(1.,0.,-8.32667268468757E-15));
#14533=VECTOR('',#14532,1.);
#14534=LINE('',#14531,#14533);
#14535=EDGE_CURVE('',#14496,#7192,#14534,.T.);
#14536=ORIENTED_EDGE('',*,*,#14535,.T.);
#14537=EDGE_LOOP('',(#14518,#14524,#14530,#14536));
#14538=FACE_OUTER_BOUND('',#14537,.T.);
#14539=ADVANCED_FACE('',(#14538),#14512,.T.);
#14540=CARTESIAN_POINT('',(-0.007824999999999726,0.00001,0.006870000000000197));
#14541=DIRECTION('',(7.632783294296953E-15,0.,1.));
#14542=DIRECTION('',(1.,0.,-7.632783294296953E-15));
#14543=AXIS2_PLACEMENT_3D('',#14540,#14541,#14542);
#14544=PLANE('',#14543);
#14545=CARTESIAN_POINT('',(0.015999999999999886,0.00108,0.006870000000000015));
#14546=DIRECTION('',(0.,1.,0.));
#14547=VECTOR('',#14546,1.);
#14548=LINE('',#14545,#14547);
#14549=EDGE_CURVE('',#7216,#7224,#14548,.T.);
#14550=ORIENTED_EDGE('',*,*,#14549,.T.);
#14551=CARTESIAN_POINT('',(-0.007824999999999726,0.00001,0.006870000000000197));
#14552=DIRECTION('',(-1.,0.,7.632783294296951E-15));
#14553=VECTOR('',#14552,1.);
#14554=LINE('',#14551,#14553);
#14555=EDGE_CURVE('',#7224,#14488,#14554,.T.);
#14556=ORIENTED_EDGE('',*,*,#14555,.T.);
#14557=CARTESIAN_POINT('',(0.015049999999999777,0.00001,0.006870000000000022));
#14558=DIRECTION('',(0.,-1.,0.));
#14559=VECTOR('',#14558,1.);
#14560=LINE('',#14557,#14559);
#14561=EDGE_CURVE('',#8640,#14488,#14560,.T.);
#14562=ORIENTED_EDGE('',*,*,#14561,.F.);
#14563=CARTESIAN_POINT('',(-0.007824999999999726,0.,0.006870000000000197));
#14564=DIRECTION('',(1.,0.,-7.632783294296953E-15));
#14565=VECTOR('',#14564,1.);
#14566=LINE('',#14563,#14565);
#14567=EDGE_CURVE('',#8640,#7216,#14566,.T.);
#14568=ORIENTED_EDGE('',*,*,#14567,.T.);
#14569=EDGE_LOOP('',(#14550,#14556,#14562,#14568));
#14570=FACE_OUTER_BOUND('',#14569,.T.);
#14571=ADVANCED_FACE('',(#14570),#14544,.T.);
#14572=CARTESIAN_POINT('',(0.015049999999999845,0.00001,0.01629999999999985));
#14573=DIRECTION('',(1.,0.,-7.129000586206051E-15));
#14574=DIRECTION('',(-7.129000586206051E-15,0.,-1.));
#14575=AXIS2_PLACEMENT_3D('',#14572,#14573,#14574);
#14576=PLANE('',#14575);
#14577=CARTESIAN_POINT('',(0.015049999999999777,0.00001,0.006870000000000022));
#14578=DIRECTION('',(0.,-1.,0.));
#14579=VECTOR('',#14578,1.);
#14580=LINE('',#14577,#14579);
#14581=EDGE_CURVE('',#8640,#14488,#14580,.T.);
#14582=ORIENTED_EDGE('',*,*,#14581,.T.);
#14583=CARTESIAN_POINT('',(0.015049999999999845,0.00001,0.01629999999999985));
#14584=DIRECTION('',(7.129000586206051E-15,0.,1.));
#14585=VECTOR('',#14584,1.);
#14586=LINE('',#14583,#14585);
#14587=EDGE_CURVE('',#14488,#14496,#14586,.T.);
#14588=ORIENTED_EDGE('',*,*,#14587,.T.);
#14589=CARTESIAN_POINT('',(0.015049999999999788,0.00001,0.008330000000000023));
#14590=DIRECTION('',(0.,-1.,0.));
#14591=VECTOR('',#14590,1.);
#14592=LINE('',#14589,#14591);
#14593=EDGE_CURVE('',#14496,#8632,#14592,.T.);
#14594=ORIENTED_EDGE('',*,*,#14593,.T.);
#14595=CARTESIAN_POINT('',(0.015049999999999845,0.,0.01629999999999985));
#14596=DIRECTION('',(7.129000586206051E-15,0.,1.));
#14597=VECTOR('',#14596,1.);
#14598=LINE('',#14595,#14597);
#14599=EDGE_CURVE('',#8632,#8640,#14598,.T.);
#14600=ORIENTED_EDGE('',*,*,#14599,.T.);
#14601=EDGE_LOOP('',(#14582,#14588,#14594,#14600));
#14602=FACE_OUTER_BOUND('',#14601,.T.);
#14603=ADVANCED_FACE('',(#14602),#14576,.T.);
#14604=CARTESIAN_POINT('',(0.,0.00001,0.));
#14605=DIRECTION('',(0.,1.,0.));
#14606=DIRECTION('',(0.,0.,1.));
#14607=AXIS2_PLACEMENT_3D('',#14604,#14605,#14606);
#14608=PLANE('',#14607);
#14609=CARTESIAN_POINT('',(0.015999999999999886,0.000010000000000000026,0.0059989999999998265));
#14610=DIRECTION('',(0.,0.,-1.));
#14611=VECTOR('',#14610,1.);
#14612=LINE('',#14609,#14611);
#14613=EDGE_CURVE('',#7288,#7296,#14612,.T.);
#14614=ORIENTED_EDGE('',*,*,#14613,.F.);
#14615=CARTESIAN_POINT('',(0.015999999999999893,0.000010000000000000026,0.004728999999999943));
#14616=CARTESIAN_POINT('',(0.015597700206464523,0.000010000000000000026,0.004919062894583679));
#14617=CARTESIAN_POINT('',(0.01559770020646452,0.000010000000000000026,0.005363999999999883));
#14618=CARTESIAN_POINT('',(0.015597700206464518,0.000010000000000000026,0.005808937105416087));
#14619=CARTESIAN_POINT('',(0.015999999999999886,0.000010000000000000026,0.005998999999999826));
#14620=(BOUNDED_CURVE() B_SPLINE_CURVE(2,(#14615,#14616,#14617,#14618,#14619),.UNSPECIFIED.,.F.,.F.) B_SPLINE_CURVE_WITH_KNOTS((3,2,3),(0.,1.,2.),.UNSPECIFIED.) CURVE() GEOMETRIC_REPRESENTATION_ITEM() RATIONAL_B_SPLINE_CURVE((1.,0.844739013706633,1.,0.844739013706633,1.)) REPRESENTATION_ITEM(''));
#14621=EDGE_CURVE('',#7336,#7288,#14620,.T.);
#14622=ORIENTED_EDGE('',*,*,#14621,.F.);
#14623=CARTESIAN_POINT('',(0.015999999999999924,0.000010000000000000026,-0.0055650000000001705));
#14624=DIRECTION('',(2.972284586073384E-15,0.,-1.));
#14625=VECTOR('',#14624,1.);
#14626=LINE('',#14623,#14625);
#14627=EDGE_CURVE('',#7328,#7336,#14626,.T.);
#14628=ORIENTED_EDGE('',*,*,#14627,.F.);
#14629=CARTESIAN_POINT('',(-0.007824999999999744,0.00001,0.004634000000000195));
#14630=DIRECTION('',(-1.,0.,7.632783294296932E-15));
#14631=VECTOR('',#14630,1.);
#14632=LINE('',#14629,#14631);
#14633=CARTESIAN_POINT('',(0.015049999999999775,0.00001,0.00463400000000002));
#14634=VERTEX_POINT('',#14633);
#14635=EDGE_CURVE('',#7328,#14634,#14632,.T.);
#14636=ORIENTED_EDGE('',*,*,#14635,.T.);
#14637=CARTESIAN_POINT('',(0.015049999999999886,0.00001,0.016299999999999794));
#14638=DIRECTION('',(9.505334114941413E-15,0.,1.));
#14639=VECTOR('',#14638,1.);
#14640=LINE('',#14637,#14639);
#14641=CARTESIAN_POINT('',(0.01504999999999979,0.00001,0.0060940000000000195));
#14642=VERTEX_POINT('',#14641);
#14643=EDGE_CURVE('',#14634,#14642,#14640,.T.);
#14644=ORIENTED_EDGE('',*,*,#14643,.T.);
#14645=CARTESIAN_POINT('',(-0.007824999999999733,0.00001,0.006094000000000195));
#14646=DIRECTION('',(1.,0.,-7.632783294296954E-15));
#14647=VECTOR('',#14646,1.);
#14648=LINE('',#14645,#14647);
#14649=EDGE_CURVE('',#14642,#7296,#14648,.T.);
#14650=ORIENTED_EDGE('',*,*,#14649,.T.);
#14651=EDGE_LOOP('',(#14614,#14622,#14628,#14636,#14644,#14650));
#14652=FACE_OUTER_BOUND('',#14651,.T.);
#14653=ADVANCED_FACE('',(#14652),#14608,.F.);
#14654=CARTESIAN_POINT('',(-0.007824999999999733,0.00001,0.006094000000000195));
#14655=DIRECTION('',(-7.632783294296956E-15,0.,-1.));
#14656=DIRECTION('',(-1.,0.,7.632783294296956E-15));
#14657=AXIS2_PLACEMENT_3D('',#14654,#14655,#14656);
#14658=PLANE('',#14657);
#14659=CARTESIAN_POINT('',(0.015999999999999886,0.00108,0.006094000000000013));
#14660=DIRECTION('',(0.,-1.,0.));
#14661=VECTOR('',#14660,1.);
#14662=LINE('',#14659,#14661);
#14663=EDGE_CURVE('',#7296,#7214,#14662,.T.);
#14664=ORIENTED_EDGE('',*,*,#14663,.T.);
#14665=CARTESIAN_POINT('',(-0.007824999999999733,0.,0.006094000000000195));
#14666=DIRECTION('',(1.,0.,-7.632783294296954E-15));
#14667=VECTOR('',#14666,1.);
#14668=LINE('',#14665,#14667);
#14669=EDGE_CURVE('',#7214,#8660,#14668,.T.);
#14670=ORIENTED_EDGE('',*,*,#14669,.T.);
#14671=CARTESIAN_POINT('',(0.01504999999999979,0.00001,0.0060940000000000195));
#14672=DIRECTION('',(0.,-1.,0.));
#14673=VECTOR('',#14672,1.);
#14674=LINE('',#14671,#14673);
#14675=EDGE_CURVE('',#14642,#8660,#14674,.T.);
#14676=ORIENTED_EDGE('',*,*,#14675,.F.);
#14677=CARTESIAN_POINT('',(-0.007824999999999733,0.00001,0.006094000000000195));
#14678=DIRECTION('',(1.,0.,-7.632783294296954E-15));
#14679=VECTOR('',#14678,1.);
#14680=LINE('',#14677,#14679);
#14681=EDGE_CURVE('',#14642,#7296,#14680,.T.);
#14682=ORIENTED_EDGE('',*,*,#14681,.T.);
#14683=EDGE_LOOP('',(#14664,#14670,#14676,#14682));
#14684=FACE_OUTER_BOUND('',#14683,.T.);
#14685=ADVANCED_FACE('',(#14684),#14658,.T.);
#14686=CARTESIAN_POINT('',(-0.007824999999999744,0.00001,0.004634000000000195));
#14687=DIRECTION('',(7.632783294296934E-15,0.,1.));
#14688=DIRECTION('',(1.,0.,-7.632783294296934E-15));
#14689=AXIS2_PLACEMENT_3D('',#14686,#14687,#14688);
#14690=PLANE('',#14689);
#14691=CARTESIAN_POINT('',(0.015999999999999893,0.00108,0.004634000000000013));
#14692=DIRECTION('',(0.,1.,0.));
#14693=VECTOR('',#14692,1.);
#14694=LINE('',#14691,#14693);
#14695=EDGE_CURVE('',#7320,#7328,#14694,.T.);
#14696=ORIENTED_EDGE('',*,*,#14695,.T.);
#14697=CARTESIAN_POINT('',(-0.007824999999999744,0.00001,0.004634000000000195));
#14698=DIRECTION('',(-1.,0.,7.632783294296932E-15));
#14699=VECTOR('',#14698,1.);
#14700=LINE('',#14697,#14699);
#14701=EDGE_CURVE('',#7328,#14634,#14700,.T.);
#14702=ORIENTED_EDGE('',*,*,#14701,.T.);
#14703=CARTESIAN_POINT('',(0.015049999999999775,0.00001,0.00463400000000002));
#14704=DIRECTION('',(0.,-1.,0.));
#14705=VECTOR('',#14704,1.);
#14706=LINE('',#14703,#14705);
#14707=EDGE_CURVE('',#8668,#14634,#14706,.T.);
#14708=ORIENTED_EDGE('',*,*,#14707,.F.);
#14709=CARTESIAN_POINT('',(-0.007824999999999744,0.,0.004634000000000195));
#14710=DIRECTION('',(1.,0.,-7.632783294296934E-15));
#14711=VECTOR('',#14710,1.);
#14712=LINE('',#14709,#14711);
#14713=EDGE_CURVE('',#8668,#7320,#14712,.T.);
#14714=ORIENTED_EDGE('',*,*,#14713,.T.);
#14715=EDGE_LOOP('',(#14696,#14702,#14708,#14714));
#14716=FACE_OUTER_BOUND('',#14715,.T.);
#14717=ADVANCED_FACE('',(#14716),#14690,.T.);
#14718=CARTESIAN_POINT('',(0.015049999999999886,0.00001,0.016299999999999794));
#14719=DIRECTION('',(1.,0.,-9.505334114941415E-15));
#14720=DIRECTION('',(-9.505334114941415E-15,0.,-1.));
#14721=AXIS2_PLACEMENT_3D('',#14718,#14719,#14720);
#14722=PLANE('',#14721);
#14723=CARTESIAN_POINT('',(0.015049999999999775,0.00001,0.00463400000000002));
#14724=DIRECTION('',(0.,-1.,0.));
#14725=VECTOR('',#14724,1.);
#14726=LINE('',#14723,#14725);
#14727=EDGE_CURVE('',#8668,#14634,#14726,.T.);
#14728=ORIENTED_EDGE('',*,*,#14727,.T.);
#14729=CARTESIAN_POINT('',(0.015049999999999886,0.00001,0.016299999999999794));
#14730=DIRECTION('',(9.505334114941413E-15,0.,1.));
#14731=VECTOR('',#14730,1.);
#14732=LINE('',#14729,#14731);
#14733=EDGE_CURVE('',#14634,#14642,#14732,.T.);
#14734=ORIENTED_EDGE('',*,*,#14733,.T.);
#14735=CARTESIAN_POINT('',(0.01504999999999979,0.00001,0.0060940000000000195));
#14736=DIRECTION('',(0.,-1.,0.));
#14737=VECTOR('',#14736,1.);
#14738=LINE('',#14735,#14737);
#14739=EDGE_CURVE('',#14642,#8660,#14738,.T.);
#14740=ORIENTED_EDGE('',*,*,#14739,.T.);
#14741=CARTESIAN_POINT('',(0.015049999999999886,0.,0.016299999999999794));
#14742=DIRECTION('',(9.505334114941413E-15,0.,1.));
#14743=VECTOR('',#14742,1.);
#14744=LINE('',#14741,#14743);
#14745=EDGE_CURVE('',#8660,#8668,#14744,.T.);
#14746=ORIENTED_EDGE('',*,*,#14745,.T.);
#14747=EDGE_LOOP('',(#14728,#14734,#14740,#14746));
#14748=FACE_OUTER_BOUND('',#14747,.T.);
#14749=ADVANCED_FACE('',(#14748),#14722,.T.);
#14750=CARTESIAN_POINT('',(0.,0.00001,0.));
#14751=DIRECTION('',(0.,1.,0.));
#14752=DIRECTION('',(0.,0.,1.));
#14753=AXIS2_PLACEMENT_3D('',#14750,#14751,#14752);
#14754=PLANE('',#14753);
#14755=CARTESIAN_POINT('',(0.015999999999999924,0.000010000000000000026,-0.0055650000000001705));
#14756=DIRECTION('',(2.972284586073384E-15,0.,-1.));
#14757=VECTOR('',#14756,1.);
#14758=LINE('',#14755,#14757);
#14759=EDGE_CURVE('',#7392,#7400,#14758,.T.);
#14760=ORIENTED_EDGE('',*,*,#14759,.F.);
#14761=CARTESIAN_POINT('',(0.016000000000000156,0.000010000000000000026,-0.006834999999999997));
#14762=CARTESIAN_POINT('',(0.01559770020646474,0.000010000000000000026,-0.006644937105416393));
#14763=CARTESIAN_POINT('',(0.015597700206464681,0.000010000000000000026,-0.0062000000000002045));
#14764=CARTESIAN_POINT('',(0.01559770020646462,0.000010000000000000026,-0.005755062894584015));
#14765=CARTESIAN_POINT('',(0.015999999999999976,0.000010000000000000026,-0.0055650000000002815));
#14766=(BOUNDED_CURVE() B_SPLINE_CURVE(2,(#14761,#14762,#14763,#14764,#14765),.UNSPECIFIED.,.F.,.F.) B_SPLINE_CURVE_WITH_KNOTS((3,2,3),(0.,1.,2.),.UNSPECIFIED.) CURVE() GEOMETRIC_REPRESENTATION_ITEM() RATIONAL_B_SPLINE_CURVE((1.,0.8447390137065987,1.,0.8447390137065987,1.)) REPRESENTATION_ITEM(''));
#14767=EDGE_CURVE('',#7440,#7392,#14766,.T.);
#14768=ORIENTED_EDGE('',*,*,#14767,.F.);
#14769=CARTESIAN_POINT('',(0.01600000000000016,0.000010000000000000026,-0.007800999999999889));
#14770=DIRECTION('',(4.524799989506018E-15,0.,-1.));
#14771=VECTOR('',#14770,1.);
#14772=LINE('',#14769,#14771);
#14773=EDGE_CURVE('',#7432,#7440,#14772,.T.);
#14774=ORIENTED_EDGE('',*,*,#14773,.F.);
#14775=CARTESIAN_POINT('',(-0.007825000000000968,0.00001,-0.006929999999998559));
#14776=DIRECTION('',(-1.,0.,5.6551985316845205E-14));
#14777=VECTOR('',#14776,1.);
#14778=LINE('',#14775,#14777);
#14779=CARTESIAN_POINT('',(0.015050000000000101,0.00001,-0.006929999999999853));
#14780=VERTEX_POINT('',#14779);
#14781=EDGE_CURVE('',#7432,#14780,#14778,.T.);
#14782=ORIENTED_EDGE('',*,*,#14781,.T.);
#14783=CARTESIAN_POINT('',(0.015050000000000101,0.00001,0.016300000000000012));
#14784=DIRECTION('',(0.,0.,1.));
#14785=VECTOR('',#14784,1.);
#14786=LINE('',#14783,#14785);
#14787=CARTESIAN_POINT('',(0.015050000000000101,0.00001,-0.0054699999999998535));
#14788=VERTEX_POINT('',#14787);
#14789=EDGE_CURVE('',#14780,#14788,#14786,.T.);
#14790=ORIENTED_EDGE('',*,*,#14789,.T.);
#14791=CARTESIAN_POINT('',(-0.007825000000000887,0.00001,-0.005469999999998559));
#14792=DIRECTION('',(1.,0.,-5.655198531684489E-14));
#14793=VECTOR('',#14792,1.);
#14794=LINE('',#14791,#14793);
#14795=EDGE_CURVE('',#14788,#7400,#14794,.T.);
#14796=ORIENTED_EDGE('',*,*,#14795,.T.);
#14797=EDGE_LOOP('',(#14760,#14768,#14774,#14782,#14790,#14796));
#14798=FACE_OUTER_BOUND('',#14797,.T.);
#14799=ADVANCED_FACE('',(#14798),#14754,.F.);
#14800=CARTESIAN_POINT('',(-0.007825000000000887,0.00001,-0.005469999999998559));
#14801=DIRECTION('',(-5.6551985316844896E-14,0.,-1.));
#14802=DIRECTION('',(-1.,0.,5.65519853168449E-14));
#14803=AXIS2_PLACEMENT_3D('',#14800,#14801,#14802);
#14804=PLANE('',#14803);
#14805=CARTESIAN_POINT('',(0.015999999999999924,0.00108,-0.005469999999999906));
#14806=DIRECTION('',(0.,-1.,0.));
#14807=VECTOR('',#14806,1.);
#14808=LINE('',#14805,#14807);
#14809=EDGE_CURVE('',#7400,#7318,#14808,.T.);
#14810=ORIENTED_EDGE('',*,*,#14809,.T.);
#14811=CARTESIAN_POINT('',(-0.007825000000000887,0.,-0.005469999999998559));
#14812=DIRECTION('',(1.,0.,-5.655198531684489E-14));
#14813=VECTOR('',#14812,1.);
#14814=LINE('',#14811,#14813);
#14815=EDGE_CURVE('',#7318,#8688,#14814,.T.);
#14816=ORIENTED_EDGE('',*,*,#14815,.T.);
#14817=CARTESIAN_POINT('',(0.015050000000000101,0.00001,-0.0054699999999998535));
#14818=DIRECTION('',(0.,-1.,0.));
#14819=VECTOR('',#14818,1.);
#14820=LINE('',#14817,#14819);
#14821=EDGE_CURVE('',#14788,#8688,#14820,.T.);
#14822=ORIENTED_EDGE('',*,*,#14821,.F.);
#14823=CARTESIAN_POINT('',(-0.007825000000000887,0.00001,-0.005469999999998559));
#14824=DIRECTION('',(1.,0.,-5.655198531684489E-14));
#14825=VECTOR('',#14824,1.);
#14826=LINE('',#14823,#14825);
#14827=EDGE_CURVE('',#14788,#7400,#14826,.T.);
#14828=ORIENTED_EDGE('',*,*,#14827,.T.);
#14829=EDGE_LOOP('',(#14810,#14816,#14822,#14828));
#14830=FACE_OUTER_BOUND('',#14829,.T.);
#14831=ADVANCED_FACE('',(#14830),#14804,.T.);
#14832=CARTESIAN_POINT('',(-0.007825000000000968,0.00001,-0.006929999999998559));
#14833=DIRECTION('',(5.655198531684521E-14,0.,1.));
#14834=DIRECTION('',(1.,0.,-5.655198531684522E-14));
#14835=AXIS2_PLACEMENT_3D('',#14832,#14833,#14834);
#14836=PLANE('',#14835);
#14837=CARTESIAN_POINT('',(0.016000000000000156,0.00108,-0.006929999999999906));
#14838=DIRECTION('',(0.,1.,0.));
#14839=VECTOR('',#14838,1.);
#14840=LINE('',#14837,#14839);
#14841=EDGE_CURVE('',#7424,#7432,#14840,.T.);
#14842=ORIENTED_EDGE('',*,*,#14841,.T.);
#14843=CARTESIAN_POINT('',(-0.007825000000000968,0.00001,-0.006929999999998559));
#14844=DIRECTION('',(-1.,0.,5.6551985316845205E-14));
#14845=VECTOR('',#14844,1.);
#14846=LINE('',#14843,#14845);
#14847=EDGE_CURVE('',#7432,#14780,#14846,.T.);
#14848=ORIENTED_EDGE('',*,*,#14847,.T.);
#14849=CARTESIAN_POINT('',(0.015050000000000101,0.00001,-0.006929999999999853));
#14850=DIRECTION('',(0.,-1.,0.));
#14851=VECTOR('',#14850,1.);
#14852=LINE('',#14849,#14851);
#14853=EDGE_CURVE('',#8696,#14780,#14852,.T.);
#14854=ORIENTED_EDGE('',*,*,#14853,.F.);
#14855=CARTESIAN_POINT('',(-0.007825000000000968,0.,-0.006929999999998559));
#14856=DIRECTION('',(1.,0.,-5.655198531684522E-14));
#14857=VECTOR('',#14856,1.);
#14858=LINE('',#14855,#14857);
#14859=EDGE_CURVE('',#8696,#7424,#14858,.T.);
#14860=ORIENTED_EDGE('',*,*,#14859,.T.);
#14861=EDGE_LOOP('',(#14842,#14848,#14854,#14860));
#14862=FACE_OUTER_BOUND('',#14861,.T.);
#14863=ADVANCED_FACE('',(#14862),#14836,.T.);
#14864=CARTESIAN_POINT('',(0.015050000000000101,0.00001,0.016300000000000012));
#14865=DIRECTION('',(1.,0.,0.));
#14866=DIRECTION('',(0.,0.,-1.));
#14867=AXIS2_PLACEMENT_3D('',#14864,#14865,#14866);
#14868=PLANE('',#14867);
#14869=CARTESIAN_POINT('',(0.015050000000000101,0.00001,-0.006929999999999853));
#14870=DIRECTION('',(0.,-1.,0.));
#14871=VECTOR('',#14870,1.);
#14872=LINE('',#14869,#14871);
#14873=EDGE_CURVE('',#8696,#14780,#14872,.T.);
#14874=ORIENTED_EDGE('',*,*,#14873,.T.);
#14875=CARTESIAN_POINT('',(0.015050000000000101,0.00001,0.016300000000000012));
#14876=DIRECTION('',(0.,0.,1.));
#14877=VECTOR('',#14876,1.);
#14878=LINE('',#14875,#14877);
#14879=EDGE_CURVE('',#14780,#14788,#14878,.T.);
#14880=ORIENTED_EDGE('',*,*,#14879,.T.);
#14881=CARTESIAN_POINT('',(0.015050000000000101,0.00001,-0.0054699999999998535));
#14882=DIRECTION('',(0.,-1.,0.));
#14883=VECTOR('',#14882,1.);
#14884=LINE('',#14881,#14883);
#14885=EDGE_CURVE('',#14788,#8688,#14884,.T.);
#14886=ORIENTED_EDGE('',*,*,#14885,.T.);
#14887=CARTESIAN_POINT('',(0.015050000000000101,0.,0.016300000000000012));
#14888=DIRECTION('',(0.,0.,1.));
#14889=VECTOR('',#14888,1.);
#14890=LINE('',#14887,#14889);
#14891=EDGE_CURVE('',#8688,#8696,#14890,.T.);
#14892=ORIENTED_EDGE('',*,*,#14891,.T.);
#14893=EDGE_LOOP('',(#14874,#14880,#14886,#14892));
#14894=FACE_OUTER_BOUND('',#14893,.T.);
#14895=ADVANCED_FACE('',(#14894),#14868,.T.);
#14896=CARTESIAN_POINT('',(0.,0.00001,0.));
#14897=DIRECTION('',(0.,1.,0.));
#14898=DIRECTION('',(0.,0.,1.));
#14899=AXIS2_PLACEMENT_3D('',#14896,#14897,#14898);
#14900=PLANE('',#14899);
#14901=CARTESIAN_POINT('',(0.01600000000000016,0.000010000000000000026,-0.007800999999999889));
#14902=DIRECTION('',(4.524799989506018E-15,0.,-1.));
#14903=VECTOR('',#14902,1.);
#14904=LINE('',#14901,#14903);
#14905=EDGE_CURVE('',#7496,#7504,#14904,.T.);
#14906=ORIENTED_EDGE('',*,*,#14905,.F.);
#14907=CARTESIAN_POINT('',(0.016000000000000056,0.000010000000000000026,-0.00907100000000003));
#14908=CARTESIAN_POINT('',(0.015597700206464532,0.000010000000000000026,-0.008880937105416327));
#14909=CARTESIAN_POINT('',(0.015597700206464601,0.000010000000000000026,-0.008435999999999999));
#14910=CARTESIAN_POINT('',(0.015597700206464673,0.000010000000000000026,-0.00799106289458367));
#14911=CARTESIAN_POINT('',(0.016000000000000243,0.000010000000000000026,-0.007801000000000063));
#14912=(BOUNDED_CURVE() B_SPLINE_CURVE(2,(#14907,#14908,#14909,#14910,#14911),.UNSPECIFIED.,.F.,.F.) B_SPLINE_CURVE_WITH_KNOTS((3,2,3),(0.,1.,2.),.UNSPECIFIED.) CURVE() GEOMETRIC_REPRESENTATION_ITEM() RATIONAL_B_SPLINE_CURVE((1.,0.8447390137065531,1.,0.8447390137065531,1.)) REPRESENTATION_ITEM(''));
#14913=EDGE_CURVE('',#7528,#7496,#14912,.T.);
#14914=ORIENTED_EDGE('',*,*,#14913,.F.);
#14915=CARTESIAN_POINT('',(0.01599999999999989,0.000010000000000000026,-0.01600000000000011));
#14916=DIRECTION('',(-2.3971187475073042E-14,0.,-1.));
#14917=VECTOR('',#14916,1.);
#14918=LINE('',#14915,#14917);
#14919=EDGE_CURVE('',#7526,#7528,#14918,.T.);
#14920=ORIENTED_EDGE('',*,*,#14919,.F.);
#14921=CARTESIAN_POINT('',(-0.007825000000001104,0.00001,-0.009165999999998554));
#14922=DIRECTION('',(-1.,0.,5.689893001204088E-14));
#14923=VECTOR('',#14922,1.);
#14924=LINE('',#14921,#14923);
#14925=CARTESIAN_POINT('',(0.015050000000000112,0.00001,-0.009165999999999855));
#14926=VERTEX_POINT('',#14925);
#14927=EDGE_CURVE('',#7526,#14926,#14924,.T.);
#14928=ORIENTED_EDGE('',*,*,#14927,.T.);
#14929=CARTESIAN_POINT('',(0.015050000000000112,0.00001,0.016300000000000012));
#14930=DIRECTION('',(0.,0.,1.));
#14931=VECTOR('',#14930,1.);
#14932=LINE('',#14929,#14931);
#14933=CARTESIAN_POINT('',(0.015050000000000112,0.00001,-0.007705999999999855));
#14934=VERTEX_POINT('',#14933);
#14935=EDGE_CURVE('',#14926,#14934,#14932,.T.);
#14936=ORIENTED_EDGE('',*,*,#14935,.T.);
#14937=CARTESIAN_POINT('',(-0.00782500000000102,0.00001,-0.007705999999998554));
#14938=DIRECTION('',(1.,0.,-5.689893001204072E-14));
#14939=VECTOR('',#14938,1.);
#14940=LINE('',#14937,#14939);
#14941=EDGE_CURVE('',#14934,#7504,#14940,.T.);
#14942=ORIENTED_EDGE('',*,*,#14941,.T.);
#14943=EDGE_LOOP('',(#14906,#14914,#14920,#14928,#14936,#14942));
#14944=FACE_OUTER_BOUND('',#14943,.T.);
#14945=ADVANCED_FACE('',(#14944),#14900,.F.);
#14946=CARTESIAN_POINT('',(-0.00782500000000102,0.00001,-0.007705999999998554));
#14947=DIRECTION('',(-5.689893001204074E-14,0.,-1.));
#14948=DIRECTION('',(-1.,0.,5.689893001204074E-14));
#14949=AXIS2_PLACEMENT_3D('',#14946,#14947,#14948);
#14950=PLANE('',#14949);
#14951=CARTESIAN_POINT('',(0.01600000000000016,0.00108,-0.00770599999999991));
#14952=DIRECTION('',(0.,-1.,0.));
#14953=VECTOR('',#14952,1.);
#14954=LINE('',#14951,#14953);
#14955=EDGE_CURVE('',#7504,#7422,#14954,.T.);
#14956=ORIENTED_EDGE('',*,*,#14955,.T.);
#14957=CARTESIAN_POINT('',(-0.00782500000000102,0.,-0.007705999999998554));
#14958=DIRECTION('',(1.,0.,-5.689893001204072E-14));
#14959=VECTOR('',#14958,1.);
#14960=LINE('',#14957,#14959);
#14961=EDGE_CURVE('',#7422,#8716,#14960,.T.);
#14962=ORIENTED_EDGE('',*,*,#14961,.T.);
#14963=CARTESIAN_POINT('',(0.015050000000000112,0.00001,-0.007705999999999855));
#14964=DIRECTION('',(0.,-1.,0.));
#14965=VECTOR('',#14964,1.);
#14966=LINE('',#14963,#14965);
#14967=EDGE_CURVE('',#14934,#8716,#14966,.T.);
#14968=ORIENTED_EDGE('',*,*,#14967,.F.);
#14969=CARTESIAN_POINT('',(-0.00782500000000102,0.00001,-0.007705999999998554));
#14970=DIRECTION('',(1.,0.,-5.689893001204072E-14));
#14971=VECTOR('',#14970,1.);
#14972=LINE('',#14969,#14971);
#14973=EDGE_CURVE('',#14934,#7504,#14972,.T.);
#14974=ORIENTED_EDGE('',*,*,#14973,.T.);
#14975=EDGE_LOOP('',(#14956,#14962,#14968,#14974));
#14976=FACE_OUTER_BOUND('',#14975,.T.);
#14977=ADVANCED_FACE('',(#14976),#14950,.T.);
#14978=CARTESIAN_POINT('',(-0.007825000000001104,0.00001,-0.009165999999998554));
#14979=DIRECTION('',(5.689893001204089E-14,0.,1.));
#14980=DIRECTION('',(1.,0.,-5.689893001204089E-14));
#14981=AXIS2_PLACEMENT_3D('',#14978,#14979,#14980);
#14982=PLANE('',#14981);
#14983=CARTESIAN_POINT('',(0.016000000000000052,0.00108,-0.00916599999999991));
#14984=DIRECTION('',(0.,1.,0.));
#14985=VECTOR('',#14984,1.);
#14986=LINE('',#14983,#14985);
#14987=EDGE_CURVE('',#7576,#7526,#14986,.T.);
#14988=ORIENTED_EDGE('',*,*,#14987,.T.);
#14989=CARTESIAN_POINT('',(-0.007825000000001104,0.00001,-0.009165999999998554));
#14990=DIRECTION('',(-1.,0.,5.689893001204088E-14));
#14991=VECTOR('',#14990,1.);
#14992=LINE('',#14989,#14991);
#14993=EDGE_CURVE('',#7526,#14926,#14992,.T.);
#14994=ORIENTED_EDGE('',*,*,#14993,.T.);
#14995=CARTESIAN_POINT('',(0.015050000000000112,0.00001,-0.009165999999999855));
#14996=DIRECTION('',(0.,-1.,0.));
#14997=VECTOR('',#14996,1.);
#14998=LINE('',#14995,#14997);
#14999=EDGE_CURVE('',#8724,#14926,#14998,.T.);
#15000=ORIENTED_EDGE('',*,*,#14999,.F.);
#15001=CARTESIAN_POINT('',(-0.007825000000001104,0.,-0.009165999999998554));
#15002=DIRECTION('',(1.,0.,-5.689893001204089E-14));
#15003=VECTOR('',#15002,1.);
#15004=LINE('',#15001,#15003);
#15005=EDGE_CURVE('',#8724,#7576,#15004,.T.);
#15006=ORIENTED_EDGE('',*,*,#15005,.T.);
#15007=EDGE_LOOP('',(#14988,#14994,#15000,#15006));
#15008=FACE_OUTER_BOUND('',#15007,.T.);
#15009=ADVANCED_FACE('',(#15008),#14982,.T.);
#15010=CARTESIAN_POINT('',(0.015050000000000112,0.00001,0.016300000000000012));
#15011=DIRECTION('',(1.,0.,0.));
#15012=DIRECTION('',(0.,0.,-1.));
#15013=AXIS2_PLACEMENT_3D('',#15010,#15011,#15012);
#15014=PLANE('',#15013);
#15015=CARTESIAN_POINT('',(0.015050000000000112,0.00001,-0.009165999999999855));
#15016=DIRECTION('',(0.,-1.,0.));
#15017=VECTOR('',#15016,1.);
#15018=LINE('',#15015,#15017);
#15019=EDGE_CURVE('',#8724,#14926,#15018,.T.);
#15020=ORIENTED_EDGE('',*,*,#15019,.T.);
#15021=CARTESIAN_POINT('',(0.015050000000000112,0.00001,0.016300000000000012));
#15022=DIRECTION('',(0.,0.,1.));
#15023=VECTOR('',#15022,1.);
#15024=LINE('',#15021,#15023);
#15025=EDGE_CURVE('',#14926,#14934,#15024,.T.);
#15026=ORIENTED_EDGE('',*,*,#15025,.T.);
#15027=CARTESIAN_POINT('',(0.015050000000000112,0.00001,-0.007705999999999855));
#15028=DIRECTION('',(0.,-1.,0.));
#15029=VECTOR('',#15028,1.);
#15030=LINE('',#15027,#15029);
#15031=EDGE_CURVE('',#14934,#8716,#15030,.T.);
#15032=ORIENTED_EDGE('',*,*,#15031,.T.);
#15033=CARTESIAN_POINT('',(0.015050000000000112,0.,0.016300000000000012));
#15034=DIRECTION('',(0.,0.,1.));
#15035=VECTOR('',#15034,1.);
#15036=LINE('',#15033,#15035);
#15037=EDGE_CURVE('',#8716,#8724,#15036,.T.);
#15038=ORIENTED_EDGE('',*,*,#15037,.T.);
#15039=EDGE_LOOP('',(#15020,#15026,#15032,#15038));
#15040=FACE_OUTER_BOUND('',#15039,.T.);
#15041=ADVANCED_FACE('',(#15040),#15014,.T.);
#15042=CARTESIAN_POINT('',(0.,0.00001,0.));
#15043=DIRECTION('',(0.,1.,0.));
#15044=DIRECTION('',(0.,0.,1.));
#15045=AXIS2_PLACEMENT_3D('',#15042,#15043,#15044);
#15046=PLANE('',#15045);
#15047=CARTESIAN_POINT('',(0.01599999999999989,0.000010000000000000026,-0.01600000000000011));
#15048=DIRECTION('',(-1.,0.,6.9011647977884145E-15));
#15049=VECTOR('',#15048,1.);
#15050=LINE('',#15047,#15049);
#15051=EDGE_CURVE('',#7636,#7644,#15050,.T.);
#15052=ORIENTED_EDGE('',*,*,#15051,.F.);
#15053=CARTESIAN_POINT('',(0.00047928571428537236,0.000010000000000000026,-0.016000000000000004));
#15054=CARTESIAN_POINT('',(0.000669348608869074,0.000010000000000000026,-0.015597700206464511));
#15055=CARTESIAN_POINT('',(0.0011142857142853741,0.000010000000000000026,-0.015597700206464513));
#15056=CARTESIAN_POINT('',(0.0015592228197016742,0.000010000000000000026,-0.015597700206464515));
#15057=CARTESIAN_POINT('',(0.0017492857142853715,0.000010000000000000026,-0.01600000000000001));
#15058=(BOUNDED_CURVE() B_SPLINE_CURVE(2,(#15053,#15054,#15055,#15056,#15057),.UNSPECIFIED.,.F.,.F.) B_SPLINE_CURVE_WITH_KNOTS((3,2,3),(0.,1.,2.),.UNSPECIFIED.) CURVE() GEOMETRIC_REPRESENTATION_ITEM() RATIONAL_B_SPLINE_CURVE((1.,0.8447390137065804,1.,0.8447390137065804,1.)) REPRESENTATION_ITEM(''));
#15059=EDGE_CURVE('',#7668,#7636,#15058,.T.);
#15060=ORIENTED_EDGE('',*,*,#15059,.F.);
#15061=CARTESIAN_POINT('',(0.0004792857142853724,0.000010000000000000026,-0.016000000000000004));
#15062=DIRECTION('',(-1.,0.,-2.7815179571867553E-13));
#15063=VECTOR('',#15062,1.);
#15064=LINE('',#15061,#15063);
#15065=EDGE_CURVE('',#7666,#7668,#15064,.T.);
#15066=ORIENTED_EDGE('',*,*,#15065,.F.);
#15067=CARTESIAN_POINT('',(0.00038785714286020644,0.00001,0.016299999999999187));
#15068=DIRECTION('',(1.0063564565011255E-13,0.,1.));
#15069=VECTOR('',#15068,1.);
#15070=LINE('',#15067,#15069);
#15071=CARTESIAN_POINT('',(0.000387857142857051,0.00001,-0.015050000000000152));
#15072=VERTEX_POINT('',#15071);
#15073=EDGE_CURVE('',#7666,#15072,#15070,.T.);
#15074=ORIENTED_EDGE('',*,*,#15073,.T.);
#15075=CARTESIAN_POINT('',(-0.007824999999999395,0.00001,-0.01505000000000022));
#15076=DIRECTION('',(1.,0.,8.317167350573737E-15));
#15077=VECTOR('',#15076,1.);
#15078=LINE('',#15075,#15077);
#15079=CARTESIAN_POINT('',(0.0018478571428570487,0.00001,-0.01505000000000014));
#15080=VERTEX_POINT('',#15079);
#15081=EDGE_CURVE('',#15072,#15080,#15078,.T.);
#15082=ORIENTED_EDGE('',*,*,#15081,.T.);
#15083=CARTESIAN_POINT('',(0.0018478571428601834,0.00001,0.016299999999999044));
#15084=DIRECTION('',(-1.000068083900704E-13,0.,-1.));
#15085=VECTOR('',#15084,1.);
#15086=LINE('',#15083,#15085);
#15087=EDGE_CURVE('',#15080,#7644,#15086,.T.);
#15088=ORIENTED_EDGE('',*,*,#15087,.T.);
#15089=EDGE_LOOP('',(#15052,#15060,#15066,#15074,#15082,#15088));
#15090=FACE_OUTER_BOUND('',#15089,.T.);
#15091=ADVANCED_FACE('',(#15090),#15046,.F.);
#15092=CARTESIAN_POINT('',(0.0018478571428601834,0.00001,0.016299999999999044));
#15093=DIRECTION('',(-1.,0.,1.000068083900704E-13));
#15094=DIRECTION('',(1.0000680839007041E-13,0.,1.));
#15095=AXIS2_PLACEMENT_3D('',#15092,#15093,#15094);
#15096=PLANE('',#15095);
#15097=CARTESIAN_POINT('',(0.0018478571428569533,0.00108,-0.016000000000000014));
#15098=DIRECTION('',(0.,-1.,0.));
#15099=VECTOR('',#15098,1.);
#15100=LINE('',#15097,#15099);
#15101=EDGE_CURVE('',#7644,#7598,#15100,.T.);
#15102=ORIENTED_EDGE('',*,*,#15101,.T.);
#15103=CARTESIAN_POINT('',(0.0018478571428601834,0.,0.016299999999999044));
#15104=DIRECTION('',(-1.000068083900704E-13,0.,-1.));
#15105=VECTOR('',#15104,1.);
#15106=LINE('',#15103,#15105);
#15107=EDGE_CURVE('',#7598,#8222,#15106,.T.);
#15108=ORIENTED_EDGE('',*,*,#15107,.T.);
#15109=CARTESIAN_POINT('',(0.0018478571428570487,0.00001,-0.01505000000000014));
#15110=DIRECTION('',(0.,-1.,0.));
#15111=VECTOR('',#15110,1.);
#15112=LINE('',#15109,#15111);
#15113=EDGE_CURVE('',#15080,#8222,#15112,.T.);
#15114=ORIENTED_EDGE('',*,*,#15113,.F.);
#15115=CARTESIAN_POINT('',(0.0018478571428601834,0.00001,0.016299999999999044));
#15116=DIRECTION('',(-1.000068083900704E-13,0.,-1.));
#15117=VECTOR('',#15116,1.);
#15118=LINE('',#15115,#15117);
#15119=EDGE_CURVE('',#15080,#7644,#15118,.T.);
#15120=ORIENTED_EDGE('',*,*,#15119,.T.);
#15121=EDGE_LOOP('',(#15102,#15108,#15114,#15120));
#15122=FACE_OUTER_BOUND('',#15121,.T.);
#15123=ADVANCED_FACE('',(#15122),#15096,.T.);
#15124=CARTESIAN_POINT('',(0.00038785714286020644,0.00001,0.016299999999999187));
#15125=DIRECTION('',(1.,0.,-1.0063564565011255E-13));
#15126=DIRECTION('',(-1.0063564565011256E-13,0.,-1.));
#15127=AXIS2_PLACEMENT_3D('',#15124,#15125,#15126);
#15128=PLANE('',#15127);
#15129=CARTESIAN_POINT('',(0.0003878571428569559,0.00108,-0.016000000000000028));
#15130=DIRECTION('',(0.,1.,0.));
#15131=VECTOR('',#15130,1.);
#15132=LINE('',#15129,#15131);
#15133=EDGE_CURVE('',#7748,#7666,#15132,.T.);
#15134=ORIENTED_EDGE('',*,*,#15133,.T.);
#15135=CARTESIAN_POINT('',(0.00038785714286020644,0.00001,0.016299999999999187));
#15136=DIRECTION('',(1.0063564565011255E-13,0.,1.));
#15137=VECTOR('',#15136,1.);
#15138=LINE('',#15135,#15137);
#15139=EDGE_CURVE('',#7666,#15072,#15138,.T.);
#15140=ORIENTED_EDGE('',*,*,#15139,.T.);
#15141=CARTESIAN_POINT('',(0.000387857142857051,0.00001,-0.015050000000000152));
#15142=DIRECTION('',(0.,-1.,0.));
#15143=VECTOR('',#15142,1.);
#15144=LINE('',#15141,#15143);
#15145=EDGE_CURVE('',#8230,#15072,#15144,.T.);
#15146=ORIENTED_EDGE('',*,*,#15145,.F.);
#15147=CARTESIAN_POINT('',(0.00038785714286020644,0.,0.016299999999999187));
#15148=DIRECTION('',(-1.0063564565011256E-13,0.,-1.));
#15149=VECTOR('',#15148,1.);
#15150=LINE('',#15147,#15149);
#15151=EDGE_CURVE('',#8230,#7748,#15150,.T.);
#15152=ORIENTED_EDGE('',*,*,#15151,.T.);
#15153=EDGE_LOOP('',(#15134,#15140,#15146,#15152));
#15154=FACE_OUTER_BOUND('',#15153,.T.);
#15155=ADVANCED_FACE('',(#15154),#15128,.T.);
#15156=CARTESIAN_POINT('',(-0.007824999999999395,0.00001,-0.01505000000000022));
#15157=DIRECTION('',(8.317167350573737E-15,0.,-1.));
#15158=DIRECTION('',(-1.,0.,-8.317167350573737E-15));
#15159=AXIS2_PLACEMENT_3D('',#15156,#15157,#15158);
#15160=PLANE('',#15159);
#15161=CARTESIAN_POINT('',(0.000387857142857051,0.00001,-0.015050000000000152));
#15162=DIRECTION('',(0.,-1.,0.));
#15163=VECTOR('',#15162,1.);
#15164=LINE('',#15161,#15163);
#15165=EDGE_CURVE('',#8230,#15072,#15164,.T.);
#15166=ORIENTED_EDGE('',*,*,#15165,.T.);
#15167=CARTESIAN_POINT('',(-0.007824999999999395,0.00001,-0.01505000000000022));
#15168=DIRECTION('',(1.,0.,8.317167350573737E-15));
#15169=VECTOR('',#15168,1.);
#15170=LINE('',#15167,#15169);
#15171=EDGE_CURVE('',#15072,#15080,#15170,.T.);
#15172=ORIENTED_EDGE('',*,*,#15171,.T.);
#15173=CARTESIAN_POINT('',(0.0018478571428570487,0.00001,-0.01505000000000014));
#15174=DIRECTION('',(0.,-1.,0.));
#15175=VECTOR('',#15174,1.);
#15176=LINE('',#15173,#15175);
#15177=EDGE_CURVE('',#15080,#8222,#15176,.T.);
#15178=ORIENTED_EDGE('',*,*,#15177,.T.);
#15179=CARTESIAN_POINT('',(-0.007824999999999395,0.,-0.01505000000000022));
#15180=DIRECTION('',(1.,0.,8.317167350573737E-15));
#15181=VECTOR('',#15180,1.);
#15182=LINE('',#15179,#15181);
#15183=EDGE_CURVE('',#8222,#8230,#15182,.T.);
#15184=ORIENTED_EDGE('',*,*,#15183,.T.);
#15185=EDGE_LOOP('',(#15166,#15172,#15178,#15184));
#15186=FACE_OUTER_BOUND('',#15185,.T.);
#15187=ADVANCED_FACE('',(#15186),#15160,.T.);
#15188=CLOSED_SHELL('',(#6267,#6335,#6439,#6543,#6647,#6751,#6855,#6959,#7063,#7135,#7203,#7307,#7411,#7515,#7587,#7655,#7759,#7831,#7899,#8003,#8107,#8211,#8747,#8783,#8819,#8855,#8891,#8927,#8963,#8999,#9035,#9071,#9107,#9143,#9179,#9215,#9251,#9287,#9323,#9359,#9395,#9931,#9981,#10013,#10045,#10077,#10127,#10159,#10191,#10223,#10273,#10305,#10337,#10369,#10419,#10451,#10483,#10515,#10565,#10597,#10629,#10661,#10711,#10743,#10775,#10807,#10857,#10889,#10921,#10953,#11003,#11035,#11067,#11099,#11149,#11181,#11213,#11245,#11295,#11327,#11359,#11391,#11441,#11473,#11505,#11537,#11587,#11619,#11651,#11683,#11733,#11765,#11797,#11829,#11879,#11911,#11943,#11975,#12025,#12057,#12089,#12121,#12171,#12203,#12235,#12267,#12317,#12349,#12381,#12413,#12463,#12495,#12527,#12559,#12609,#12641,#12673,#12705,#12755,#12787,#12819,#12851,#12901,#12933,#12965,#12997,#13047,#13079,#13111,#13143,#13193,#13225,#13257,#13289,#13339,#13371,#13403,#13435,#13485,#13517,#13549,#13581,#13631,#13663,#13695,#13727,#13777,#13809,#13841,#13873,#13923,#13955,#13987,#14019,#14069,#14101,#14133,#14165,#14215,#14247,#14279,#14311,#14361,#14393,#14425,#14457,#14507,#14539,#14571,#14603,#14653,#14685,#14717,#14749,#14799,#14831,#14863,#14895,#14945,#14977,#15009,#15041,#15091,#15123,#15155,#15187));
#15189=MANIFOLD_SOLID_BREP('',#15188);
#15190=CARTESIAN_POINT('',(0.,0.,0.));
#15191=DIRECTION('',(0.,0.,1.));
#15192=DIRECTION('',(1.,0.,0.));
#15193=AXIS2_PLACEMENT_3D('',#15190,#15191,#15192);
#15194=(LENGTH_UNIT() NAMED_UNIT(*) SI_UNIT($,.METRE.));
#15195=(NAMED_UNIT(*) PLANE_ANGLE_UNIT() SI_UNIT($,.RADIAN.));
#15196=(NAMED_UNIT(*) SI_UNIT($,.STERADIAN.) SOLID_ANGLE_UNIT());
#15197=UNCERTAINTY_MEASURE_WITH_UNIT(LENGTH_MEASURE(1.E-07),#15194,'distance_accuracy_value','confusion accuracy');
#15198=(GEOMETRIC_REPRESENTATION_CONTEXT(3) GLOBAL_UNCERTAINTY_ASSIGNED_CONTEXT((#15197)) GLOBAL_UNIT_ASSIGNED_CONTEXT((#15194,#15195,#15196)) REPRESENTATION_CONTEXT('','3D'));
#15199=ADVANCED_BREP_SHAPE_REPRESENTATION('',(#15193,#229,#439,#649,#859,#1069,#1279,#1489,#1699,#2101,#2311,#2521,#2731,#2941,#3151,#3361,#3571,#3781,#3991,#4201,#4411,#4621,#4831,#5041,#5101,#5311,#5417,#5477,#5583,#5793,#6195,#15189),#15198);
#15200=COLOUR_RGB('',1.000000,0.811765,0.501961);
#15201=FILL_AREA_STYLE_COLOUR('',#15200);
#15202=FILL_AREA_STYLE('',(#15201));
#15203=SURFACE_STYLE_FILL_AREA(#15202);
#15204=SURFACE_SIDE_STYLE('',(#15203));
#15205=SURFACE_STYLE_USAGE(.BOTH.,#15204);
#15206=PRESENTATION_STYLE_ASSIGNMENT((#15205));
#15207=STYLED_ITEM('',(#15206),#229);
#15208=STYLED_ITEM('',(#15206),#439);
#15209=STYLED_ITEM('',(#15206),#649);
#15210=STYLED_ITEM('',(#15206),#859);
#15211=STYLED_ITEM('',(#15206),#1069);
#15212=STYLED_ITEM('',(#15206),#1279);
#15213=STYLED_ITEM('',(#15206),#1489);
#15214=STYLED_ITEM('',(#15206),#1699);
#15215=STYLED_ITEM('',(#15206),#2101);
#15216=STYLED_ITEM('',(#15206),#2311);
#15217=STYLED_ITEM('',(#15206),#2521);
#15218=STYLED_ITEM('',(#15206),#2731);
#15219=STYLED_ITEM('',(#15206),#2941);
#15220=STYLED_ITEM('',(#15206),#3151);
#15221=STYLED_ITEM('',(#15206),#3361);
#15222=STYLED_ITEM('',(#15206),#3571);
#15223=STYLED_ITEM('',(#15206),#3781);
#15224=STYLED_ITEM('',(#15206),#3991);
#15225=STYLED_ITEM('',(#15206),#4201);
#15226=STYLED_ITEM('',(#15206),#4411);
#15227=STYLED_ITEM('',(#15206),#4621);
#15228=COLOUR_RGB('',0.101961,0.101961,0.101961);
#15229=FILL_AREA_STYLE_COLOUR('',#15228);
#15230=FILL_AREA_STYLE('',(#15229));
#15231=SURFACE_STYLE_FILL_AREA(#15230);
#15232=SURFACE_SIDE_STYLE('',(#15231));
#15233=SURFACE_STYLE_USAGE(.BOTH.,#15232);
#15234=PRESENTATION_STYLE_ASSIGNMENT((#15233));
#15235=STYLED_ITEM('',(#15234),#4831);
#15236=COLOUR_RGB('',1.000000,1.000000,1.000000);
#15237=FILL_AREA_STYLE_COLOUR('',#15236);
#15238=FILL_AREA_STYLE('',(#15237));
#15239=SURFACE_STYLE_FILL_AREA(#15238);
#15240=SURFACE_SIDE_STYLE('',(#15239));
#15241=SURFACE_STYLE_USAGE(.BOTH.,#15240);
#15242=PRESENTATION_STYLE_ASSIGNMENT((#15241));
#15243=STYLED_ITEM('',(#15242),#5041);
#15244=COLOUR_RGB('',1.000000,0.909804,0.619608);
#15245=FILL_AREA_STYLE_COLOUR('',#15244);
#15246=FILL_AREA_STYLE('',(#15245));
#15247=SURFACE_STYLE_FILL_AREA(#15246);
#15248=SURFACE_SIDE_STYLE('',(#15247));
#15249=SURFACE_STYLE_USAGE(.BOTH.,#15248);
#15250=PRESENTATION_STYLE_ASSIGNMENT((#15249));
#15251=STYLED_ITEM('',(#15250),#5101);
#15252=STYLED_ITEM('',(#15242),#5311);
#15253=STYLED_ITEM('',(#15250),#5417);
#15254=STYLED_ITEM('',(#15250),#5477);
#15255=STYLED_ITEM('',(#15250),#5583);
#15256=STYLED_ITEM('',(#15242),#5793);
#15257=COLOUR_RGB('',1.000000,0.949020,0.909804);
#15258=FILL_AREA_STYLE_COLOUR('',#15257);
#15259=FILL_AREA_STYLE('',(#15258));
#15260=SURFACE_STYLE_FILL_AREA(#15259);
#15261=SURFACE_SIDE_STYLE('',(#15260));
#15262=SURFACE_STYLE_USAGE(.BOTH.,#15261);
#15263=PRESENTATION_STYLE_ASSIGNMENT((#15262));
#15264=STYLED_ITEM('',(#15263),#6195);
#15265=STYLED_ITEM('',(#15250),#15189);
#15266=MECHANICAL_DESIGN_GEOMETRIC_PRESENTATION_REPRESENTATION('',(#15207,#15208,#15209,#15210,#15211,#15212,#15213,#15214,#15215,#15216,#15217,#15218,#15219,#15220,#15221,#15222,#15223,#15224,#15225,#15226,#15227,#15235,#15243,#15251,#15252,#15253,#15254,#15255,#15256,#15264,#15265),#15198);
ENDSEC;
END-ISO-10303-21;