ISO-10303-21;
HEADER;
FILE_DESCRIPTION (( 'STEP AP214' ),
    '1' );
FILE_NAME ('FE1.1s-BQFN24B.STEP',
    '2026-03-31T09:18:23',
    ( 'LENOVO' ),
    ( '' ),
    'SwSTEP 2.0',
    'SolidWorks 2021',
    '' );
FILE_SCHEMA (( 'AUTOMOTIVE_DESIGN' ));
ENDSEC;

DATA;
#1 = VERTEX_POINT ( 'NONE', #7218 ) ;
#2 = EDGE_CURVE ( 'NONE', #2417, #9223, #8015, .T. ) ;
#3 = VECTOR ( 'NONE', #2233, 1000.000000000000000 ) ;
#4 = VERTEX_POINT ( 'NONE', #10504 ) ;
#5 = LINE ( 'NONE', #7252, #3764 ) ;
#6 = PLANE ( 'NONE',  #9257 ) ;
#7 = LINE ( 'NONE', #585, #3534 ) ;
#8 = ORIENTED_EDGE ( 'NONE', *, *, #1651, .F. ) ;
#9 = CARTESIAN_POINT ( 'NONE',  ( -0.6249999999999998890, 0.04999999999999999584, -1.600000000000000977 ) ) ;
#10 = CARTESIAN_POINT ( 'NONE',  ( -0.1249999999999994588, 0.2030000000000000138, 2.000000000000000888 ) ) ;
#11 = ORIENTED_EDGE ( 'NONE', *, *, #7215, .T. ) ;
#12 = CARTESIAN_POINT ( 'NONE',  ( -1.250000000000000000, 3.738533905932738044, -1.250000000000000222 ) ) ;
#13 = ORIENTED_EDGE ( 'NONE', *, *, #5051, .T. ) ;
#14 = VECTOR ( 'NONE', #9113, 1000.000000000000000 ) ;
#15 = CARTESIAN_POINT ( 'NONE',  ( 2.000000000000000888, 0.05000000000000000278, -2.000000000000000888 ) ) ;
#16 =( GEOMETRIC_REPRESENTATION_CONTEXT ( 3 ) GLOBAL_UNCERTAINTY_ASSIGNED_CONTEXT ( ( #6146 ) ) GLOBAL_UNIT_ASSIGNED_CONTEXT ( ( #3899, #3369, #9593 ) ) REPRESENTATION_CONTEXT ( 'NONE', 'WORKASPACE' ) );
#18 = ORIENTED_EDGE ( 'NONE', *, *, #6636, .F. ) ;
#17 = AXIS2_PLACEMENT_3D ( 'NONE', #2040, #10345, #2928 ) ;
#19 = DIRECTION ( 'NONE',  ( 0.000000000000000000, 0.000000000000000000, -1.000000000000000000 ) ) ;
#20 = FACE_OUTER_BOUND ( 'NONE', #8076, .T. ) ;
#21 = ADVANCED_FACE ( 'NONE', ( #4622 ), #4056, .F. ) ;
#22 = EDGE_LOOP ( 'NONE', ( #8962, #5354, #3178, #4611 ) ) ;
#23 = EDGE_CURVE ( 'NONE', #7210, #7644, #1011, .T. ) ;
#24 = VECTOR ( 'NONE', #8531, 1000.000000000000000 ) ;
#25 = DIRECTION ( 'NONE',  ( -0.000000000000000000, 1.000000000000000000, -0.000000000000000000 ) ) ;
#26 = LINE ( 'NONE', #3609, #153 ) ;
#27 = ORIENTED_EDGE ( 'NONE', *, *, #6389, .T. ) ;
#28 = VERTEX_POINT ( 'NONE', #3025 ) ;
#29 = CARTESIAN_POINT ( 'NONE',  ( 0.000000000000000000, 0.2030000000000000138, 0.000000000000000000 ) ) ;
#30 = PLANE ( 'NONE',  #2034 ) ;
#31 = VERTEX_POINT ( 'NONE', #4668 ) ;
#32 = LINE ( 'NONE', #2586, #10310 ) ;
#33 =( LENGTH_UNIT ( ) NAMED_UNIT ( * ) SI_UNIT ( .MILLI., .METRE. ) );
#34 = ORIENTED_EDGE ( 'NONE', *, *, #2651, .T. ) ;
#35 = PLANE ( 'NONE',  #1612 ) ;
#36 = PLANE ( 'NONE',  #6926 ) ;
#37 = AXIS2_PLACEMENT_3D ( 'NONE', #4708, #7773, #5927 ) ;
#38 = UNCERTAINTY_MEASURE_WITH_UNIT (LENGTH_MEASURE( 1.000000000000000082E-05 ), #1227, 'distance_accuracy_value', 'NONE');
#39 = VERTEX_POINT ( 'NONE', #5433 ) ;
#40 = LINE ( 'NONE', #343, #244 ) ;
#41 = CARTESIAN_POINT ( 'NONE',  ( -1.599999999999998979, 0.2030000000000000970, -1.729999999999999538 ) ) ;
#42 = EDGE_CURVE ( 'NONE', #1936, #1663, #4642, .T. ) ;
#43 =( NAMED_UNIT ( * ) SI_UNIT ( $, .STERADIAN. ) SOLID_ANGLE_UNIT ( ) );
#44 = DIRECTION ( 'NONE',  ( -1.000000000000000000, 0.000000000000000000, 1.047444401652940007E-14 ) ) ;
#45 = DIRECTION ( 'NONE',  ( 1.000000000000000000, 0.000000000000000000, -5.421010862427524142E-16 ) ) ;
#46 = CARTESIAN_POINT ( 'NONE',  ( 0.8750000000000001110, 0.2030000000000000138, -1.600000000000000977 ) ) ;
#47 = FACE_OUTER_BOUND ( 'NONE', #8720, .T. ) ;
#48 = DIRECTION ( 'NONE',  ( 1.000000000000000000, 0.000000000000000000, -5.421010862427524142E-16 ) ) ;
#49 = ORIENTED_EDGE ( 'NONE', *, *, #3442, .F. ) ;
#50 = ORIENTED_EDGE ( 'NONE', *, *, #7870, .F. ) ;
#51 = ORIENTED_EDGE ( 'NONE', *, *, #2567, .T. ) ;
#52 = LINE ( 'NONE', #947, #3229 ) ;
#53 = CARTESIAN_POINT ( 'NONE',  ( -1.124999999999999556, 0.2030000000000000138, 1.600000000000001421 ) ) ;
#54 = ORIENTED_EDGE ( 'NONE', *, *, #7606, .T. ) ;
#55 = PRESENTATION_STYLE_ASSIGNMENT (( #2436 ) ) ;
#56 = DIRECTION ( 'NONE',  ( -0.000000000000000000, -0.000000000000000000, 1.000000000000000000 ) ) ;
#57 = ORIENTED_EDGE ( 'NONE', *, *, #4806, .T. ) ;
#58 = AXIS2_PLACEMENT_3D ( 'NONE', #2263, #4080, #1437 ) ;
#59 = CARTESIAN_POINT ( 'NONE',  ( 1.125000000000000666, 0.04999999999999999584, 1.600000000000001421 ) ) ;
#60 = CARTESIAN_POINT ( 'NONE',  ( -0.9499999999999984013, 0.000000000000000000, -1.250000000000000222 ) ) ;
#61 = VECTOR ( 'NONE', #4876, 1000.000000000000000 ) ;
#62 = EDGE_CURVE ( 'NONE', #7946, #826, #8050, .T. ) ;
#63 = ORIENTED_EDGE ( 'NONE', *, *, #5069, .F. ) ;
#64 = DIRECTION ( 'NONE',  ( 0.000000000000000000, -1.000000000000000000, 0.000000000000000000 ) ) ;
#65 = ORIENTED_EDGE ( 'NONE', *, *, #3576, .F. ) ;
#66 = FILL_AREA_STYLE ('',( #3286 ) ) ;
#67 = CARTESIAN_POINT ( 'NONE',  ( -1.999999999999999112, 0.6746990566028303604, -1.125000000000000000 ) ) ;
#68 = CARTESIAN_POINT ( 'NONE',  ( -1.375000000000000000, 0.2030000000000000138, -1.600000000000000977 ) ) ;
#69 = CARTESIAN_POINT ( 'NONE',  ( 1.599999999999998979, 0.6746990566028303604, -0.6249999999999998890 ) ) ;
#70 = ORIENTED_EDGE ( 'NONE', *, *, #3539, .F. ) ;
#71 = FACE_OUTER_BOUND ( 'NONE', #8030, .T. ) ;
#72 = CARTESIAN_POINT ( 'NONE',  ( -1.999999999999999112, 0.04999999999999991257, 0.8750000000000001110 ) ) ;
#73 = VERTEX_POINT ( 'NONE', #1383 ) ;
#74 = LINE ( 'NONE', #3878, #6854 ) ;
#75 = EDGE_LOOP ( 'NONE', ( #7522, #10343, #1125, #4647 ) ) ;
#76 = VECTOR ( 'NONE', #5086, 1000.000000000000000 ) ;
#77 = CARTESIAN_POINT ( 'NONE',  ( -0.8749999999999998890, 0.2030000000000000693, -2.000000000000000444 ) ) ;
#78 = EDGE_CURVE ( 'NONE', #5889, #775, #4756, .T. ) ;
#79 = LINE ( 'NONE', #6942, #3673 ) ;
#80 = AXIS2_PLACEMENT_3D ( 'NONE', #3698, #2197, #7237 ) ;
#81 = ORIENTED_EDGE ( 'NONE', *, *, #9702, .T. ) ;
#82 = CARTESIAN_POINT ( 'NONE',  ( -1.599999999999998979, 0.2030000000000000970, 1.999999999999999556 ) ) ;
#83 = EDGE_CURVE ( 'NONE', #461, #1659, #5167, .T. ) ;
#84 = ORIENTED_EDGE ( 'NONE', *, *, #10386, .F. ) ;
#85 = CARTESIAN_POINT ( 'NONE',  ( -1.599999999999998979, 0.2030000000000000970, -1.899999999999999467 ) ) ;
#86 = ADVANCED_FACE ( 'NONE', ( #8552 ), #2904, .T. ) ;
#87 = VERTEX_POINT ( 'NONE', #1944 ) ;
#88 = VECTOR ( 'NONE', #9824, 1000.000000000000000 ) ;
#89 = DIRECTION ( 'NONE',  ( 0.000000000000000000, -0.000000000000000000, -1.000000000000000000 ) ) ;
#90 = ORIENTED_EDGE ( 'NONE', *, *, #4959, .F. ) ;
#91 = CARTESIAN_POINT ( 'NONE',  ( 2.000000000000000000, 0.000000000000000000, 0.000000000000000000 ) ) ;
#92 = PRESENTATION_STYLE_ASSIGNMENT (( #1970 ) ) ;
#93 = ORIENTED_EDGE ( 'NONE', *, *, #7021, .T. ) ;
#94 = DIRECTION ( 'NONE',  ( 0.000000000000000000, -1.000000000000000000, 0.000000000000000000 ) ) ;
#95 = VERTEX_POINT ( 'NONE', #1877 ) ;
#96 = CARTESIAN_POINT ( 'NONE',  ( 1.599999999999999201, 0.05000000000000023870, 0.1250000000000001110 ) ) ;
#97 = ORIENTED_EDGE ( 'NONE', *, *, #363, .F. ) ;
#98 = DIRECTION ( 'NONE',  ( 0.000000000000000000, -1.000000000000000000, 0.000000000000000000 ) ) ;
#99 = EDGE_CURVE ( 'NONE', #7979, #4257, #4778, .T. ) ;
#100 = CARTESIAN_POINT ( 'NONE',  ( 1.749999999999998890, 0.2030000000000000693, -1.999999999999999556 ) ) ;
#101 = EDGE_LOOP ( 'NONE', ( #8790, #2049, #9725, #1758 ) ) ;
#102 = VECTOR ( 'NONE', #8570, 1000.000000000000000 ) ;
#103 = PLANE ( 'NONE',  #6813 ) ;
#104 = ORIENTED_EDGE ( 'NONE', *, *, #6425, .F. ) ;
#105 = EDGE_CURVE ( 'NONE', #5028, #9877, #1540, .T. ) ;
#106 = DIRECTION ( 'NONE',  ( 1.000000000000000000, -0.000000000000000000, 8.673617379884037444E-16 ) ) ;
#107 = PLANE ( 'NONE',  #7167 ) ;
#108 = VECTOR ( 'NONE', #7200, 1000.000000000000000 ) ;
#109 = ADVANCED_FACE ( 'NONE', ( #1618 ), #546, .T. ) ;
#110 = ORIENTED_EDGE ( 'NONE', *, *, #4151, .F. ) ;
#111 = CARTESIAN_POINT ( 'NONE',  ( -1.749999999999998890, 0.2030000000000000693, -1.729999999999999538 ) ) ;
#112 = EDGE_CURVE ( 'NONE', #540, #7212, #1296, .T. ) ;
#113 = PLANE ( 'NONE',  #2308 ) ;
#114 = CARTESIAN_POINT ( 'NONE',  ( -1.499999999999999112, 0.6999999999999999556, -1.333333333333333925 ) ) ;
#115 = MANIFOLD_SOLID_BREP ( 'CirPattern1', #582 ) ;
#116 = CARTESIAN_POINT ( 'NONE',  ( 0.000000000000000000, 0.000000000000000000, -1.899999999999999467 ) ) ;
#117 = PLANE ( 'NONE',  #6606 ) ;
#118 = CARTESIAN_POINT ( 'NONE',  ( 1.149999999999999911, 0.05000000000000000278, -1.249999999999999778 ) ) ;
#119 = VECTOR ( 'NONE', #9953, 1000.000000000000000 ) ;
#120 = EDGE_CURVE ( 'NONE', #616, #2911, #8324, .T. ) ;
#121 = AXIS2_PLACEMENT_3D ( 'NONE', #7026, #6121, #1567 ) ;
#122 = CARTESIAN_POINT ( 'NONE',  ( 1.749999999999998890, 0.2030000000000000693, -1.999999999999999556 ) ) ;
#123 = ORIENTED_EDGE ( 'NONE', *, *, #6618, .T. ) ;
#124 = ORIENTED_EDGE ( 'NONE', *, *, #10008, .F. ) ;
#125 = VERTEX_POINT ( 'NONE', #317 ) ;
#126 = VECTOR ( 'NONE', #7224, 1000.000000000000000 ) ;
#127 = EDGE_CURVE ( 'NONE', #391, #31, #1633, .T. ) ;
#128 = CARTESIAN_POINT ( 'NONE',  ( -1.599999999999999201, 0.2030000000000000138, 1.125000000000000222 ) ) ;
#129 = ORIENTED_EDGE ( 'NONE', *, *, #6585, .F. ) ;
#130 = LINE ( 'NONE', #9988, #7197 ) ;
#131 = CARTESIAN_POINT ( 'NONE',  ( 1.999999999999999112, 0.000000000000000000, 0.8750000000000001110 ) ) ;
#132 = ORIENTED_EDGE ( 'NONE', *, *, #4326, .F. ) ;
#133 = EDGE_CURVE ( 'NONE', #10123, #4095, #4729, .T. ) ;
#134 = DIRECTION ( 'NONE',  ( -1.000000000000000000, 0.000000000000000000, -0.000000000000000000 ) ) ;
#135 = CARTESIAN_POINT ( 'NONE',  ( 1.900000000000005684, 0.2030000000000000693, 1.749999999999992228 ) ) ;
#136 = AXIS2_PLACEMENT_3D ( 'NONE', #4388, #9243, #7566 ) ;
#137 = ADVANCED_FACE ( 'NONE', ( #8709 ), #4995, .T. ) ;
#138 = VECTOR ( 'NONE', #8791, 1000.000000000000000 ) ;
#139 = VERTEX_POINT ( 'NONE', #2140 ) ;
#140 = EDGE_CURVE ( 'NONE', #7724, #7661, #1237, .T. ) ;
#141 = DIRECTION ( 'NONE',  ( -1.000000000000000000, -0.000000000000000000, 1.047444401652940007E-14 ) ) ;
#142 = ORIENTED_EDGE ( 'NONE', *, *, #3592, .F. ) ;
#143 = CARTESIAN_POINT ( 'NONE',  ( 1.599999999999998979, 0.2030000000000000138, 0.3750000000000001110 ) ) ;
#144 = DIRECTION ( 'NONE',  ( -0.000000000000000000, -1.000000000000000000, -0.000000000000000000 ) ) ;
#145 = PLANE ( 'NONE',  #6502 ) ;
#146 = ORIENTED_EDGE ( 'NONE', *, *, #5683, .T. ) ;
#147 = LINE ( 'NONE', #5643, #215 ) ;
#148 = DIRECTION ( 'NONE',  ( 0.000000000000000000, -0.000000000000000000, 1.000000000000000000 ) ) ;
#149 = EDGE_LOOP ( 'NONE', ( #2518, #5947, #4804, #3659 ) ) ;
#150 = FACE_OUTER_BOUND ( 'NONE', #9748, .T. ) ;
#151 = ORIENTED_EDGE ( 'NONE', *, *, #7813, .F. ) ;
#152 = CARTESIAN_POINT ( 'NONE',  ( -1.599999999999998979, 0.2030000000000000970, 0.3750000000000001110 ) ) ;
#153 = VECTOR ( 'NONE', #1350, 1000.000000000000000 ) ;
#154 = PLANE ( 'NONE',  #10235 ) ;
#155 = AXIS2_PLACEMENT_3D ( 'NONE', #7275, #8135, #9356 ) ;
#156 = VERTEX_POINT ( 'NONE', #6905 ) ;
#157 = CARTESIAN_POINT ( 'NONE',  ( 1.599999999999998979, 0.2030000000000000138, 0.3750000000000001110 ) ) ;
#158 = AXIS2_PLACEMENT_3D ( 'NONE', #8780, #8719, #7998 ) ;
#159 = ORIENTED_EDGE ( 'NONE', *, *, #8696, .T. ) ;
#160 = EDGE_CURVE ( 'NONE', #4184, #6660, #5023, .T. ) ;
#161 = DIRECTION ( 'NONE',  ( -0.000000000000000000, -1.000000000000000000, -0.000000000000000000 ) ) ;
#162 = ORIENTED_EDGE ( 'NONE', *, *, #7228, .T. ) ;
#163 = LINE ( 'NONE', #2386, #126 ) ;
#164 = CARTESIAN_POINT ( 'NONE',  ( 1.999999999999999112, 0.2030000000000000970, 0.1250000000000003331 ) ) ;
#165 = ORIENTED_EDGE ( 'NONE', *, *, #6432, .T. ) ;
#166 = PLANE ( 'NONE',  #1101 ) ;
#167 = VECTOR ( 'NONE', #496, 1000.000000000000000 ) ;
#168 = EDGE_LOOP ( 'NONE', ( #7860, #8094, #796, #847 ) ) ;
#169 = CARTESIAN_POINT ( 'NONE',  ( -0.6249999999999994449, 0.000000000000000000, 1.600000000000001421 ) ) ;
#170 = DIRECTION ( 'NONE',  ( 0.000000000000000000, -1.000000000000000000, 0.000000000000000000 ) ) ;
#171 = FACE_OUTER_BOUND ( 'NONE', #5475, .T. ) ;
#172 = ORIENTED_EDGE ( 'NONE', *, *, #9553, .F. ) ;
#173 = EDGE_LOOP ( 'NONE', ( #178, #2499, #1195, #9688 ) ) ;
#174 = MECHANICAL_DESIGN_GEOMETRIC_PRESENTATION_REPRESENTATION (  '', ( #8694 ), #1375 ) ;
#175 = CARTESIAN_POINT ( 'NONE',  ( 0.3750000000000005551, 0.000000000000000000, 1.600000000000001421 ) ) ;
#176 = ADVANCED_FACE ( 'NONE', ( #1570 ), #10191, .F. ) ;
#177 = CARTESIAN_POINT ( 'NONE',  ( -1.599999999999998979, 0.6746990566028303604, 0.3750000000000001110 ) ) ;
#178 = ORIENTED_EDGE ( 'NONE', *, *, #10193, .F. ) ;
#179 = LINE ( 'NONE', #6401, #400 ) ;
#180 = EDGE_CURVE ( 'NONE', #7717, #7957, #8569, .T. ) ;
#181 = ORIENTED_EDGE ( 'NONE', *, *, #5784, .T. ) ;
#182 = AXIS2_PLACEMENT_3D ( 'NONE', #2780, #1892, #1704 ) ;
#183 = CARTESIAN_POINT ( 'NONE',  ( 1.599999999999998979, 0.1230000000000000954, 1.899999999999999467 ) ) ;
#184 = CARTESIAN_POINT ( 'NONE',  ( 0.3750000000000005551, 0.6746990566028302494, 2.000000000000000888 ) ) ;
#185 = VECTOR ( 'NONE', #2718, 1000.000000000000000 ) ;
#186 = EDGE_LOOP ( 'NONE', ( #8339, #1822, #8657, #8608 ) ) ;
#187 =( NAMED_UNIT ( * ) PLANE_ANGLE_UNIT ( ) SI_UNIT ( $, .RADIAN. ) );
#188 = CARTESIAN_POINT ( 'NONE',  ( 0.5000000000000000000, 0.2030000000000000138, 0.000000000000000000 ) ) ;
#189 = DIRECTION ( 'NONE',  ( 1.047444401652940007E-14, -0.000000000000000000, 1.000000000000000000 ) ) ;
#190 = DIRECTION ( 'NONE',  ( 1.000000000000000000, -0.000000000000000000, 0.000000000000000000 ) ) ;
#191 = CARTESIAN_POINT ( 'NONE',  ( -1.999999999999999112, 0.04999999999999991257, 0.1250000000000003331 ) ) ;
#192 = DIRECTION ( 'NONE',  ( 5.421010862427524142E-16, 0.000000000000000000, 1.000000000000000000 ) ) ;
#193 = VERTEX_POINT ( 'NONE', #10322 ) ;
#194 = ORIENTED_EDGE ( 'NONE', *, *, #5047, .T. ) ;
#195 = AXIS2_PLACEMENT_3D ( 'NONE', #7470, #5855, #6706 ) ;
#196 = ORIENTED_EDGE ( 'NONE', *, *, #857, .F. ) ;
#197 = LINE ( 'NONE', #5044, #3682 ) ;
#198 = AXIS2_PLACEMENT_3D ( 'NONE', #9169, #772, #2349 ) ;
#199 = DIRECTION ( 'NONE',  ( 8.673617379884037444E-16, 0.000000000000000000, -1.000000000000000000 ) ) ;
#200 = VERTEX_POINT ( 'NONE', #4351 ) ;
#201 = EDGE_CURVE ( 'NONE', #3404, #7618, #5038, .T. ) ;
#202 = LINE ( 'NONE', #6376, #108 ) ;
#203 = ADVANCED_FACE ( 'NONE', ( #1586 ), #8377, .F. ) ;
#204 = ORIENTED_EDGE ( 'NONE', *, *, #6323, .T. ) ;
#205 = VERTEX_POINT ( 'NONE', #1445 ) ;
#206 = DIRECTION ( 'NONE',  ( 1.000000000000000000, 0.000000000000000000, 5.421010862427524142E-16 ) ) ;
#207 = DIRECTION ( 'NONE',  ( 0.000000000000000000, 0.000000000000000000, 1.000000000000000000 ) ) ;
#208 = FILL_AREA_STYLE_COLOUR ( '', #8886 ) ;
#209 = FACE_OUTER_BOUND ( 'NONE', #7643, .T. ) ;
#210 = VERTEX_POINT ( 'NONE', #4968 ) ;
#211 = ORIENTED_EDGE ( 'NONE', *, *, #4587, .F. ) ;
#212 = CARTESIAN_POINT ( 'NONE',  ( 0.8750000000000001110, 0.6746990566028302494, -2.000000000000000888 ) ) ;
#213 =( LENGTH_UNIT ( ) NAMED_UNIT ( * ) SI_UNIT ( .MILLI., .METRE. ) );
#214 = ORIENTED_EDGE ( 'NONE', *, *, #2394, .T. ) ;
#215 = VECTOR ( 'NONE', #6617, 1000.000000000000000 ) ;
#216 = DIRECTION ( 'NONE',  ( 1.000000000000000000, 0.000000000000000000, -3.491481338843133355E-15 ) ) ;
#217 = EDGE_CURVE ( 'NONE', #9672, #3175, #1655, .T. ) ;
#218 = VERTEX_POINT ( 'NONE', #2210 ) ;
#219 = LINE ( 'NONE', #8467, #7312 ) ;
#220 = VERTEX_POINT ( 'NONE', #3197 ) ;
#221 = EDGE_CURVE ( 'NONE', #218, #1711, #8362, .T. ) ;
#222 = EDGE_LOOP ( 'NONE', ( #403, #10331, #9996, #10145 ) ) ;
#223 = CARTESIAN_POINT ( 'NONE',  ( 1.599999999999998979, 0.6746990566028303604, -1.125000000000000000 ) ) ;
#224 = ADVANCED_FACE ( 'NONE', ( #4830, #8539, #8288 ), #7329, .F. ) ;
#225 = VECTOR ( 'NONE', #6104, 1000.000000000000000 ) ;
#226 = DIRECTION ( 'NONE',  ( 5.421010862427524142E-16, 0.000000000000000000, 1.000000000000000000 ) ) ;
#227 = ORIENTED_EDGE ( 'NONE', *, *, #9256, .T. ) ;
#228 = PLANE ( 'NONE',  #4307 ) ;
#229 = VERTEX_POINT ( 'NONE', #3855 ) ;
#230 = PLANE ( 'NONE',  #3498 ) ;
#231 = EDGE_LOOP ( 'NONE', ( #9489, #3691, #9521, #6068 ) ) ;
#232 = LINE ( 'NONE', #8802, #3935 ) ;
#233 = CARTESIAN_POINT ( 'NONE',  ( -1.999999999999999112, 0.2030000000000000138, -0.1249999999999998890 ) ) ;
#234 = EDGE_LOOP ( 'NONE', ( #567, #2953, #2815, #316 ) ) ;
#235 = DIRECTION ( 'NONE',  ( 3.491481338843133355E-15, -3.614007241618349264E-16, 1.000000000000000000 ) ) ;
#236 = DIRECTION ( 'NONE',  ( 1.892735826383162188E-30, -1.000000000000000000, 1.807003620809174878E-16 ) ) ;
#237 = SURFACE_STYLE_FILL_AREA ( #4787 ) ;
#238 = VERTEX_POINT ( 'NONE', #4010 ) ;
#239 = PLANE ( 'NONE',  #6630 ) ;
#240 = DIRECTION ( 'NONE',  ( 1.000000000000000000, 0.000000000000000000, 0.000000000000000000 ) ) ;
#241 = ORIENTED_EDGE ( 'NONE', *, *, #5789, .F. ) ;
#242 = EDGE_CURVE ( 'NONE', #6743, #777, #1603, .T. ) ;
#243 = VECTOR ( 'NONE', #431, 1000.000000000000000 ) ;
#244 = VECTOR ( 'NONE', #2488, 1000.000000000000000 ) ;
#245 = EDGE_LOOP ( 'NONE', ( #10241, #5138, #6043, #10365 ) ) ;
#246 = EDGE_CURVE ( 'NONE', #3888, #9796, #5087, .T. ) ;
#247 = CARTESIAN_POINT ( 'NONE',  ( 1.375000000000000666, 0.2030000000000000138, 1.600000000000001421 ) ) ;
#248 = VERTEX_POINT ( 'NONE', #8264 ) ;
#249 = CARTESIAN_POINT ( 'NONE',  ( -0.6249999999999998890, 0.2030000000000000138, -1.600000000000000977 ) ) ;
#250 = PLANE ( 'NONE',  #2383 ) ;
#251 = EDGE_CURVE ( 'NONE', #2071, #7089, #4853, .T. ) ;
#252 = ORIENTED_EDGE ( 'NONE', *, *, #5810, .T. ) ;
#253 = LINE ( 'NONE', #9276, #3770 ) ;
#254 = CARTESIAN_POINT ( 'NONE',  ( 1.999999999999999112, 0.2030000000000000138, 0.8750000000000001110 ) ) ;
#255 = ORIENTED_EDGE ( 'NONE', *, *, #7383, .F. ) ;
#256 = CARTESIAN_POINT ( 'NONE',  ( 0.000000000000000000, 0.2030000000000000138, 0.000000000000000000 ) ) ;
#257 = EDGE_CURVE ( 'NONE', #8147, #7152, #1520, .T. ) ;
#258 = DIRECTION ( 'NONE',  ( -1.000000000000000000, -0.000000000000000000, 1.047444401652940007E-14 ) ) ;
#259 = FACE_OUTER_BOUND ( 'NONE', #4417, .T. ) ;
#260 = CLOSED_SHELL ( 'NONE', ( #6205, #886, #2570, #7436, #6045, #3358 ) ) ;
#261 = CARTESIAN_POINT ( 'NONE',  ( -1.999999999999999112, 0.000000000000000000, -0.6249999999999998890 ) ) ;
#262 = EDGE_LOOP ( 'NONE', ( #6500, #9880, #3962, #204 ) ) ;
#263 = DIRECTION ( 'NONE',  ( 0.000000000000000000, -1.000000000000000000, 0.000000000000000000 ) ) ;
#264 = PLANE ( 'NONE',  #2282 ) ;
#265 = LINE ( 'NONE', #7332, #7433 ) ;
#266 = AXIS2_PLACEMENT_3D ( 'NONE', #6904, #1307, #7828 ) ;
#267 = CARTESIAN_POINT ( 'NONE',  ( -1.599999999999999201, 0.6746990566028303604, 0.1250000000000001110 ) ) ;
#268 = CARTESIAN_POINT ( 'NONE',  ( -1.099999999999994094, 0.05000000000000000278, -1.100000000000005862 ) ) ;
#269 = ORIENTED_EDGE ( 'NONE', *, *, #1179, .T. ) ;
#270 = CARTESIAN_POINT ( 'NONE',  ( -1.125000000000000000, 0.2030000000000000138, -1.600000000000000977 ) ) ;
#271 = ORIENTED_EDGE ( 'NONE', *, *, #3199, .F. ) ;
#272 = ADVANCED_FACE ( 'NONE', ( #7457 ), #7180, .F. ) ;
#273 = ORIENTED_EDGE ( 'NONE', *, *, #3235, .T. ) ;
#274 = VECTOR ( 'NONE', #10242, 1000.000000000000000 ) ;
#275 = AXIS2_PLACEMENT_3D ( 'NONE', #2432, #3284, #8207 ) ;
#276 = DIRECTION ( 'NONE',  ( 0.000000000000000000, 0.000000000000000000, -1.000000000000000000 ) ) ;
#278 = EDGE_LOOP ( 'NONE', ( #3831, #3045, #2794, #7334 ) ) ;
#277 = AXIS2_PLACEMENT_3D ( 'NONE', #10488, #7280, #6380 ) ;
#279 = FACE_OUTER_BOUND ( 'NONE', #448, .T. ) ;
#280 = CARTESIAN_POINT ( 'NONE',  ( 1.999999999999999112, 0.000000000000000000, 0.6250000000000003331 ) ) ;
#281 = ORIENTED_EDGE ( 'NONE', *, *, #1784, .T. ) ;
#282 = EDGE_CURVE ( 'NONE', #911, #4332, #351, .T. ) ;
#283 = ORIENTED_EDGE ( 'NONE', *, *, #8752, .F. ) ;
#284 = DIRECTION ( 'NONE',  ( -1.000000000000000000, 0.000000000000000000, -5.421010862427524142E-16 ) ) ;
#285 = LINE ( 'NONE', #2450, #7015 ) ;
#286 = COLOUR_RGB ( '',0.7921568627450980005, 0.8196078431372548767, 0.9333333333333333481 ) ;
#287 = ORIENTED_EDGE ( 'NONE', *, *, #2313, .F. ) ;
#288 =( LENGTH_UNIT ( ) NAMED_UNIT ( * ) SI_UNIT ( .MILLI., .METRE. ) );
#289 = ORIENTED_EDGE ( 'NONE', *, *, #4461, .F. ) ;
#290 = DIRECTION ( 'NONE',  ( 3.491481338843133355E-15, 3.614007241618349264E-16, 1.000000000000000000 ) ) ;
#291 = PLANE ( 'NONE',  #2855 ) ;
#292 =( NAMED_UNIT ( * ) PLANE_ANGLE_UNIT ( ) SI_UNIT ( $, .RADIAN. ) );
#293 = ORIENTED_EDGE ( 'NONE', *, *, #6751, .T. ) ;
#294 = FACE_OUTER_BOUND ( 'NONE', #1382, .T. ) ;
#295 = DIRECTION ( 'NONE',  ( 1.000000000000000000, 0.000000000000000000, 0.000000000000000000 ) ) ;
#296 = ORIENTED_EDGE ( 'NONE', *, *, #3271, .T. ) ;
#297 = STYLED_ITEM ( 'NONE', ( #878 ), #3385 ) ;
#298 = ADVANCED_FACE ( 'NONE', ( #279 ), #5667, .F. ) ;
#299 = ORIENTED_EDGE ( 'NONE', *, *, #3087, .F. ) ;
#300 = VERTEX_POINT ( 'NONE', #8958 ) ;
#301 = CARTESIAN_POINT ( 'NONE',  ( 1.730000000000005089, 0.2030000000000000970, 1.599999999999992983 ) ) ;
#302 = EDGE_CURVE ( 'NONE', #9863, #5646, #7150, .T. ) ;
#303 = CARTESIAN_POINT ( 'NONE',  ( -1.599999999999998979, 0.1230000000000000954, 1.999999999999999556 ) ) ;
#304 = ORIENTED_EDGE ( 'NONE', *, *, #2424, .T. ) ;
#305 = DIRECTION ( 'NONE',  ( 0.000000000000000000, 0.000000000000000000, 1.000000000000000000 ) ) ;
#306 = ORIENTED_EDGE ( 'NONE', *, *, #1362, .T. ) ;
#307 = PRODUCT ( 'FE1.1s-BQFN24B', 'FE1.1s-BQFN24B', '', ( #8799 ) ) ;
#308 = DIRECTION ( 'NONE',  ( 3.491481338843133355E-15, 0.000000000000000000, 1.000000000000000000 ) ) ;
#309 = ADVANCED_FACE ( 'NONE', ( #259 ), #10458, .T. ) ;
#310 = ORIENTED_EDGE ( 'NONE', *, *, #7548, .F. ) ;
#311 = FACE_OUTER_BOUND ( 'NONE', #7882, .T. ) ;
#312 = CARTESIAN_POINT ( 'NONE',  ( 1.599999999999998979, 0.000000000000000000, -0.6249999999999998890 ) ) ;
#313 = EDGE_LOOP ( 'NONE', ( #1041, #4081, #7214, #4523 ) ) ;
#314 = DIRECTION ( 'NONE',  ( -1.000000000000000000, 0.000000000000000000, 0.000000000000000000 ) ) ;
#315 = CARTESIAN_POINT ( 'NONE',  ( -0.1249999999999994588, 0.2030000000000000138, 1.600000000000001421 ) ) ;
#316 = ORIENTED_EDGE ( 'NONE', *, *, #8948, .T. ) ;
#317 = CARTESIAN_POINT ( 'NONE',  ( -0.8749999999999994449, 0.2030000000000000970, 2.000000000000000888 ) ) ;
#318 = ORIENTED_EDGE ( 'NONE', *, *, #5578, .F. ) ;
#319 = AXIS2_PLACEMENT_3D ( 'NONE', #5568, #9822, #4809 ) ;
#320 = ADVANCED_FACE ( 'NONE', ( #3963 ), #9775, .F. ) ;
#321 = FACE_OUTER_BOUND ( 'NONE', #10359, .T. ) ;
#322 = EDGE_CURVE ( 'NONE', #777, #8862, #3792, .T. ) ;
#323 = FACE_OUTER_BOUND ( 'NONE', #262, .T. ) ;
#324 = ORIENTED_EDGE ( 'NONE', *, *, #257, .T. ) ;
#325 = DIRECTION ( 'NONE',  ( 0.000000000000000000, -0.000000000000000000, -1.000000000000000000 ) ) ;
#326 = DIRECTION ( 'NONE',  ( 0.000000000000000000, 1.807003620809174878E-16, -1.000000000000000000 ) ) ;
#327 = ORIENTED_EDGE ( 'NONE', *, *, #6951, .F. ) ;
#328 = FACE_OUTER_BOUND ( 'NONE', #3366, .T. ) ;
#329 = DIRECTION ( 'NONE',  ( 0.000000000000000000, -0.000000000000000000, 1.000000000000000000 ) ) ;
#330 = ORIENTED_EDGE ( 'NONE', *, *, #7383, .T. ) ;
#331 = CARTESIAN_POINT ( 'NONE',  ( 0.000000000000000000, 0.2030000000000000138, 0.000000000000000000 ) ) ;
#332 = VECTOR ( 'NONE', #4237, 1000.000000000000000 ) ;
#333 = ORIENTED_EDGE ( 'NONE', *, *, #5426, .F. ) ;
#334 = CARTESIAN_POINT ( 'NONE',  ( 1.375000000000000666, 0.2030000000000000138, 1.600000000000001421 ) ) ;
#335 = ORIENTED_EDGE ( 'NONE', *, *, #548, .F. ) ;
#336 = CARTESIAN_POINT ( 'NONE',  ( -1.250000000000000000, 3.738533905932738044, -0.9500000000000000666 ) ) ;
#337 = EDGE_CURVE ( 'NONE', #8730, #6855, #7423, .T. ) ;
#338 = DIRECTION ( 'NONE',  ( 1.000000000000000000, 0.000000000000000000, -0.000000000000000000 ) ) ;
#339 = CARTESIAN_POINT ( 'NONE',  ( 1.599999999999998979, 0.2030000000000000970, 1.375000000000000222 ) ) ;
#340 = CARTESIAN_POINT ( 'NONE',  ( -1.999999999999999112, 0.2030000000000000138, 1.375000000000000222 ) ) ;
#341 = LINE ( 'NONE', #2524, #3849 ) ;
#342 = VECTOR ( 'NONE', #9091, 1000.000000000000000 ) ;
#343 = CARTESIAN_POINT ( 'NONE',  ( -0.1249999999999998890, 0.000000000000000000, -1.600000000000000977 ) ) ;
#344 = ORIENTED_EDGE ( 'NONE', *, *, #4215, .T. ) ;
#345 = AXIS2_PLACEMENT_3D ( 'NONE', #8246, #3991, #7234 ) ;
#346 = EDGE_CURVE ( 'NONE', #9947, #7620, #3829, .T. ) ;
#347 = ORIENTED_EDGE ( 'NONE', *, *, #9365, .F. ) ;
#348 = FACE_OUTER_BOUND ( 'NONE', #8758, .T. ) ;
#349 = DIRECTION ( 'NONE',  ( -1.000000000000000000, 0.000000000000000000, 0.000000000000000000 ) ) ;
#350 = ORIENTED_EDGE ( 'NONE', *, *, #10149, .T. ) ;
#351 = LINE ( 'NONE', #4700, #466 ) ;
#352 = DIRECTION ( 'NONE',  ( -6.309119421277206419E-31, -1.000000000000000000, -1.807003620809174632E-16 ) ) ;
#353 = EDGE_LOOP ( 'NONE', ( #597, #4273, #9804, #7511 ) ) ;
#354 = ORIENTED_EDGE ( 'NONE', *, *, #4227, .T. ) ;
#355 = DIRECTION ( 'NONE',  ( 0.000000000000000000, -1.000000000000000000, 0.000000000000000000 ) ) ;
#356 = DIRECTION ( 'NONE',  ( 0.000000000000000000, 0.000000000000000000, -1.000000000000000000 ) ) ;
#357 = DIRECTION ( 'NONE',  ( -1.000000000000000000, 0.000000000000000000, 0.000000000000000000 ) ) ;
#358 = LINE ( 'NONE', #7153, #3744 ) ;
#359 = SURFACE_STYLE_FILL_AREA ( #3786 ) ;
#360 = ORIENTED_EDGE ( 'NONE', *, *, #6213, .T. ) ;
#361 = EDGE_CURVE ( 'NONE', #7229, #2239, #3647, .T. ) ;
#362 = CARTESIAN_POINT ( 'NONE',  ( 2.000000000000000888, 7.256854249492380227, -2.000000000000000888 ) ) ;
#363 = EDGE_CURVE ( 'NONE', #10060, #3201, #7181, .T. ) ;
#364 = ADVANCED_FACE ( 'NONE', ( #150 ), #3595, .T. ) ;
#365 = DIRECTION ( 'NONE',  ( 0.000000000000000000, 0.000000000000000000, -1.000000000000000000 ) ) ;
#366 = VERTEX_POINT ( 'NONE', #6785 ) ;
#367 = LINE ( 'NONE', #9599, #7194 ) ;
#368 = DIRECTION ( 'NONE',  ( 1.000000000000000000, 0.000000000000000000, 0.000000000000000000 ) ) ;
#369 = EDGE_LOOP ( 'NONE', ( #10137, #9026, #8821, #6232 ) ) ;
#370 = LINE ( 'NONE', #10065, #7481 ) ;
#371 = ORIENTED_EDGE ( 'NONE', *, *, #4416, .F. ) ;
#372 = CLOSED_SHELL ( 'NONE', ( #9829, #1425, #3521, #6357, #6920, #8211 ) ) ;
#373 = CARTESIAN_POINT ( 'NONE',  ( -0.9499999999999979572, 0.2030000000000000693, -1.250000000000000222 ) ) ;
#374 = FACE_OUTER_BOUND ( 'NONE', #10118, .T. ) ;
#375 = LINE ( 'NONE', #1771, #3569 ) ;
#376 = PLANE ( 'NONE',  #7693 ) ;
#377 = EDGE_LOOP ( 'NONE', ( #3426, #9559, #9329, #9147 ) ) ;
#378 = CARTESIAN_POINT ( 'NONE',  ( 1.900000000000005240, 0.2030000000000000970, 1.599999999999992317 ) ) ;
#379 = CARTESIAN_POINT ( 'NONE',  ( -2.000000000000017764, 0.1230000000000000676, -1.749999999999978018 ) ) ;
#380 = ORIENTED_EDGE ( 'NONE', *, *, #2483, .T. ) ;
#381 = VECTOR ( 'NONE', #1621, 1000.000000000000000 ) ;
#382 = CARTESIAN_POINT ( 'NONE',  ( -0.1249999999999994588, 0.000000000000000000, 1.600000000000001421 ) ) ;
#383 = EDGE_CURVE ( 'NONE', #2073, #3182, #370, .T. ) ;
#384 = VERTEX_POINT ( 'NONE', #5021 ) ;
#385 = CARTESIAN_POINT ( 'NONE',  ( -1.599999999999998979, 0.6746990566028303604, -1.125000000000000000 ) ) ;
#386 = DIRECTION ( 'NONE',  ( 0.000000000000000000, 0.000000000000000000, -1.000000000000000000 ) ) ;
#387 = ADVANCED_FACE ( 'NONE', ( #7230 ), #1043, .F. ) ;
#388 = VERTEX_POINT ( 'NONE', #8336 ) ;
#389 = CARTESIAN_POINT ( 'NONE',  ( 1.149999999999999911, 3.738533905932738044, 1.149999999999999911 ) ) ;
#390 = EDGE_CURVE ( 'NONE', #8271, #1190, #3814, .T. ) ;
#391 = VERTEX_POINT ( 'NONE', #118 ) ;
#392 = FILL_AREA_STYLE ('',( #9208 ) ) ;
#393 = VECTOR ( 'NONE', #8372, 1000.000000000000000 ) ;
#394 = LINE ( 'NONE', #8112, #7396 ) ;
#395 = ORIENTED_EDGE ( 'NONE', *, *, #7732, .T. ) ;
#396 = EDGE_CURVE ( 'NONE', #2908, #3092, #3886, .T. ) ;
#397 = DIRECTION ( 'NONE',  ( 0.000000000000000000, 1.000000000000000000, 0.000000000000000000 ) ) ;
#398 = CARTESIAN_POINT ( 'NONE',  ( -1.499999999999999112, 0.6999999999999999556, -1.666666666666667407 ) ) ;
#399 = ORIENTED_EDGE ( 'NONE', *, *, #1816, .T. ) ;
#400 = VECTOR ( 'NONE', #5255, 1000.000000000000000 ) ;
#401 = CARTESIAN_POINT ( 'NONE',  ( -0.8749999999999998890, 0.2030000000000000138, -1.600000000000000977 ) ) ;
#402 = PLANE ( 'NONE',  #7562 ) ;
#403 = ORIENTED_EDGE ( 'NONE', *, *, #4935, .T. ) ;
#404 = CARTESIAN_POINT ( 'NONE',  ( -1.749999999999998890, 0.1230000000000000676, 1.999999999999999556 ) ) ;
#405 = CARTESIAN_POINT ( 'NONE',  ( 1.375000000000000222, 0.2030000000000000138, -1.600000000000000977 ) ) ;
#406 = LINE ( 'NONE', #7067, #3900 ) ;
#407 = AXIS2_PLACEMENT_3D ( 'NONE', #4499, #8580, #10266 ) ;
#408 = ORIENTED_EDGE ( 'NONE', *, *, #4379, .F. ) ;
#409 =( NAMED_UNIT ( * ) PLANE_ANGLE_UNIT ( ) SI_UNIT ( $, .RADIAN. ) );
#410 = ORIENTED_EDGE ( 'NONE', *, *, #5924, .F. ) ;
#411 = DIRECTION ( 'NONE',  ( -0.000000000000000000, -1.000000000000000000, -0.000000000000000000 ) ) ;
#412 = ADVANCED_FACE ( 'NONE', ( #7371 ), #8592, .F. ) ;
#413 = DIRECTION ( 'NONE',  ( -1.000000000000000000, 0.000000000000000000, 0.000000000000000000 ) ) ;
#414 = CARTESIAN_POINT ( 'NONE',  ( 1.125000000000000666, 0.04999999999999969746, 2.000000000000000888 ) ) ;
#415 = LINE ( 'NONE', #9392, #4142 ) ;
#416 = VECTOR ( 'NONE', #617, 1000.000000000000000 ) ;
#417 = PLANE ( 'NONE',  #8341 ) ;
#418 =( GEOMETRIC_REPRESENTATION_CONTEXT ( 3 ) GLOBAL_UNCERTAINTY_ASSIGNED_CONTEXT ( ( #1516 ) ) GLOBAL_UNIT_ASSIGNED_CONTEXT ( ( #6708, #187, #7472 ) ) REPRESENTATION_CONTEXT ( 'NONE', 'WORKASPACE' ) );
#419 = ORIENTED_EDGE ( 'NONE', *, *, #242, .F. ) ;
#420 = EDGE_CURVE ( 'NONE', #3234, #7418, #219, .T. ) ;
#421 = ORIENTED_EDGE ( 'NONE', *, *, #889, .F. ) ;
#422 = LINE ( 'NONE', #1792, #3644 ) ;
#423 = PLANE ( 'NONE',  #9707 ) ;
#424 = ORIENTED_EDGE ( 'NONE', *, *, #9992, .T. ) ;
#425 = FACE_OUTER_BOUND ( 'NONE', #626, .T. ) ;
#426 = DIRECTION ( 'NONE',  ( -3.491481338843133355E-15, 1.807003620809174632E-16, -1.000000000000000000 ) ) ;
#427 = EDGE_LOOP ( 'NONE', ( #877, #241, #7991, #8085 ) ) ;
#428 = ORIENTED_EDGE ( 'NONE', *, *, #282, .T. ) ;
#429 = ORIENTED_EDGE ( 'NONE', *, *, #7713, .F. ) ;
#430 = CARTESIAN_POINT ( 'NONE',  ( -0.6249999999999998890, 0.2030000000000000138, -1.600000000000000977 ) ) ;
#431 = DIRECTION ( 'NONE',  ( 0.000000000000000000, 0.000000000000000000, -1.000000000000000000 ) ) ;
#432 = CARTESIAN_POINT ( 'NONE',  ( -1.599999999999998979, 0.6746990566028303604, 1.375000000000000222 ) ) ;
#433 = MANIFOLD_SOLID_BREP ( 'Boss-Extrude3[1]', #8002 ) ;
#434 = LINE ( 'NONE', #9060, #4267 ) ;
#435 = VECTOR ( 'NONE', #6786, 1000.000000000000000 ) ;
#436 = VERTEX_POINT ( 'NONE', #6860 ) ;
#437 = CARTESIAN_POINT ( 'NONE',  ( 0.6250000000000001110, 0.2030000000000000138, -2.000000000000000888 ) ) ;
#438 = AXIS2_PLACEMENT_3D ( 'NONE', #5321, #7827, #7896 ) ;
#439 = CARTESIAN_POINT ( 'NONE',  ( 1.999999999999999112, 0.2030000000000000970, 1.375000000000000222 ) ) ;
#440 = DIRECTION ( 'NONE',  ( 0.000000000000000000, -1.000000000000000000, 0.000000000000000000 ) ) ;
#441 = EDGE_LOOP ( 'NONE', ( #2520, #6670, #9732, #2823 ) ) ;
#442 = FACE_OUTER_BOUND ( 'NONE', #10262, .T. ) ;
#443 = EDGE_CURVE ( 'NONE', #907, #3335, #7331, .T. ) ;
#444 = DIRECTION ( 'NONE',  ( -0.000000000000000000, -0.000000000000000000, 1.000000000000000000 ) ) ;
#445 = VERTEX_POINT ( 'NONE', #5800 ) ;
#446 = LINE ( 'NONE', #639, #167 ) ;
#447 = EDGE_LOOP ( 'NONE', ( #6267, #7409, #10002, #3700 ) ) ;
#448 = EDGE_LOOP ( 'NONE', ( #6938, #2808, #6333, #9214 ) ) ;
#449 = ORIENTED_EDGE ( 'NONE', *, *, #5286, .T. ) ;
#450 = PLANE ( 'NONE',  #121 ) ;
#451 = VECTOR ( 'NONE', #1433, 1000.000000000000000 ) ;
#452 = CARTESIAN_POINT ( 'NONE',  ( -0.8749999999999994449, 0.04999999999999969746, 2.000000000000000888 ) ) ;
#453 = ORIENTED_EDGE ( 'NONE', *, *, #3816, .T. ) ;
#454 = CARTESIAN_POINT ( 'NONE',  ( -1.749999999999998890, 0.1230000000000000676, 1.999999999999999556 ) ) ;
#455 = CARTESIAN_POINT ( 'NONE',  ( 1.730000000000005533, 0.1230000000000000676, 1.749999999999992895 ) ) ;
#456 = ADVANCED_FACE ( 'NONE', ( #7251 ), #7702, .F. ) ;
#457 = AXIS2_PLACEMENT_3D ( 'NONE', #1326, #8837, #4577 ) ;
#458 = ORIENTED_EDGE ( 'NONE', *, *, #10289, .T. ) ;
#459 = COLOUR_RGB ( '',0.7921568627450980005, 0.8196078431372548767, 0.9333333333333333481 ) ;
#460 = DIRECTION ( 'NONE',  ( 3.491481338843133355E-15, 0.000000000000000000, 1.000000000000000000 ) ) ;
#461 = VERTEX_POINT ( 'NONE', #2042 ) ;
#462 = CARTESIAN_POINT ( 'NONE',  ( -1.599999999999998979, 0.6746990566028303604, 0.3750000000000001110 ) ) ;
#463 = CARTESIAN_POINT ( 'NONE',  ( -0.1249999999999994588, 0.2030000000000000138, 2.000000000000000888 ) ) ;
#464 = EDGE_CURVE ( 'NONE', #7636, #2999, #3699, .T. ) ;
#465 = CARTESIAN_POINT ( 'NONE',  ( -0.1249999999999998890, 0.2030000000000000138, -1.600000000000000977 ) ) ;
#466 = VECTOR ( 'NONE', #6283, 1000.000000000000000 ) ;
#467 = VERTEX_POINT ( 'NONE', #5278 ) ;
#468 = DIRECTION ( 'NONE',  ( -1.000000000000000000, -0.000000000000000000, 1.047444401652940007E-14 ) ) ;
#469 = DIRECTION ( 'NONE',  ( -1.000000000000000000, -0.000000000000000000, 1.047444401652940007E-14 ) ) ;
#470 = DIRECTION ( 'NONE',  ( 1.000000000000000000, -0.000000000000000000, -0.000000000000000000 ) ) ;
#471 = ORIENTED_EDGE ( 'NONE', *, *, #4731, .F. ) ;
#472 = ORIENTED_EDGE ( 'NONE', *, *, #4661, .F. ) ;
#473 = SURFACE_STYLE_USAGE ( .BOTH. , #5195 ) ;
#474 = VECTOR ( 'NONE', #2601, 1000.000000000000000 ) ;
#475 = FACE_OUTER_BOUND ( 'NONE', #245, .T. ) ;
#476 = ORIENTED_EDGE ( 'NONE', *, *, #4904, .F. ) ;
#477 = CARTESIAN_POINT ( 'NONE',  ( 1.999999999999999112, 0.000000000000000000, -0.6249999999999998890 ) ) ;
#478 = CARTESIAN_POINT ( 'NONE',  ( -1.125000000000000000, 0.000000000000000000, -1.600000000000000977 ) ) ;
#479 = VERTEX_POINT ( 'NONE', #9089 ) ;
#480 = LINE ( 'NONE', #1306, #4185 ) ;
#481 = DIRECTION ( 'NONE',  ( -0.000000000000000000, 1.000000000000000000, -0.000000000000000000 ) ) ;
#482 = EDGE_CURVE ( 'NONE', #6575, #2944, #7133, .T. ) ;
#483 = FILL_AREA_STYLE ('',( #1324 ) ) ;
#484 = ORIENTED_EDGE ( 'NONE', *, *, #3361, .F. ) ;
#485 = CARTESIAN_POINT ( 'NONE',  ( 0.000000000000000000, 0.000000000000000000, 0.000000000000000000 ) ) ;
#486 = AXIS2_PLACEMENT_3D ( 'NONE', #8624, #1498, #6269 ) ;
#487 = DIRECTION ( 'NONE',  ( -1.047444401652940007E-14, 0.000000000000000000, -1.000000000000000000 ) ) ;
#488 = LINE ( 'NONE', #10346, #7869 ) ;
#489 = VERTEX_POINT ( 'NONE', #191 ) ;
#490 = ORIENTED_EDGE ( 'NONE', *, *, #3007, .T. ) ;
#491 = EDGE_CURVE ( 'NONE', #1630, #3731, #130, .T. ) ;
#492 = EDGE_LOOP ( 'NONE', ( #7424, #4038, #902, #4017 ) ) ;
#493 = DIRECTION ( 'NONE',  ( 1.084202172485504681E-16, -0.000000000000000000, 1.000000000000000000 ) ) ;
#494 = CARTESIAN_POINT ( 'NONE',  ( -1.599999999999998979, 0.2030000000000000970, -1.999999999999999556 ) ) ;
#495 = CARTESIAN_POINT ( 'NONE',  ( 2.000000000000000000, 0.2030000000000000138, 0.000000000000000000 ) ) ;
#496 = DIRECTION ( 'NONE',  ( -0.000000000000000000, -1.000000000000000000, -0.000000000000000000 ) ) ;
#497 = FACE_OUTER_BOUND ( 'NONE', #7442, .T. ) ;
#498 = DIRECTION ( 'NONE',  ( -0.000000000000000000, -1.000000000000000000, -0.000000000000000000 ) ) ;
#499 = DIRECTION ( 'NONE',  ( -0.7071067811865513475, -0.000000000000000000, 0.7071067811865436870 ) ) ;
#500 = EDGE_LOOP ( 'NONE', ( #9251, #10436, #9380, #2565 ) ) ;
#501 = ORIENTED_EDGE ( 'NONE', *, *, #2850, .F. ) ;
#502 = CARTESIAN_POINT ( 'NONE',  ( 1.900000000000005240, 0.1230000000000000954, 1.599999999999992317 ) ) ;
#503 = EDGE_LOOP ( 'NONE', ( #2773, #2506, #484, #7112 ) ) ;
#504 = FACE_OUTER_BOUND ( 'NONE', #7766, .T. ) ;
#505 = CARTESIAN_POINT ( 'NONE',  ( -1.999999999999999112, 0.6746990566028303604, 1.375000000000000222 ) ) ;
#506 = EDGE_CURVE ( 'NONE', #7529, #6733, #406, .T. ) ;
#507 = VERTEX_POINT ( 'NONE', #7852 ) ;
#508 = ORIENTED_EDGE ( 'NONE', *, *, #10289, .F. ) ;
#509 = ORIENTED_EDGE ( 'NONE', *, *, #8144, .F. ) ;
#510 = CARTESIAN_POINT ( 'NONE',  ( -2.000000000000016431, 0.2030000000000000970, -1.599999999999977884 ) ) ;
#511 = DIRECTION ( 'NONE',  ( 8.673617379884037444E-16, 0.000000000000000000, 1.000000000000000000 ) ) ;
#512 = EDGE_CURVE ( 'NONE', #5302, #2908, #3916, .T. ) ;
#513 = CARTESIAN_POINT ( 'NONE',  ( 1.749999999999998890, 0.1230000000000000676, 1.899999999999999467 ) ) ;
#514 = ADVANCED_FACE ( 'NONE', ( #425 ), #5618, .T. ) ;
#515 = LINE ( 'NONE', #3364, #573 ) ;
#516 = VERTEX_POINT ( 'NONE', #3077 ) ;
#517 = EDGE_CURVE ( 'NONE', #6054, #7212, #446, .T. ) ;
#518 = DIRECTION ( 'NONE',  ( -0.000000000000000000, -0.000000000000000000, -1.000000000000000000 ) ) ;
#519 = DIRECTION ( 'NONE',  ( 1.000000000000000000, 0.000000000000000000, 0.000000000000000000 ) ) ;
#520 = EDGE_CURVE ( 'NONE', #1026, #2087, #202, .T. ) ;
#521 = ORIENTED_EDGE ( 'NONE', *, *, #3274, .F. ) ;
#522 = MANIFOLD_SOLID_BREP ( 'LPattern4[2]', #4404 ) ;
#523 = CARTESIAN_POINT ( 'NONE',  ( -1.374999999999999556, 0.2030000000000000138, 1.600000000000001421 ) ) ;
#524 = ORIENTED_EDGE ( 'NONE', *, *, #1051, .F. ) ;
#525 = ORIENTED_EDGE ( 'NONE', *, *, #9186, .T. ) ;
#526 = VERTEX_POINT ( 'NONE', #3877 ) ;
#527 = ORIENTED_EDGE ( 'NONE', *, *, #1238, .F. ) ;
#528 = DIRECTION ( 'NONE',  ( 1.000000000000000000, -0.000000000000000000, -0.000000000000000000 ) ) ;
#529 = VECTOR ( 'NONE', #4749, 1000.000000000000000 ) ;
#530 = EDGE_CURVE ( 'NONE', #8354, #9449, #7532, .T. ) ;
#531 = DIRECTION ( 'NONE',  ( 0.000000000000000000, 0.000000000000000000, -1.000000000000000000 ) ) ;
#532 = ORIENTED_EDGE ( 'NONE', *, *, #4071, .T. ) ;
#533 = CARTESIAN_POINT ( 'NONE',  ( -7.453889935837849886E-16, 0.05000000000000000278, -1.375000000000000888 ) ) ;
#534 = EDGE_CURVE ( 'NONE', #5528, #4115, #7779, .T. ) ;
#535 = DIRECTION ( 'NONE',  ( 1.000000000000000000, 0.000000000000000000, -1.047444401652940007E-14 ) ) ;
#536 = ORIENTED_EDGE ( 'NONE', *, *, #5194, .F. ) ;
#537 = VECTOR ( 'NONE', #3927, 1000.000000000000000 ) ;
#538 = DIRECTION ( 'NONE',  ( 0.000000000000000000, -0.000000000000000000, 1.000000000000000000 ) ) ;
#539 = AXIS2_PLACEMENT_3D ( 'NONE', #7277, #10414, #7926 ) ;
#540 = VERTEX_POINT ( 'NONE', #2232 ) ;
#541 = LINE ( 'NONE', #3154, #579 ) ;
#542 = CARTESIAN_POINT ( 'NONE',  ( -1.599999999999999201, 0.2030000000000000970, 0.6250000000000001110 ) ) ;
#543 = VERTEX_POINT ( 'NONE', #4864 ) ;
#544 = PLANE ( 'NONE',  #7949 ) ;
#545 = DIRECTION ( 'NONE',  ( 3.491481338843133355E-15, 3.614007241618349264E-16, 1.000000000000000000 ) ) ;
#546 = PLANE ( 'NONE',  #9719 ) ;
#547 = ORIENTED_EDGE ( 'NONE', *, *, #4858, .T. ) ;
#548 = EDGE_CURVE ( 'NONE', #7460, #8086, #541, .T. ) ;
#549 = EDGE_LOOP ( 'NONE', ( #10286, #8896, #9127, #7038 ) ) ;
#550 = CARTESIAN_POINT ( 'NONE',  ( 1.999999999999999112, 0.2030000000000000970, -0.8749999999999996669 ) ) ;
#551 = VECTOR ( 'NONE', #10311, 1000.000000000000000 ) ;
#552 = LINE ( 'NONE', #6379, #4065 ) ;
#553 = ORIENTED_EDGE ( 'NONE', *, *, #1870, .T. ) ;
#554 = CARTESIAN_POINT ( 'NONE',  ( 1.599999999999999201, 0.6746990566028303604, 1.125000000000000222 ) ) ;
#555 = CARTESIAN_POINT ( 'NONE',  ( -0.1249999999999994588, 0.2030000000000000138, 1.600000000000001421 ) ) ;
#556 = VERTEX_POINT ( 'NONE', #8912 ) ;
#557 = LINE ( 'NONE', #1509, #7547 ) ;
#558 = SURFACE_SIDE_STYLE ('',( #4353 ) ) ;
#559 = DIRECTION ( 'NONE',  ( 0.000000000000000000, 1.000000000000000000, 0.000000000000000000 ) ) ;
#560 = CLOSED_SHELL ( 'NONE', ( #7833, #1653, #2765, #5127, #1294, #5582 ) ) ;
#561 = CARTESIAN_POINT ( 'NONE',  ( 1.599999999999998979, 0.2030000000000000970, -0.6249999999999998890 ) ) ;
#562 = DIRECTION ( 'NONE',  ( 1.000000000000000000, -0.000000000000000000, -1.084202172485504434E-16 ) ) ;
#563 = VECTOR ( 'NONE', #5564, 1000.000000000000000 ) ;
#564 = AXIS2_PLACEMENT_3D ( 'NONE', #9025, #189, #1836 ) ;
#565 = AXIS2_PLACEMENT_3D ( 'NONE', #4040, #7580, #5823 ) ;
#566 = ORIENTED_EDGE ( 'NONE', *, *, #1608, .T. ) ;
#567 = ORIENTED_EDGE ( 'NONE', *, *, #3671, .F. ) ;
#568 = ORIENTED_EDGE ( 'NONE', *, *, #3105, .F. ) ;
#569 = EDGE_CURVE ( 'NONE', #9501, #2554, #488, .T. ) ;
#570 = FILL_AREA_STYLE ('',( #10279 ) ) ;
#571 = CARTESIAN_POINT ( 'NONE',  ( 0.1250000000000005551, 0.05000000000000000278, 0.000000000000000000 ) ) ;
#572 = CARTESIAN_POINT ( 'NONE',  ( 0.1250000000000001110, 0.000000000000000000, -2.000000000000000888 ) ) ;
#573 = VECTOR ( 'NONE', #4199, 1000.000000000000000 ) ;
#574 = CARTESIAN_POINT ( 'NONE',  ( 1.599999999999998979, 0.6746990566028303604, 1.375000000000000222 ) ) ;
#575 = ORIENTED_EDGE ( 'NONE', *, *, #3315, .F. ) ;
#576 = CLOSED_SHELL ( 'NONE', ( #1484, #7686, #2695, #6663, #3873, #2181 ) ) ;
#577 = CARTESIAN_POINT ( 'NONE',  ( 1.149999999999999911, 3.738533905932738044, -1.149999999999999689 ) ) ;
#578 = VERTEX_POINT ( 'NONE', #2930 ) ;
#579 = VECTOR ( 'NONE', #4650, 1000.000000000000000 ) ;
#580 = ADVANCED_FACE ( 'NONE', ( #4120 ), #9427, .F. ) ;
#581 = ORIENTED_EDGE ( 'NONE', *, *, #10041, .F. ) ;
#582 = CLOSED_SHELL ( 'NONE', ( #4117, #5500, #7808, #224, #1157, #4240, #6408, #600, #844, #10239, #672, #9118, #3912, #1921, #9956, #7315, #6983, #1271, #4014, #10406, #9095, #4557, #2742, #9617, #8702, #2876, #10100, #10256, #9204, #7877, #2008, #3036, #7029, #5628, #4400, #5441, #762, #6496, #2788, #272, #1091, #3251, #86, #10281, #1364, #983, #3416, #387, #9310, #4833, #2322, #1908, #6169, #3715, #514, #3496, #9453, #5541, #8056, #3606, #6253, #5147, #8568, #8847, #6141, #4067, #5835, #8700, #9980, #10007, #1994, #9291, #2159, #7550, #3692, #3945, #10144, #9890, #7455, #5229, #7989, #7738, #1747, #1974, #8491, #7008, #3783, #4991, #5785, #5516, #1503, #8951, #7595, #3624, #2409, #10426, #3758, #8236, #6563, #8261, #9347, #5260, #9689, #8548, #6110, #8647, #9640, #4338, #2103, #6764, #7217, #7160, #203, #10171, #4955, #7524, #298, #800, #3847, #7502, #2241, #6831, #5716, #3971, #1566, #2475, #2963, #2596, #3125, #6807, #3336, #7075, #2303, #5952, #2061, #7640, #2363, #9474, #6452, #6294, #8078, #4976, #4743, #8806, #3102, #5306, #5921, #4380, #6649, #9140, #4203, #2020, #6933, #5066 ) ) ;
#583 = EDGE_LOOP ( 'NONE', ( #3216, #7326, #181, #2673 ) ) ;
#584 = AXIS2_PLACEMENT_3D ( 'NONE', #6737, #4327, #8063 ) ;
#585 = CARTESIAN_POINT ( 'NONE',  ( 0.1250000000000005551, 0.6746990566028302494, 1.600000000000001421 ) ) ;
#586 = CARTESIAN_POINT ( 'NONE',  ( -1.125000000000000000, 0.2030000000000000138, -1.600000000000000977 ) ) ;
#587 = LINE ( 'NONE', #9458, #551 ) ;
#588 = EDGE_CURVE ( 'NONE', #10380, #5520, #4276, .T. ) ;
#589 = LINE ( 'NONE', #7357, #4106 ) ;
#590 = ORIENTED_EDGE ( 'NONE', *, *, #9895, .F. ) ;
#591 = AXIS2_PLACEMENT_3D ( 'NONE', #9951, #226, #2522 ) ;
#592 = SURFACE_SIDE_STYLE ('',( #3054 ) ) ;
#593 = ORIENTED_EDGE ( 'NONE', *, *, #4215, .F. ) ;
#594 = VECTOR ( 'NONE', #44, 1000.000000000000000 ) ;
#595 = VERTEX_POINT ( 'NONE', #3736 ) ;
#596 = EDGE_LOOP ( 'NONE', ( #2612, #2701, #7614, #9712 ) ) ;
#597 = ORIENTED_EDGE ( 'NONE', *, *, #8318, .F. ) ;
#598 = ORIENTED_EDGE ( 'NONE', *, *, #8680, .F. ) ;
#599 = AXIS2_PLACEMENT_3D ( 'NONE', #3976, #7445, #1615 ) ;
#600 = ADVANCED_FACE ( 'NONE', ( #4134 ), #3956, .T. ) ;
#601 = LINE ( 'NONE', #5514, #4158 ) ;
#602 = EDGE_LOOP ( 'NONE', ( #4270, #3089, #870, #8093 ) ) ;
#603 = EDGE_CURVE ( 'NONE', #5520, #7080, #7798, .T. ) ;
#604 = DIRECTION ( 'NONE',  ( 0.000000000000000000, -1.000000000000000000, 0.000000000000000000 ) ) ;
#605 = ORIENTED_EDGE ( 'NONE', *, *, #7876, .F. ) ;
#606 = LINE ( 'NONE', #827, #7677 ) ;
#607 = DIRECTION ( 'NONE',  ( 0.000000000000000000, 1.000000000000000000, 0.000000000000000000 ) ) ;
#608 = VERTEX_POINT ( 'NONE', #5413 ) ;
#609 = DIRECTION ( 'NONE',  ( 1.000000000000000000, 0.000000000000000000, 0.000000000000000000 ) ) ;
#610 = VECTOR ( 'NONE', #5635, 1000.000000000000000 ) ;
#611 = CARTESIAN_POINT ( 'NONE',  ( -1.999999999999999112, 0.6746990566028303604, 0.1250000000000003331 ) ) ;
#612 = ORIENTED_EDGE ( 'NONE', *, *, #9039, .T. ) ;
#613 = CARTESIAN_POINT ( 'NONE',  ( 2.000000000000000888, 0.2030000000000000693, 0.6249999999999998890 ) ) ;
#614 = CARTESIAN_POINT ( 'NONE',  ( 0.000000000000000000, 0.2030000000000000138, 0.000000000000000000 ) ) ;
#615 = ORIENTED_EDGE ( 'NONE', *, *, #8803, .T. ) ;
#616 = VERTEX_POINT ( 'NONE', #6238 ) ;
#617 = DIRECTION ( 'NONE',  ( 0.000000000000000000, 1.000000000000000000, 0.000000000000000000 ) ) ;
#618 = VECTOR ( 'NONE', #681, 1000.000000000000000 ) ;
#619 = LINE ( 'NONE', #10218, #7651 ) ;
#620 = ORIENTED_EDGE ( 'NONE', *, *, #4617, .F. ) ;
#621 = EDGE_CURVE ( 'NONE', #10325, #8257, #7703, .T. ) ;
#622 = AXIS2_PLACEMENT_3D ( 'NONE', #3232, #4049, #1682 ) ;
#623 = DIRECTION ( 'NONE',  ( 1.000000000000000000, -1.807003620809174632E-16, 0.000000000000000000 ) ) ;
#624 = EDGE_CURVE ( 'NONE', #10452, #4544, #4058, .T. ) ;
#625 = CARTESIAN_POINT ( 'NONE',  ( 1.749999999999998890, 0.2030000000000000693, 1.999999999999999556 ) ) ;
#626 = EDGE_LOOP ( 'NONE', ( #6752, #3139, #8593, #4161 ) ) ;
#627 = SURFACE_STYLE_FILL_AREA ( #8890 ) ;
#628 = PLANE ( 'NONE',  #3486 ) ;
#629 = DIRECTION ( 'NONE',  ( -1.000000000000000000, 0.000000000000000000, -0.000000000000000000 ) ) ;
#630 = VERTEX_POINT ( 'NONE', #5346 ) ;
#631 = DIRECTION ( 'NONE',  ( 0.000000000000000000, 0.000000000000000000, -1.000000000000000000 ) ) ;
#632 = FILL_AREA_STYLE_COLOUR ( '', #1277 ) ;
#633 = VECTOR ( 'NONE', #799, 1000.000000000000000 ) ;
#634 = VERTEX_POINT ( 'NONE', #572 ) ;
#635 = EDGE_LOOP ( 'NONE', ( #9531, #1948, #10520, #5625 ) ) ;
#636 = ORIENTED_EDGE ( 'NONE', *, *, #9312, .F. ) ;
#637 = DIRECTION ( 'NONE',  ( 1.000000000000000000, 0.000000000000000000, -1.084202172485504681E-16 ) ) ;
#638 = PLANE ( 'NONE',  #6614 ) ;
#639 = CARTESIAN_POINT ( 'NONE',  ( 1.375000000000000666, 0.6746990566028302494, 2.000000000000000888 ) ) ;
#640 = PLANE ( 'NONE',  #1791 ) ;
#641 = DIRECTION ( 'NONE',  ( -0.000000000000000000, -1.000000000000000000, -0.000000000000000000 ) ) ;
#642 = LINE ( 'NONE', #3882, #4389 ) ;
#643 = CARTESIAN_POINT ( 'NONE',  ( -0.8749999999999994449, 0.2030000000000000138, 1.600000000000001421 ) ) ;
#644 = DIRECTION ( 'NONE',  ( 8.673617379884037444E-16, 0.000000000000000000, -1.000000000000000000 ) ) ;
#645 = ORIENTED_EDGE ( 'NONE', *, *, #1854, .F. ) ;
#646 = ADVANCED_FACE ( 'NONE', ( #843 ), #8084, .T. ) ;
#647 = ORIENTED_EDGE ( 'NONE', *, *, #6600, .F. ) ;
#648 = LINE ( 'NONE', #2208, #7565 ) ;
#649 = EDGE_CURVE ( 'NONE', #2060, #4704, #792, .T. ) ;
#650 = CARTESIAN_POINT ( 'NONE',  ( 1.999999999999999112, 0.04999999999999991257, -1.125000000000000000 ) ) ;
#651 = ORIENTED_EDGE ( 'NONE', *, *, #6967, .F. ) ;
#652 = LINE ( 'NONE', #8230, #563 ) ;
#653 = ORIENTED_EDGE ( 'NONE', *, *, #2609, .T. ) ;
#654 = EDGE_CURVE ( 'NONE', #5388, #7351, #7679, .T. ) ;
#655 = ORIENTED_EDGE ( 'NONE', *, *, #8803, .F. ) ;
#656 = ORIENTED_EDGE ( 'NONE', *, *, #7497, .T. ) ;
#657 = DIRECTION ( 'NONE',  ( 0.000000000000000000, 0.000000000000000000, 1.000000000000000000 ) ) ;
#658 = CARTESIAN_POINT ( 'NONE',  ( 1.900000000000005684, 0.2030000000000000693, 1.749999999999992450 ) ) ;
#659 = EDGE_CURVE ( 'NONE', #4239, #3201, #7720, .T. ) ;
#660 = LINE ( 'NONE', #533, #7612 ) ;
#661 = FACE_OUTER_BOUND ( 'NONE', #4034, .T. ) ;
#662 = ORIENTED_EDGE ( 'NONE', *, *, #4287, .T. ) ;
#663 = EDGE_CURVE ( 'NONE', #9831, #3403, #7740, .T. ) ;
#664 = CARTESIAN_POINT ( 'NONE',  ( 1.899999999999993916, 0.1230000000000000954, -1.600000000000005640 ) ) ;
#665 = STYLED_ITEM ( 'NONE', ( #8589 ), #7162 ) ;
#666 = DIRECTION ( 'NONE',  ( 0.000000000000000000, 0.000000000000000000, 1.000000000000000000 ) ) ;
#667 = VERTEX_POINT ( 'NONE', #9746 ) ;
#668 = PRESENTATION_LAYER_ASSIGNMENT (  '', '', ( #9260 ) ) ;
#669 = LINE ( 'NONE', #4834, #7812 ) ;
#670 = ORIENTED_EDGE ( 'NONE', *, *, #6073, .T. ) ;
#671 = FACE_OUTER_BOUND ( 'NONE', #8743, .T. ) ;
#672 = ADVANCED_FACE ( 'NONE', ( #504 ), #8155, .T. ) ;
#673 = ORIENTED_EDGE ( 'NONE', *, *, #5694, .T. ) ;
#674 = ORIENTED_EDGE ( 'NONE', *, *, #1553, .F. ) ;
#675 = ORIENTED_EDGE ( 'NONE', *, *, #8562, .F. ) ;
#676 = EDGE_CURVE ( 'NONE', #6875, #516, #652, .T. ) ;
#677 = VECTOR ( 'NONE', #1298, 1000.000000000000000 ) ;
#678 = FACE_OUTER_BOUND ( 'NONE', #6517, .T. ) ;
#679 = PRESENTATION_LAYER_ASSIGNMENT (  '', '', ( #5690 ) ) ;
#680 = ORIENTED_EDGE ( 'NONE', *, *, #8619, .T. ) ;
#681 = DIRECTION ( 'NONE',  ( -1.000000000000000000, 0.000000000000000000, -1.734723475976807587E-16 ) ) ;
#682 = EDGE_CURVE ( 'NONE', #6506, #9779, #4223, .T. ) ;
#683 = PLANE ( 'NONE',  #4410 ) ;
#684 = EDGE_LOOP ( 'NONE', ( #9015, #2120, #2802, #6295 ) ) ;
#685 = FACE_OUTER_BOUND ( 'NONE', #4175, .T. ) ;
#686 = ORIENTED_EDGE ( 'NONE', *, *, #7778, .F. ) ;
#687 = CARTESIAN_POINT ( 'NONE',  ( -1.375000000000000000, 0.2030000000000000138, -2.000000000000000888 ) ) ;
#688 = CARTESIAN_POINT ( 'NONE',  ( 1.899999999999993472, 0.2030000000000000693, -1.750000000000005773 ) ) ;
#689 = ORIENTED_EDGE ( 'NONE', *, *, #5395, .T. ) ;
#690 = CARTESIAN_POINT ( 'NONE',  ( 0.1250000000000001110, 0.05000000000000000278, 0.000000000000000000 ) ) ;
#691 = DIRECTION ( 'NONE',  ( 0.000000000000000000, 1.000000000000000000, 0.000000000000000000 ) ) ;
#692 = CARTESIAN_POINT ( 'NONE',  ( 1.250000000000000000, 0.2030000000000000693, -1.249999999999999778 ) ) ;
#693 = ORIENTED_EDGE ( 'NONE', *, *, #9018, .F. ) ;
#694 = EDGE_LOOP ( 'NONE', ( #9587, #2539, #5250, #9104 ) ) ;
#695 = DIRECTION ( 'NONE',  ( -1.000000000000000000, 0.000000000000000000, 5.421010862427524142E-16 ) ) ;
#696 = CARTESIAN_POINT ( 'NONE',  ( -1.899999999999982592, 0.1230000000000000954, 1.600000000000018963 ) ) ;
#697 = VECTOR ( 'NONE', #3042, 1000.000000000000000 ) ;
#698 = VERTEX_POINT ( 'NONE', #2605 ) ;
#699 = MECHANICAL_DESIGN_GEOMETRIC_PRESENTATION_REPRESENTATION (  '', ( #10209 ), #4993 ) ;
#700 = DIRECTION ( 'NONE',  ( 1.000000000000000000, 0.000000000000000000, 8.673617379884037444E-16 ) ) ;
#701 = STYLED_ITEM ( 'NONE', ( #4126 ), #9828 ) ;
#702 = DIRECTION ( 'NONE',  ( 0.000000000000000000, 0.000000000000000000, 1.000000000000000000 ) ) ;
#703 = CLOSED_SHELL ( 'NONE', ( #10376, #8414, #6623, #580, #8473, #7965 ) ) ;
#704 = EDGE_CURVE ( 'NONE', #3283, #8897, #4075, .T. ) ;
#705 = CARTESIAN_POINT ( 'NONE',  ( 1.599999999999998979, 0.2030000000000000138, -1.125000000000000000 ) ) ;
#706 = ORIENTED_EDGE ( 'NONE', *, *, #7645, .T. ) ;
#707 = PLANE ( 'NONE',  #7788 ) ;
#708 =( LENGTH_UNIT ( ) NAMED_UNIT ( * ) SI_UNIT ( .MILLI., .METRE. ) );
#709 = LINE ( 'NONE', #3017, #4293 ) ;
#710 = VERTEX_POINT ( 'NONE', #8932 ) ;
#711 = VERTEX_POINT ( 'NONE', #2381 ) ;
#712 = ORIENTED_EDGE ( 'NONE', *, *, #10249, .F. ) ;
#713 = CARTESIAN_POINT ( 'NONE',  ( -1.124999999999999556, 0.2030000000000000138, 2.000000000000000888 ) ) ;
#714 = CARTESIAN_POINT ( 'NONE',  ( 1.599999999999998979, 0.2030000000000000138, -0.6249999999999998890 ) ) ;
#715 = CARTESIAN_POINT ( 'NONE',  ( 1.375000000000000222, 0.000000000000000000, -1.600000000000000977 ) ) ;
#716 = DIRECTION ( 'NONE',  ( -1.047444401652940007E-14, 0.000000000000000000, -1.000000000000000000 ) ) ;
#717 = LINE ( 'NONE', #3664, #4269 ) ;
#718 = ADVANCED_FACE ( 'NONE', ( #671 ), #3429, .T. ) ;
#719 = PLANE ( 'NONE',  #2564 ) ;
#720 = ORIENTED_EDGE ( 'NONE', *, *, #6184, .F. ) ;
#721 = AXIS2_PLACEMENT_3D ( 'NONE', #4103, #8203, #8971 ) ;
#722 = CLOSED_SHELL ( 'NONE', ( #5460, #1426, #10315, #10467, #8785, #1808 ) ) ;
#723 = VECTOR ( 'NONE', #5732, 1000.000000000000000 ) ;
#724 = DIRECTION ( 'NONE',  ( 0.000000000000000000, -1.000000000000000000, 0.000000000000000000 ) ) ;
#725 = ORIENTED_EDGE ( 'NONE', *, *, #4963, .T. ) ;
#726 = EDGE_CURVE ( 'NONE', #6875, #3531, #709, .T. ) ;
#727 = VECTOR ( 'NONE', #5704, 1000.000000000000000 ) ;
#728 = ORIENTED_EDGE ( 'NONE', *, *, #5894, .T. ) ;
#729 = AXIS2_PLACEMENT_3D ( 'NONE', #4339, #1680, #1803 ) ;
#730 = ORIENTED_EDGE ( 'NONE', *, *, #105, .T. ) ;
#731 = ORIENTED_EDGE ( 'NONE', *, *, #7335, .T. ) ;
#732 = UNCERTAINTY_MEASURE_WITH_UNIT (LENGTH_MEASURE( 1.000000000000000082E-05 ), #5619, 'distance_accuracy_value', 'NONE');
#733 = DIRECTION ( 'NONE',  ( 1.000000000000000000, 0.000000000000000000, -0.000000000000000000 ) ) ;
#734 = LINE ( 'NONE', #3996, #697 ) ;
#735 = LINE ( 'NONE', #8286, #853 ) ;
#736 = EDGE_LOOP ( 'NONE', ( #5447, #8783, #4832, #5123 ) ) ;
#737 = DIRECTION ( 'NONE',  ( 0.000000000000000000, -1.000000000000000000, 0.000000000000000000 ) ) ;
#738 = DIRECTION ( 'NONE',  ( 1.807003620809174878E-16, -1.000000000000000000, 0.000000000000000000 ) ) ;
#739 = ADVANCED_FACE ( 'NONE', ( #7658 ), #7011, .F. ) ;
#740 = DIRECTION ( 'NONE',  ( -1.047444401652940007E-14, 0.000000000000000000, -1.000000000000000000 ) ) ;
#741 = CLOSED_SHELL ( 'NONE', ( #1206, #1003, #6384, #364, #8392, #8757 ) ) ;
#742 = FACE_OUTER_BOUND ( 'NONE', #500, .T. ) ;
#743 = CARTESIAN_POINT ( 'NONE',  ( 1.999999999999999112, 0.6746990566028303604, -1.125000000000000000 ) ) ;
#744 = AXIS2_PLACEMENT_3D ( 'NONE', #10293, #6470, #4202 ) ;
#745 = AXIS2_PLACEMENT_3D ( 'NONE', #1587, #9860, #10538 ) ;
#746 = ORIENTED_EDGE ( 'NONE', *, *, #3592, .T. ) ;
#747 = ORIENTED_EDGE ( 'NONE', *, *, #3254, .F. ) ;
#748 = EDGE_CURVE ( 'NONE', #200, #3752, #7854, .T. ) ;
#749 = ORIENTED_EDGE ( 'NONE', *, *, #2022, .F. ) ;
#750 = COLOUR_RGB ( '',0.7921568627450980005, 0.8196078431372548767, 0.9333333333333333481 ) ;
#751 = CARTESIAN_POINT ( 'NONE',  ( 1.125000000000000222, 0.2030000000000000693, -2.000000000000000888 ) ) ;
#752 = ORIENTED_EDGE ( 'NONE', *, *, #2936, .T. ) ;
#753 = PLANE ( 'NONE',  #2447 ) ;
#754 = CARTESIAN_POINT ( 'NONE',  ( 0.8750000000000005551, 0.2030000000000000693, 1.999999999999999112 ) ) ;
#755 = ORIENTED_EDGE ( 'NONE', *, *, #1883, .F. ) ;
#756 = LINE ( 'NONE', #10257, #4053 ) ;
#757 = CARTESIAN_POINT ( 'NONE',  ( -1.899999999999999467, 0.000000000000000000, 1.990144363140585697E-14 ) ) ;
#758 = CARTESIAN_POINT ( 'NONE',  ( -1.899999999999981037, 0.2030000000000000693, 1.750000000000018874 ) ) ;
#759 = CARTESIAN_POINT ( 'NONE',  ( 0.000000000000000000, 0.2030000000000000138, 0.000000000000000000 ) ) ;
#760 = VECTOR ( 'NONE', #6396, 1000.000000000000000 ) ;
#761 = EDGE_CURVE ( 'NONE', #7173, #1885, #7642, .T. ) ;
#762 = ADVANCED_FACE ( 'NONE', ( #4152 ), #4880, .T. ) ;
#763 = ORIENTED_EDGE ( 'NONE', *, *, #2240, .F. ) ;
#764 = CARTESIAN_POINT ( 'NONE',  ( 0.000000000000000000, 0.2030000000000000138, 0.000000000000000000 ) ) ;
#765 = EDGE_LOOP ( 'NONE', ( #8939, #1703, #2204, #5231, #6596, #9717, #9285, #1001, #6206, #4302, #5294, #6147, #7691, #123, #7102, #7824, #3909, #3193, #620, #9190, #7033, #2333, #9463, #2110, #9246, #6610, #4337, #6683 ) ) ;
#766 = VERTEX_POINT ( 'NONE', #4054 ) ;
#767 = DIRECTION ( 'NONE',  ( -1.000000000000000000, 0.000000000000000000, 3.491481338843133355E-15 ) ) ;
#768 = EDGE_CURVE ( 'NONE', #4709, #7226, #4243, .T. ) ;
#769 = FACE_OUTER_BOUND ( 'NONE', #8906, .T. ) ;
#770 = EDGE_LOOP ( 'NONE', ( #8231, #3817, #4559, #4640 ) ) ;
#771 = CARTESIAN_POINT ( 'NONE',  ( -1.900000000000016342, 0.1230000000000000954, -1.599999999999978995 ) ) ;
#772 = DIRECTION ( 'NONE',  ( 0.000000000000000000, -1.000000000000000000, 0.000000000000000000 ) ) ;
#773 = EDGE_LOOP ( 'NONE', ( #6469, #2812, #6411, #10354 ) ) ;
#774 = PLANE ( 'NONE',  #5007 ) ;
#775 = VERTEX_POINT ( 'NONE', #4805 ) ;
#776 = ORIENTED_EDGE ( 'NONE', *, *, #6545, .T. ) ;
#777 = VERTEX_POINT ( 'NONE', #3304 ) ;
#778 = CARTESIAN_POINT ( 'NONE',  ( -0.3749999999999998890, 0.000000000000000000, -1.600000000000000977 ) ) ;
#779 = CARTESIAN_POINT ( 'NONE',  ( -1.499999999999999112, 0.8000000000000000444, -1.500000000000000666 ) ) ;
#780 = CARTESIAN_POINT ( 'NONE',  ( -1.124999999999999556, 0.2030000000000000138, 1.600000000000001421 ) ) ;
#781 = LINE ( 'NONE', #4895, #4300 ) ;
#782 = DIRECTION ( 'NONE',  ( 1.000000000000000000, 0.000000000000000000, -3.491481338843133355E-15 ) ) ;
#783 = DIRECTION ( 'NONE',  ( 0.000000000000000000, 1.000000000000000000, 0.000000000000000000 ) ) ;
#784 = EDGE_CURVE ( 'NONE', #6339, #595, #4260, .T. ) ;
#785 = CARTESIAN_POINT ( 'NONE',  ( -0.6249999999999998890, 0.04999999999999969746, -2.000000000000000888 ) ) ;
#786 = VERTEX_POINT ( 'NONE', #6538 ) ;
#787 = EDGE_CURVE ( 'NONE', #1262, #9967, #7814, .T. ) ;
#788 = ORIENTED_EDGE ( 'NONE', *, *, #3554, .T. ) ;
#789 =( GEOMETRIC_REPRESENTATION_CONTEXT ( 3 ) GLOBAL_UNCERTAINTY_ASSIGNED_CONTEXT ( ( #1250 ) ) GLOBAL_UNIT_ASSIGNED_CONTEXT ( ( #6215, #7047, #5668 ) ) REPRESENTATION_CONTEXT ( 'NONE', 'WORKASPACE' ) );
#790 = EDGE_CURVE ( 'NONE', #7082, #10231, #4344, .T. ) ;
#791 = PLANE ( 'NONE',  #3939 ) ;
#792 = LINE ( 'NONE', #7299, #3997 ) ;
#793 = EDGE_LOOP ( 'NONE', ( #3681, #8127, #5403, #1928 ) ) ;
#794 = ORIENTED_EDGE ( 'NONE', *, *, #4092, .T. ) ;
#795 = EDGE_CURVE ( 'NONE', #2678, #9185, #825, .T. ) ;
#796 = ORIENTED_EDGE ( 'NONE', *, *, #1008, .F. ) ;
#797 = CARTESIAN_POINT ( 'NONE',  ( 2.000000000000000888, 0.2030000000000001803, 1.599999999999992095 ) ) ;
#798 = VECTOR ( 'NONE', #6928, 1000.000000000000000 ) ;
#799 = DIRECTION ( 'NONE',  ( 0.000000000000000000, -1.000000000000000000, 0.000000000000000000 ) ) ;
#800 = ADVANCED_FACE ( 'NONE', ( #973 ), #230, .F. ) ;
#801 = ORIENTED_EDGE ( 'NONE', *, *, #2046, .F. ) ;
#802 = CARTESIAN_POINT ( 'NONE',  ( -0.3749999999999998890, 0.2030000000000000138, -2.000000000000000888 ) ) ;
#803 = AXIS2_PLACEMENT_3D ( 'NONE', #4009, #6639, #1713 ) ;
#804 = CARTESIAN_POINT ( 'NONE',  ( -1.125000000000000000, 0.04999999999999999584, -1.600000000000000977 ) ) ;
#805 = ORIENTED_EDGE ( 'NONE', *, *, #6459, .F. ) ;
#806 = VECTOR ( 'NONE', #1156, 1000.000000000000000 ) ;
#807 = AXIS2_PLACEMENT_3D ( 'NONE', #8402, #9296, #5864 ) ;
#808 = ORIENTED_EDGE ( 'NONE', *, *, #10153, .F. ) ;
#809 = ORIENTED_EDGE ( 'NONE', *, *, #1193, .T. ) ;
#810 = ORIENTED_EDGE ( 'NONE', *, *, #7497, .F. ) ;
#811 = EDGE_CURVE ( 'NONE', #125, #9447, #1022, .T. ) ;
#812 = CARTESIAN_POINT ( 'NONE',  ( -1.375000000000000000, 0.04999999999999999584, -2.000000000000000888 ) ) ;
#813 = FACE_OUTER_BOUND ( 'NONE', #4383, .T. ) ;
#814 = AXIS2_PLACEMENT_3D ( 'NONE', #3932, #4093, #10392 ) ;
#815 = FACE_OUTER_BOUND ( 'NONE', #7165, .T. ) ;
#816 = CARTESIAN_POINT ( 'NONE',  ( -0.1249999999999998890, 0.2030000000000000970, -2.000000000000000888 ) ) ;
#817 = EDGE_LOOP ( 'NONE', ( #3722, #4226, #3843, #9999 ) ) ;
#818 = PLANE ( 'NONE',  #9592 ) ;
#819 = DIRECTION ( 'NONE',  ( 1.000000000000000000, 0.000000000000000000, -0.000000000000000000 ) ) ;
#820 = PLANE ( 'NONE',  #4549 ) ;
#821 = EDGE_LOOP ( 'NONE', ( #7848, #7759, #335, #449 ) ) ;
#822 = VECTOR ( 'NONE', #10038, 1000.000000000000000 ) ;
#823 = DIRECTION ( 'NONE',  ( 0.000000000000000000, 1.000000000000000000, 0.000000000000000000 ) ) ;
#824 = PLANE ( 'NONE',  #5339 ) ;
#825 = LINE ( 'NONE', #2895, #4328 ) ;
#826 = VERTEX_POINT ( 'NONE', #5980 ) ;
#827 = CARTESIAN_POINT ( 'NONE',  ( 1.375000000000000222, 0.000000000000000000, -2.000000000000000888 ) ) ;
#828 = CARTESIAN_POINT ( 'NONE',  ( -1.900000000000017675, 0.1230000000000000676, -1.749999999999978906 ) ) ;
#829 = CARTESIAN_POINT ( 'NONE',  ( 1.999999999999999112, 0.6746990566028303604, -0.6249999999999998890 ) ) ;
#830 = ORIENTED_EDGE ( 'NONE', *, *, #3952, .F. ) ;
#831 = EDGE_LOOP ( 'NONE', ( #6099, #6778, #9316, #2342 ) ) ;
#832 = CARTESIAN_POINT ( 'NONE',  ( -1.374999999999999556, 0.2030000000000000138, 1.600000000000001421 ) ) ;
#833 = STYLED_ITEM ( 'NONE', ( #7510 ), #3012 ) ;
#834 = DIRECTION ( 'NONE',  ( -1.000000000000000000, 0.000000000000000000, 8.673617379884037444E-16 ) ) ;
#835 = EDGE_CURVE ( 'NONE', #9954, #7453, #4485, .T. ) ;
#836 = VECTOR ( 'NONE', #5417, 1000.000000000000000 ) ;
#837 = ORIENTED_EDGE ( 'NONE', *, *, #9004, .F. ) ;
#838 = DIRECTION ( 'NONE',  ( -0.000000000000000000, -0.000000000000000000, 1.000000000000000000 ) ) ;
#839 = VERTEX_POINT ( 'NONE', #379 ) ;
#840 = DIRECTION ( 'NONE',  ( -1.000000000000000000, 0.000000000000000000, 1.084202172485504434E-16 ) ) ;
#841 = CARTESIAN_POINT ( 'NONE',  ( -1.899999999999981037, 0.1230000000000000676, 1.750000000000018874 ) ) ;
#842 = DIRECTION ( 'NONE',  ( 1.000000000000000000, -0.000000000000000000, -0.000000000000000000 ) ) ;
#843 = FACE_OUTER_BOUND ( 'NONE', #2868, .T. ) ;
#844 = ADVANCED_FACE ( 'NONE', ( #1097 ), #1085, .T. ) ;
#845 = ORIENTED_EDGE ( 'NONE', *, *, #5892, .F. ) ;
#846 = VERTEX_POINT ( 'NONE', #6053 ) ;
#847 = ORIENTED_EDGE ( 'NONE', *, *, #9776, .F. ) ;
#848 = CARTESIAN_POINT ( 'NONE',  ( -1.999999999999999112, 0.000000000000000000, 0.3750000000000001110 ) ) ;
#849 = AXIS2_PLACEMENT_3D ( 'NONE', #7802, #8611, #4601 ) ;
#850 = CARTESIAN_POINT ( 'NONE',  ( -1.599999999999998979, 0.000000000000000000, 0.8750000000000001110 ) ) ;
#851 = COLOUR_RGB ( '',0.7921568627450980005, 0.8196078431372548767, 0.9333333333333333481 ) ;
#852 = CARTESIAN_POINT ( 'NONE',  ( 1.375000000000000666, 0.2030000000000000138, 1.600000000000001421 ) ) ;
#853 = VECTOR ( 'NONE', #3352, 1000.000000000000000 ) ;
#854 = CARTESIAN_POINT ( 'NONE',  ( 1.999999999999999112, 0.2030000000000000970, 0.3750000000000001110 ) ) ;
#855 = CARTESIAN_POINT ( 'NONE',  ( -1.124999999999999556, 0.000000000000000000, 1.600000000000001421 ) ) ;
#856 = ORIENTED_EDGE ( 'NONE', *, *, #971, .F. ) ;
#857 = EDGE_CURVE ( 'NONE', #5602, #4278, #917, .T. ) ;
#858 = UNCERTAINTY_MEASURE_WITH_UNIT (LENGTH_MEASURE( 1.000000000000000082E-05 ), #5037, 'distance_accuracy_value', 'NONE');
#859 = ORIENTED_EDGE ( 'NONE', *, *, #8428, .T. ) ;
#860 = LINE ( 'NONE', #8713, #8026 ) ;
#861 = DIRECTION ( 'NONE',  ( 0.000000000000000000, 0.000000000000000000, 1.000000000000000000 ) ) ;
#862 = ORIENTED_EDGE ( 'NONE', *, *, #10420, .T. ) ;
#863 = ORIENTED_EDGE ( 'NONE', *, *, #7876, .T. ) ;
#864 = DIRECTION ( 'NONE',  ( -1.000000000000000000, 0.000000000000000000, 0.000000000000000000 ) ) ;
#865 = ORIENTED_EDGE ( 'NONE', *, *, #9969, .T. ) ;
#866 =( NAMED_UNIT ( * ) PLANE_ANGLE_UNIT ( ) SI_UNIT ( $, .RADIAN. ) );
#867 = DIRECTION ( 'NONE',  ( -1.047444401652940007E-14, 0.000000000000000000, -1.000000000000000000 ) ) ;
#868 = LINE ( 'NONE', #3386, #1124 ) ;
#869 = VECTOR ( 'NONE', #4930, 1000.000000000000000 ) ;
#870 = ORIENTED_EDGE ( 'NONE', *, *, #10047, .T. ) ;
#871 = EDGE_CURVE ( 'NONE', #2908, #5375, #7928, .T. ) ;
#872 = DIRECTION ( 'NONE',  ( 0.000000000000000000, -1.000000000000000000, 0.000000000000000000 ) ) ;
#873 = AXIS2_PLACEMENT_3D ( 'NONE', #9013, #4220, #5786 ) ;
#874 = DIRECTION ( 'NONE',  ( -0.000000000000000000, -1.000000000000000000, -0.000000000000000000 ) ) ;
#875 = EDGE_CURVE ( 'NONE', #882, #7061, #8154, .T. ) ;
#876 = PLANE ( 'NONE',  #1583 ) ;
#877 = ORIENTED_EDGE ( 'NONE', *, *, #6164, .T. ) ;
#878 = PRESENTATION_STYLE_ASSIGNMENT (( #3547 ) ) ;
#879 = CARTESIAN_POINT ( 'NONE',  ( 0.1250000000000005551, 0.2030000000000000138, 2.000000000000000888 ) ) ;
#880 = VECTOR ( 'NONE', #1301, 1000.000000000000000 ) ;
#881 = EDGE_LOOP ( 'NONE', ( #10165, #6635, #6439, #90 ) ) ;
#882 = VERTEX_POINT ( 'NONE', #5834 ) ;
#883 = ORIENTED_EDGE ( 'NONE', *, *, #2516, .T. ) ;
#884 = LINE ( 'NONE', #3585, #4421 ) ;
#885 = LINE ( 'NONE', #9574, #798 ) ;
#886 = ADVANCED_FACE ( 'NONE', ( #1205 ), #7820, .F. ) ;
#887 = ORIENTED_EDGE ( 'NONE', *, *, #10212, .F. ) ;
#888 = DIRECTION ( 'NONE',  ( -0.000000000000000000, -1.000000000000000000, -0.000000000000000000 ) ) ;
#889 = EDGE_CURVE ( 'NONE', #205, #6934, #4574, .T. ) ;
#890 = DIRECTION ( 'NONE',  ( -1.000000000000000000, 0.000000000000000000, 0.000000000000000000 ) ) ;
#891 = DIRECTION ( 'NONE',  ( 0.000000000000000000, 1.000000000000000000, 0.000000000000000000 ) ) ;
#892 = ORIENTED_EDGE ( 'NONE', *, *, #2910, .F. ) ;
#893 = EDGE_CURVE ( 'NONE', #5627, #6506, #4605, .T. ) ;
#894 = CARTESIAN_POINT ( 'NONE',  ( 1.599999999999997868, 0.05000000000000000278, 1.387778780781444295E-15 ) ) ;
#895 = DIRECTION ( 'NONE',  ( -3.614007241618349264E-16, 1.000000000000000000, 0.000000000000000000 ) ) ;
#896 =( LENGTH_UNIT ( ) NAMED_UNIT ( * ) SI_UNIT ( .MILLI., .METRE. ) );
#897 = FACE_OUTER_BOUND ( 'NONE', #6750, .T. ) ;
#898 = VERTEX_POINT ( 'NONE', #6682 ) ;
#899 = PLANE ( 'NONE',  #5828 ) ;
#900 = CARTESIAN_POINT ( 'NONE',  ( -1.749999999999998890, 0.2030000000000000693, 1.899999999999999467 ) ) ;
#901 = CARTESIAN_POINT ( 'NONE',  ( 2.000000000000000888, 7.256854249492380227, 1.999999999999999112 ) ) ;
#902 = ORIENTED_EDGE ( 'NONE', *, *, #4151, .T. ) ;
#903 = EDGE_LOOP ( 'NONE', ( #5266, #7009, #6055, #10086 ) ) ;
#904 = CARTESIAN_POINT ( 'NONE',  ( 1.999999999999999112, 0.04999999999999991257, 0.8750000000000001110 ) ) ;
#905 = LINE ( 'NONE', #7539, #4566 ) ;
#906 = MANIFOLD_SOLID_BREP ( 'CirPattern2[3]', #4973 ) ;
#907 = VERTEX_POINT ( 'NONE', #6824 ) ;
#908 = DIRECTION ( 'NONE',  ( 1.000000000000000000, -0.000000000000000000, 0.000000000000000000 ) ) ;
#909 = DIRECTION ( 'NONE',  ( -0.000000000000000000, -0.000000000000000000, 1.000000000000000000 ) ) ;
#910 = ADVANCED_FACE ( 'NONE', ( #897 ), #7518, .T. ) ;
#911 = VERTEX_POINT ( 'NONE', #1373 ) ;
#912 = VECTOR ( 'NONE', #6089, 1000.000000000000000 ) ;
#913 = CARTESIAN_POINT ( 'NONE',  ( 1.599999999999998979, 0.2030000000000000138, -0.1249999999999998890 ) ) ;
#914 = DIRECTION ( 'NONE',  ( 1.000000000000000000, -0.000000000000000000, 0.000000000000000000 ) ) ;
#915 = EDGE_CURVE ( 'NONE', #4590, #7529, #4412, .T. ) ;
#916 = PLANE ( 'NONE',  #5131 ) ;
#917 = LINE ( 'NONE', #7746, #4468 ) ;
#918 = ORIENTED_EDGE ( 'NONE', *, *, #7936, .F. ) ;
#919 = ORIENTED_EDGE ( 'NONE', *, *, #4173, .F. ) ;
#920 = ORIENTED_EDGE ( 'NONE', *, *, #6980, .F. ) ;
#921 = EDGE_CURVE ( 'NONE', #4530, #667, #7959, .T. ) ;
#922 = CARTESIAN_POINT ( 'NONE',  ( -1.900000000000016565, 0.2030000000000000970, -1.599999999999978995 ) ) ;
#923 = DIRECTION ( 'NONE',  ( 0.000000000000000000, 0.000000000000000000, -1.000000000000000000 ) ) ;
#924 = VECTOR ( 'NONE', #2849, 1000.000000000000000 ) ;
#925 = DIRECTION ( 'NONE',  ( 0.000000000000000000, 1.000000000000000000, 0.000000000000000000 ) ) ;
#926 = LINE ( 'NONE', #3079, #942 ) ;
#927 = ORIENTED_EDGE ( 'NONE', *, *, #10193, .T. ) ;
#928 = CARTESIAN_POINT ( 'NONE',  ( -1.125000000000000000, 0.6746990566028302494, -1.600000000000000977 ) ) ;
#929 = EDGE_CURVE ( 'NONE', #4621, #3190, #1167, .T. ) ;
#930 = VERTEX_POINT ( 'NONE', #5515 ) ;
#931 = COLOUR_RGB ( '',0.7921568627450980005, 0.8196078431372548767, 0.9333333333333333481 ) ;
#932 = DIRECTION ( 'NONE',  ( -1.000000000000000000, 0.000000000000000000, 5.421010862427524142E-16 ) ) ;
#933 = LINE ( 'NONE', #7320, #993 ) ;
#934 = ADVANCED_FACE ( 'NONE', ( #4588 ), #36, .F. ) ;
#935 = ORIENTED_EDGE ( 'NONE', *, *, #8342, .F. ) ;
#936 = ORIENTED_EDGE ( 'NONE', *, *, #9345, .F. ) ;
#937 = PLANE ( 'NONE',  #8825 ) ;
#938 = AXIS2_PLACEMENT_3D ( 'NONE', #6359, #1773, #6291 ) ;
#939 = ORIENTED_EDGE ( 'NONE', *, *, #9201, .T. ) ;
#940 = CARTESIAN_POINT ( 'NONE',  ( 0.1250000000000005551, 0.2030000000000000970, 2.000000000000000888 ) ) ;
#941 = LINE ( 'NONE', #10334, #8125 ) ;
#942 = VECTOR ( 'NONE', #3881, 1000.000000000000000 ) ;
#943 = DIRECTION ( 'NONE',  ( 1.000000000000000000, 0.000000000000000000, 1.734723475976807587E-16 ) ) ;
#944 = ORIENTED_EDGE ( 'NONE', *, *, #10157, .F. ) ;
#945 = DIRECTION ( 'NONE',  ( 1.000000000000000000, 0.000000000000000000, -5.421010862427524142E-16 ) ) ;
#946 = PRESENTATION_LAYER_ASSIGNMENT (  '', '', ( #9524 ) ) ;
#947 = CARTESIAN_POINT ( 'NONE',  ( 0.8750000000000005551, 0.000000000000000000, 1.600000000000001421 ) ) ;
#948 = PLANE ( 'NONE',  #7683 ) ;
#949 = VERTEX_POINT ( 'NONE', #8882 ) ;
#950 = VECTOR ( 'NONE', #3152, 1000.000000000000000 ) ;
#951 = EDGE_CURVE ( 'NONE', #4312, #3283, #8013, .T. ) ;
#952 = CARTESIAN_POINT ( 'NONE',  ( 1.999999999999999112, 0.2030000000000000138, -1.125000000000000000 ) ) ;
#953 = FACE_OUTER_BOUND ( 'NONE', #6288, .T. ) ;
#954 = ORIENTED_EDGE ( 'NONE', *, *, #4322, .T. ) ;
#955 = ORIENTED_EDGE ( 'NONE', *, *, #1285, .F. ) ;
#956 = ORIENTED_EDGE ( 'NONE', *, *, #6725, .F. ) ;
#957 = DIRECTION ( 'NONE',  ( 1.000000000000000000, -0.000000000000000000, 0.000000000000000000 ) ) ;
#958 = CARTESIAN_POINT ( 'NONE',  ( -1.125000000000000000, 0.000000000000000000, -2.000000000000000888 ) ) ;
#959 = VECTOR ( 'NONE', #6745, 1000.000000000000000 ) ;
#960 = VECTOR ( 'NONE', #10219, 1000.000000000000000 ) ;
#961 = CARTESIAN_POINT ( 'NONE',  ( -1.599999999999998979, 0.6746990566028303604, 1.375000000000000222 ) ) ;
#962 = ORIENTED_EDGE ( 'NONE', *, *, #5636, .F. ) ;
#963 = DIRECTION ( 'NONE',  ( 0.000000000000000000, 0.000000000000000000, 1.000000000000000000 ) ) ;
#964 = PLANE ( 'NONE',  #182 ) ;
#965 = CARTESIAN_POINT ( 'NONE',  ( 0.000000000000000000, 0.000000000000000000, -1.899999999999999467 ) ) ;
#966 = AXIS2_PLACEMENT_3D ( 'NONE', #2859, #7930, #1254 ) ;
#967 = ORIENTED_EDGE ( 'NONE', *, *, #7907, .T. ) ;
#968 = VECTOR ( 'NONE', #5105, 1000.000000000000000 ) ;
#969 = AXIS2_PLACEMENT_3D ( 'NONE', #1000, #4466, #10087 ) ;
#970 = CARTESIAN_POINT ( 'NONE',  ( 1.599999999999998979, 0.000000000000000000, -0.6249999999999998890 ) ) ;
#971 = EDGE_CURVE ( 'NONE', #5466, #2321, #933, .T. ) ;
#972 = DIRECTION ( 'NONE',  ( -0.000000000000000000, 1.000000000000000000, -0.000000000000000000 ) ) ;
#973 = FACE_OUTER_BOUND ( 'NONE', #441, .T. ) ;
#974 = EDGE_LOOP ( 'NONE', ( #10294, #1882, #9711, #2444 ) ) ;
#975 = CARTESIAN_POINT ( 'NONE',  ( 0.3750000000000005551, 0.2030000000000000138, 2.000000000000000888 ) ) ;
#976 = CARTESIAN_POINT ( 'NONE',  ( 1.250000000000000000, 3.738533905932738044, 1.250000000000000222 ) ) ;
#977 = VERTEX_POINT ( 'NONE', #7241 ) ;
#978 = ORIENTED_EDGE ( 'NONE', *, *, #9326, .T. ) ;
#980 = DIRECTION ( 'NONE',  ( 0.000000000000000000, -0.000000000000000000, 1.000000000000000000 ) ) ;
#979 = PRODUCT_DEFINITION_FORMATION_WITH_SPECIFIED_SOURCE ( 'ANY', '', #307, .NOT_KNOWN. ) ;
#981 = FACE_OUTER_BOUND ( 'NONE', #2390, .T. ) ;
#982 = VECTOR ( 'NONE', #1339, 1000.000000000000000 ) ;
#983 = ADVANCED_FACE ( 'NONE', ( #1059 ), #820, .T. ) ;
#984 = ORIENTED_EDGE ( 'NONE', *, *, #361, .T. ) ;
#985 = CARTESIAN_POINT ( 'NONE',  ( 1.375000000000000222, 0.6746990566028302494, -1.600000000000000977 ) ) ;
#986 = CARTESIAN_POINT ( 'NONE',  ( -1.374999999999999556, 0.05000000000000000278, 1.999999999999999556 ) ) ;
#987 = ORIENTED_EDGE ( 'NONE', *, *, #7508, .T. ) ;
#988 = LINE ( 'NONE', #9230, #8062 ) ;
#989 = AXIS2_PLACEMENT_3D ( 'NONE', #184, #5016, #2033 ) ;
#990 = CARTESIAN_POINT ( 'NONE',  ( 1.149999999999999911, 0.2030000000000000693, -1.249999999999999778 ) ) ;
#991 = CARTESIAN_POINT ( 'NONE',  ( 1.250000000000000000, 0.2030000000000000693, -1.149999999999999689 ) ) ;
#992 = CARTESIAN_POINT ( 'NONE',  ( -1.599999999999999201, 0.6746990566028303604, -0.8749999999999998890 ) ) ;
#993 = VECTOR ( 'NONE', #4001, 1000.000000000000000 ) ;
#994 = ORIENTED_EDGE ( 'NONE', *, *, #5133, .T. ) ;
#995 = VECTOR ( 'NONE', #2183, 1000.000000000000000 ) ;
#996 = EDGE_CURVE ( 'NONE', #7248, #39, #8097, .T. ) ;
#997 = EDGE_LOOP ( 'NONE', ( #2981, #5661, #5442, #5058 ) ) ;
#998 = DIRECTION ( 'NONE',  ( 0.000000000000000000, 0.000000000000000000, -1.000000000000000000 ) ) ;
#999 = VECTOR ( 'NONE', #8250, 1000.000000000000000 ) ;
#1000 = CARTESIAN_POINT ( 'NONE',  ( 1.599999999999999201, 0.6746990566028303604, -0.3749999999999998890 ) ) ;
#1001 = ORIENTED_EDGE ( 'NONE', *, *, #7792, .T. ) ;
#1002 = CARTESIAN_POINT ( 'NONE',  ( 1.599999999999998979, 0.2030000000000000970, -1.899999999999999467 ) ) ;
#1003 = ADVANCED_FACE ( 'NONE', ( #7976 ), #683, .F. ) ;
#1004 = ORIENTED_EDGE ( 'NONE', *, *, #246, .T. ) ;
#1005 = LINE ( 'NONE', #494, #4524 ) ;
#1006 = PLANE ( 'NONE',  #9631 ) ;
#1007 = LINE ( 'NONE', #6344, #8116 ) ;
#1008 = EDGE_CURVE ( 'NONE', #2378, #2717, #1007, .T. ) ;
#1009 = EDGE_LOOP ( 'NONE', ( #10044, #7789, #4127, #8839 ) ) ;
#1010 = STYLED_ITEM ( 'NONE', ( #7727 ), #6314 ) ;
#1011 = LINE ( 'NONE', #7526, #8073 ) ;
#1012 = DIRECTION ( 'NONE',  ( 1.000000000000000000, -0.000000000000000000, -1.084202172485504434E-16 ) ) ;
#1013 = EDGE_LOOP ( 'NONE', ( #4721, #1236, #731, #7819 ) ) ;
#1014 = PLANE ( 'NONE',  #2885 ) ;
#1015 = EDGE_CURVE ( 'NONE', #1098, #125, #1114, .T. ) ;
#1016 = LINE ( 'NONE', #6787, #7983 ) ;
#1017 = ORIENTED_EDGE ( 'NONE', *, *, #875, .T. ) ;
#1018 = DIRECTION ( 'NONE',  ( -1.000000000000000000, 0.000000000000000000, 0.000000000000000000 ) ) ;
#1019 = ORIENTED_EDGE ( 'NONE', *, *, #9201, .F. ) ;
#1020 = VECTOR ( 'NONE', #8066, 1000.000000000000000 ) ;
#1021 = CARTESIAN_POINT ( 'NONE',  ( 0.6250000000000005551, 0.2030000000000000138, 1.600000000000001421 ) ) ;
#1022 = LINE ( 'NONE', #4483, #880 ) ;
#1023 = ADVANCED_FACE ( 'NONE', ( #953 ), #8949, .T. ) ;
#1024 = ORIENTED_EDGE ( 'NONE', *, *, #7473, .F. ) ;
#1025 = VECTOR ( 'NONE', #2977, 1000.000000000000000 ) ;
#1026 = VERTEX_POINT ( 'NONE', #754 ) ;
#1027 = EDGE_CURVE ( 'NONE', #3731, #6958, #4505, .T. ) ;
#1028 = DIRECTION ( 'NONE',  ( 0.000000000000000000, -0.000000000000000000, 1.000000000000000000 ) ) ;
#1029 = EDGE_CURVE ( 'NONE', #7618, #5991, #4657, .T. ) ;
#1030 = DIRECTION ( 'NONE',  ( 0.000000000000000000, 0.000000000000000000, -1.000000000000000000 ) ) ;
#1031 = EDGE_LOOP ( 'NONE', ( #6400, #214, #3018, #7175 ) ) ;
#1032 = CARTESIAN_POINT ( 'NONE',  ( -1.499999999999999112, 0.6999999999999999556, -1.500000000000000666 ) ) ;
#1033 = EDGE_CURVE ( 'NONE', #3741, #9687, #4525, .T. ) ;
#1034 = CARTESIAN_POINT ( 'NONE',  ( 1.375000000000000666, 0.6746990566028302494, 1.600000000000001421 ) ) ;
#1035 = DIRECTION ( 'NONE',  ( 0.000000000000000000, 0.000000000000000000, 1.000000000000000000 ) ) ;
#1036 = ORIENTED_EDGE ( 'NONE', *, *, #2135, .T. ) ;
#1037 = VECTOR ( 'NONE', #4236, 1000.000000000000000 ) ;
#1038 = CARTESIAN_POINT ( 'NONE',  ( -1.999999999999999112, 7.256854249492380227, 1.999999999999999556 ) ) ;
#1039 = EDGE_CURVE ( 'NONE', #616, #4055, #4674, .T. ) ;
#1040 = CARTESIAN_POINT ( 'NONE',  ( 1.899999999999993916, 0.1230000000000000954, -1.600000000000005418 ) ) ;
#1041 = ORIENTED_EDGE ( 'NONE', *, *, #7135, .T. ) ;
#1042 = DIRECTION ( 'NONE',  ( 0.000000000000000000, 0.000000000000000000, -1.000000000000000000 ) ) ;
#1043 = PLANE ( 'NONE',  #3623 ) ;
#1044 = EDGE_LOOP ( 'NONE', ( #4384, #859, #8031, #1135 ) ) ;
#1045 = ORIENTED_EDGE ( 'NONE', *, *, #8880, .T. ) ;
#1046 = AXIS2_PLACEMENT_3D ( 'NONE', #2327, #2820, #5651 ) ;
#1047 = CARTESIAN_POINT ( 'NONE',  ( 2.032879073410325744E-16, 0.05000000000000000278, -0.3750000000000007772 ) ) ;
#1048 = LINE ( 'NONE', #401, #1139 ) ;
#1049 = LINE ( 'NONE', #9360, #960 ) ;
#1050 = ORIENTED_EDGE ( 'NONE', *, *, #6334, .T. ) ;
#1051 = EDGE_CURVE ( 'NONE', #556, #8417, #1235, .T. ) ;
#1052 = CARTESIAN_POINT ( 'NONE',  ( 1.599999999999999201, 0.000000000000000000, 0.1250000000000001110 ) ) ;
#1053 = CARTESIAN_POINT ( 'NONE',  ( -1.599999999999999201, 0.05000000000000023870, 0.1250000000000001110 ) ) ;
#1054 = ORIENTED_EDGE ( 'NONE', *, *, #6680, .F. ) ;
#1055 = EDGE_CURVE ( 'NONE', #930, #8641, #1186, .T. ) ;
#1056 = CARTESIAN_POINT ( 'NONE',  ( 1.599999999999999201, 0.000000000000000000, 0.6250000000000001110 ) ) ;
#1057 = CARTESIAN_POINT ( 'NONE',  ( 1.999999999999999112, 0.2030000000000000970, 0.3750000000000001110 ) ) ;
#1058 =( NAMED_UNIT ( * ) PLANE_ANGLE_UNIT ( ) SI_UNIT ( $, .RADIAN. ) );
#1059 = FACE_OUTER_BOUND ( 'NONE', #596, .T. ) ;
#1060 = ORIENTED_EDGE ( 'NONE', *, *, #1378, .F. ) ;
#1061 = ORIENTED_EDGE ( 'NONE', *, *, #6034, .T. ) ;
#1062 = ORIENTED_EDGE ( 'NONE', *, *, #7592, .T. ) ;
#1063 = EDGE_CURVE ( 'NONE', #8216, #5337, #7904, .T. ) ;
#1064 = PLANE ( 'NONE',  #1716 ) ;
#1065 = VECTOR ( 'NONE', #5653, 1000.000000000000000 ) ;
#1066 = CARTESIAN_POINT ( 'NONE',  ( -1.999999999999999112, 0.05000000000000000278, 1.999999999999999556 ) ) ;
#1067 = LINE ( 'NONE', #8595, #8294 ) ;
#1068 = ADVANCED_FACE ( 'NONE', ( #1668 ), #7104, .T. ) ;
#1069 = EDGE_LOOP ( 'NONE', ( #5163, #2041, #7874, #8103 ) ) ;
#1070 = CARTESIAN_POINT ( 'NONE',  ( 1.599999999999998979, 0.2030000000000000970, 1.729999999999999538 ) ) ;
#1071 = CARTESIAN_POINT ( 'NONE',  ( -1.375000000000000000, 0.6746990566028302494, -1.600000000000000977 ) ) ;
#1072 = EDGE_LOOP ( 'NONE', ( #10409, #2199, #2435, #9473 ) ) ;
#1073 = FACE_OUTER_BOUND ( 'NONE', #6301, .T. ) ;
#1074 = CARTESIAN_POINT ( 'NONE',  ( -1.749999999999998890, 0.2030000000000000693, 1.999999999999999556 ) ) ;
#1075 = VECTOR ( 'NONE', #9696, 1000.000000000000000 ) ;
#1076 = EDGE_LOOP ( 'NONE', ( #13, #4703, #7020, #6385 ) ) ;
#1077 = ORIENTED_EDGE ( 'NONE', *, *, #2148, .T. ) ;
#1078 = PLANE ( 'NONE',  #729 ) ;
#1079 = VERTEX_POINT ( 'NONE', #9536 ) ;
#1080 = AXIS2_PLACEMENT_3D ( 'NONE', #10061, #5212, #6637 ) ;
#1081 = DIRECTION ( 'NONE',  ( 0.000000000000000000, -0.000000000000000000, 1.000000000000000000 ) ) ;
#1082 = VECTOR ( 'NONE', #9417, 1000.000000000000000 ) ;
#1083 = EDGE_CURVE ( 'NONE', #1725, #4874, #8472, .T. ) ;
#1084 = LINE ( 'NONE', #2236, #982 ) ;
#1085 = PLANE ( 'NONE',  #5379 ) ;
#1086 = VERTEX_POINT ( 'NONE', #9616 ) ;
#1087 = CARTESIAN_POINT ( 'NONE',  ( -1.900000000000017897, 0.1230000000000000676, -1.749999999999978906 ) ) ;
#1088 = DIRECTION ( 'NONE',  ( -0.000000000000000000, -1.000000000000000000, -0.000000000000000000 ) ) ;
#1089 = CARTESIAN_POINT ( 'NONE',  ( -1.999999999999999112, 0.2030000000000000970, 0.8750000000000001110 ) ) ;
#1090 = DIRECTION ( 'NONE',  ( 1.000000000000000000, -0.000000000000000000, -0.000000000000000000 ) ) ;
#1091 = ADVANCED_FACE ( 'NONE', ( #4962 ), #2706, .T. ) ;
#1092 = DIRECTION ( 'NONE',  ( 0.000000000000000000, -0.000000000000000000, -1.000000000000000000 ) ) ;
#1093 = EDGE_LOOP ( 'NONE', ( #1865, #8861, #8980, #2654 ) ) ;
#1094 = SURFACE_STYLE_USAGE ( .BOTH. , #2837 ) ;
#1095 = VECTOR ( 'NONE', #3955, 1000.000000000000000 ) ;
#1096 = PLANE ( 'NONE',  #7530 ) ;
#1097 = FACE_OUTER_BOUND ( 'NONE', #22, .T. ) ;
#1098 = VERTEX_POINT ( 'NONE', #3519 ) ;
#1099 = ORIENTED_EDGE ( 'NONE', *, *, #1171, .T. ) ;
#1100 = VERTEX_POINT ( 'NONE', #4156 ) ;
#1101 = AXIS2_PLACEMENT_3D ( 'NONE', #5708, #6544, #1554 ) ;
#1102 = CARTESIAN_POINT ( 'NONE',  ( -0.6249999999999998890, 0.2030000000000000138, -2.000000000000000888 ) ) ;
#1103 = FACE_OUTER_BOUND ( 'NONE', #7077, .T. ) ;
#1104 = DIRECTION ( 'NONE',  ( 0.000000000000000000, -1.000000000000000000, 0.000000000000000000 ) ) ;
#1105 = ORIENTED_EDGE ( 'NONE', *, *, #2146, .F. ) ;
#1106 = CARTESIAN_POINT ( 'NONE',  ( 2.000000000000000888, 0.05000000000000000278, 1.999999999999999112 ) ) ;
#1107 = EDGE_CURVE ( 'NONE', #9046, #5375, #1465, .T. ) ;
#1108 = AXIS2_PLACEMENT_3D ( 'NONE', #8704, #4504, #1395 ) ;
#1109 = CARTESIAN_POINT ( 'NONE',  ( 1.599999999999998979, 0.2030000000000000970, 1.899999999999999467 ) ) ;
#1110 = DIRECTION ( 'NONE',  ( -0.000000000000000000, -1.000000000000000000, -0.000000000000000000 ) ) ;
#1111 = EDGE_LOOP ( 'NONE', ( #8749, #9698, #7712, #2935 ) ) ;
#1112 = DIRECTION ( 'NONE',  ( 0.000000000000000000, -0.000000000000000000, 1.000000000000000000 ) ) ;
#1113 = DIRECTION ( 'NONE',  ( -1.000000000000000000, -0.000000000000000000, 1.047444401652940007E-14 ) ) ;
#1114 = LINE ( 'NONE', #5585, #1149 ) ;
#1115 = ADVANCED_FACE ( 'NONE', ( #1430 ), #8459, .F. ) ;
#1116 = ORIENTED_EDGE ( 'NONE', *, *, #1523, .T. ) ;
#1117 = CARTESIAN_POINT ( 'NONE',  ( -0.8749999999999998890, 0.000000000000000000, -2.000000000000000888 ) ) ;
#1118 = DIRECTION ( 'NONE',  ( 0.000000000000000000, -0.000000000000000000, 1.000000000000000000 ) ) ;
#1119 = DIRECTION ( 'NONE',  ( 0.000000000000000000, 1.000000000000000000, 0.000000000000000000 ) ) ;
#1120 = ORIENTED_EDGE ( 'NONE', *, *, #1628, .T. ) ;
#1121 = ORIENTED_EDGE ( 'NONE', *, *, #5220, .T. ) ;
#1122 = DIRECTION ( 'NONE',  ( 0.000000000000000000, -0.000000000000000000, 1.000000000000000000 ) ) ;
#1123 =( NAMED_UNIT ( * ) PLANE_ANGLE_UNIT ( ) SI_UNIT ( $, .RADIAN. ) );
#1124 = VECTOR ( 'NONE', #10053, 1000.000000000000000 ) ;
#1125 = ORIENTED_EDGE ( 'NONE', *, *, #337, .T. ) ;
#1126 = AXIS2_PLACEMENT_3D ( 'NONE', #8446, #5990, #6834 ) ;
#1127 = DIRECTION ( 'NONE',  ( 1.000000000000000000, 1.807003620809174878E-16, 0.000000000000000000 ) ) ;
#1128 = EDGE_CURVE ( 'NONE', #595, #2584, #4774, .T. ) ;
#1129 = DIRECTION ( 'NONE',  ( -1.000000000000000000, 0.000000000000000000, -5.421010862427524142E-16 ) ) ;
#1130 = ORIENTED_EDGE ( 'NONE', *, *, #2884, .T. ) ;
#1131 = FACE_OUTER_BOUND ( 'NONE', #5715, .T. ) ;
#1132 = CARTESIAN_POINT ( 'NONE',  ( -0.3749999999999994449, 0.2030000000000000138, 1.600000000000001421 ) ) ;
#1133 = VECTOR ( 'NONE', #2074, 1000.000000000000000 ) ;
#1134 = VERTEX_POINT ( 'NONE', #9910 ) ;
#1135 = ORIENTED_EDGE ( 'NONE', *, *, #5694, .F. ) ;
#1136 = ORIENTED_EDGE ( 'NONE', *, *, #3031, .T. ) ;
#1137 = CARTESIAN_POINT ( 'NONE',  ( -1.499999999999999112, 0.6999999999999999556, -1.500000000000000666 ) ) ;
#1138 = CARTESIAN_POINT ( 'NONE',  ( 0.8750000000000001110, 0.6746990566028302494, -1.600000000000000977 ) ) ;
#1139 = VECTOR ( 'NONE', #6297, 1000.000000000000000 ) ;
#1140 = LINE ( 'NONE', #3809, #8185 ) ;
#1141 = ORIENTED_EDGE ( 'NONE', *, *, #1412, .T. ) ;
#1142 = CARTESIAN_POINT ( 'NONE',  ( -1.999999999999999112, 0.05000000000000000278, 1.999999999999999556 ) ) ;
#1143 = DIRECTION ( 'NONE',  ( 0.000000000000000000, 0.000000000000000000, -1.000000000000000000 ) ) ;
#1144 = EDGE_CURVE ( 'NONE', #6220, #3759, #8736, .T. ) ;
#1145 = ORIENTED_EDGE ( 'NONE', *, *, #6732, .F. ) ;
#1146 = LINE ( 'NONE', #5213, #4555 ) ;
#1147 = EDGE_CURVE ( 'NONE', #5878, #3794, #4989, .T. ) ;
#1148 =( NAMED_UNIT ( * ) SI_UNIT ( $, .STERADIAN. ) SOLID_ANGLE_UNIT ( ) );
#1149 = VECTOR ( 'NONE', #3844, 1000.000000000000000 ) ;
#1150 = ORIENTED_EDGE ( 'NONE', *, *, #9277, .T. ) ;
#1151 = ORIENTED_EDGE ( 'NONE', *, *, #1673, .F. ) ;
#1152 = ORIENTED_EDGE ( 'NONE', *, *, #6016, .T. ) ;
#1153 = CARTESIAN_POINT ( 'NONE',  ( 2.000000000000005773, 0.2030000000000000693, 1.749999999999992006 ) ) ;
#1154 = LINE ( 'NONE', #10521, #8492 ) ;
#1155 = COLOUR_RGB ( '',0.7921568627450980005, 0.8196078431372548767, 0.9333333333333333481 ) ;
#1156 = DIRECTION ( 'NONE',  ( -1.000000000000000000, 3.614007241618349264E-16, -0.000000000000000000 ) ) ;
#1157 = ADVANCED_FACE ( 'NONE', ( #1731, #1718, #8410 ), #4228, .F. ) ;
#1158 = ORIENTED_EDGE ( 'NONE', *, *, #704, .F. ) ;
#1159 = DIRECTION ( 'NONE',  ( 1.000000000000000000, -0.000000000000000000, -0.000000000000000000 ) ) ;
#1160 = DIRECTION ( 'NONE',  ( 0.000000000000000000, -0.000000000000000000, -1.000000000000000000 ) ) ;
#1161 = DIRECTION ( 'NONE',  ( -1.000000000000000000, 0.000000000000000000, 0.000000000000000000 ) ) ;
#1162 = DIRECTION ( 'NONE',  ( 1.000000000000000000, -1.807003620809174632E-16, 0.000000000000000000 ) ) ;
#1163 = EDGE_LOOP ( 'NONE', ( #5769, #4109, #3838, #10297 ) ) ;
#1164 = CARTESIAN_POINT ( 'NONE',  ( 1.599999999999998979, 0.2030000000000000970, 1.999999999999999556 ) ) ;
#1165 =( NAMED_UNIT ( * ) SI_UNIT ( $, .STERADIAN. ) SOLID_ANGLE_UNIT ( ) );
#1166 = EDGE_CURVE ( 'NONE', #2446, #2679, #1331, .T. ) ;
#1167 = LINE ( 'NONE', #5182, #4381 ) ;
#1168 = ORIENTED_EDGE ( 'NONE', *, *, #7021, .F. ) ;
#1169 = EDGE_LOOP ( 'NONE', ( #10196, #7938, #10444, #2077 ) ) ;
#1170 = ORIENTED_EDGE ( 'NONE', *, *, #10032, .T. ) ;
#1171 = EDGE_CURVE ( 'NONE', #2616, #2727, #4738, .T. ) ;
#1172 = DIRECTION ( 'NONE',  ( 0.000000000000000000, -0.000000000000000000, 1.000000000000000000 ) ) ;
#1173 = LINE ( 'NONE', #8104, #1241 ) ;
#1174 = VECTOR ( 'NONE', #7931, 1000.000000000000000 ) ;
#1175 = PLANE ( 'NONE',  #4844 ) ;
#1176 = ORIENTED_EDGE ( 'NONE', *, *, #4537, .F. ) ;
#1177 = DIRECTION ( 'NONE',  ( -1.000000000000000000, 0.000000000000000000, 0.000000000000000000 ) ) ;
#1178 = CARTESIAN_POINT ( 'NONE',  ( 1.599999999999999201, 0.2030000000000000138, 1.125000000000000222 ) ) ;
#1179 = EDGE_CURVE ( 'NONE', #6866, #4193, #8688, .T. ) ;
#1180 = DIRECTION ( 'NONE',  ( 0.000000000000000000, -1.000000000000000000, 0.000000000000000000 ) ) ;
#1181 = AXIS2_PLACEMENT_3D ( 'NONE', #577, #3162, #7939 ) ;
#1182 = ADVANCED_FACE ( 'NONE', ( #8676 ), #6562, .T. ) ;
#1183 = ORIENTED_EDGE ( 'NONE', *, *, #1107, .F. ) ;
#1184 = FACE_OUTER_BOUND ( 'NONE', #1693, .T. ) ;
#1185 = CARTESIAN_POINT ( 'NONE',  ( 0.3750000000000005551, 0.2030000000000000138, 1.600000000000001421 ) ) ;
#1186 = LINE ( 'NONE', #4899, #4689 ) ;
#1187 = VERTEX_POINT ( 'NONE', #5791 ) ;
#1188 = CARTESIAN_POINT ( 'NONE',  ( -1.599999999999998979, 0.2030000000000000970, -1.999999999999999556 ) ) ;
#1189 = DIRECTION ( 'NONE',  ( -1.000000000000000000, 0.000000000000000000, 0.000000000000000000 ) ) ;
#1190 = VERTEX_POINT ( 'NONE', #8524 ) ;
#1191 = ORIENTED_EDGE ( 'NONE', *, *, #2902, .F. ) ;
#1192 = FACE_OUTER_BOUND ( 'NONE', #3776, .T. ) ;
#1193 = EDGE_CURVE ( 'NONE', #9630, #4615, #1256, .T. ) ;
#1194 = CYLINDRICAL_SURFACE ( 'NONE', #7913, 0.1000000000000000472 ) ;
#1195 = ORIENTED_EDGE ( 'NONE', *, *, #217, .T. ) ;
#1196 = PRESENTATION_LAYER_ASSIGNMENT (  '', '', ( #10309 ) ) ;
#1197 = CARTESIAN_POINT ( 'NONE',  ( 2.000000000000005773, 0.2030000000000000693, 1.749999999999992006 ) ) ;
#1198 = CARTESIAN_POINT ( 'NONE',  ( -1.599999999999998979, 0.1230000000000000954, -1.999999999999999556 ) ) ;
#1199 = VERTEX_POINT ( 'NONE', #2625 ) ;
#1200 = VECTOR ( 'NONE', #4648, 1000.000000000000000 ) ;
#1201 = EDGE_CURVE ( 'NONE', #667, #3318, #4889, .T. ) ;
#1202 = CARTESIAN_POINT ( 'NONE',  ( 0.6250000000000001110, 0.6746990566028302494, -2.000000000000000888 ) ) ;
#1203 = CARTESIAN_POINT ( 'NONE',  ( 1.999999999999993561, 0.1230000000000000676, -1.750000000000005995 ) ) ;
#1204 = DIRECTION ( 'NONE',  ( 0.000000000000000000, 0.000000000000000000, 1.000000000000000000 ) ) ;
#1205 = FACE_OUTER_BOUND ( 'NONE', #5319, .T. ) ;
#1206 = ADVANCED_FACE ( 'NONE', ( #4753 ), #107, .T. ) ;
#1207 = ORIENTED_EDGE ( 'NONE', *, *, #8963, .T. ) ;
#1208 = ORIENTED_EDGE ( 'NONE', *, *, #9949, .F. ) ;
#1209 = CARTESIAN_POINT ( 'NONE',  ( 1.599999999999998979, 0.1230000000000000954, -1.729999999999999538 ) ) ;
#1210 = CARTESIAN_POINT ( 'NONE',  ( 1.749999999999998890, 0.1230000000000000676, -1.729999999999999538 ) ) ;
#1211 = VECTOR ( 'NONE', #5723, 1000.000000000000000 ) ;
#1212 = CARTESIAN_POINT ( 'NONE',  ( 1.749999999999998890, 0.2030000000000000693, -1.899999999999999467 ) ) ;
#1213 = ORIENTED_EDGE ( 'NONE', *, *, #7632, .F. ) ;
#1214 = AXIS2_PLACEMENT_3D ( 'NONE', #5775, #7305, #8162 ) ;
#1215 = VERTEX_POINT ( 'NONE', #9979 ) ;
#1216 = LINE ( 'NONE', #3003, #1095 ) ;
#1217 = CARTESIAN_POINT ( 'NONE',  ( 0.6250000000000001110, 0.000000000000000000, -2.000000000000000888 ) ) ;
#1218 = EDGE_CURVE ( 'NONE', #6532, #711, #4828, .T. ) ;
#1219 = PRESENTATION_STYLE_ASSIGNMENT (( #5120 ) ) ;
#1220 = ORIENTED_EDGE ( 'NONE', *, *, #3183, .F. ) ;
#1221 = VECTOR ( 'NONE', #6065, 1000.000000000000000 ) ;
#1222 = CARTESIAN_POINT ( 'NONE',  ( -1.599999999999998979, 0.2030000000000000970, -1.899999999999999467 ) ) ;
#1223 = ORIENTED_EDGE ( 'NONE', *, *, #3031, .F. ) ;
#1224 = VECTOR ( 'NONE', #890, 1000.000000000000000 ) ;
#1225 = DIRECTION ( 'NONE',  ( 1.000000000000000000, 0.000000000000000000, -3.491481338843133355E-15 ) ) ;
#1226 = ORIENTED_EDGE ( 'NONE', *, *, #790, .T. ) ;
#1227 =( LENGTH_UNIT ( ) NAMED_UNIT ( * ) SI_UNIT ( .MILLI., .METRE. ) );
#1228 = CARTESIAN_POINT ( 'NONE',  ( 1.599999999999999201, 0.05000000000000023870, -0.3749999999999998890 ) ) ;
#1229 = DIRECTION ( 'NONE',  ( 5.421010862427524142E-16, -0.000000000000000000, 1.000000000000000000 ) ) ;
#1230 = ORIENTED_EDGE ( 'NONE', *, *, #9621, .T. ) ;
#1231 = CARTESIAN_POINT ( 'NONE',  ( 1.599999999999998979, 0.2030000000000000138, 0.3750000000000001110 ) ) ;
#1232 = VECTOR ( 'NONE', #9798, 1000.000000000000000 ) ;
#1233 = CARTESIAN_POINT ( 'NONE',  ( 1.999999999999999112, 0.04999999999999991257, -0.3749999999999996669 ) ) ;
#1234 = AXIS2_PLACEMENT_3D ( 'NONE', #430, #2872, #7563 ) ;
#1235 = LINE ( 'NONE', #7034, #8210 ) ;
#1236 = ORIENTED_EDGE ( 'NONE', *, *, #1679, .T. ) ;
#1237 = LINE ( 'NONE', #1164, #5134 ) ;
#1238 = EDGE_CURVE ( 'NONE', #1086, #8401, #8373, .T. ) ;
#1239 = ORIENTED_EDGE ( 'NONE', *, *, #7610, .T. ) ;
#1240 = DIRECTION ( 'NONE',  ( -0.000000000000000000, 1.000000000000000000, -0.000000000000000000 ) ) ;
#1241 = VECTOR ( 'NONE', #5380, 1000.000000000000000 ) ;
#1242 = LINE ( 'NONE', #7705, #4683 ) ;
#1243 = ADVANCED_FACE ( 'NONE', ( #8534 ), #7616, .F. ) ;
#1244 = FILL_AREA_STYLE ('',( #4706 ) ) ;
#1245 = ORIENTED_EDGE ( 'NONE', *, *, #3342, .F. ) ;
#1246 = CARTESIAN_POINT ( 'NONE',  ( -1.900000000000016342, 0.2030000000000000970, -1.599999999999978995 ) ) ;
#1247 = DIRECTION ( 'NONE',  ( -0.000000000000000000, -1.000000000000000000, -0.000000000000000000 ) ) ;
#1248 = DIRECTION ( 'NONE',  ( -1.000000000000000000, 0.000000000000000000, 0.000000000000000000 ) ) ;
#1249 = DIRECTION ( 'NONE',  ( -1.000000000000000000, 0.000000000000000000, 0.000000000000000000 ) ) ;
#1250 = UNCERTAINTY_MEASURE_WITH_UNIT (LENGTH_MEASURE( 1.000000000000000082E-05 ), #6215, 'distance_accuracy_value', 'NONE');
#1251 = ORIENTED_EDGE ( 'NONE', *, *, #8745, .T. ) ;
#1252 = LINE ( 'NONE', #6061, #1446 ) ;
#1253 = CARTESIAN_POINT ( 'NONE',  ( -1.999999999999981348, 0.2030000000000000693, 1.750000000000019984 ) ) ;
#1254 = DIRECTION ( 'NONE',  ( -1.000000000000000000, 0.000000000000000000, 0.000000000000000000 ) ) ;
#1255 = DIRECTION ( 'NONE',  ( -0.000000000000000000, -1.000000000000000000, -0.000000000000000000 ) ) ;
#1256 = LINE ( 'NONE', #9288, #8453 ) ;
#1257 = AXIS2_PLACEMENT_3D ( 'NONE', #8436, #2759, #4408 ) ;
#1258 = ORIENTED_EDGE ( 'NONE', *, *, #5894, .F. ) ;
#1259 = CARTESIAN_POINT ( 'NONE',  ( 1.599999999999998979, 0.2030000000000000970, 0.8750000000000001110 ) ) ;
#1260 = CARTESIAN_POINT ( 'NONE',  ( 0.8750000000000001110, 0.6746990566028302494, -1.600000000000000977 ) ) ;
#1261 = VECTOR ( 'NONE', #7115, 1000.000000000000000 ) ;
#1262 = VERTEX_POINT ( 'NONE', #6008 ) ;
#1263 = CARTESIAN_POINT ( 'NONE',  ( 1.250000000000000000, 0.000000000000000000, -1.249999999999999778 ) ) ;
#1264 = PRESENTATION_LAYER_ASSIGNMENT (  '', '', ( #5508 ) ) ;
#1265 = EDGE_CURVE ( 'NONE', #10300, #8401, #8303, .T. ) ;
#1266 = VECTOR ( 'NONE', #4550, 1000.000000000000000 ) ;
#1267 = LINE ( 'NONE', #9990, #4714 ) ;
#1268 = ORIENTED_EDGE ( 'NONE', *, *, #1063, .T. ) ;
#1269 = CARTESIAN_POINT ( 'NONE',  ( -1.599999999999998979, 0.2030000000000000970, -1.729999999999999538 ) ) ;
#1270 = DIRECTION ( 'NONE',  ( -0.000000000000000000, -1.000000000000000000, -0.000000000000000000 ) ) ;
#1271 = ADVANCED_FACE ( 'NONE', ( #4813 ), #1527, .T. ) ;
#1272 = VERTEX_POINT ( 'NONE', #9638 ) ;
#1273 = LINE ( 'NONE', #463, #4772 ) ;
#1274 = DIRECTION ( 'NONE',  ( -0.000000000000000000, -1.000000000000000000, -0.000000000000000000 ) ) ;
#1275 = CARTESIAN_POINT ( 'NONE',  ( 1.749999999999998890, 0.2030000000000000693, -1.729999999999999538 ) ) ;
#1276 = DIRECTION ( 'NONE',  ( 0.000000000000000000, 0.000000000000000000, -1.000000000000000000 ) ) ;
#1277 = COLOUR_RGB ( '',0.7921568627450980005, 0.8196078431372548767, 0.9333333333333333481 ) ;
#1278 = ORIENTED_EDGE ( 'NONE', *, *, #7907, .F. ) ;
#1279 = VERTEX_POINT ( 'NONE', #4643 ) ;
#1280 = EDGE_CURVE ( 'NONE', #229, #5613, #1313, .T. ) ;
#1281 = CARTESIAN_POINT ( 'NONE',  ( -1.599999999999999201, 0.6746990566028303604, -1.375000000000000000 ) ) ;
#1282 = CARTESIAN_POINT ( 'NONE',  ( 0.8750000000000005551, 0.2030000000000000138, 1.600000000000001421 ) ) ;
#1283 = FACE_OUTER_BOUND ( 'NONE', #1076, .T. ) ;
#1284 = LINE ( 'NONE', #7649, #8649 ) ;
#1285 = EDGE_CURVE ( 'NONE', #6179, #6348, #1419, .T. ) ;
#1286 = ORIENTED_EDGE ( 'NONE', *, *, #857, .T. ) ;
#1287 = CARTESIAN_POINT ( 'NONE',  ( -1.374999999999999556, 0.2030000000000000970, 2.000000000000000888 ) ) ;
#1288 = DIRECTION ( 'NONE',  ( -0.000000000000000000, -1.000000000000000000, -0.000000000000000000 ) ) ;
#1289 = EDGE_LOOP ( 'NONE', ( #7024, #5423, #5904, #310 ) ) ;
#1290 = LINE ( 'NONE', #9771, #4897 ) ;
#1291 = CARTESIAN_POINT ( 'NONE',  ( -1.899999999999981259, 0.2030000000000000693, 1.750000000000018874 ) ) ;
#1292 = VECTOR ( 'NONE', #562, 1000.000000000000000 ) ;
#1293 = MANIFOLD_SOLID_BREP ( 'CirPattern2[1]', #6952 ) ;
#1294 = ADVANCED_FACE ( 'NONE', ( #8435 ), #3144, .T. ) ;
#1295 = VERTEX_POINT ( 'NONE', #5477 ) ;
#1296 = LINE ( 'NONE', #2687, #8525 ) ;
#1297 = VERTEX_POINT ( 'NONE', #1458 ) ;
#1298 = DIRECTION ( 'NONE',  ( 0.000000000000000000, 1.000000000000000000, 0.000000000000000000 ) ) ;
#1299 = FACE_OUTER_BOUND ( 'NONE', #9077, .T. ) ;
#1300 = VECTOR ( 'NONE', #3223, 1000.000000000000000 ) ;
#1301 = DIRECTION ( 'NONE',  ( 0.000000000000000000, 0.000000000000000000, -1.000000000000000000 ) ) ;
#1302 = ORIENTED_EDGE ( 'NONE', *, *, #7900, .T. ) ;
#1303 = EDGE_CURVE ( 'NONE', #7871, #1795, #8520, .T. ) ;
#1304 = CARTESIAN_POINT ( 'NONE',  ( -1.599999999999998979, 0.2030000000000000970, 1.899999999999999467 ) ) ;
#1305 = CARTESIAN_POINT ( 'NONE',  ( -1.599999999999998979, 0.1230000000000000954, -1.729999999999999538 ) ) ;
#1306 = CARTESIAN_POINT ( 'NONE',  ( 0.3750000000000005551, 0.2030000000000000138, 1.600000000000001421 ) ) ;
#1307 = DIRECTION ( 'NONE',  ( 1.000000000000000000, 0.000000000000000000, -0.000000000000000000 ) ) ;
#1308 = ORIENTED_EDGE ( 'NONE', *, *, #1310, .F. ) ;
#1309 = DIRECTION ( 'NONE',  ( 0.000000000000000000, -1.000000000000000000, 0.000000000000000000 ) ) ;
#1310 = EDGE_CURVE ( 'NONE', #7962, #8388, #1386, .T. ) ;
#1311 = LINE ( 'NONE', #2037, #8409 ) ;
#1312 = CARTESIAN_POINT ( 'NONE',  ( -1.599999999999999201, 0.000000000000000000, 0.6250000000000001110 ) ) ;
#1313 = LINE ( 'NONE', #3656, #4916 ) ;
#1314 = AXIS2_PLACEMENT_3D ( 'NONE', #10275, #3869, #7987 ) ;
#1315 = ORIENTED_EDGE ( 'NONE', *, *, #1991, .T. ) ;
#1316 = VECTOR ( 'NONE', #8692, 1000.000000000000000 ) ;
#1317 = EDGE_LOOP ( 'NONE', ( #2629, #49, #10374, #9364 ) ) ;
#1318 = EDGE_CURVE ( 'NONE', #3311, #9825, #1402, .T. ) ;
#1319 = CARTESIAN_POINT ( 'NONE',  ( -1.599999999999998979, 0.6746990566028303604, -0.6249999999999998890 ) ) ;
#1320 = VECTOR ( 'NONE', #864, 1000.000000000000000 ) ;
#1321 = LINE ( 'NONE', #7927, #8637 ) ;
#1322 = CARTESIAN_POINT ( 'NONE',  ( 0.3750000000000001110, 0.000000000000000000, -1.600000000000000977 ) ) ;
#1323 = ORIENTED_EDGE ( 'NONE', *, *, #390, .F. ) ;
#1324 = FILL_AREA_STYLE_COLOUR ( '', #9138 ) ;
#1325 = DIRECTION ( 'NONE',  ( 0.000000000000000000, 0.000000000000000000, -1.000000000000000000 ) ) ;
#1326 = CARTESIAN_POINT ( 'NONE',  ( 1.599999999999999201, 0.6746990566028303604, -1.375000000000000000 ) ) ;
#1327 = AXIS2_PLACEMENT_3D ( 'NONE', #8053, #3272, #6578 ) ;
#1328 = ORIENTED_EDGE ( 'NONE', *, *, #8857, .F. ) ;
#1329 = VECTOR ( 'NONE', #5988, 1000.000000000000000 ) ;
#1330 = DIRECTION ( 'NONE',  ( 0.000000000000000000, -0.000000000000000000, -1.000000000000000000 ) ) ;
#1331 = LINE ( 'NONE', #6777, #5216 ) ;
#1332 = ORIENTED_EDGE ( 'NONE', *, *, #9466, .F. ) ;
#1333 = DIRECTION ( 'NONE',  ( 0.000000000000000000, -1.000000000000000000, 0.000000000000000000 ) ) ;
#1334 = CARTESIAN_POINT ( 'NONE',  ( 0.000000000000000000, 0.000000000000000000, 1.899999999999999467 ) ) ;
#1335 = DIRECTION ( 'NONE',  ( 0.000000000000000000, -0.000000000000000000, 1.000000000000000000 ) ) ;
#1336 = VECTOR ( 'NONE', #4419, 1000.000000000000000 ) ;
#1337 = ORIENTED_EDGE ( 'NONE', *, *, #2514, .F. ) ;
#1338 = AXIS2_PLACEMENT_3D ( 'NONE', #7573, #10010, #8134 ) ;
#1339 = DIRECTION ( 'NONE',  ( 0.000000000000000000, -0.000000000000000000, 1.000000000000000000 ) ) ;
#1340 = FACE_OUTER_BOUND ( 'NONE', #4471, .T. ) ;
#1341 = EDGE_CURVE ( 'NONE', #1766, #2071, #5165, .T. ) ;
#1342 = VECTOR ( 'NONE', #1989, 1000.000000000000000 ) ;
#1343 = ADVANCED_FACE ( 'NONE', ( #9083 ), #8646, .F. ) ;
#1344 = VERTEX_POINT ( 'NONE', #7988 ) ;
#1345 = AXIS2_PLACEMENT_3D ( 'NONE', #8023, #10439, #3177 ) ;
#1346 = CARTESIAN_POINT ( 'NONE',  ( 1.999999999999999112, 0.6746990566028303604, -0.1249999999999998890 ) ) ;
#1347 = VERTEX_POINT ( 'NONE', #2923 ) ;
#1348 = FACE_OUTER_BOUND ( 'NONE', #75, .T. ) ;
#1349 = PLANE ( 'NONE',  #4656 ) ;
#1350 = DIRECTION ( 'NONE',  ( -1.000000000000000000, 1.807003620809174632E-16, 0.000000000000000000 ) ) ;
#1351 = CARTESIAN_POINT ( 'NONE',  ( 0.8750000000000001110, 0.000000000000000000, -1.600000000000000977 ) ) ;
#1352 = VERTEX_POINT ( 'NONE', #8770 ) ;
#1353 = VECTOR ( 'NONE', #4836, 1000.000000000000000 ) ;
#1354 = ORIENTED_EDGE ( 'NONE', *, *, #7592, .F. ) ;
#1355 = DIRECTION ( 'NONE',  ( 5.421010862427524142E-16, 0.000000000000000000, 1.000000000000000000 ) ) ;
#1356 = AXIS2_PLACEMENT_3D ( 'NONE', #779, #7923, #9425 ) ;
#1357 = DIRECTION ( 'NONE',  ( 0.000000000000000000, 0.000000000000000000, -1.000000000000000000 ) ) ;
#1358 = LINE ( 'NONE', #6533, #8293 ) ;
#1359 = LINE ( 'NONE', #4186, #4860 ) ;
#1360 = ORIENTED_EDGE ( 'NONE', *, *, #7211, .F. ) ;
#1361 = PLANE ( 'NONE',  #6358 ) ;
#1362 = EDGE_CURVE ( 'NONE', #5631, #4498, #5549, .T. ) ;
#1363 = DIRECTION ( 'NONE',  ( 0.000000000000000000, 0.000000000000000000, -1.000000000000000000 ) ) ;
#1364 = ADVANCED_FACE ( 'NONE', ( #2075 ), #6990, .T. ) ;
#1365 = ORIENTED_EDGE ( 'NONE', *, *, #1008, .T. ) ;
#1366 = CIRCLE ( 'NONE', #5969, 0.1000000000000000472 ) ;
#1367 = DIRECTION ( 'NONE',  ( 0.000000000000000000, 0.000000000000000000, 1.000000000000000000 ) ) ;
#1368 = ORIENTED_EDGE ( 'NONE', *, *, #4637, .T. ) ;
#1369 = CARTESIAN_POINT ( 'NONE',  ( 1.599999999999998979, 0.1230000000000000954, -1.899999999999999467 ) ) ;
#1370 = CARTESIAN_POINT ( 'NONE',  ( -0.1249999999999994588, 0.2030000000000000138, 1.600000000000001421 ) ) ;
#1371 = VECTOR ( 'NONE', #7030, 1000.000000000000000 ) ;
#1372 = LINE ( 'NONE', #5169, #1636 ) ;
#1373 = CARTESIAN_POINT ( 'NONE',  ( -1.375000000000000000, 0.000000000000000000, -2.000000000000000888 ) ) ;
#1374 = ORIENTED_EDGE ( 'NONE', *, *, #180, .T. ) ;
#1375 =( GEOMETRIC_REPRESENTATION_CONTEXT ( 3 ) GLOBAL_UNCERTAINTY_ASSIGNED_CONTEXT ( ( #4628 ) ) GLOBAL_UNIT_ASSIGNED_CONTEXT ( ( #8705, #6987, #3797 ) ) REPRESENTATION_CONTEXT ( 'NONE', 'WORKASPACE' ) );
#1376 = CARTESIAN_POINT ( 'NONE',  ( 0.8750000000000001110, 0.2030000000000000138, -1.600000000000000977 ) ) ;
#1377 = MANIFOLD_SOLID_BREP ( 'CirPattern2[2]', #741 ) ;
#1378 = EDGE_CURVE ( 'NONE', #6443, #7920, #5364, .T. ) ;
#1379 = PLANE ( 'NONE',  #3680 ) ;
#1380 = CARTESIAN_POINT ( 'NONE',  ( 0.000000000000000000, 0.000000000000000000, 2.000000000000000000 ) ) ;
#1381 = PLANE ( 'NONE',  #3980 ) ;
#1382 = EDGE_LOOP ( 'NONE', ( #4507, #4771, #7974, #810 ) ) ;
#1383 = CARTESIAN_POINT ( 'NONE',  ( 0.6250000000000005551, 0.2030000000000000138, 1.600000000000001421 ) ) ;
#1384 = FACE_OUTER_BOUND ( 'NONE', #6888, .T. ) ;
#1385 = DIRECTION ( 'NONE',  ( 0.000000000000000000, -1.000000000000000000, 0.000000000000000000 ) ) ;
#1386 = LINE ( 'NONE', #4711, #8424 ) ;
#1387 = ADVANCED_FACE ( 'NONE', ( #8747 ), #6586, .F. ) ;
#1388 = ORIENTED_EDGE ( 'NONE', *, *, #2535, .T. ) ;
#1389 = CARTESIAN_POINT ( 'NONE',  ( 1.250000000000000000, 3.738533905932738044, -1.149999999999999689 ) ) ;
#1390 = UNCERTAINTY_MEASURE_WITH_UNIT (LENGTH_MEASURE( 1.000000000000000082E-05 ), #4541, 'distance_accuracy_value', 'NONE');
#1391 = FACE_OUTER_BOUND ( 'NONE', #7736, .T. ) ;
#1392 = FACE_OUTER_BOUND ( 'NONE', #10362, .T. ) ;
#1393 = CARTESIAN_POINT ( 'NONE',  ( 1.599999999999999201, 0.000000000000000000, 0.6250000000000001110 ) ) ;
#1394 = ORIENTED_EDGE ( 'NONE', *, *, #8784, .T. ) ;
#1395 = DIRECTION ( 'NONE',  ( 0.000000000000000000, -0.000000000000000000, 1.000000000000000000 ) ) ;
#1396 = EDGE_CURVE ( 'NONE', #6458, #516, #5485, .T. ) ;
#1397 = PLANE ( 'NONE',  #3439 ) ;
#1398 = ORIENTED_EDGE ( 'NONE', *, *, #10296, .T. ) ;
#1399 = VECTOR ( 'NONE', #6134, 1000.000000000000000 ) ;
#1400 = EDGE_CURVE ( 'NONE', #6248, #7707, #8853, .T. ) ;
#1401 = PLANE ( 'NONE',  #4108 ) ;
#1402 = LINE ( 'NONE', #8587, #4901 ) ;
#1403 = VERTEX_POINT ( 'NONE', #4180 ) ;
#1404 = DIRECTION ( 'NONE',  ( 0.000000000000000000, 0.000000000000000000, 1.000000000000000000 ) ) ;
#1405 = CARTESIAN_POINT ( 'NONE',  ( -0.3749999999999994449, 0.2030000000000000138, 1.600000000000001421 ) ) ;
#1406 = CARTESIAN_POINT ( 'NONE',  ( 2.500000000000000000, 0.2030000000000000138, 0.000000000000000000 ) ) ;
#1407 = DIRECTION ( 'NONE',  ( 1.000000000000000000, 0.000000000000000000, 8.673617379884037444E-16 ) ) ;
#1408 = CARTESIAN_POINT ( 'NONE',  ( -1.149999999999999911, 3.738533905932738044, 1.149999999999999023 ) ) ;
#1409 = FACE_OUTER_BOUND ( 'NONE', #4902, .T. ) ;
#1410 = VECTOR ( 'NONE', #9110, 1000.000000000000000 ) ;
#1411 = CARTESIAN_POINT ( 'NONE',  ( 1.125000000000000666, 0.000000000000000000, 1.600000000000001421 ) ) ;
#1412 = EDGE_CURVE ( 'NONE', #6845, #5302, #5307, .T. ) ;
#1413 = VERTEX_POINT ( 'NONE', #1781 ) ;
#1414 = LINE ( 'NONE', #5126, #4915 ) ;
#1415 = CARTESIAN_POINT ( 'NONE',  ( -1.599999999999998979, 0.2030000000000000970, -1.999999999999999556 ) ) ;
#1416 = DIRECTION ( 'NONE',  ( -1.000000000000000000, 0.000000000000000000, -0.000000000000000000 ) ) ;
#1417 = EDGE_CURVE ( 'NONE', #9615, #9048, #5394, .T. ) ;
#1418 = CARTESIAN_POINT ( 'NONE',  ( -1.250000000000000000, 0.2030000000000000693, -1.250000000000000222 ) ) ;
#1419 = LINE ( 'NONE', #10407, #1292 ) ;
#1420 = ORIENTED_EDGE ( 'NONE', *, *, #4553, .F. ) ;
#1421 = DIRECTION ( 'NONE',  ( 0.000000000000000000, 0.000000000000000000, -1.000000000000000000 ) ) ;
#1422 = SURFACE_STYLE_USAGE ( .BOTH. , #592 ) ;
#1423 = VECTOR ( 'NONE', #6891, 1000.000000000000000 ) ;
#1424 = LINE ( 'NONE', #3289, #8574 ) ;
#1425 = ADVANCED_FACE ( 'NONE', ( #5329 ), #7347, .F. ) ;
#1426 = ADVANCED_FACE ( 'NONE', ( #8870 ), #8904, .F. ) ;
#1427 = DIRECTION ( 'NONE',  ( 3.785471652766324377E-30, 1.000000000000000000, 3.614007241618349757E-16 ) ) ;
#1428 = EDGE_LOOP ( 'NONE', ( #5499, #978, #7901, #7977 ) ) ;
#1429 = LINE ( 'NONE', #10383, #8533 ) ;
#1430 = FACE_OUTER_BOUND ( 'NONE', #186, .T. ) ;
#1431 = ORIENTED_EDGE ( 'NONE', *, *, #7411, .T. ) ;
#1432 = EDGE_CURVE ( 'NONE', #1725, #2463, #8788, .T. ) ;
#1433 = DIRECTION ( 'NONE',  ( 0.000000000000000000, 0.000000000000000000, -1.000000000000000000 ) ) ;
#1434 = LINE ( 'NONE', #8496, #1371 ) ;
#1435 = EDGE_CURVE ( 'NONE', #5878, #3374, #1890, .T. ) ;
#1436 = CIRCLE ( 'NONE', #6119, 0.1000000000000000472 ) ;
#1437 = DIRECTION ( 'NONE',  ( -1.047444401652940007E-14, -3.614007241618349264E-16, -1.000000000000000000 ) ) ;
#1438 = CARTESIAN_POINT ( 'NONE',  ( 1.149999999999999911, 0.000000000000000000, -1.149999999999999689 ) ) ;
#1439 = CARTESIAN_POINT ( 'NONE',  ( 1.125000000000000666, 0.2030000000000000970, 2.000000000000000888 ) ) ;
#1440 = CARTESIAN_POINT ( 'NONE',  ( -1.499999999999999112, 0.6999999999999999556, -1.500000000000000666 ) ) ;
#1441 = DIRECTION ( 'NONE',  ( 0.000000000000000000, -1.000000000000000000, 0.000000000000000000 ) ) ;
#1442 = PLANE ( 'NONE',  #3356 ) ;
#1443 = CARTESIAN_POINT ( 'NONE',  ( 0.8750000000000001110, 0.6746990566028302494, -1.600000000000000977 ) ) ;
#1444 = VERTEX_POINT ( 'NONE', #60 ) ;
#1445 = CARTESIAN_POINT ( 'NONE',  ( 0.3750000000000005551, 0.04999999999999969746, 2.000000000000000888 ) ) ;
#1446 = VECTOR ( 'NONE', #7041, 1000.000000000000000 ) ;
#1447 = EDGE_CURVE ( 'NONE', #1476, #5878, #8902, .T. ) ;
#1448 = VECTOR ( 'NONE', #8708, 1000.000000000000000 ) ;
#1449 = ORIENTED_EDGE ( 'NONE', *, *, #5974, .F. ) ;
#1450 = MANIFOLD_SOLID_BREP ( 'Boss-Extrude2[2]', #7963 ) ;
#1451 = DIRECTION ( 'NONE',  ( 0.000000000000000000, 0.000000000000000000, 1.000000000000000000 ) ) ;
#1452 = VECTOR ( 'NONE', #6124, 1000.000000000000000 ) ;
#1453 = LINE ( 'NONE', #5753, #1620 ) ;
#1454 = DIRECTION ( 'NONE',  ( 0.000000000000000000, 0.000000000000000000, -1.000000000000000000 ) ) ;
#1455 = DIRECTION ( 'NONE',  ( 1.000000000000000000, 0.000000000000000000, 0.000000000000000000 ) ) ;
#1456 = CARTESIAN_POINT ( 'NONE',  ( 1.599999999999999201, 0.2030000000000000138, 0.6250000000000001110 ) ) ;
#1457 = PLANE ( 'NONE',  #9504 ) ;
#1458 = CARTESIAN_POINT ( 'NONE',  ( 1.599999999999999201, 0.000000000000000000, 0.1250000000000001110 ) ) ;
#1459 = AXIS2_PLACEMENT_3D ( 'NONE', #1765, #8465, #2787 ) ;
#1460 = AXIS2_PLACEMENT_3D ( 'NONE', #6996, #8651, #9298 ) ;
#1461 = ORIENTED_EDGE ( 'NONE', *, *, #3922, .F. ) ;
#1462 = LINE ( 'NONE', #9334, #4886 ) ;
#1463 = EDGE_CURVE ( 'NONE', #4473, #5257, #9054, .T. ) ;
#1464 =( NAMED_UNIT ( * ) PLANE_ANGLE_UNIT ( ) SI_UNIT ( $, .RADIAN. ) );
#1465 = LINE ( 'NONE', #10130, #4849 ) ;
#1466 = ORIENTED_EDGE ( 'NONE', *, *, #9500, .T. ) ;
#1467 = PLANE ( 'NONE',  #155 ) ;
#1468 = CARTESIAN_POINT ( 'NONE',  ( -1.899999999999982592, 0.2030000000000000970, 1.600000000000018963 ) ) ;
#1469 = DIRECTION ( 'NONE',  ( -0.000000000000000000, 1.000000000000000000, -0.000000000000000000 ) ) ;
#1470 = DIRECTION ( 'NONE',  ( -1.000000000000000000, 0.000000000000000000, 0.000000000000000000 ) ) ;
#1471 = CARTESIAN_POINT ( 'NONE',  ( 1.999999999999999112, 0.2030000000000000970, 0.8750000000000001110 ) ) ;
#1472 = FACE_OUTER_BOUND ( 'NONE', #6540, .T. ) ;
#1473 = VECTOR ( 'NONE', #3549, 1000.000000000000000 ) ;
#1474 = SHAPE_DEFINITION_REPRESENTATION ( #6386, #8160 ) ;
#1475 = DIRECTION ( 'NONE',  ( -1.000000000000000000, 0.000000000000000000, 0.000000000000000000 ) ) ;
#1476 = VERTEX_POINT ( 'NONE', #3346 ) ;
#1477 = LINE ( 'NONE', #2507, #4811 ) ;
#1478 = AXIS2_PLACEMENT_3D ( 'NONE', #7154, #3973, #867 ) ;
#1479 = CARTESIAN_POINT ( 'NONE',  ( 0.3750000000000001110, 0.2030000000000000138, -1.600000000000000977 ) ) ;
#1480 = AXIS2_PLACEMENT_3D ( 'NONE', #2814, #5106, #8487 ) ;
#1481 = DIRECTION ( 'NONE',  ( -5.421010862427524142E-16, 0.000000000000000000, 1.000000000000000000 ) ) ;
#1482 = ORIENTED_EDGE ( 'NONE', *, *, #1015, .F. ) ;
#1483 = EDGE_CURVE ( 'NONE', #6958, #8944, #5530, .T. ) ;
#1484 = ADVANCED_FACE ( 'NONE', ( #8767 ), #916, .F. ) ;
#1485 = CARTESIAN_POINT ( 'NONE',  ( 0.000000000000000000, 0.000000000000000000, 0.000000000000000000 ) ) ;
#1486 = PRODUCT_RELATED_PRODUCT_CATEGORY ( 'part', '', ( #307 ) ) ;
#1487 = CARTESIAN_POINT ( 'NONE',  ( -1.599999999999998979, 0.2030000000000000970, -0.1249999999999998890 ) ) ;
#1488 = VECTOR ( 'NONE', #1012, 1000.000000000000000 ) ;
#1489 = FILL_AREA_STYLE ('',( #3903 ) ) ;
#1490 = LINE ( 'NONE', #6735, #5056 ) ;
#1491 = DIRECTION ( 'NONE',  ( 1.000000000000000000, -0.000000000000000000, 5.421010862427524142E-16 ) ) ;
#1492 = CARTESIAN_POINT ( 'NONE',  ( -1.599999999999999867, 0.05000000000000000278, 1.387778780781445873E-15 ) ) ;
#1493 = CLOSED_SHELL ( 'NONE', ( #1830, #7922, #8305, #8626, #7342, #4230 ) ) ;
#1494 = VECTOR ( 'NONE', #5861, 1000.000000000000000 ) ;
#1495 = VECTOR ( 'NONE', #258, 1000.000000000000000 ) ;
#1496 = AXIS2_PLACEMENT_3D ( 'NONE', #7964, #8742, #6417 ) ;
#1497 = ORIENTED_EDGE ( 'NONE', *, *, #835, .T. ) ;
#1498 = DIRECTION ( 'NONE',  ( 0.000000000000000000, 0.000000000000000000, 1.000000000000000000 ) ) ;
#1499 = EDGE_CURVE ( 'NONE', #10398, #3794, #1756, .T. ) ;
#1500 = CIRCLE ( 'NONE', #2986, 0.1666666666666667407 ) ;
#1501 = LINE ( 'NONE', #5042, #8493 ) ;
#1502 = DIRECTION ( 'NONE',  ( -0.000000000000000000, 0.000000000000000000, 1.000000000000000000 ) ) ;
#1503 = ADVANCED_FACE ( 'NONE', ( #8818 ), #6729, .T. ) ;
#1504 = ADVANCED_FACE ( 'NONE', ( #5293 ), #9510, .F. ) ;
#1505 = DIRECTION ( 'NONE',  ( -0.000000000000000000, -1.000000000000000000, -0.000000000000000000 ) ) ;
#1506 = DIRECTION ( 'NONE',  ( -1.000000000000000000, 0.000000000000000000, 0.000000000000000000 ) ) ;
#1507 = DIRECTION ( 'NONE',  ( 1.000000000000000000, 0.000000000000000000, -0.000000000000000000 ) ) ;
#1508 = DIRECTION ( 'NONE',  ( 0.000000000000000000, -1.000000000000000000, 0.000000000000000000 ) ) ;
#1509 = CARTESIAN_POINT ( 'NONE',  ( 1.999999999999999112, 0.2030000000000000138, -0.6249999999999998890 ) ) ;
#1510 = DIRECTION ( 'NONE',  ( -0.000000000000000000, 0.000000000000000000, -1.000000000000000000 ) ) ;
#1511 = ORIENTED_EDGE ( 'NONE', *, *, #8639, .T. ) ;
#1512 = DIRECTION ( 'NONE',  ( 0.000000000000000000, -0.000000000000000000, 1.000000000000000000 ) ) ;
#1513 = VECTOR ( 'NONE', #7474, 1000.000000000000000 ) ;
#1514 = CARTESIAN_POINT ( 'NONE',  ( 2.000000000000000888, 0.05000000000000000278, -2.000000000000000888 ) ) ;
#1515 = CARTESIAN_POINT ( 'NONE',  ( -1.599999999999999201, 0.6746990566028303604, 0.6250000000000001110 ) ) ;
#1516 = UNCERTAINTY_MEASURE_WITH_UNIT (LENGTH_MEASURE( 1.000000000000000082E-05 ), #6708, 'distance_accuracy_value', 'NONE');
#1517 = CLOSED_SHELL ( 'NONE', ( #6895, #1729, #2642, #5857, #9916, #5287 ) ) ;
#1518 = EDGE_CURVE ( 'NONE', #8388, #4193, #8805, .T. ) ;
#1519 =( GEOMETRIC_REPRESENTATION_CONTEXT ( 3 ) GLOBAL_UNCERTAINTY_ASSIGNED_CONTEXT ( ( #6669 ) ) GLOBAL_UNIT_ASSIGNED_CONTEXT ( ( #5429, #866, #5562 ) ) REPRESENTATION_CONTEXT ( 'NONE', 'WORKASPACE' ) );
#1520 = LINE ( 'NONE', #9849, #5004 ) ;
#1521 = LINE ( 'NONE', #3468, #5421 ) ;
#1522 = VECTOR ( 'NONE', #1858, 1000.000000000000000 ) ;
#1523 = EDGE_CURVE ( 'NONE', #1977, #7096, #5279, .T. ) ;
#1524 = DIRECTION ( 'NONE',  ( 0.000000000000000000, -1.000000000000000000, 0.000000000000000000 ) ) ;
#1525 = CARTESIAN_POINT ( 'NONE',  ( 0.1250000000000001110, 0.04999999999999999584, -1.600000000000000977 ) ) ;
#1526 = DIRECTION ( 'NONE',  ( 0.000000000000000000, -1.000000000000000000, 0.000000000000000000 ) ) ;
#1527 = PLANE ( 'NONE',  #457 ) ;
#1528 = ADVANCED_FACE ( 'NONE', ( #5634 ), #5958, .F. ) ;
#1529 = EDGE_LOOP ( 'NONE', ( #2433, #255, #3382, #4097 ) ) ;
#1530 = LINE ( 'NONE', #10187, #1399 ) ;
#1531 = CARTESIAN_POINT ( 'NONE',  ( 0.3750000000000001110, 0.2030000000000000138, -1.600000000000000977 ) ) ;
#1532 = SURFACE_SIDE_STYLE ('',( #2131 ) ) ;
#1533 = ORIENTED_EDGE ( 'NONE', *, *, #7754, .T. ) ;
#1534 = CARTESIAN_POINT ( 'NONE',  ( -1.499999999999999112, 0.6999999999999999556, -1.333333333333333925 ) ) ;
#1535 = DIRECTION ( 'NONE',  ( -0.000000000000000000, -1.000000000000000000, -0.000000000000000000 ) ) ;
#1536 = CARTESIAN_POINT ( 'NONE',  ( -0.1249999999999998890, 0.6746990566028302494, -2.000000000000000888 ) ) ;
#1537 = PLANE ( 'NONE',  #6361 ) ;
#1538 = DIRECTION ( 'NONE',  ( -0.000000000000000000, -1.000000000000000000, -0.000000000000000000 ) ) ;
#1539 = EDGE_CURVE ( 'NONE', #4874, #3697, #5754, .T. ) ;
#1540 = LINE ( 'NONE', #7674, #1336 ) ;
#1541 = VECTOR ( 'NONE', #3533, 1000.000000000000000 ) ;
#1542 = LINE ( 'NONE', #10415, #4924 ) ;
#1543 = EDGE_CURVE ( 'NONE', #10151, #9734, #5768, .T. ) ;
#1544 = CARTESIAN_POINT ( 'NONE',  ( 1.375000000000000222, 0.6746990566028302494, -1.600000000000000977 ) ) ;
#1545 = EDGE_LOOP ( 'NONE', ( #3646, #6941, #9763, #7531 ) ) ;
#1546 = EDGE_LOOP ( 'NONE', ( #8855, #1924, #3438, #2993 ) ) ;
#1547 = EDGE_CURVE ( 'NONE', #5713, #3560, #2264, .T. ) ;
#1548 = FACE_OUTER_BOUND ( 'NONE', #1565, .T. ) ;
#1549 = CARTESIAN_POINT ( 'NONE',  ( -1.374999999999999556, 0.2030000000000000138, 1.600000000000001421 ) ) ;
#1550 = CARTESIAN_POINT ( 'NONE',  ( -0.3749999999999994449, 0.2030000000000000970, 2.000000000000000888 ) ) ;
#1551 = EDGE_CURVE ( 'NONE', #3182, #698, #9122, .T. ) ;
#1552 = ORIENTED_EDGE ( 'NONE', *, *, #4287, .F. ) ;
#1553 = EDGE_CURVE ( 'NONE', #5205, #8017, #2423, .T. ) ;
#1554 = DIRECTION ( 'NONE',  ( -0.000000000000000000, 0.000000000000000000, -1.000000000000000000 ) ) ;
#1555 = LINE ( 'NONE', #8396, #1819 ) ;
#1556 = DIRECTION ( 'NONE',  ( 3.614007241618349264E-16, 1.000000000000000000, -0.000000000000000000 ) ) ;
#1557 = FACE_OUTER_BOUND ( 'NONE', #7012, .T. ) ;
#1558 = CARTESIAN_POINT ( 'NONE',  ( 1.125000000000000222, 0.000000000000000000, -1.600000000000000977 ) ) ;
#1559 = CARTESIAN_POINT ( 'NONE',  ( -0.6249999999999998890, 0.2030000000000000138, -1.600000000000000977 ) ) ;
#1560 = EDGE_CURVE ( 'NONE', #608, #5504, #9308, .T. ) ;
#1561 = ORIENTED_EDGE ( 'NONE', *, *, #787, .T. ) ;
#1562 = EDGE_LOOP ( 'NONE', ( #8832, #8121, #5356, #5289 ) ) ;
#1563 = FACE_OUTER_BOUND ( 'NONE', #173, .T. ) ;
#1564 = EDGE_CURVE ( 'NONE', #3063, #4296, #2252, .T. ) ;
#1565 = EDGE_LOOP ( 'NONE', ( #5981, #5444, #5648, #304 ) ) ;
#1566 = ADVANCED_FACE ( 'NONE', ( #2286 ), #6877, .F. ) ;
#1567 = DIRECTION ( 'NONE',  ( 0.000000000000000000, 0.000000000000000000, -1.000000000000000000 ) ) ;
#1568 =( GEOMETRIC_REPRESENTATION_CONTEXT ( 3 ) GLOBAL_UNCERTAINTY_ASSIGNED_CONTEXT ( ( #732 ) ) GLOBAL_UNIT_ASSIGNED_CONTEXT ( ( #5619, #409, #7068 ) ) REPRESENTATION_CONTEXT ( 'NONE', 'WORKASPACE' ) );
#1569 = CARTESIAN_POINT ( 'NONE',  ( -1.599999999999998979, 0.1230000000000000954, 1.999999999999999556 ) ) ;
#1570 = FACE_OUTER_BOUND ( 'NONE', #1881, .T. ) ;
#1571 = LINE ( 'NONE', #183, #8910 ) ;
#1572 = PLANE ( 'NONE',  #3861 ) ;
#1573 = EDGE_CURVE ( 'NONE', #3403, #2239, #2094, .T. ) ;
#1574 = LINE ( 'NONE', #8653, #5089 ) ;
#1575 = CARTESIAN_POINT ( 'NONE',  ( 1.999999999999999112, 0.2030000000000000138, -0.1249999999999998890 ) ) ;
#1576 = CARTESIAN_POINT ( 'NONE',  ( -1.599999999999998979, 0.2030000000000000970, -0.6249999999999998890 ) ) ;
#1577 = CLOSED_SHELL ( 'NONE', ( #8789, #4139, #10198, #2062, #9269, #6945 ) ) ;
#1578 = DIRECTION ( 'NONE',  ( 0.000000000000000000, -1.000000000000000000, 0.000000000000000000 ) ) ;
#1579 = ORIENTED_EDGE ( 'NONE', *, *, #7370, .F. ) ;
#1580 = DIRECTION ( 'NONE',  ( 0.000000000000000000, 1.000000000000000000, 0.000000000000000000 ) ) ;
#1581 = VECTOR ( 'NONE', #3708, 1000.000000000000000 ) ;
#1582 = ORIENTED_EDGE ( 'NONE', *, *, #811, .F. ) ;
#1583 = AXIS2_PLACEMENT_3D ( 'NONE', #9680, #9067, #10510 ) ;
#1584 = CARTESIAN_POINT ( 'NONE',  ( -1.900000000000017897, 0.2030000000000000693, -1.749999999999978906 ) ) ;
#1585 = AXIS2_PLACEMENT_3D ( 'NONE', #4121, #9115, #148 ) ;
#1586 = FACE_OUTER_BOUND ( 'NONE', #10016, .T. ) ;
#1587 = CARTESIAN_POINT ( 'NONE',  ( -0.8749999999999998890, 0.2030000000000000138, -1.600000000000000977 ) ) ;
#1588 = EDGE_CURVE ( 'NONE', #6896, #9046, #2221, .T. ) ;
#1589 = DIRECTION ( 'NONE',  ( -0.000000000000000000, -0.000000000000000000, 1.000000000000000000 ) ) ;
#1590 = CARTESIAN_POINT ( 'NONE',  ( 1.749999999999998890, 0.2030000000000000693, 1.729999999999999538 ) ) ;
#1591 = DIRECTION ( 'NONE',  ( 1.047444401652940007E-14, 0.000000000000000000, 1.000000000000000000 ) ) ;
#1592 = ORIENTED_EDGE ( 'NONE', *, *, #6234, .F. ) ;
#1593 = ORIENTED_EDGE ( 'NONE', *, *, #2623, .F. ) ;
#1594 = FACE_OUTER_BOUND ( 'NONE', #4423, .T. ) ;
#1595 = PLANE ( 'NONE',  #3608 ) ;
#1596 = CARTESIAN_POINT ( 'NONE',  ( 0.1250000000000005551, 0.04999999999999969746, 2.000000000000000888 ) ) ;
#1597 = ORIENTED_EDGE ( 'NONE', *, *, #1588, .T. ) ;
#1598 = CARTESIAN_POINT ( 'NONE',  ( -1.599999999999998979, 0.6746990566028303604, -0.1249999999999998890 ) ) ;
#1599 = DIRECTION ( 'NONE',  ( 0.000000000000000000, 0.000000000000000000, -1.000000000000000000 ) ) ;
#1600 = DIRECTION ( 'NONE',  ( -0.000000000000000000, 0.000000000000000000, -1.000000000000000000 ) ) ;
#1601 = DIRECTION ( 'NONE',  ( -0.000000000000000000, -1.000000000000000000, 0.000000000000000000 ) ) ;
#1602 = PLANE ( 'NONE',  #4614 ) ;
#1603 = LINE ( 'NONE', #4907, #1353 ) ;
#1604 = LINE ( 'NONE', #8347, #5088 ) ;
#1605 = VECTOR ( 'NONE', #8778, 1000.000000000000000 ) ;
#1606 = MECHANICAL_DESIGN_GEOMETRIC_PRESENTATION_REPRESENTATION (  '', ( #2728 ), #8942 ) ;
#1607 = SURFACE_SIDE_STYLE ('',( #5039 ) ) ;
#1608 = EDGE_CURVE ( 'NONE', #3466, #9389, #9173, .T. ) ;
#1609 = ORIENTED_EDGE ( 'NONE', *, *, #6156, .T. ) ;
#1610 = ADVANCED_FACE ( 'NONE', ( #9279 ), #9309, .F. ) ;
#1611 = ORIENTED_EDGE ( 'NONE', *, *, #6721, .T. ) ;
#1612 = AXIS2_PLACEMENT_3D ( 'NONE', #256, #5790, #6628 ) ;
#1613 = LINE ( 'NONE', #5458, #8922 ) ;
#1614 = VERTEX_POINT ( 'NONE', #2056 ) ;
#1615 = DIRECTION ( 'NONE',  ( -1.000000000000000000, 0.000000000000000000, 0.000000000000000000 ) ) ;
#1616 = CARTESIAN_POINT ( 'NONE',  ( -2.000000000000016431, 0.1230000000000000954, -1.599999999999977884 ) ) ;
#1617 = CARTESIAN_POINT ( 'NONE',  ( 1.999999999999999112, 0.6746990566028303604, -0.8749999999999996669 ) ) ;
#1618 = FACE_OUTER_BOUND ( 'NONE', #6481, .T. ) ;
#1619 = LINE ( 'NONE', #3588, #8994 ) ;
#1620 = VECTOR ( 'NONE', #4985, 1000.000000000000000 ) ;
#1621 = DIRECTION ( 'NONE',  ( -1.000000000000000000, 0.000000000000000000, 0.000000000000000000 ) ) ;
#1622 = PLANE ( 'NONE',  #4619 ) ;
#1623 = PRESENTATION_LAYER_ASSIGNMENT (  '', '', ( #9069 ) ) ;
#1624 = VERTEX_POINT ( 'NONE', #5292 ) ;
#1625 = AXIS2_PLACEMENT_3D ( 'NONE', #3723, #8581, #5533 ) ;
#1626 = ORIENTED_EDGE ( 'NONE', *, *, #9111, .F. ) ;
#1627 = VECTOR ( 'NONE', #9710, 1000.000000000000000 ) ;
#1628 = EDGE_CURVE ( 'NONE', #543, #5826, #9294, .T. ) ;
#1629 = CARTESIAN_POINT ( 'NONE',  ( -1.899999999999982814, 0.1230000000000000954, 1.600000000000018963 ) ) ;
#1630 = VERTEX_POINT ( 'NONE', #513 ) ;
#1631 = DIRECTION ( 'NONE',  ( -5.421010862427524142E-16, 0.000000000000000000, 1.000000000000000000 ) ) ;
#1632 = FILL_AREA_STYLE ('',( #4222 ) ) ;
#1633 = LINE ( 'NONE', #4495, #1221 ) ;
#1634 = VECTOR ( 'NONE', #7542, 1000.000000000000000 ) ;
#1635 = DIRECTION ( 'NONE',  ( 5.421010862427524142E-16, -0.000000000000000000, 1.000000000000000000 ) ) ;
#1636 = VECTOR ( 'NONE', #144, 1000.000000000000000 ) ;
#1637 = CARTESIAN_POINT ( 'NONE',  ( 0.6250000000000001110, 0.2030000000000000138, -1.600000000000000977 ) ) ;
#1638 = UNCERTAINTY_MEASURE_WITH_UNIT (LENGTH_MEASURE( 1.000000000000000082E-05 ), #3867, 'distance_accuracy_value', 'NONE');
#1639 = CARTESIAN_POINT ( 'NONE',  ( -1.999999999999999112, 0.6746990566028303604, 1.125000000000000444 ) ) ;
#1640 = DIRECTION ( 'NONE',  ( 0.000000000000000000, -1.000000000000000000, -0.000000000000000000 ) ) ;
#1641 = CARTESIAN_POINT ( 'NONE',  ( 0.000000000000000000, 0.05000000000000000278, 1.600000000000001421 ) ) ;
#1642 = VERTEX_POINT ( 'NONE', #10232 ) ;
#1643 = EDGE_CURVE ( 'NONE', #3668, #7719, #5783, .T. ) ;
#1644 = CARTESIAN_POINT ( 'NONE',  ( 1.599999999999998979, 0.000000000000000000, 1.375000000000000222 ) ) ;
#1645 = CARTESIAN_POINT ( 'NONE',  ( -1.899999999999982592, 0.2030000000000000970, 1.600000000000018963 ) ) ;
#1646 = ORIENTED_EDGE ( 'NONE', *, *, #5601, .F. ) ;
#1647 = DIRECTION ( 'NONE',  ( -1.000000000000000000, 0.000000000000000000, 0.000000000000000000 ) ) ;
#1648 = FACE_OUTER_BOUND ( 'NONE', #9889, .T. ) ;
#1649 = CARTESIAN_POINT ( 'NONE',  ( -1.250000000000000000, 3.738533905932738044, -1.250000000000000222 ) ) ;
#1650 = DIRECTION ( 'NONE',  ( 8.673617379884037444E-16, 0.000000000000000000, 1.000000000000000000 ) ) ;
#1651 = EDGE_CURVE ( 'NONE', #846, #8730, #2134, .T. ) ;
#1652 = ORIENTED_EDGE ( 'NONE', *, *, #3408, .F. ) ;
#1653 = ADVANCED_FACE ( 'NONE', ( #2319 ), #8666, .F. ) ;
#1654 = PLANE ( 'NONE',  #9383 ) ;
#1655 = LINE ( 'NONE', #6573, #8617 ) ;
#1656 = DIRECTION ( 'NONE',  ( -1.000000000000000000, 0.000000000000000000, 5.421010862427523156E-16 ) ) ;
#1657 = VECTOR ( 'NONE', #7767, 1000.000000000000000 ) ;
#1658 = CARTESIAN_POINT ( 'NONE',  ( -1.999999999999999112, 0.2030000000000000970, 1.375000000000000222 ) ) ;
#1659 = VERTEX_POINT ( 'NONE', #3894 ) ;
#1660 = ORIENTED_EDGE ( 'NONE', *, *, #1679, .F. ) ;
#1661 = LINE ( 'NONE', #6567, #1935 ) ;
#1662 = CARTESIAN_POINT ( 'NONE',  ( 1.375000000000000222, 0.2030000000000000138, -1.600000000000000977 ) ) ;
#1663 = VERTEX_POINT ( 'NONE', #797 ) ;
#1664 = CARTESIAN_POINT ( 'NONE',  ( 1.250000000000000000, 0.000000000000000000, -1.249999999999999778 ) ) ;
#1665 = CARTESIAN_POINT ( 'NONE',  ( 1.599999999999998979, 0.1230000000000000954, 1.899999999999999467 ) ) ;
#1666 = CARTESIAN_POINT ( 'NONE',  ( 1.599999999999998979, 0.2030000000000000138, -0.1249999999999998890 ) ) ;
#1667 = EDGE_CURVE ( 'NONE', #3985, #6392, #5688, .T. ) ;
#1668 = FACE_OUTER_BOUND ( 'NONE', #2247, .T. ) ;
#1669 = FILL_AREA_STYLE ('',( #6598 ) ) ;
#1670 = EDGE_CURVE ( 'NONE', #8786, #1936, #2387, .T. ) ;
#1671 = ADVANCED_FACE ( 'NONE', ( #9353 ), #2451, .F. ) ;
#1672 =( GEOMETRIC_REPRESENTATION_CONTEXT ( 3 ) GLOBAL_UNCERTAINTY_ASSIGNED_CONTEXT ( ( #1390 ) ) GLOBAL_UNIT_ASSIGNED_CONTEXT ( ( #4541, #8673, #10367 ) ) REPRESENTATION_CONTEXT ( 'NONE', 'WORKASPACE' ) );
#1673 = EDGE_CURVE ( 'NONE', #3581, #7210, #2153, .T. ) ;
#1674 = LINE ( 'NONE', #3648, #8808 ) ;
#1675 = DIRECTION ( 'NONE',  ( -0.000000000000000000, -1.000000000000000000, -0.000000000000000000 ) ) ;
#1676 = ORIENTED_EDGE ( 'NONE', *, *, #7859, .T. ) ;
#1677 = ORIENTED_EDGE ( 'NONE', *, *, #4190, .F. ) ;
#1678 = FACE_OUTER_BOUND ( 'NONE', #149, .T. ) ;
#1679 = EDGE_CURVE ( 'NONE', #10123, #1684, #5600, .T. ) ;
#1680 = DIRECTION ( 'NONE',  ( 1.000000000000000000, 0.000000000000000000, 0.000000000000000000 ) ) ;
#1681 = AXIS2_PLACEMENT_3D ( 'NONE', #7687, #5009, #1030 ) ;
#1682 = DIRECTION ( 'NONE',  ( -1.000000000000000000, 0.000000000000000000, 1.047444401652940007E-14 ) ) ;
#1683 = CARTESIAN_POINT ( 'NONE',  ( 0.8750000000000005551, 0.2030000000000000138, 1.600000000000001421 ) ) ;
#1684 = VERTEX_POINT ( 'NONE', #1550 ) ;
#1685 =( GEOMETRIC_REPRESENTATION_CONTEXT ( 3 ) GLOBAL_UNCERTAINTY_ASSIGNED_CONTEXT ( ( #8018 ) ) GLOBAL_UNIT_ASSIGNED_CONTEXT ( ( #2301, #4792, #8782 ) ) REPRESENTATION_CONTEXT ( 'NONE', 'WORKASPACE' ) );
#1686 = DIRECTION ( 'NONE',  ( -0.000000000000000000, -1.000000000000000000, -0.000000000000000000 ) ) ;
#1687 = VECTOR ( 'NONE', #3871, 1000.000000000000000 ) ;
#1688 = CARTESIAN_POINT ( 'NONE',  ( -1.375000000000000000, 0.2030000000000000138, -1.600000000000000977 ) ) ;
#1689 = CARTESIAN_POINT ( 'NONE',  ( -1.599999999999998979, 0.2030000000000000970, 1.999999999999999556 ) ) ;
#1690 = VECTOR ( 'NONE', #9470, 1000.000000000000000 ) ;
#1691 = CARTESIAN_POINT ( 'NONE',  ( -0.1249999999999998890, 0.000000000000000000, -2.000000000000000888 ) ) ;
#1692 = VECTOR ( 'NONE', #5649, 1000.000000000000000 ) ;
#1693 = EDGE_LOOP ( 'NONE', ( #7657, #3977 ) ) ;
#1694 = AXIS2_PLACEMENT_3D ( 'NONE', #1440, #2206, #6278 ) ;
#1695 = ADVANCED_FACE ( 'NONE', ( #9226 ), #5563, .F. ) ;
#1696 = MECHANICAL_DESIGN_GEOMETRIC_PRESENTATION_REPRESENTATION (  '', ( #8440 ), #1685 ) ;
#1697 = ORIENTED_EDGE ( 'NONE', *, *, #5115, .F. ) ;
#1698 = FACE_OUTER_BOUND ( 'NONE', #694, .T. ) ;
#1699 = EDGE_CURVE ( 'NONE', #5844, #9123, #5849, .T. ) ;
#1700 = EDGE_LOOP ( 'NONE', ( #837, #2306, #6287, #3260 ) ) ;
#1701 = DIRECTION ( 'NONE',  ( 0.000000000000000000, 3.614007241618349757E-16, 1.000000000000000000 ) ) ;
#1702 = VECTOR ( 'NONE', #6629, 1000.000000000000000 ) ;
#1703 = ORIENTED_EDGE ( 'NONE', *, *, #889, .T. ) ;
#1704 = DIRECTION ( 'NONE',  ( -1.000000000000000000, 0.000000000000000000, 1.047444401652940007E-14 ) ) ;
#1705 = DIRECTION ( 'NONE',  ( 1.000000000000000000, 0.000000000000000000, 0.000000000000000000 ) ) ;
#1706 = CARTESIAN_POINT ( 'NONE',  ( 1.900000000000005684, 0.2030000000000000693, 1.749999999999992228 ) ) ;
#1707 = LINE ( 'NONE', #4288, #1692 ) ;
#1708 = CARTESIAN_POINT ( 'NONE',  ( -0.1249999999999994588, 0.05000000000000000278, 0.000000000000000000 ) ) ;
#1709 = DIRECTION ( 'NONE',  ( 1.000000000000000000, 3.614007241618349264E-16, 0.000000000000000000 ) ) ;
#1710 = SURFACE_SIDE_STYLE ('',( #5446 ) ) ;
#1711 = VERTEX_POINT ( 'NONE', #2377 ) ;
#1712 = CARTESIAN_POINT ( 'NONE',  ( -1.599999999999998979, 0.2030000000000000970, -1.125000000000000000 ) ) ;
#1713 = DIRECTION ( 'NONE',  ( 0.000000000000000000, -0.000000000000000000, -1.000000000000000000 ) ) ;
#1714 = EDGE_LOOP ( 'NONE', ( #7166, #6909, #8196, #428 ) ) ;
#1715 = PLANE ( 'NONE',  #10423 ) ;
#1716 = AXIS2_PLACEMENT_3D ( 'NONE', #1138, #9727, #7575 ) ;
#1717 = ORIENTED_EDGE ( 'NONE', *, *, #4793, .T. ) ;
#1718 = FACE_BOUND ( 'NONE', #10395, .T. ) ;
#1719 = ORIENTED_EDGE ( 'NONE', *, *, #9590, .F. ) ;
#1720 = DIRECTION ( 'NONE',  ( 1.000000000000000000, 0.000000000000000000, -0.000000000000000000 ) ) ;
#1721 = LINE ( 'NONE', #7684, #1776 ) ;
#1722 = PLANE ( 'NONE',  #2541 ) ;
#1723 = DIRECTION ( 'NONE',  ( 1.000000000000000000, -0.000000000000000000, -1.084202172485504434E-16 ) ) ;
#1724 = ORIENTED_EDGE ( 'NONE', *, *, #8118, .F. ) ;
#1725 = VERTEX_POINT ( 'NONE', #8153 ) ;
#1726 = DIRECTION ( 'NONE',  ( 0.000000000000000000, 3.614007241618349757E-16, 1.000000000000000000 ) ) ;
#1727 = STYLED_ITEM ( 'NONE', ( #6755 ), #2529 ) ;
#1728 = ORIENTED_EDGE ( 'NONE', *, *, #6566, .F. ) ;
#1729 = ADVANCED_FACE ( 'NONE', ( #5670 ), #5633, .F. ) ;
#1730 = CARTESIAN_POINT ( 'NONE',  ( 1.599999999999998979, 0.6746990566028303604, 1.375000000000000222 ) ) ;
#1731 = FACE_BOUND ( 'NONE', #10474, .T. ) ;
#1732 = EDGE_CURVE ( 'NONE', #1190, #1272, #5650, .T. ) ;
#1733 =( NAMED_UNIT ( * ) SI_UNIT ( $, .STERADIAN. ) SOLID_ANGLE_UNIT ( ) );
#1734 = VERTEX_POINT ( 'NONE', #8858 ) ;
#1735 = LINE ( 'NONE', #7536, #8909 ) ;
#1736 = SURFACE_STYLE_USAGE ( .BOTH. , #9435 ) ;
#1737 = ORIENTED_EDGE ( 'NONE', *, *, #8759, .T. ) ;
#1738 = EDGE_LOOP ( 'NONE', ( #6546, #5158, #7264, #10143 ) ) ;
#1739 = DIRECTION ( 'NONE',  ( -0.000000000000000000, -1.000000000000000000, -0.000000000000000000 ) ) ;
#1740 = VERTEX_POINT ( 'NONE', #4051 ) ;
#1741 = DIRECTION ( 'NONE',  ( 0.000000000000000000, -0.000000000000000000, -1.000000000000000000 ) ) ;
#1742 = AXIS2_PLACEMENT_3D ( 'NONE', #1260, #7480, #8405 ) ;
#1743 = VECTOR ( 'NONE', #10004, 1000.000000000000000 ) ;
#1744 = FILL_AREA_STYLE_COLOUR ( '', #6340 ) ;
#1745 = AXIS2_PLACEMENT_3D ( 'NONE', #4572, #9414, #7981 ) ;
#1746 = ORIENTED_EDGE ( 'NONE', *, *, #2117, .F. ) ;
#1747 = ADVANCED_FACE ( 'NONE', ( #2189 ), #9350, .T. ) ;
#1748 = CARTESIAN_POINT ( 'NONE',  ( -1.599999999999998979, 0.6746990566028303604, 1.375000000000000222 ) ) ;
#1749 = LINE ( 'NONE', #5259, #8727 ) ;
#1750 = VERTEX_POINT ( 'NONE', #9483 ) ;
#1751 = VERTEX_POINT ( 'NONE', #5336 ) ;
#1752 = CARTESIAN_POINT ( 'NONE',  ( -1.999999999999999112, 0.6746990566028303604, -0.1249999999999998890 ) ) ;
#1753 = CARTESIAN_POINT ( 'NONE',  ( -1.599999999999998979, 0.2030000000000000138, 0.8750000000000001110 ) ) ;
#1754 = ORIENTED_EDGE ( 'NONE', *, *, #5295, .T. ) ;
#1755 = DIRECTION ( 'NONE',  ( 3.614007241618349264E-16, 1.000000000000000000, 0.000000000000000000 ) ) ;
#1756 = LINE ( 'NONE', #9864, #5241 ) ;
#1757 = EDGE_CURVE ( 'NONE', #8850, #7082, #9155, .T. ) ;
#1758 = ORIENTED_EDGE ( 'NONE', *, *, #534, .F. ) ;
#1759 = DIRECTION ( 'NONE',  ( 8.673617379884037444E-16, 0.000000000000000000, -1.000000000000000000 ) ) ;
#1760 = DIRECTION ( 'NONE',  ( -0.000000000000000000, -0.000000000000000000, 1.000000000000000000 ) ) ;
#1761 = CARTESIAN_POINT ( 'NONE',  ( -1.999999999999999112, 0.6746990566028303604, -1.125000000000000000 ) ) ;
#1762 = EDGE_CURVE ( 'NONE', #1295, #5796, #2404, .T. ) ;
#1763 = VECTOR ( 'NONE', #4359, 1000.000000000000000 ) ;
#1764 = CARTESIAN_POINT ( 'NONE',  ( 1.599999999999998979, 0.2030000000000000138, 1.375000000000000222 ) ) ;
#1765 = CARTESIAN_POINT ( 'NONE',  ( -1.149999999999999689, 0.000000000000000000, 1.149999999999999689 ) ) ;
#1766 = VERTEX_POINT ( 'NONE', #1456 ) ;
#1767 = ADVANCED_FACE ( 'NONE', ( #5832 ), #7917, .F. ) ;
#1768 = CARTESIAN_POINT ( 'NONE',  ( -0.6249999999999994449, 0.000000000000000000, 2.000000000000000888 ) ) ;
#1769 = ORIENTED_EDGE ( 'NONE', *, *, #2013, .F. ) ;
#1770 = CARTESIAN_POINT ( 'NONE',  ( 1.999999999999999112, 0.000000000000000000, -0.6249999999999998890 ) ) ;
#1771 = CARTESIAN_POINT ( 'NONE',  ( 1.599999999999998979, 0.2030000000000000970, -1.999999999999999556 ) ) ;
#1772 = ORIENTED_EDGE ( 'NONE', *, *, #6590, .F. ) ;
#1773 = DIRECTION ( 'NONE',  ( 0.000000000000000000, 1.000000000000000000, 0.000000000000000000 ) ) ;
#1774 = ORIENTED_EDGE ( 'NONE', *, *, #5312, .F. ) ;
#1775 = PLANE ( 'NONE',  #745 ) ;
#1776 = VECTOR ( 'NONE', #9412, 1000.000000000000000 ) ;
#1777 = VECTOR ( 'NONE', #8180, 1000.000000000000000 ) ;
#1778 = DIRECTION ( 'NONE',  ( -8.673617379884037444E-16, 0.000000000000000000, 1.000000000000000000 ) ) ;
#1779 = DIRECTION ( 'NONE',  ( -0.000000000000000000, -0.000000000000000000, 1.000000000000000000 ) ) ;
#1780 = EDGE_CURVE ( 'NONE', #10020, #6054, #9422, .T. ) ;
#1781 = CARTESIAN_POINT ( 'NONE',  ( 1.749999999999998890, 0.2030000000000000693, -1.899999999999999467 ) ) ;
#1782 = ORIENTED_EDGE ( 'NONE', *, *, #8167, .F. ) ;
#1783 = ORIENTED_EDGE ( 'NONE', *, *, #5974, .T. ) ;
#1784 = EDGE_CURVE ( 'NONE', #5826, #9185, #5581, .T. ) ;
#1785 = CARTESIAN_POINT ( 'NONE',  ( -1.125000000000000000, 0.000000000000000000, -1.600000000000000977 ) ) ;
#1786 = ORIENTED_EDGE ( 'NONE', *, *, #140, .T. ) ;
#1787 = CARTESIAN_POINT ( 'NONE',  ( 2.000000000000000888, 0.05000000000000000278, 1.999999999999999112 ) ) ;
#1788 = MECHANICAL_DESIGN_GEOMETRIC_PRESENTATION_REPRESENTATION (  '', ( #5072 ), #789 ) ;
#1789 = PLANE ( 'NONE',  #1480 ) ;
#1790 = ORIENTED_EDGE ( 'NONE', *, *, #9055, .F. ) ;
#1791 = AXIS2_PLACEMENT_3D ( 'NONE', #6377, #716, #9494 ) ;
#1792 = CARTESIAN_POINT ( 'NONE',  ( -1.599999999999998979, 0.000000000000000000, 1.375000000000000222 ) ) ;
#1793 = VECTOR ( 'NONE', #10361, 1000.000000000000000 ) ;
#1794 = CARTESIAN_POINT ( 'NONE',  ( -1.730000000000016191, 0.1230000000000000954, -1.599999999999980771 ) ) ;
#1795 = VERTEX_POINT ( 'NONE', #2851 ) ;
#1796 = EDGE_CURVE ( 'NONE', #3335, #3796, #9189, .T. ) ;
#1797 = LINE ( 'NONE', #9558, #5282 ) ;
#1798 = FACE_OUTER_BOUND ( 'NONE', #3441, .T. ) ;
#1799 = DIRECTION ( 'NONE',  ( 1.000000000000000000, -0.000000000000000000, 8.673617379884037444E-16 ) ) ;
#1800 = ORIENTED_EDGE ( 'NONE', *, *, #3675, .T. ) ;
#1801 = MANIFOLD_SOLID_BREP ( 'LPattern4[5]', #3004 ) ;
#1802 = ORIENTED_EDGE ( 'NONE', *, *, #7207, .T. ) ;
#1803 = DIRECTION ( 'NONE',  ( 0.000000000000000000, 0.000000000000000000, -1.000000000000000000 ) ) ;
#1804 = AXIS2_PLACEMENT_3D ( 'NONE', #2336, #9623, #1510 ) ;
#1805 = CARTESIAN_POINT ( 'NONE',  ( 2.500000000000000000, 0.000000000000000000, 0.000000000000000000 ) ) ;
#1806 = EDGE_LOOP ( 'NONE', ( #3990, #2566, #6302, #9561 ) ) ;
#1807 = CARTESIAN_POINT ( 'NONE',  ( 1.250000000000000000, 3.738533905932738044, 1.250000000000000222 ) ) ;
#1808 = ADVANCED_FACE ( 'NONE', ( #9626 ), #402, .T. ) ;
#1809 = EDGE_LOOP ( 'NONE', ( #6298, #3791, #1800, #18 ) ) ;
#1810 = VECTOR ( 'NONE', #1914, 1000.000000000000000 ) ;
#1811 = SURFACE_SIDE_STYLE ('',( #2749 ) ) ;
#1812 = AXIS2_PLACEMENT_3D ( 'NONE', #757, #8036, #3259 ) ;
#1813 = CARTESIAN_POINT ( 'NONE',  ( -1.749999999999998890, 0.2030000000000000693, -1.899999999999999467 ) ) ;
#1814 = EDGE_LOOP ( 'NONE', ( #7310, #2751, #2279, #54 ) ) ;
#1815 = DIRECTION ( 'NONE',  ( -1.000000000000000000, 0.000000000000000000, 0.000000000000000000 ) ) ;
#1816 = EDGE_CURVE ( 'NONE', #6336, #3492, #2611, .T. ) ;
#1817 = CARTESIAN_POINT ( 'NONE',  ( 1.749999999999998890, 0.2030000000000000693, 1.899999999999999467 ) ) ;
#1818 = FACE_OUTER_BOUND ( 'NONE', #4391, .T. ) ;
#1819 = VECTOR ( 'NONE', #9150, 1000.000000000000000 ) ;
#1820 = AXIS2_PLACEMENT_3D ( 'NONE', #7225, #8869, #9684 ) ;
#1821 = ORIENTED_EDGE ( 'NONE', *, *, #8857, .T. ) ;
#1822 = ORIENTED_EDGE ( 'NONE', *, *, #9761, .T. ) ;
#1823 = EDGE_LOOP ( 'NONE', ( #7097, #725, #2949, #9842, #2467, #3060, #10107, #3543 ) ) ;
#1824 = DIRECTION ( 'NONE',  ( -1.000000000000000000, 0.000000000000000000, 8.673617379884037444E-16 ) ) ;
#1825 = DIRECTION ( 'NONE',  ( -1.000000000000000000, 0.000000000000000000, -0.000000000000000000 ) ) ;
#1826 = ORIENTED_EDGE ( 'NONE', *, *, #8854, .T. ) ;
#1827 = DIRECTION ( 'NONE',  ( -1.000000000000000000, 0.000000000000000000, 0.000000000000000000 ) ) ;
#1828 = DIRECTION ( 'NONE',  ( 0.000000000000000000, 0.000000000000000000, 1.000000000000000000 ) ) ;
#1829 = AXIS2_PLACEMENT_3D ( 'NONE', #270, #5155, #6789 ) ;
#1830 = ADVANCED_FACE ( 'NONE', ( #9642 ), #9419, .F. ) ;
#1831 = DIRECTION ( 'NONE',  ( -1.892735826383162188E-30, -1.000000000000000000, -1.807003620809174632E-16 ) ) ;
#1832 = FACE_OUTER_BOUND ( 'NONE', #7564, .T. ) ;
#1833 = FACE_OUTER_BOUND ( 'NONE', #6259, .T. ) ;
#1834 = DIRECTION ( 'NONE',  ( 0.000000000000000000, -1.000000000000000000, 0.000000000000000000 ) ) ;
#1835 = EDGE_CURVE ( 'NONE', #3404, #7051, #2726, .T. ) ;
#1836 = DIRECTION ( 'NONE',  ( 1.000000000000000000, 0.000000000000000000, -1.047444401652940007E-14 ) ) ;
#1837 = ORIENTED_EDGE ( 'NONE', *, *, #8654, .T. ) ;
#1838 = ORIENTED_EDGE ( 'NONE', *, *, #1483, .T. ) ;
#1839 = DIRECTION ( 'NONE',  ( 0.000000000000000000, 0.000000000000000000, 1.000000000000000000 ) ) ;
#1840 = DIRECTION ( 'NONE',  ( -1.000000000000000000, 0.000000000000000000, 0.000000000000000000 ) ) ;
#1841 = LINE ( 'NONE', #4696, #2023 ) ;
#1842 = ORIENTED_EDGE ( 'NONE', *, *, #8639, .F. ) ;
#1843 = VECTOR ( 'NONE', #8130, 1000.000000000000000 ) ;
#1844 = CARTESIAN_POINT ( 'NONE',  ( 1.999999999999999112, 0.2030000000000000970, -0.1249999999999998890 ) ) ;
#1845 = VERTEX_POINT ( 'NONE', #8585 ) ;
#1846 = LINE ( 'NONE', #554, #5420 ) ;
#1847 = LINE ( 'NONE', #1976, #5333 ) ;
#1848 = PRESENTATION_LAYER_ASSIGNMENT (  '', '', ( #4021 ) ) ;
#1849 = CARTESIAN_POINT ( 'NONE',  ( -1.999999999999999112, 0.2030000000000000138, -1.374999999999999778 ) ) ;
#1850 = DIRECTION ( 'NONE',  ( 0.000000000000000000, -1.000000000000000000, 0.000000000000000000 ) ) ;
#1851 = EDGE_LOOP ( 'NONE', ( #162, #2873, #273, #7344 ) ) ;
#1852 = ADVANCED_FACE ( 'NONE', ( #9741 ), #6773, .T. ) ;
#1853 = ORIENTED_EDGE ( 'NONE', *, *, #2902, .T. ) ;
#1854 = EDGE_CURVE ( 'NONE', #3693, #7707, #2476, .T. ) ;
#1855 = PLANE ( 'NONE',  #2168 ) ;
#1856 = EDGE_LOOP ( 'NONE', ( #5842, #10052, #2861, #10267 ) ) ;
#1857 = DIRECTION ( 'NONE',  ( 0.000000000000000000, -1.000000000000000000, 0.000000000000000000 ) ) ;
#1858 = DIRECTION ( 'NONE',  ( -0.000000000000000000, -0.000000000000000000, 1.000000000000000000 ) ) ;
#1859 = SURFACE_STYLE_FILL_AREA ( #2157 ) ;
#1860 = CARTESIAN_POINT ( 'NONE',  ( 1.899999999999993472, 0.1230000000000000676, -1.750000000000005773 ) ) ;
#1861 = VERTEX_POINT ( 'NONE', #2779 ) ;
#1862 = VECTOR ( 'NONE', #5919, 1000.000000000000000 ) ;
#1863 = VECTOR ( 'NONE', #2174, 1000.000000000000000 ) ;
#1864 = DIRECTION ( 'NONE',  ( 1.000000000000000000, -0.000000000000000000, 0.000000000000000000 ) ) ;
#1865 = ORIENTED_EDGE ( 'NONE', *, *, #5892, .T. ) ;
#1866 = EDGE_CURVE ( 'NONE', #6339, #4958, #9565, .T. ) ;
#1867 = EDGE_LOOP ( 'NONE', ( #4209, #490, #3774, #10438 ) ) ;
#1868 = CARTESIAN_POINT ( 'NONE',  ( 1.999999999999999112, 0.04999999999999991257, 0.6250000000000003331 ) ) ;
#1869 = CARTESIAN_POINT ( 'NONE',  ( -1.599999999999998979, 0.6746990566028303604, 0.8750000000000001110 ) ) ;
#1870 = EDGE_CURVE ( 'NONE', #2559, #10380, #6242, .T. ) ;
#1871 = VERTEX_POINT ( 'NONE', #6366 ) ;
#1872 = DIRECTION ( 'NONE',  ( 1.000000000000000000, 0.000000000000000000, -0.000000000000000000 ) ) ;
#1873 = CARTESIAN_POINT ( 'NONE',  ( -1.599999999999998979, 0.000000000000000000, 0.8750000000000001110 ) ) ;
#1874 = ORIENTED_EDGE ( 'NONE', *, *, #9452, .F. ) ;
#1875 = PLANE ( 'NONE',  #7503 ) ;
#1876 = FILL_AREA_STYLE ('',( #2975 ) ) ;
#1877 = CARTESIAN_POINT ( 'NONE',  ( 1.999999999999999112, 0.2030000000000000970, -0.3749999999999996669 ) ) ;
#1878 = CARTESIAN_POINT ( 'NONE',  ( 1.900000000000005240, 0.2030000000000000970, 1.599999999999992539 ) ) ;
#1879 = VECTOR ( 'NONE', #3206, 1000.000000000000000 ) ;
#1880 = LINE ( 'NONE', #5424, #5372 ) ;
#1881 = EDGE_LOOP ( 'NONE', ( #8314, #8682, #2692, #8810 ) ) ;
#1882 = ORIENTED_EDGE ( 'NONE', *, *, #3399, .F. ) ;
#1883 = EDGE_CURVE ( 'NONE', #6087, #5869, #2818, .T. ) ;
#1884 = PLANE ( 'NONE',  #345 ) ;
#1885 = VERTEX_POINT ( 'NONE', #4176 ) ;
#1886 = EDGE_CURVE ( 'NONE', #10022, #7799, #6075, .T. ) ;
#1887 = ADVANCED_FACE ( 'NONE', ( #6109 ), #8836, .F. ) ;
#1888 = CARTESIAN_POINT ( 'NONE',  ( 1.599999999999998979, 0.2030000000000000970, 1.999999999999999556 ) ) ;
#1889 = CARTESIAN_POINT ( 'NONE',  ( 1.599999999999998979, 0.05000000000000023870, -1.125000000000000000 ) ) ;
#1890 = LINE ( 'NONE', #7567, #2009 ) ;
#1891 = EDGE_LOOP ( 'NONE', ( #5672, #575, #10432, #4008 ) ) ;
#1892 = DIRECTION ( 'NONE',  ( -1.047444401652940007E-14, 0.000000000000000000, -1.000000000000000000 ) ) ;
#1893 = DIRECTION ( 'NONE',  ( 0.000000000000000000, 0.000000000000000000, 1.000000000000000000 ) ) ;
#1894 = CARTESIAN_POINT ( 'NONE',  ( 0.8750000000000001110, 0.000000000000000000, -1.600000000000000977 ) ) ;
#1895 = VECTOR ( 'NONE', #397, 1000.000000000000000 ) ;
#1896 = VECTOR ( 'NONE', #9097, 1000.000000000000000 ) ;
#1897 = DIRECTION ( 'NONE',  ( -1.000000000000000000, 0.000000000000000000, -5.421010862427524142E-16 ) ) ;
#1898 = ORIENTED_EDGE ( 'NONE', *, *, #3937, .F. ) ;
#1899 = DIRECTION ( 'NONE',  ( -1.000000000000000000, 0.000000000000000000, 1.084202172485504434E-16 ) ) ;
#1900 = ORIENTED_EDGE ( 'NONE', *, *, #1796, .T. ) ;
#1901 = CARTESIAN_POINT ( 'NONE',  ( -0.6249999999999994449, 0.05000000000000000278, 0.000000000000000000 ) ) ;
#1902 =( NAMED_UNIT ( * ) SI_UNIT ( $, .STERADIAN. ) SOLID_ANGLE_UNIT ( ) );
#1903 = LINE ( 'NONE', #10384, #5124 ) ;
#1904 = ORIENTED_EDGE ( 'NONE', *, *, #9949, .T. ) ;
#1905 = PRESENTATION_STYLE_ASSIGNMENT (( #3800 ) ) ;
#1906 = EDGE_CURVE ( 'NONE', #2696, #2248, #6127, .T. ) ;
#1907 = ORIENTED_EDGE ( 'NONE', *, *, #6463, .T. ) ;
#1908 = ADVANCED_FACE ( 'NONE', ( #2708 ), #4775, .T. ) ;
#1909 = EDGE_CURVE ( 'NONE', #10175, #6179, #9487, .T. ) ;
#1910 = VECTOR ( 'NONE', #8643, 1000.000000000000000 ) ;
#1911 = FACE_OUTER_BOUND ( 'NONE', #3117, .T. ) ;
#1912 = CARTESIAN_POINT ( 'NONE',  ( -1.999999999999999112, 0.05000000000000000278, 1.999999999999999556 ) ) ;
#1913 = DIRECTION ( 'NONE',  ( -1.000000000000000000, 0.000000000000000000, 8.673617379884037444E-16 ) ) ;
#1914 = DIRECTION ( 'NONE',  ( 1.000000000000000000, -0.000000000000000000, -3.491481338843133355E-15 ) ) ;
#1915 = ORIENTED_EDGE ( 'NONE', *, *, #621, .T. ) ;
#1916 = ORIENTED_EDGE ( 'NONE', *, *, #3059, .F. ) ;
#1917 = EDGE_CURVE ( 'NONE', #10094, #9355, #6204, .T. ) ;
#1918 = DIRECTION ( 'NONE',  ( 0.000000000000000000, 1.000000000000000000, 0.000000000000000000 ) ) ;
#1919 = VECTOR ( 'NONE', #9703, 1000.000000000000000 ) ;
#1920 = VERTEX_POINT ( 'NONE', #8901 ) ;
#1921 = ADVANCED_FACE ( 'NONE', ( #9851 ), #774, .T. ) ;
#1922 = DIRECTION ( 'NONE',  ( 1.000000000000000000, -0.000000000000000000, 0.000000000000000000 ) ) ;
#1923 = VECTOR ( 'NONE', #9790, 1000.000000000000000 ) ;
#1924 = ORIENTED_EDGE ( 'NONE', *, *, #9908, .T. ) ;
#1925 = FACE_OUTER_BOUND ( 'NONE', #4041, .T. ) ;
#1926 = LINE ( 'NONE', #10147, #5247 ) ;
#1927 = DIRECTION ( 'NONE',  ( -3.491481338843133355E-15, 0.000000000000000000, -1.000000000000000000 ) ) ;
#1928 = ORIENTED_EDGE ( 'NONE', *, *, #10292, .T. ) ;
#1929 = ADVANCED_FACE ( 'NONE', ( #6258 ), #7263, .F. ) ;
#1930 = EDGE_LOOP ( 'NONE', ( #476, #4511, #8234, #8816 ) ) ;
#1931 = DIRECTION ( 'NONE',  ( 0.000000000000000000, -1.000000000000000000, 0.000000000000000000 ) ) ;
#1932 = AXIS2_PLACEMENT_3D ( 'NONE', #2530, #2314, #89 ) ;
#1933 = MECHANICAL_DESIGN_GEOMETRIC_PRESENTATION_REPRESENTATION (  '', ( #7660 ), #5830 ) ;
#1934 = DIRECTION ( 'NONE',  ( -3.491481338843133355E-15, 0.000000000000000000, -1.000000000000000000 ) ) ;
#1935 = VECTOR ( 'NONE', #9234, 1000.000000000000000 ) ;
#1936 = VERTEX_POINT ( 'NONE', #8059 ) ;
#1937 = EDGE_CURVE ( 'NONE', #6504, #4544, #9686, .T. ) ;
#1938 = CARTESIAN_POINT ( 'NONE',  ( 2.000000000000000888, 0.05000000000000000278, 1.999999999999999112 ) ) ;
#1939 = CARTESIAN_POINT ( 'NONE',  ( -1.149999999999999911, 0.2030000000000000693, 1.149999999999999023 ) ) ;
#1940 = ORIENTED_EDGE ( 'NONE', *, *, #10298, .T. ) ;
#1941 = DIRECTION ( 'NONE',  ( 0.000000000000000000, -0.000000000000000000, 1.000000000000000000 ) ) ;
#1942 = DIRECTION ( 'NONE',  ( -1.000000000000000000, 0.000000000000000000, -0.000000000000000000 ) ) ;
#1943 = CARTESIAN_POINT ( 'NONE',  ( -1.999999999999999112, 0.2030000000000000693, -0.6250000000000001110 ) ) ;
#1944 = CARTESIAN_POINT ( 'NONE',  ( -1.250000000000000000, 0.05000000000000000278, 1.149999999999999023 ) ) ;
#1945 = CARTESIAN_POINT ( 'NONE',  ( -1.499999999999999112, 0.8000000000000000444, -1.333333333333333925 ) ) ;
#1946 = FACE_OUTER_BOUND ( 'NONE', #3643, .T. ) ;
#1947 = VECTOR ( 'NONE', #4658, 1000.000000000000000 ) ;
#1948 = ORIENTED_EDGE ( 'NONE', *, *, #2262, .T. ) ;
#1949 = VERTEX_POINT ( 'NONE', #7125 ) ;
#1950 =( GEOMETRIC_REPRESENTATION_CONTEXT ( 3 ) GLOBAL_UNCERTAINTY_ASSIGNED_CONTEXT ( ( #10463 ) ) GLOBAL_UNIT_ASSIGNED_CONTEXT ( ( #213, #292, #3217 ) ) REPRESENTATION_CONTEXT ( 'NONE', 'WORKASPACE' ) );
#1951 = VECTOR ( 'NONE', #6494, 1000.000000000000000 ) ;
#1952 = VERTEX_POINT ( 'NONE', #1525 ) ;
#1953 = AXIS2_PLACEMENT_3D ( 'NONE', #9938, #925, #9181 ) ;
#1954 = CARTESIAN_POINT ( 'NONE',  ( 1.900000000000005240, 0.1230000000000000954, 1.599999999999992539 ) ) ;
#1955 = CARTESIAN_POINT ( 'NONE',  ( 1.999999999999999112, 0.000000000000000000, 0.8750000000000001110 ) ) ;
#1956 = EDGE_CURVE ( 'NONE', #7226, #4245, #2553, .T. ) ;
#1957 = DIRECTION ( 'NONE',  ( -0.000000000000000000, 0.000000000000000000, -1.000000000000000000 ) ) ;
#1958 = ORIENTED_EDGE ( 'NONE', *, *, #1835, .T. ) ;
#1959 = AXIS2_PLACEMENT_3D ( 'NONE', #8925, #8225, #9740 ) ;
#1960 = CARTESIAN_POINT ( 'NONE',  ( 1.729999999999993543, 0.2030000000000000693, -1.750000000000005107 ) ) ;
#1961 = DIRECTION ( 'NONE',  ( 0.000000000000000000, -1.000000000000000000, 0.000000000000000000 ) ) ;
#1962 = CARTESIAN_POINT ( 'NONE',  ( -0.6249999999999998890, 0.6746990566028302494, -1.600000000000000977 ) ) ;
#1963 = VECTOR ( 'NONE', #6842, 1000.000000000000000 ) ;
#1964 = FACE_OUTER_BOUND ( 'NONE', #9645, .T. ) ;
#1965 = CARTESIAN_POINT ( 'NONE',  ( -1.124999999999999556, 0.6746990566028302494, 1.600000000000001421 ) ) ;
#1966 = ORIENTED_EDGE ( 'NONE', *, *, #10335, .T. ) ;
#1967 = CARTESIAN_POINT ( 'NONE',  ( -1.150000000000000133, 0.2030000000000000693, 1.249999999999999778 ) ) ;
#1968 = CARTESIAN_POINT ( 'NONE',  ( 1.999999999999993561, 0.2030000000000000693, -1.750000000000005995 ) ) ;
#1969 = ORIENTED_EDGE ( 'NONE', *, *, #9794, .T. ) ;
#1970 = SURFACE_STYLE_USAGE ( .BOTH. , #4520 ) ;
#1971 = FILL_AREA_STYLE ('',( #8265 ) ) ;
#1972 = VECTOR ( 'NONE', #5729, 1000.000000000000000 ) ;
#1973 = VERTEX_POINT ( 'NONE', #990 ) ;
#1974 = ADVANCED_FACE ( 'NONE', ( #6174 ), #7986, .F. ) ;
#1975 =( GEOMETRIC_REPRESENTATION_CONTEXT ( 3 ) GLOBAL_UNCERTAINTY_ASSIGNED_CONTEXT ( ( #6534 ) ) GLOBAL_UNIT_ASSIGNED_CONTEXT ( ( #5193, #6759, #5390 ) ) REPRESENTATION_CONTEXT ( 'NONE', 'WORKASPACE' ) );
#1976 = CARTESIAN_POINT ( 'NONE',  ( -1.599999999999998979, 0.1230000000000000954, -1.899999999999999467 ) ) ;
#1977 = VERTEX_POINT ( 'NONE', #8766 ) ;
#1978 = CARTESIAN_POINT ( 'NONE',  ( -1.599999999999998979, 0.05000000000000000278, 1.387778780781445084E-15 ) ) ;
#1979 = LINE ( 'NONE', #985, #5384 ) ;
#1980 = LINE ( 'NONE', #5159, #1896 ) ;
#1981 = CARTESIAN_POINT ( 'NONE',  ( -1.999999999999999112, 0.6746990566028303604, -0.6249999999999998890 ) ) ;
#1982 = CARTESIAN_POINT ( 'NONE',  ( 1.999999999999999112, 0.2030000000000000138, 1.375000000000000222 ) ) ;
#1983 = DIRECTION ( 'NONE',  ( 0.000000000000000000, 1.000000000000000000, 0.000000000000000000 ) ) ;
#1984 = ORIENTED_EDGE ( 'NONE', *, *, #7610, .F. ) ;
#1985 = VERTEX_POINT ( 'NONE', #8128 ) ;
#1986 = CARTESIAN_POINT ( 'NONE',  ( -1.749999999999998890, 0.2030000000000000693, -1.999999999999999556 ) ) ;
#1987 = LINE ( 'NONE', #247, #5161 ) ;
#1988 = ORIENTED_EDGE ( 'NONE', *, *, #2800, .T. ) ;
#1989 = DIRECTION ( 'NONE',  ( 0.000000000000000000, -1.000000000000000000, 0.000000000000000000 ) ) ;
#1990 = CARTESIAN_POINT ( 'NONE',  ( 1.999999999999999112, 0.000000000000000000, 1.125000000000000444 ) ) ;
#1991 = EDGE_CURVE ( 'NONE', #9447, #4754, #9793, .T. ) ;
#1992 = VERTEX_POINT ( 'NONE', #9562 ) ;
#1993 = AXIS2_PLACEMENT_3D ( 'NONE', #6822, #9325, #6607 ) ;
#1994 = ADVANCED_FACE ( 'NONE', ( #2669 ), #3279, .T. ) ;
#1995 = UNCERTAINTY_MEASURE_WITH_UNIT (LENGTH_MEASURE( 1.000000000000000082E-05 ), #4529, 'distance_accuracy_value', 'NONE');
#1996 = EDGE_CURVE ( 'NONE', #8216, #3914, #9709, .T. ) ;
#1997 = VECTOR ( 'NONE', #4770, 1000.000000000000000 ) ;
#1998 = LINE ( 'NONE', #10495, #5760 ) ;
#1999 = CARTESIAN_POINT ( 'NONE',  ( 1.149999999999999911, 3.738533905932738044, 1.250000000000000222 ) ) ;
#2000 = VERTEX_POINT ( 'NONE', #9172 ) ;
#2001 = VERTEX_POINT ( 'NONE', #3473 ) ;
#2002 = DIRECTION ( 'NONE',  ( 0.000000000000000000, -0.000000000000000000, 1.000000000000000000 ) ) ;
#2003 = DIRECTION ( 'NONE',  ( 0.000000000000000000, 0.000000000000000000, -1.000000000000000000 ) ) ;
#2004 = LINE ( 'NONE', #9465, #5376 ) ;
#2005 = ORIENTED_EDGE ( 'NONE', *, *, #4569, .F. ) ;
#2006 = CARTESIAN_POINT ( 'NONE',  ( 1.999999999999999556, 0.000000000000000000, -6.982962677686265133E-15 ) ) ;
#2007 = ORIENTED_EDGE ( 'NONE', *, *, #8769, .F. ) ;
#2008 = ADVANCED_FACE ( 'NONE', ( #9583 ), #4317, .T. ) ;
#2009 = VECTOR ( 'NONE', #842, 1000.000000000000000 ) ;
#2010 = CARTESIAN_POINT ( 'NONE',  ( -1.599999999999999423, 0.2030000000000004856, 1.999999999999999556 ) ) ;
#2011 = ORIENTED_EDGE ( 'NONE', *, *, #4430, .T. ) ;
#2012 = DIRECTION ( 'NONE',  ( 0.000000000000000000, 1.000000000000000000, 0.000000000000000000 ) ) ;
#2013 = EDGE_CURVE ( 'NONE', #3846, #6030, #5945, .T. ) ;
#2014 = SURFACE_SIDE_STYLE ('',( #7584 ) ) ;
#2015 = DIRECTION ( 'NONE',  ( -1.000000000000000000, 3.614007241618349264E-16, -0.000000000000000000 ) ) ;
#2016 = CARTESIAN_POINT ( 'NONE',  ( 0.3750000000000005551, 0.2030000000000000138, 1.600000000000001421 ) ) ;
#2017 = LINE ( 'NONE', #3196, #9043 ) ;
#2018 = EDGE_CURVE ( 'NONE', #9947, #3995, #2801, .T. ) ;
#2019 = ORIENTED_EDGE ( 'NONE', *, *, #6838, .T. ) ;
#2020 = ADVANCED_FACE ( 'NONE', ( #9723 ), #1349, .F. ) ;
#2021 = ORIENTED_EDGE ( 'NONE', *, *, #10416, .T. ) ;
#2022 = EDGE_CURVE ( 'NONE', #9447, #7271, #6292, .T. ) ;
#2023 = VECTOR ( 'NONE', #2207, 1000.000000000000000 ) ;
#2024 = DIRECTION ( 'NONE',  ( 0.000000000000000000, 1.000000000000000000, 0.000000000000000000 ) ) ;
#2025 = ORIENTED_EDGE ( 'NONE', *, *, #83, .T. ) ;
#2026 = CARTESIAN_POINT ( 'NONE',  ( 1.599999999999998979, 0.6746990566028303604, 0.8750000000000001110 ) ) ;
#2027 = EDGE_CURVE ( 'NONE', #4590, #7391, #2571, .T. ) ;
#2028 = CARTESIAN_POINT ( 'NONE',  ( 1.599999999999998979, 0.000000000000000000, 0.3750000000000001110 ) ) ;
#2029 = DIRECTION ( 'NONE',  ( 0.000000000000000000, 0.000000000000000000, 1.000000000000000000 ) ) ;
#2030 = ORIENTED_EDGE ( 'NONE', *, *, #9839, .F. ) ;
#2031 = DIRECTION ( 'NONE',  ( -0.000000000000000000, 0.000000000000000000, -1.000000000000000000 ) ) ;
#2032 = EDGE_CURVE ( 'NONE', #8221, #5030, #2838, .T. ) ;
#2033 = DIRECTION ( 'NONE',  ( -1.000000000000000000, 0.000000000000000000, -0.000000000000000000 ) ) ;
#2034 = AXIS2_PLACEMENT_3D ( 'NONE', #8098, #1631, #6047 ) ;
#2035 = FACE_OUTER_BOUND ( 'NONE', #234, .T. ) ;
#2036 = LINE ( 'NONE', #9259, #5535 ) ;
#2037 = CARTESIAN_POINT ( 'NONE',  ( -1.599999999999998979, 0.2030000000000000138, -1.125000000000000000 ) ) ;
#2038 = CARTESIAN_POINT ( 'NONE',  ( -1.899999999999981259, 0.2030000000000000693, 1.750000000000018874 ) ) ;
#2039 = ORIENTED_EDGE ( 'NONE', *, *, #7936, .T. ) ;
#2040 = CARTESIAN_POINT ( 'NONE',  ( 1.899999999999999467, 0.000000000000000000, -6.633814543801952586E-15 ) ) ;
#2041 = ORIENTED_EDGE ( 'NONE', *, *, #1937, .F. ) ;
#2042 = CARTESIAN_POINT ( 'NONE',  ( 1.599999999999999201, 0.2030000000000000138, 0.1250000000000001110 ) ) ;
#2043 = EDGE_CURVE ( 'NONE', #8309, #489, #6330, .T. ) ;
#2044 = LINE ( 'NONE', #8115, #1627 ) ;
#2045 = VERTEX_POINT ( 'NONE', #2729 ) ;
#2046 = EDGE_CURVE ( 'NONE', #3027, #7871, #9508, .T. ) ;
#2047 = VECTOR ( 'NONE', #4981, 1000.000000000000000 ) ;
#2048 = DIRECTION ( 'NONE',  ( 0.000000000000000000, 0.000000000000000000, -1.000000000000000000 ) ) ;
#2049 = ORIENTED_EDGE ( 'NONE', *, *, #10490, .T. ) ;
#2050 = SURFACE_SIDE_STYLE ('',( #2830 ) ) ;
#2051 = EDGE_CURVE ( 'NONE', #9423, #8142, #6000, .T. ) ;
#2052 = VECTOR ( 'NONE', #1899, 1000.000000000000000 ) ;
#2053 = COLOUR_RGB ( '',0.7921568627450980005, 0.8196078431372548767, 0.9333333333333333481 ) ;
#2054 = DIRECTION ( 'NONE',  ( -0.000000000000000000, -1.000000000000000000, -0.000000000000000000 ) ) ;
#2055 = DIRECTION ( 'NONE',  ( 0.000000000000000000, -0.000000000000000000, -1.000000000000000000 ) ) ;
#2056 = CARTESIAN_POINT ( 'NONE',  ( -1.599999999999999201, 0.2030000000000000970, -1.375000000000000000 ) ) ;
#2057 = ORIENTED_EDGE ( 'NONE', *, *, #7632, .T. ) ;
#2058 = ORIENTED_EDGE ( 'NONE', *, *, #2531, .F. ) ;
#2059 = VECTOR ( 'NONE', #8390, 1000.000000000000000 ) ;
#2060 = VERTEX_POINT ( 'NONE', #1849 ) ;
#2061 = ADVANCED_FACE ( 'NONE', ( #6021 ), #6874, .F. ) ;
#2062 = ADVANCED_FACE ( 'NONE', ( #9550 ), #3677, .F. ) ;
#2063 = VECTOR ( 'NONE', #1850, 1000.000000000000000 ) ;
#2064 = ORIENTED_EDGE ( 'NONE', *, *, #9576, .T. ) ;
#2065 = AXIS2_PLACEMENT_3D ( 'NONE', #10012, #6661, #6734 ) ;
#2066 = VECTOR ( 'NONE', #8335, 1000.000000000000000 ) ;
#2067 = LINE ( 'NONE', #3889, #9194 ) ;
#2068 = DIRECTION ( 'NONE',  ( 8.673617379884037444E-16, -0.000000000000000000, 1.000000000000000000 ) ) ;
#2069 = EDGE_CURVE ( 'NONE', #4313, #1992, #2536, .T. ) ;
#2070 = VERTEX_POINT ( 'NONE', #6726 ) ;
#2071 = VERTEX_POINT ( 'NONE', #1056 ) ;
#2072 = CARTESIAN_POINT ( 'NONE',  ( 0.000000000000000000, 0.05000000000000000278, 0.8750000000000001110 ) ) ;
#2073 = VERTEX_POINT ( 'NONE', #2648 ) ;
#2074 = DIRECTION ( 'NONE',  ( 0.000000000000000000, 1.000000000000000000, 0.000000000000000000 ) ) ;
#2075 = FACE_OUTER_BOUND ( 'NONE', #6814, .T. ) ;
#2076 = DIRECTION ( 'NONE',  ( 0.000000000000000000, -1.000000000000000000, 0.000000000000000000 ) ) ;
#2077 = ORIENTED_EDGE ( 'NONE', *, *, #4719, .T. ) ;
#2078 = DIRECTION ( 'NONE',  ( -1.000000000000000000, 0.000000000000000000, 0.000000000000000000 ) ) ;
#2079 = ADVANCED_FACE ( 'NONE', ( #10220 ), #6328, .F. ) ;
#2080 = DIRECTION ( 'NONE',  ( -0.000000000000000000, -0.000000000000000000, -1.000000000000000000 ) ) ;
#2081 = DIRECTION ( 'NONE',  ( 1.000000000000000000, 0.000000000000000000, -3.491481338843133355E-15 ) ) ;
#2082 = DIRECTION ( 'NONE',  ( 1.000000000000000000, 0.000000000000000000, 0.000000000000000000 ) ) ;
#2083 = LINE ( 'NONE', #1768, #9327 ) ;
#2084 = VECTOR ( 'NONE', #4589, 1000.000000000000000 ) ;
#2085 = AXIS2_PLACEMENT_3D ( 'NONE', #4850, #7192, #5608 ) ;
#2086 = ORIENTED_EDGE ( 'NONE', *, *, #2772, .F. ) ;
#2087 = VERTEX_POINT ( 'NONE', #1282 ) ;
#2088 = EDGE_CURVE ( 'NONE', #1079, #4473, #6415, .T. ) ;
#2089 = AXIS2_PLACEMENT_3D ( 'NONE', #6079, #8583, #6677 ) ;
#2090 = VECTOR ( 'NONE', #4965, 1000.000000000000000 ) ;
#2091 = DIRECTION ( 'NONE',  ( 1.000000000000000000, 0.000000000000000000, 0.000000000000000000 ) ) ;
#2092 = VERTEX_POINT ( 'NONE', #1487 ) ;
#2093 = PLANE ( 'NONE',  #7450 ) ;
#2094 = LINE ( 'NONE', #586, #9455 ) ;
#2095 = DIRECTION ( 'NONE',  ( 8.673617379884037444E-16, 0.000000000000000000, -1.000000000000000000 ) ) ;
#2096 = ORIENTED_EDGE ( 'NONE', *, *, #5853, .F. ) ;
#2097 =( NAMED_UNIT ( * ) PLANE_ANGLE_UNIT ( ) SI_UNIT ( $, .RADIAN. ) );
#2098 = VECTOR ( 'NONE', #1042, 1000.000000000000000 ) ;
#2099 = FACE_OUTER_BOUND ( 'NONE', #3748, .T. ) ;
#2100 = CARTESIAN_POINT ( 'NONE',  ( -1.599999999999998979, 0.1230000000000000954, -1.729999999999999538 ) ) ;
#2101 = ORIENTED_EDGE ( 'NONE', *, *, #7290, .T. ) ;
#2102 = AXIS2_PLACEMENT_3D ( 'NONE', #12, #7864, #9670 ) ;
#2103 = ADVANCED_FACE ( 'NONE', ( #9991 ), #9898, .F. ) ;
#2104 = ORIENTED_EDGE ( 'NONE', *, *, #6931, .T. ) ;
#2105 = DIRECTION ( 'NONE',  ( 0.000000000000000000, 1.000000000000000000, 0.000000000000000000 ) ) ;
#2106 = EDGE_CURVE ( 'NONE', #4709, #7373, #10236, .T. ) ;
#2107 = ORIENTED_EDGE ( 'NONE', *, *, #6931, .F. ) ;
#2108 = VECTOR ( 'NONE', #3233, 1000.000000000000000 ) ;
#2109 =( NAMED_UNIT ( * ) SI_UNIT ( $, .STERADIAN. ) SOLID_ANGLE_UNIT ( ) );
#2110 = ORIENTED_EDGE ( 'NONE', *, *, #1435, .T. ) ;
#2111 = VECTOR ( 'NONE', #3928, 1000.000000000000000 ) ;
#2112 = VECTOR ( 'NONE', #5971, 1000.000000000000000 ) ;
#2113 = DIRECTION ( 'NONE',  ( -0.000000000000000000, -1.000000000000000000, -0.000000000000000000 ) ) ;
#2114 = DIRECTION ( 'NONE',  ( 0.000000000000000000, -1.000000000000000000, 0.000000000000000000 ) ) ;
#2115 = ORIENTED_EDGE ( 'NONE', *, *, #10530, .F. ) ;
#2116 = ORIENTED_EDGE ( 'NONE', *, *, #7921, .T. ) ;
#2117 = EDGE_CURVE ( 'NONE', #1, #2248, #10142, .T. ) ;
#2118 = DIRECTION ( 'NONE',  ( 1.000000000000000000, -0.000000000000000000, -1.084202172485504434E-16 ) ) ;
#2119 = LINE ( 'NONE', #1040, #5816 ) ;
#2120 = ORIENTED_EDGE ( 'NONE', *, *, #9722, .T. ) ;
#2121 = EDGE_CURVE ( 'NONE', #8884, #8641, #3146, .T. ) ;
#2122 = DIRECTION ( 'NONE',  ( -0.7071067811865492381, -0.000000000000000000, 0.7071067811865457964 ) ) ;
#2123 = CARTESIAN_POINT ( 'NONE',  ( -1.599999999999998979, 0.6746990566028303604, -1.125000000000000000 ) ) ;
#2124 = ORIENTED_EDGE ( 'NONE', *, *, #4842, .F. ) ;
#2125 = LINE ( 'NONE', #7553, #9314 ) ;
#2126 = LINE ( 'NONE', #9188, #5642 ) ;
#2127 = ORIENTED_EDGE ( 'NONE', *, *, #9879, .T. ) ;
#2128 = ORIENTED_EDGE ( 'NONE', *, *, #2772, .T. ) ;
#2129 = CARTESIAN_POINT ( 'NONE',  ( 0.000000000000000000, 0.2030000000000000138, 0.000000000000000000 ) ) ;
#2130 = PLANE ( 'NONE',  #7330 ) ;
#2131 = SURFACE_STYLE_FILL_AREA ( #4646 ) ;
#2132 = VERTEX_POINT ( 'NONE', #439 ) ;
#2133 = ADVANCED_FACE ( 'NONE', ( #2958 ), #6950, .F. ) ;
#2134 = LINE ( 'NONE', #7868, #9371 ) ;
#2135 = EDGE_CURVE ( 'NONE', #6086, #2378, #3215, .T. ) ;
#2136 = ORIENTED_EDGE ( 'NONE', *, *, #8546, .F. ) ;
#2137 = DIRECTION ( 'NONE',  ( -0.000000000000000000, -0.000000000000000000, 1.000000000000000000 ) ) ;
#2138 = CARTESIAN_POINT ( 'NONE',  ( 1.999999999999999112, 0.2030000000000000138, -1.125000000000000000 ) ) ;
#2139 = DIRECTION ( 'NONE',  ( 0.000000000000000000, -0.000000000000000000, 1.000000000000000000 ) ) ;
#2140 = CARTESIAN_POINT ( 'NONE',  ( 0.8750000000000005551, 0.2030000000000000138, 2.000000000000000888 ) ) ;
#2141 = EDGE_CURVE ( 'NONE', #1734, #4263, #6687, .T. ) ;
#2142 = CARTESIAN_POINT ( 'NONE',  ( -1.749999999999998890, 0.2030000000000000693, -1.899999999999999467 ) ) ;
#2143 = LINE ( 'NONE', #828, #9107 ) ;
#2144 = VECTOR ( 'NONE', #8368, 1000.000000000000000 ) ;
#2145 = ORIENTED_EDGE ( 'NONE', *, *, #4969, .F. ) ;
#2146 = EDGE_CURVE ( 'NONE', #3759, #2559, #6399, .T. ) ;
#2147 = ORIENTED_EDGE ( 'NONE', *, *, #7232, .F. ) ;
#2148 = EDGE_CURVE ( 'NONE', #3813, #1279, #6457, .T. ) ;
#2149 = LINE ( 'NONE', #1965, #5917 ) ;
#2150 = DIRECTION ( 'NONE',  ( 8.673617379884037444E-16, 0.000000000000000000, 1.000000000000000000 ) ) ;
#2151 = ORIENTED_EDGE ( 'NONE', *, *, #7432, .T. ) ;
#2152 = CARTESIAN_POINT ( 'NONE',  ( -0.6249999999999994449, 0.000000000000000000, 2.000000000000000888 ) ) ;
#2153 = LINE ( 'NONE', #4878, #2350 ) ;
#2154 = MANIFOLD_SOLID_BREP ( 'LPattern3[9]', #6116 ) ;
#2155 = ORIENTED_EDGE ( 'NONE', *, *, #2755, .F. ) ;
#2156 = CARTESIAN_POINT ( 'NONE',  ( 1.599999999999999867, 0.05000000000000000278, 1.387778780781445873E-15 ) ) ;
#2157 = FILL_AREA_STYLE ('',( #4779 ) ) ;
#2158 = AXIS2_PLACEMENT_3D ( 'NONE', #8042, #8823, #4090 ) ;
#2159 = ADVANCED_FACE ( 'NONE', ( #10026 ), #8161, .T. ) ;
#2160 = FACE_OUTER_BOUND ( 'NONE', #4309, .T. ) ;
#2161 = ORIENTED_EDGE ( 'NONE', *, *, #8312, .T. ) ;
#2162 = CARTESIAN_POINT ( 'NONE',  ( 0.000000000000000000, 0.05000000000000000278, 1.600000000000001421 ) ) ;
#2163 =( NAMED_UNIT ( * ) SI_UNIT ( $, .STERADIAN. ) SOLID_ANGLE_UNIT ( ) );
#2164 = ORIENTED_EDGE ( 'NONE', *, *, #6203, .T. ) ;
#2165 = DIRECTION ( 'NONE',  ( 1.000000000000000000, 1.807003620809174632E-16, -0.000000000000000000 ) ) ;
#2166 = DIRECTION ( 'NONE',  ( 0.000000000000000000, 0.000000000000000000, 1.000000000000000000 ) ) ;
#2167 = DIRECTION ( 'NONE',  ( 0.000000000000000000, -0.000000000000000000, 1.000000000000000000 ) ) ;
#2168 = AXIS2_PLACEMENT_3D ( 'NONE', #4030, #3349, #6659 ) ;
#2169 = CARTESIAN_POINT ( 'NONE',  ( 1.999999999999999112, 0.6746990566028303604, -1.125000000000000000 ) ) ;
#2170 = AXIS2_PLACEMENT_3D ( 'NONE', #3961, #7070, #7142 ) ;
#2171 = FACE_OUTER_BOUND ( 'NONE', #1856, .T. ) ;
#2172 = ORIENTED_EDGE ( 'NONE', *, *, #10416, .F. ) ;
#2173 = EDGE_CURVE ( 'NONE', #4592, #9931, #6435, .T. ) ;
#2174 = DIRECTION ( 'NONE',  ( 0.000000000000000000, 0.000000000000000000, 1.000000000000000000 ) ) ;
#2175 = ORIENTED_EDGE ( 'NONE', *, *, #9247, .T. ) ;
#2176 = FACE_OUTER_BOUND ( 'NONE', #9348, .T. ) ;
#2177 = CARTESIAN_POINT ( 'NONE',  ( -1.125000000000000000, 0.2030000000000000138, -1.600000000000000977 ) ) ;
#2178 = CARTESIAN_POINT ( 'NONE',  ( 1.599999999999999201, 0.2030000000000000138, -0.8749999999999998890 ) ) ;
#2179 = CARTESIAN_POINT ( 'NONE',  ( 1.250000000000000000, 0.2030000000000000693, 1.250000000000000222 ) ) ;
#2180 = ORIENTED_EDGE ( 'NONE', *, *, #6020, .F. ) ;
#2181 = ADVANCED_FACE ( 'NONE', ( #6599 ), #8235, .T. ) ;
#2182 = ORIENTED_EDGE ( 'NONE', *, *, #9116, .T. ) ;
#2183 = DIRECTION ( 'NONE',  ( -1.000000000000000000, 0.000000000000000000, 0.000000000000000000 ) ) ;
#2184 = CARTESIAN_POINT ( 'NONE',  ( 1.149999999999999911, 0.2030000000000000693, 1.150000000000000133 ) ) ;
#2185 = AXIS2_PLACEMENT_3D ( 'NONE', #2251, #440, #3104 ) ;
#2186 = ORIENTED_EDGE ( 'NONE', *, *, #10357, .T. ) ;
#2187 = CARTESIAN_POINT ( 'NONE',  ( 1.599999999999998979, 0.6746990566028303604, -0.6249999999999998890 ) ) ;
#2188 = APPLICATION_CONTEXT ( 'automotive_design' ) ;
#2189 = FACE_OUTER_BOUND ( 'NONE', #8001, .T. ) ;
#2190 = EDGE_CURVE ( 'NONE', #4851, #4607, #3037, .T. ) ;
#2191 = PLANE ( 'NONE',  #9677 ) ;
#2192 = EDGE_LOOP ( 'NONE', ( #2748, #8668, #6693, #5761 ) ) ;
#2193 = FACE_OUTER_BOUND ( 'NONE', #549, .T. ) ;
#2194 = VECTOR ( 'NONE', #5355, 1000.000000000000000 ) ;
#2195 = ORIENTED_EDGE ( 'NONE', *, *, #2366, .T. ) ;
#2196 = EDGE_LOOP ( 'NONE', ( #883, #8498, #8408, #8437 ) ) ;
#2197 = DIRECTION ( 'NONE',  ( -5.421010862427524142E-16, 0.000000000000000000, 1.000000000000000000 ) ) ;
#2198 = LINE ( 'NONE', #9984, #9275 ) ;
#2199 = ORIENTED_EDGE ( 'NONE', *, *, #506, .F. ) ;
#2200 = CARTESIAN_POINT ( 'NONE',  ( -0.1249999999999998890, 0.2030000000000000138, -1.600000000000000977 ) ) ;
#2201 = AXIS2_PLACEMENT_3D ( 'NONE', #7493, #9174, #4025 ) ;
#2202 = VECTOR ( 'NONE', #4390, 1000.000000000000000 ) ;
#2203 = CARTESIAN_POINT ( 'NONE',  ( -1.599999999999998979, 0.2030000000000000970, 1.899999999999999467 ) ) ;
#2204 = ORIENTED_EDGE ( 'NONE', *, *, #3122, .F. ) ;
#2205 = EDGE_CURVE ( 'NONE', #4184, #1262, #3071, .T. ) ;
#2206 = DIRECTION ( 'NONE',  ( 0.000000000000000000, 1.000000000000000000, 0.000000000000000000 ) ) ;
#2207 = DIRECTION ( 'NONE',  ( 0.000000000000000000, 0.000000000000000000, 1.000000000000000000 ) ) ;
#2208 = CARTESIAN_POINT ( 'NONE',  ( 1.900000000000005240, 0.1230000000000000954, 1.599999999999992539 ) ) ;
#2209 = DIRECTION ( 'NONE',  ( 1.000000000000000000, 0.000000000000000000, 0.000000000000000000 ) ) ;
#2210 = CARTESIAN_POINT ( 'NONE',  ( -0.8749999999999998890, 0.2030000000000000138, -1.600000000000000977 ) ) ;
#2211 = DIRECTION ( 'NONE',  ( -0.000000000000000000, -1.000000000000000000, -0.000000000000000000 ) ) ;
#2212 = FACE_OUTER_BOUND ( 'NONE', #6616, .T. ) ;
#2213 = LINE ( 'NONE', #4727, #5587 ) ;
#2214 = ORIENTED_EDGE ( 'NONE', *, *, #1171, .F. ) ;
#2215 = ORIENTED_EDGE ( 'NONE', *, *, #2531, .T. ) ;
#2216 = CARTESIAN_POINT ( 'NONE',  ( -1.124999999999999556, 0.2030000000000000138, 1.600000000000001421 ) ) ;
#2217 = VERTEX_POINT ( 'NONE', #7303 ) ;
#2218 = ADVANCED_FACE ( 'NONE', ( #10101 ), #6579, .T. ) ;
#2219 = CARTESIAN_POINT ( 'NONE',  ( -0.1249999999999998890, 0.2030000000000000138, -2.000000000000000888 ) ) ;
#2220 = PLANE ( 'NONE',  #6391 ) ;
#2221 = LINE ( 'NONE', #4666, #9386 ) ;
#2222 = EDGE_CURVE ( 'NONE', #5531, #907, #3109, .T. ) ;
#2223 = ORIENTED_EDGE ( 'NONE', *, *, #8146, .F. ) ;
#2224 = DIRECTION ( 'NONE',  ( 0.000000000000000000, -0.000000000000000000, 1.000000000000000000 ) ) ;
#2225 = AXIS2_PLACEMENT_3D ( 'NONE', #10516, #9074, #9900 ) ;
#2226 = EDGE_CURVE ( 'NONE', #5869, #2778, #6647, .T. ) ;
#2227 = LINE ( 'NONE', #6143, #5534 ) ;
#2228 = VECTOR ( 'NONE', #2305, 1000.000000000000000 ) ;
#2229 = DIRECTION ( 'NONE',  ( 1.000000000000000000, 0.000000000000000000, -5.421010862427524142E-16 ) ) ;
#2230 = ORIENTED_EDGE ( 'NONE', *, *, #5553, .F. ) ;
#2231 = ORIENTED_EDGE ( 'NONE', *, *, #9295, .F. ) ;
#2232 = CARTESIAN_POINT ( 'NONE',  ( 1.125000000000000666, 0.000000000000000000, 2.000000000000000888 ) ) ;
#2233 = DIRECTION ( 'NONE',  ( -0.000000000000000000, -1.000000000000000000, -0.000000000000000000 ) ) ;
#2234 = DIRECTION ( 'NONE',  ( -1.000000000000000000, 0.000000000000000000, 1.084202172485504434E-16 ) ) ;
#2235 = CARTESIAN_POINT ( 'NONE',  ( 2.500000000000000000, 0.000000000000000000, 0.000000000000000000 ) ) ;
#2236 = CARTESIAN_POINT ( 'NONE',  ( 0.3750000000000005551, 0.05000000000000000278, 0.000000000000000000 ) ) ;
#2237 = VECTOR ( 'NONE', #972, 1000.000000000000000 ) ;
#2238 = CARTESIAN_POINT ( 'NONE',  ( -1.999999999999999112, 0.2030000000000000138, -0.1249999999999998890 ) ) ;
#2239 = VERTEX_POINT ( 'NONE', #804 ) ;
#2240 = EDGE_CURVE ( 'NONE', #9796, #3581, #10199, .T. ) ;
#2241 = ADVANCED_FACE ( 'NONE', ( #6342 ), #7451, .F. ) ;
#2242 = LINE ( 'NONE', #10321, #5657 ) ;
#2243 = LINE ( 'NONE', #3743, #2084 ) ;
#2244 = UNCERTAINTY_MEASURE_WITH_UNIT (LENGTH_MEASURE( 1.000000000000000082E-05 ), #10387, 'distance_accuracy_value', 'NONE');
#2245 = EDGE_CURVE ( 'NONE', #6471, #7871, #3180, .T. ) ;
#2246 = DIRECTION ( 'NONE',  ( 1.000000000000000000, 0.000000000000000000, 5.421010862427524142E-16 ) ) ;
#2247 = EDGE_LOOP ( 'NONE', ( #2280, #4181, #7772, #6250 ) ) ;
#2248 = VERTEX_POINT ( 'NONE', #9065 ) ;
#2249 = CARTESIAN_POINT ( 'NONE',  ( -0.6249999999999994449, 0.2030000000000000138, 1.600000000000001421 ) ) ;
#2250 = FACE_OUTER_BOUND ( 'NONE', #3740, .T. ) ;
#2251 = CARTESIAN_POINT ( 'NONE',  ( 0.000000000000000000, 0.000000000000000000, 0.000000000000000000 ) ) ;
#2252 = LINE ( 'NONE', #8543, #5738 ) ;
#2253 = DIRECTION ( 'NONE',  ( 0.000000000000000000, 0.000000000000000000, -1.000000000000000000 ) ) ;
#2254 = ORIENTED_EDGE ( 'NONE', *, *, #9120, .F. ) ;
#2255 = VECTOR ( 'NONE', #4699, 1000.000000000000000 ) ;
#2256 = FACE_OUTER_BOUND ( 'NONE', #101, .T. ) ;
#2257 = ORIENTED_EDGE ( 'NONE', *, *, #3047, .F. ) ;
#2258 = ORIENTED_EDGE ( 'NONE', *, *, #9256, .F. ) ;
#2259 = EDGE_CURVE ( 'NONE', #9615, #1190, #3198, .T. ) ;
#2260 = CARTESIAN_POINT ( 'NONE',  ( 1.899999999999999467, 0.000000000000000000, -6.633814543801951797E-15 ) ) ;
#2261 = LINE ( 'NONE', #2714, #5900 ) ;
#2262 = EDGE_CURVE ( 'NONE', #95, #7509, #6360, .T. ) ;
#2263 = CARTESIAN_POINT ( 'NONE',  ( -1.730000000000016191, 0.2030000000000000970, -1.599999999999980771 ) ) ;
#2264 = LINE ( 'NONE', #1418, #5868 ) ;
#2265 = CARTESIAN_POINT ( 'NONE',  ( 1.125000000000000666, 0.2030000000000000138, 2.000000000000000888 ) ) ;
#2266 = AXIS2_PLACEMENT_3D ( 'NONE', #10132, #4927, #4865 ) ;
#2267 = ORIENTED_EDGE ( 'NONE', *, *, #8519, .F. ) ;
#2268 = CARTESIAN_POINT ( 'NONE',  ( 1.599999999999998979, 0.2030000000000000970, 1.375000000000000222 ) ) ;
#2269 = DIRECTION ( 'NONE',  ( -1.000000000000000000, 0.000000000000000000, -5.421010862427524142E-16 ) ) ;
#2270 = CARTESIAN_POINT ( 'NONE',  ( -1.999999999999999112, 0.000000000000000000, 0.3750000000000001110 ) ) ;
#2271 = CARTESIAN_POINT ( 'NONE',  ( 1.599999999999998979, 0.6746990566028303604, 1.375000000000000222 ) ) ;
#2272 = CARTESIAN_POINT ( 'NONE',  ( 1.125000000000000666, 0.2030000000000000138, 1.600000000000001421 ) ) ;
#2273 = CARTESIAN_POINT ( 'NONE',  ( -0.8749999999999998890, 0.6746990566028302494, -1.600000000000000977 ) ) ;
#2274 = EDGE_CURVE ( 'NONE', #10231, #300, #9921, .T. ) ;
#2275 = CARTESIAN_POINT ( 'NONE',  ( 1.900000000000005684, 0.2030000000000000693, 1.749999999999992450 ) ) ;
#2276 = CARTESIAN_POINT ( 'NONE',  ( -1.599999999999998979, 0.2030000000000000970, -1.899999999999999467 ) ) ;
#2277 = LINE ( 'NONE', #3127, #9031 ) ;
#2278 = LINE ( 'NONE', #2238, #2228 ) ;
#2279 = ORIENTED_EDGE ( 'NONE', *, *, #3567, .T. ) ;
#2280 = ORIENTED_EDGE ( 'NONE', *, *, #7240, .F. ) ;
#2281 = ADVANCED_FACE ( 'NONE', ( #3265 ), #3981, .F. ) ;
#2282 = AXIS2_PLACEMENT_3D ( 'NONE', #976, #4305, #9158 ) ;
#2283 = FACE_OUTER_BOUND ( 'NONE', #9575, .T. ) ;
#2284 = DIRECTION ( 'NONE',  ( -1.000000000000000000, 1.807003620809174632E-16, 0.000000000000000000 ) ) ;
#2285 = CARTESIAN_POINT ( 'NONE',  ( 1.999999999999999112, 0.2030000000000000970, 1.375000000000000222 ) ) ;
#2286 = FACE_OUTER_BOUND ( 'NONE', #903, .T. ) ;
#2287 = CARTESIAN_POINT ( 'NONE',  ( 0.3750000000000005551, 0.000000000000000000, 2.000000000000000888 ) ) ;
#2288 = VERTEX_POINT ( 'NONE', #9678 ) ;
#2289 = CARTESIAN_POINT ( 'NONE',  ( 0.000000000000000000, 0.05000000000000000278, 0.000000000000000000 ) ) ;
#2290 = AXIS2_PLACEMENT_3D ( 'NONE', #1962, #3391, #6853 ) ;
#2291 = LINE ( 'NONE', #1645, #2066 ) ;
#2292 = LINE ( 'NONE', #6672, #2112 ) ;
#2293 = CARTESIAN_POINT ( 'NONE',  ( -1.599999999999998979, 0.2030000000000000970, -1.899999999999999467 ) ) ;
#2294 = EDGE_CURVE ( 'NONE', #9062, #7717, #6828, .T. ) ;
#2295 = CARTESIAN_POINT ( 'NONE',  ( -1.999999999999999112, 0.04999999999999991257, -0.3749999999999996669 ) ) ;
#2296 = ORIENTED_EDGE ( 'NONE', *, *, #3147, .F. ) ;
#2297 = CARTESIAN_POINT ( 'NONE',  ( -1.599999999999998979, 0.1230000000000000954, -1.999999999999999556 ) ) ;
#2298 = ORIENTED_EDGE ( 'NONE', *, *, #3922, .T. ) ;
#2299 = DIRECTION ( 'NONE',  ( -0.000000000000000000, 0.000000000000000000, -1.000000000000000000 ) ) ;
#2300 = DIRECTION ( 'NONE',  ( -1.000000000000000000, 0.000000000000000000, 5.421010862427524142E-16 ) ) ;
#2301 =( LENGTH_UNIT ( ) NAMED_UNIT ( * ) SI_UNIT ( .MILLI., .METRE. ) );
#2302 = LINE ( 'NONE', #7177, #2346 ) ;
#2303 = ADVANCED_FACE ( 'NONE', ( #3528 ), #166, .F. ) ;
#2304 = VECTOR ( 'NONE', #6943, 1000.000000000000000 ) ;
#2305 = DIRECTION ( 'NONE',  ( -0.000000000000000000, 0.000000000000000000, 1.000000000000000000 ) ) ;
#2306 = ORIENTED_EDGE ( 'NONE', *, *, #7792, .F. ) ;
#2307 = LINE ( 'NONE', #3263, #5586 ) ;
#2308 = AXIS2_PLACEMENT_3D ( 'NONE', #41, #895, #1709 ) ;
#2309 = CARTESIAN_POINT ( 'NONE',  ( 1.599999999999999201, 0.6746990566028303604, 0.1250000000000001110 ) ) ;
#2310 = CARTESIAN_POINT ( 'NONE',  ( 1.900000000000005240, 0.1230000000000000954, 1.599999999999992539 ) ) ;
#2311 = ORIENTED_EDGE ( 'NONE', *, *, #2148, .F. ) ;
#2312 = VERTEX_POINT ( 'NONE', #1813 ) ;
#2313 = EDGE_CURVE ( 'NONE', #9816, #193, #52, .T. ) ;
#2314 = DIRECTION ( 'NONE',  ( 0.000000000000000000, -1.000000000000000000, 0.000000000000000000 ) ) ;
#2315 = LINE ( 'NONE', #2408, #9170 ) ;
#2316 = DIRECTION ( 'NONE',  ( -1.000000000000000000, -0.000000000000000000, -5.421010862427523156E-16 ) ) ;
#2317 =( NAMED_UNIT ( * ) SI_UNIT ( $, .STERADIAN. ) SOLID_ANGLE_UNIT ( ) );
#2318 = DIRECTION ( 'NONE',  ( 0.000000000000000000, -1.000000000000000000, 0.000000000000000000 ) ) ;
#2319 = FACE_OUTER_BOUND ( 'NONE', #793, .T. ) ;
#2320 = DIRECTION ( 'NONE',  ( -0.000000000000000000, -1.000000000000000000, -0.000000000000000000 ) ) ;
#2321 = VERTEX_POINT ( 'NONE', #3172 ) ;
#2322 = ADVANCED_FACE ( 'NONE', ( #10517 ), #3500, .T. ) ;
#2323 = VECTOR ( 'NONE', #4163, 1000.000000000000000 ) ;
#2324 = ORIENTED_EDGE ( 'NONE', *, *, #8631, .F. ) ;
#2325 =( GEOMETRIC_REPRESENTATION_CONTEXT ( 3 ) GLOBAL_UNCERTAINTY_ASSIGNED_CONTEXT ( ( #3687 ) ) GLOBAL_UNIT_ASSIGNED_CONTEXT ( ( #708, #2097, #9563 ) ) REPRESENTATION_CONTEXT ( 'NONE', 'WORKASPACE' ) );
#2326 = ORIENTED_EDGE ( 'NONE', *, *, #3394, .F. ) ;
#2327 = CARTESIAN_POINT ( 'NONE',  ( 1.729999999999993987, 0.1230000000000000954, -1.600000000000004974 ) ) ;
#2328 = EDGE_CURVE ( 'NONE', #2554, #4095, #10396, .T. ) ;
#2329 = FACE_OUTER_BOUND ( 'NONE', #8025, .T. ) ;
#2330 = PLANE ( 'NONE',  #7837 ) ;
#2331 = VECTOR ( 'NONE', #10207, 1000.000000000000000 ) ;
#2332 = DIRECTION ( 'NONE',  ( 0.000000000000000000, -1.000000000000000000, 0.000000000000000000 ) ) ;
#2333 = ORIENTED_EDGE ( 'NONE', *, *, #1499, .T. ) ;
#2334 = PLANE ( 'NONE',  #8338 ) ;
#2335 = DIRECTION ( 'NONE',  ( 1.000000000000000000, -0.000000000000000000, 0.000000000000000000 ) ) ;
#2336 = CARTESIAN_POINT ( 'NONE',  ( 1.250000000000000000, 3.738533905932738044, -1.249999999999999778 ) ) ;
#2337 = CARTESIAN_POINT ( 'NONE',  ( 1.599999999999998979, 0.000000000000000000, 0.8750000000000001110 ) ) ;
#2338 = PLANE ( 'NONE',  #8035 ) ;
#2339 = LINE ( 'NONE', #9027, #5839 ) ;
#2340 = LINE ( 'NONE', #1074, #2144 ) ;
#2341 = CARTESIAN_POINT ( 'NONE',  ( -1.999999999999999112, 0.2030000000000000138, -1.374999999999999778 ) ) ;
#2342 = ORIENTED_EDGE ( 'NONE', *, *, #9787, .F. ) ;
#2343 = ORIENTED_EDGE ( 'NONE', *, *, #2088, .T. ) ;
#2344 = EDGE_CURVE ( 'NONE', #2001, #7722, #3476, .T. ) ;
#2345 = AXIS2_PLACEMENT_3D ( 'NONE', #9813, #4801, #6251 ) ;
#2346 = VECTOR ( 'NONE', #5665, 1000.000000000000000 ) ;
#2347 = PLANE ( 'NONE',  #10435 ) ;
#2348 = EDGE_CURVE ( 'NONE', #2987, #9894, #6722, .T. ) ;
#2349 = DIRECTION ( 'NONE',  ( 0.000000000000000000, -0.000000000000000000, -1.000000000000000000 ) ) ;
#2350 = VECTOR ( 'NONE', #9667, 1000.000000000000000 ) ;
#2351 = EDGE_LOOP ( 'NONE', ( #1786, #8937, #1062, #5059 ) ) ;
#2352 = PLANE ( 'NONE',  #7107 ) ;
#2353 = SURFACE_SIDE_STYLE ('',( #5512 ) ) ;
#2354 = FACE_OUTER_BOUND ( 'NONE', #7607, .T. ) ;
#2355 = VECTOR ( 'NONE', #2399, 1000.000000000000000 ) ;
#2356 = CARTESIAN_POINT ( 'NONE',  ( -1.599999999999998979, 0.6746990566028303604, -1.125000000000000000 ) ) ;
#2357 = SURFACE_STYLE_USAGE ( .BOTH. , #3000 ) ;
#2358 = ORIENTED_EDGE ( 'NONE', *, *, #2121, .F. ) ;
#2359 = DIRECTION ( 'NONE',  ( 0.000000000000000000, -1.000000000000000000, 0.000000000000000000 ) ) ;
#2360 = ORIENTED_EDGE ( 'NONE', *, *, #6751, .F. ) ;
#2361 = DIRECTION ( 'NONE',  ( -1.000000000000000000, 0.000000000000000000, -5.421010862427524142E-16 ) ) ;
#2362 = LINE ( 'NONE', #4956, #6167 ) ;
#2363 = ADVANCED_FACE ( 'NONE', ( #6869 ), #5906, .F. ) ;
#2364 = CARTESIAN_POINT ( 'NONE',  ( 0.8750000000000005551, 0.6746990566028302494, 2.000000000000000888 ) ) ;
#2365 = PLANE ( 'NONE',  #1585 ) ;
#2366 = EDGE_CURVE ( 'NONE', #7906, #3846, #3332, .T. ) ;
#2367 = CIRCLE ( 'NONE', #1694, 0.1666666666666667407 ) ;
#2368 = UNCERTAINTY_MEASURE_WITH_UNIT (LENGTH_MEASURE( 1.000000000000000082E-05 ), #10162, 'distance_accuracy_value', 'NONE');
#2369 = VECTOR ( 'NONE', #6224, 1000.000000000000000 ) ;
#2370 = EDGE_CURVE ( 'NONE', #1845, #2964, #3440, .T. ) ;
#2371 = VERTEX_POINT ( 'NONE', #4487 ) ;
#2372 = SURFACE_STYLE_USAGE ( .BOTH. , #1607 ) ;
#2373 = EDGE_LOOP ( 'NONE', ( #9114, #7284, #5543, #5607 ) ) ;
#2374 = EDGE_CURVE ( 'NONE', #7750, #5609, #3423, .T. ) ;
#2375 = LINE ( 'NONE', #4894, #2393 ) ;
#2376 = PLANE ( 'NONE',  #622 ) ;
#2377 = CARTESIAN_POINT ( 'NONE',  ( -0.8749999999999998890, 0.000000000000000000, -1.600000000000000977 ) ) ;
#2378 = VERTEX_POINT ( 'NONE', #2762 ) ;
#2379 = EDGE_LOOP ( 'NONE', ( #4543, #1431, #1036, #1365 ) ) ;
#2380 = LINE ( 'NONE', #9634, #2724 ) ;
#2381 = CARTESIAN_POINT ( 'NONE',  ( -0.6249999999999998890, 0.2030000000000000138, -1.600000000000000977 ) ) ;
#2382 = DIRECTION ( 'NONE',  ( -1.000000000000000000, 0.000000000000000000, 1.084202172485504434E-16 ) ) ;
#2383 = AXIS2_PLACEMENT_3D ( 'NONE', #177, #10122, #6001 ) ;
#2384 = LINE ( 'NONE', #10135, #5717 ) ;
#2385 = CARTESIAN_POINT ( 'NONE',  ( -1.730000000000016191, 0.2030000000000000970, -1.599999999999980771 ) ) ;
#2386 = CARTESIAN_POINT ( 'NONE',  ( -1.749999999999998890, 0.1230000000000000676, 1.899999999999999467 ) ) ;
#2387 = LINE ( 'NONE', #2310, #5820 ) ;
#2388 = EDGE_LOOP ( 'NONE', ( #4684, #3509, #6631, #9283 ) ) ;
#2389 = DIRECTION ( 'NONE',  ( 8.673617379884037444E-16, -0.000000000000000000, 1.000000000000000000 ) ) ;
#2390 = EDGE_LOOP ( 'NONE', ( #3580, #6428, #4042, #8920 ) ) ;
#2391 = EDGE_CURVE ( 'NONE', #445, #6736, #10363, .T. ) ;
#2392 = LINE ( 'NONE', #6237, #9516 ) ;
#2393 = VECTOR ( 'NONE', #5922, 1000.000000000000000 ) ;
#2394 = EDGE_CURVE ( 'NONE', #8622, #10303, #6955, .T. ) ;
#2395 = EDGE_LOOP ( 'NONE', ( #10465, #65, #1302, #6040 ) ) ;
#2396 = DIRECTION ( 'NONE',  ( 8.673617379884037444E-16, -0.000000000000000000, 1.000000000000000000 ) ) ;
#2397 = ORIENTED_EDGE ( 'NONE', *, *, #4331, .F. ) ;
#2398 = FACE_OUTER_BOUND ( 'NONE', #10263, .T. ) ;
#2399 = DIRECTION ( 'NONE',  ( 0.000000000000000000, 0.000000000000000000, -1.000000000000000000 ) ) ;
#2400 = AXIS2_PLACEMENT_3D ( 'NONE', #2731, #1913, #511 ) ;
#2401 = LINE ( 'NONE', #5939, #5576 ) ;
#2402 = CARTESIAN_POINT ( 'NONE',  ( 0.8750000000000001110, 0.2030000000000000138, -1.600000000000000977 ) ) ;
#2403 = EDGE_CURVE ( 'NONE', #7183, #3657, #6936, .T. ) ;
#2404 = LINE ( 'NONE', #6918, #2369 ) ;
#2405 = DIRECTION ( 'NONE',  ( 0.000000000000000000, 0.000000000000000000, 1.000000000000000000 ) ) ;
#2406 = EDGE_LOOP ( 'NONE', ( #4441, #327, #5836, #7093 ) ) ;
#2407 = ORIENTED_EDGE ( 'NONE', *, *, #9006, .F. ) ;
#2408 = CARTESIAN_POINT ( 'NONE',  ( -1.599999999999998979, 0.2030000000000000138, -0.1249999999999998890 ) ) ;
#2409 = ADVANCED_FACE ( 'NONE', ( #3347 ), #7599, .T. ) ;
#2410 = CARTESIAN_POINT ( 'NONE',  ( 0.3750000000000005551, 0.2030000000000000138, 1.600000000000001421 ) ) ;
#2411 = DIRECTION ( 'NONE',  ( -0.000000000000000000, -1.000000000000000000, -0.000000000000000000 ) ) ;
#2412 = DIRECTION ( 'NONE',  ( 0.000000000000000000, 1.000000000000000000, -0.000000000000000000 ) ) ;
#2413 = DIRECTION ( 'NONE',  ( 1.047444401652940007E-14, -1.807003620809174632E-16, 1.000000000000000000 ) ) ;
#2414 = SURFACE_STYLE_FILL_AREA ( #3660 ) ;
#2415 = LINE ( 'NONE', #5239, #2355 ) ;
#2416 = EDGE_LOOP ( 'NONE', ( #7745, #8627, #939, #4987 ) ) ;
#2417 = VERTEX_POINT ( 'NONE', #9332 ) ;
#2418 = FACE_OUTER_BOUND ( 'NONE', #8322, .T. ) ;
#2419 = AXIS2_PLACEMENT_3D ( 'NONE', #7016, #9313, #3615 ) ;
#2420 = VECTOR ( 'NONE', #609, 1000.000000000000000 ) ;
#2421 =( GEOMETRIC_REPRESENTATION_CONTEXT ( 3 ) GLOBAL_UNCERTAINTY_ASSIGNED_CONTEXT ( ( #2913 ) ) GLOBAL_UNIT_ASSIGNED_CONTEXT ( ( #5941, #7776, #2163 ) ) REPRESENTATION_CONTEXT ( 'NONE', 'WORKASPACE' ) );
#2422 = DIRECTION ( 'NONE',  ( 0.000000000000000000, -1.000000000000000000, 0.000000000000000000 ) ) ;
#2423 = LINE ( 'NONE', #5164, #5887 ) ;
#2424 = EDGE_CURVE ( 'NONE', #7258, #8388, #3460, .T. ) ;
#2425 = EDGE_LOOP ( 'NONE', ( #6131, #1360, #1158, #9797 ) ) ;
#2426 = CARTESIAN_POINT ( 'NONE',  ( 2.500000000000000000, 0.2030000000000000138, 0.000000000000000000 ) ) ;
#2427 = ORIENTED_EDGE ( 'NONE', *, *, #5452, .T. ) ;
#2428 = DIRECTION ( 'NONE',  ( 0.000000000000000000, 0.000000000000000000, -1.000000000000000000 ) ) ;
#2429 = CARTESIAN_POINT ( 'NONE',  ( 1.599999999999998979, 0.6746990566028303604, 1.375000000000000222 ) ) ;
#2430 = VECTOR ( 'NONE', #4649, 1000.000000000000000 ) ;
#2431 = FACE_OUTER_BOUND ( 'NONE', #5888, .T. ) ;
#2432 = CARTESIAN_POINT ( 'NONE',  ( -1.599999999999999201, 0.6746990566028303604, 0.6250000000000001110 ) ) ;
#2433 = ORIENTED_EDGE ( 'NONE', *, *, #6364, .F. ) ;
#2434 = DIRECTION ( 'NONE',  ( -8.673617379884035472E-16, 0.000000000000000000, -1.000000000000000000 ) ) ;
#2435 = ORIENTED_EDGE ( 'NONE', *, *, #915, .F. ) ;
#2436 = SURFACE_STYLE_USAGE ( .BOTH. , #4033 ) ;
#2437 = DIRECTION ( 'NONE',  ( 0.000000000000000000, -0.000000000000000000, -1.000000000000000000 ) ) ;
#2438 = DIRECTION ( 'NONE',  ( -1.000000000000000000, 0.000000000000000000, 0.000000000000000000 ) ) ;
#2439 = DIRECTION ( 'NONE',  ( -0.000000000000000000, -0.000000000000000000, 1.000000000000000000 ) ) ;
#2440 = DIRECTION ( 'NONE',  ( -1.000000000000000000, 0.000000000000000000, 0.000000000000000000 ) ) ;
#2441 = VECTOR ( 'NONE', #141, 1000.000000000000000 ) ;
#2442 = AXIS2_PLACEMENT_3D ( 'NONE', #6252, #3019, #10154 ) ;
#2443 = VECTOR ( 'NONE', #5498, 1000.000000000000000 ) ;
#2444 = ORIENTED_EDGE ( 'NONE', *, *, #784, .F. ) ;
#2445 = CARTESIAN_POINT ( 'NONE',  ( -0.3749999999999994449, 0.6746990566028302494, 2.000000000000000888 ) ) ;
#2446 = VERTEX_POINT ( 'NONE', #4558 ) ;
#2447 = AXIS2_PLACEMENT_3D ( 'NONE', #2129, #2890, #10178 ) ;
#2448 = DIRECTION ( 'NONE',  ( 0.000000000000000000, 1.000000000000000000, 0.000000000000000000 ) ) ;
#2449 = VECTOR ( 'NONE', #9319, 1000.000000000000000 ) ;
#2450 = CARTESIAN_POINT ( 'NONE',  ( 1.599999999999998979, 0.6746990566028303604, -1.125000000000000000 ) ) ;
#2451 = PLANE ( 'NONE',  #9966 ) ;
#2452 = VERTEX_POINT ( 'NONE', #5189 ) ;
#2453 = ORIENTED_EDGE ( 'NONE', *, *, #4854, .F. ) ;
#2454 = ADVANCED_FACE ( 'NONE', ( #6848 ), #7118, .T. ) ;
#2455 = DIRECTION ( 'NONE',  ( 0.000000000000000000, 1.000000000000000000, 0.000000000000000000 ) ) ;
#2456 = LINE ( 'NONE', #8281, #2624 ) ;
#2457 = DIRECTION ( 'NONE',  ( 0.000000000000000000, -1.000000000000000000, 0.000000000000000000 ) ) ;
#2458 = DIRECTION ( 'NONE',  ( -0.000000000000000000, -0.000000000000000000, 1.000000000000000000 ) ) ;
#2459 = VECTOR ( 'NONE', #1589, 1000.000000000000000 ) ;
#2460 = ORIENTED_EDGE ( 'NONE', *, *, #5749, .T. ) ;
#2461 = CARTESIAN_POINT ( 'NONE',  ( 1.599999999999999201, 0.2030000000000000138, -0.3749999999999998890 ) ) ;
#2462 = MECHANICAL_DESIGN_GEOMETRIC_PRESENTATION_REPRESENTATION (  '', ( #10106 ), #3002 ) ;
#2463 = VERTEX_POINT ( 'NONE', #5464 ) ;
#2464 = EDGE_CURVE ( 'NONE', #9983, #445, #10418, .T. ) ;
#2465 = LINE ( 'NONE', #9426, #9556 ) ;
#2466 = LINE ( 'NONE', #9284, #9499 ) ;
#2467 = ORIENTED_EDGE ( 'NONE', *, *, #1055, .T. ) ;
#2468 = DIRECTION ( 'NONE',  ( 0.000000000000000000, -1.000000000000000000, 0.000000000000000000 ) ) ;
#2469 = ORIENTED_EDGE ( 'NONE', *, *, #6156, .F. ) ;
#2470 = FACE_OUTER_BOUND ( 'NONE', #3334, .T. ) ;
#2471 = DIRECTION ( 'NONE',  ( -6.309119421277206419E-31, -1.000000000000000000, -1.807003620809174878E-16 ) ) ;
#2472 = DIRECTION ( 'NONE',  ( 0.000000000000000000, 0.000000000000000000, -1.000000000000000000 ) ) ;
#2473 = CARTESIAN_POINT ( 'NONE',  ( 1.375000000000000222, 0.05000000000000000278, 0.000000000000000000 ) ) ;
#2474 = DIRECTION ( 'NONE',  ( 1.000000000000000000, 0.000000000000000000, 0.000000000000000000 ) ) ;
#2475 = ADVANCED_FACE ( 'NONE', ( #10502 ), #4345, .F. ) ;
#2476 = LINE ( 'NONE', #5404, #2646 ) ;
#2477 = DIRECTION ( 'NONE',  ( 0.000000000000000000, -1.000000000000000000, -0.000000000000000000 ) ) ;
#2478 = ORIENTED_EDGE ( 'NONE', *, *, #1643, .T. ) ;
#2479 = ORIENTED_EDGE ( 'NONE', *, *, #2689, .F. ) ;
#2480 = CARTESIAN_POINT ( 'NONE',  ( 1.149999999999999911, 0.05000000000000012768, 1.150000000000000133 ) ) ;
#2481 = DIRECTION ( 'NONE',  ( -0.000000000000000000, -0.000000000000000000, -1.000000000000000000 ) ) ;
#2482 = VECTOR ( 'NONE', #6753, 1000.000000000000000 ) ;
#2483 = EDGE_CURVE ( 'NONE', #8897, #10060, #6988, .T. ) ;
#2484 = DIRECTION ( 'NONE',  ( -1.000000000000000000, 0.000000000000000000, 0.000000000000000000 ) ) ;
#2485 = DIRECTION ( 'NONE',  ( 0.000000000000000000, -0.000000000000000000, -1.000000000000000000 ) ) ;
#2486 = DIRECTION ( 'NONE',  ( 0.000000000000000000, 0.000000000000000000, -1.000000000000000000 ) ) ;
#2487 = AXIS2_PLACEMENT_3D ( 'NONE', #5852, #3515, #2472 ) ;
#2488 = DIRECTION ( 'NONE',  ( 1.000000000000000000, -0.000000000000000000, -0.000000000000000000 ) ) ;
#2489 = VECTOR ( 'NONE', #528, 1000.000000000000000 ) ;
#2490 = VERTEX_POINT ( 'NONE', #6666 ) ;
#2491 = VERTEX_POINT ( 'NONE', #5822 ) ;
#2492 = VECTOR ( 'NONE', #4848, 1000.000000000000000 ) ;
#2493 = FACE_OUTER_BOUND ( 'NONE', #427, .T. ) ;
#2494 = DIRECTION ( 'NONE',  ( -1.807003620809174632E-16, -1.000000000000000000, 0.000000000000000000 ) ) ;
#2495 = DIRECTION ( 'NONE',  ( 1.000000000000000000, -0.000000000000000000, 5.421010862427524142E-16 ) ) ;
#2496 = VECTOR ( 'NONE', #5097, 1000.000000000000000 ) ;
#2497 = EDGE_LOOP ( 'NONE', ( #10103, #7366, #9011, #8718 ) ) ;
#2498 = DIRECTION ( 'NONE',  ( -0.000000000000000000, 0.000000000000000000, 1.000000000000000000 ) ) ;
#2499 = ORIENTED_EDGE ( 'NONE', *, *, #9641, .T. ) ;
#2500 = DIRECTION ( 'NONE',  ( 0.000000000000000000, -0.000000000000000000, 1.000000000000000000 ) ) ;
#2501 = DIRECTION ( 'NONE',  ( 0.000000000000000000, 0.000000000000000000, 1.000000000000000000 ) ) ;
#2502 = FACE_OUTER_BOUND ( 'NONE', #9635, .T. ) ;
#2503 = ADVANCED_FACE ( 'NONE', ( #6738 ), #6809, .T. ) ;
#2504 = LINE ( 'NONE', #1999, #5856 ) ;
#2505 = DIRECTION ( 'NONE',  ( 0.000000000000000000, 0.000000000000000000, 1.000000000000000000 ) ) ;
#2506 = ORIENTED_EDGE ( 'NONE', *, *, #7189, .T. ) ;
#2507 = CARTESIAN_POINT ( 'NONE',  ( -0.1249999999999994588, 0.000000000000000000, 1.600000000000001421 ) ) ;
#2508 = EDGE_LOOP ( 'NONE', ( #7680, #568, #8049, #4678 ) ) ;
#2509 = LINE ( 'NONE', #2219, #6069 ) ;
#2510 = EDGE_CURVE ( 'NONE', #1920, #7351, #3490, .T. ) ;
#2511 = CARTESIAN_POINT ( 'NONE',  ( -1.899999999999982814, 0.2030000000000000970, 1.600000000000018963 ) ) ;
#2512 = DIRECTION ( 'NONE',  ( 1.047444401652940007E-14, 1.807003620809174632E-16, 1.000000000000000000 ) ) ;
#2513 = VECTOR ( 'NONE', #9042, 1000.000000000000000 ) ;
#2514 = EDGE_CURVE ( 'NONE', #6958, #7661, #10535, .T. ) ;
#2515 = VERTEX_POINT ( 'NONE', #8361 ) ;
#2516 = EDGE_CURVE ( 'NONE', #10341, #6129, #3282, .T. ) ;
#2517 = DIRECTION ( 'NONE',  ( 1.000000000000000000, 0.000000000000000000, -3.491481338843133355E-15 ) ) ;
#2518 = ORIENTED_EDGE ( 'NONE', *, *, #3415, .T. ) ;
#2519 = LINE ( 'NONE', #8744, #9835 ) ;
#2520 = ORIENTED_EDGE ( 'NONE', *, *, #2274, .T. ) ;
#2521 = EDGE_CURVE ( 'NONE', #3531, #7783, #3508, .T. ) ;
#2522 = DIRECTION ( 'NONE',  ( 1.000000000000000000, 0.000000000000000000, -5.421010862427524142E-16 ) ) ;
#2523 = AXIS2_PLACEMENT_3D ( 'NONE', #8222, #1864, #8989 ) ;
#2524 = CARTESIAN_POINT ( 'NONE',  ( 1.250000000000000000, 0.05000000000000100198, -1.149999999999999689 ) ) ;
#2525 = ORIENTED_EDGE ( 'NONE', *, *, #4394, .F. ) ;
#2526 = ORIENTED_EDGE ( 'NONE', *, *, #4977, .F. ) ;
#2527 = FACE_OUTER_BOUND ( 'NONE', #7499, .T. ) ;
#2528 = DIRECTION ( 'NONE',  ( -0.000000000000000000, 0.000000000000000000, 1.000000000000000000 ) ) ;
#2529 = MANIFOLD_SOLID_BREP ( 'LPattern4[9]', #9940 ) ;
#2530 = CARTESIAN_POINT ( 'NONE',  ( 0.000000000000000000, 0.000000000000000000, 2.000000000000000000 ) ) ;
#2531 = EDGE_CURVE ( 'NONE', #6392, #139, #32, .T. ) ;
#2532 = LINE ( 'NONE', #848, #6035 ) ;
#2533 = DIRECTION ( 'NONE',  ( 8.673617379884037444E-16, 0.000000000000000000, -1.000000000000000000 ) ) ;
#2534 = CARTESIAN_POINT ( 'NONE',  ( -1.599999999999998979, 0.2030000000000000138, -1.125000000000000000 ) ) ;
#2535 = EDGE_CURVE ( 'NONE', #1684, #7626, #6794, .T. ) ;
#2536 = LINE ( 'NONE', #5877, #10067 ) ;
#2537 = ORIENTED_EDGE ( 'NONE', *, *, #506, .T. ) ;
#2538 = DIRECTION ( 'NONE',  ( -1.000000000000000000, 0.000000000000000000, 8.673617379884037444E-16 ) ) ;
#2539 = ORIENTED_EDGE ( 'NONE', *, *, #3297, .T. ) ;
#2540 = LINE ( 'NONE', #7037, #9629 ) ;
#2541 = AXIS2_PLACEMENT_3D ( 'NONE', #4105, #8204, #2500 ) ;
#2542 = EDGE_LOOP ( 'NONE', ( #5778, #10499, #4026, #1940 ) ) ;
#2543 = EDGE_CURVE ( 'NONE', #786, #6030, #6884, .T. ) ;
#2544 = ORIENTED_EDGE ( 'NONE', *, *, #6526, .F. ) ;
#2545 = PLANE ( 'NONE',  #6543 ) ;
#2546 = EDGE_LOOP ( 'NONE', ( #605, #7546, #4294, #4219 ) ) ;
#2547 = LINE ( 'NONE', #9716, #9481 ) ;
#2548 = ADVANCED_FACE ( 'NONE', ( #7209 ), #1595, .F. ) ;
#2549 = CARTESIAN_POINT ( 'NONE',  ( -0.3749999999999994449, 0.2030000000000000138, 1.600000000000001421 ) ) ;
#2550 = CARTESIAN_POINT ( 'NONE',  ( 0.8750000000000005551, 0.2030000000000000138, 1.600000000000001421 ) ) ;
#2551 = LINE ( 'NONE', #9566, #6201 ) ;
#2552 = DIRECTION ( 'NONE',  ( -1.000000000000000000, 0.000000000000000000, 0.000000000000000000 ) ) ;
#2553 = LINE ( 'NONE', #9862, #2459 ) ;
#2554 = VERTEX_POINT ( 'NONE', #9253 ) ;
#2555 = ORIENTED_EDGE ( 'NONE', *, *, #9527, .F. ) ;
#2556 = CARTESIAN_POINT ( 'NONE',  ( -1.999999999999999112, 0.000000000000000000, -0.6249999999999998890 ) ) ;
#2557 = PRESENTATION_STYLE_ASSIGNMENT (( #5837 ) ) ;
#2558 = CARTESIAN_POINT ( 'NONE',  ( 1.599999999999998979, 0.2030000000000000970, -1.729999999999999538 ) ) ;
#2559 = VERTEX_POINT ( 'NONE', #9184 ) ;
#2560 = DIRECTION ( 'NONE',  ( 0.000000000000000000, 0.000000000000000000, -1.000000000000000000 ) ) ;
#2561 = SURFACE_STYLE_FILL_AREA ( #1669 ) ;
#2562 = LINE ( 'NONE', #5583, #5951 ) ;
#2563 = AXIS2_PLACEMENT_3D ( 'NONE', #9917, #2632, #5082 ) ;
#2564 = AXIS2_PLACEMENT_3D ( 'NONE', #2235, #4652, #6308 ) ;
#2565 = ORIENTED_EDGE ( 'NONE', *, *, #3271, .F. ) ;
#2566 = ORIENTED_EDGE ( 'NONE', *, *, #1780, .T. ) ;
#2567 = EDGE_CURVE ( 'NONE', #9931, #3974, #197, .T. ) ;
#2568 = DIRECTION ( 'NONE',  ( 1.000000000000000000, 3.614007241618349264E-16, 0.000000000000000000 ) ) ;
#2569 = PLANE ( 'NONE',  #4551 ) ;
#2570 = ADVANCED_FACE ( 'NONE', ( #3808 ), #4259, .T. ) ;
#2571 = LINE ( 'NONE', #1202, #5979 ) ;
#2572 = VERTEX_POINT ( 'NONE', #10017 ) ;
#2573 = ORIENTED_EDGE ( 'NONE', *, *, #7690, .F. ) ;
#2574 = CARTESIAN_POINT ( 'NONE',  ( -1.599999999999998979, 0.000000000000000000, 1.375000000000000222 ) ) ;
#2575 = DIRECTION ( 'NONE',  ( 0.000000000000000000, 0.000000000000000000, -1.000000000000000000 ) ) ;
#2576 = CIRCLE ( 'NONE', #10066, 0.1000000000000000472 ) ;
#2577 = ORIENTED_EDGE ( 'NONE', *, *, #3684, .T. ) ;
#2578 = VECTOR ( 'NONE', #2440, 1000.000000000000000 ) ;
#2579 = LINE ( 'NONE', #5202, #9476 ) ;
#2580 = PLANE ( 'NONE',  #2683 ) ;
#2581 = EDGE_LOOP ( 'NONE', ( #6305, #458, #399, #1054 ) ) ;
#2582 = AXIS2_PLACEMENT_3D ( 'NONE', #5034, #7793, #7489 ) ;
#2583 = DIRECTION ( 'NONE',  ( 1.000000000000000000, 0.000000000000000000, 0.000000000000000000 ) ) ;
#2584 = VERTEX_POINT ( 'NONE', #3483 ) ;
#2585 = CARTESIAN_POINT ( 'NONE',  ( -1.999999999999999112, 0.2030000000000000138, -0.8749999999999996669 ) ) ;
#2586 = CARTESIAN_POINT ( 'NONE',  ( 0.8750000000000005551, 0.2030000000000000138, 1.600000000000001421 ) ) ;
#2587 = EDGE_CURVE ( 'NONE', #3311, #4885, #7367, .T. ) ;
#2588 = SURFACE_STYLE_USAGE ( .BOTH. , #8290 ) ;
#2589 = LINE ( 'NONE', #5615, #2513 ) ;
#2590 =( GEOMETRIC_REPRESENTATION_CONTEXT ( 3 ) GLOBAL_UNCERTAINTY_ASSIGNED_CONTEXT ( ( #1638 ) ) GLOBAL_UNIT_ASSIGNED_CONTEXT ( ( #3867, #7914, #4707 ) ) REPRESENTATION_CONTEXT ( 'NONE', 'WORKASPACE' ) );
#2591 = VECTOR ( 'NONE', #4978, 1000.000000000000000 ) ;
#2592 = ORIENTED_EDGE ( 'NONE', *, *, #5011, .T. ) ;
#2593 = DIRECTION ( 'NONE',  ( 8.673617379884037444E-16, 0.000000000000000000, -1.000000000000000000 ) ) ;
#2594 = VERTEX_POINT ( 'NONE', #8133 ) ;
#2595 = FACE_OUTER_BOUND ( 'NONE', #3021, .T. ) ;
#2596 = ADVANCED_FACE ( 'NONE', ( #348 ), #145, .F. ) ;
#2597 = ORIENTED_EDGE ( 'NONE', *, *, #2348, .F. ) ;
#2598 = DIRECTION ( 'NONE',  ( -0.000000000000000000, -1.000000000000000000, -0.000000000000000000 ) ) ;
#2599 = PRESENTATION_STYLE_ASSIGNMENT (( #2588 ) ) ;
#2600 = LINE ( 'NONE', #8555, #2449 ) ;
#2601 = DIRECTION ( 'NONE',  ( -8.673617379884037444E-16, 0.000000000000000000, 1.000000000000000000 ) ) ;
#2602 = VERTEX_POINT ( 'NONE', #1531 ) ;
#2603 = ORIENTED_EDGE ( 'NONE', *, *, #9341, .F. ) ;
#2604 = FACE_BOUND ( 'NONE', #9080, .T. ) ;
#2605 = CARTESIAN_POINT ( 'NONE',  ( 1.149999999999999911, 0.2030000000000000693, 1.250000000000000222 ) ) ;
#2606 = AXIS2_PLACEMENT_3D ( 'NONE', #10500, #3236, #1741 ) ;
#2607 = LINE ( 'NONE', #9176, #5944 ) ;
#2608 = DIRECTION ( 'NONE',  ( 1.000000000000000000, -0.000000000000000000, 0.000000000000000000 ) ) ;
#2609 = EDGE_CURVE ( 'NONE', #7291, #5538, #422, .T. ) ;
#2610 = CARTESIAN_POINT ( 'NONE',  ( -1.749999999999998890, 0.2030000000000000693, 1.899999999999999467 ) ) ;
#2611 = LINE ( 'NONE', #3868, #2766 ) ;
#2612 = ORIENTED_EDGE ( 'NONE', *, *, #5559, .T. ) ;
#2613 = CARTESIAN_POINT ( 'NONE',  ( -1.599999999999999201, 0.6746990566028303604, 1.125000000000000222 ) ) ;
#2614 = ORIENTED_EDGE ( 'NONE', *, *, #6451, .F. ) ;
#2615 = COLOUR_RGB ( '',0.7921568627450980005, 0.8196078431372548767, 0.9333333333333333481 ) ;
#2616 = VERTEX_POINT ( 'NONE', #6953 ) ;
#2617 = LINE ( 'NONE', #9875, #6138 ) ;
#2618 = LINE ( 'NONE', #9076, #9612 ) ;
#2619 = EDGE_LOOP ( 'NONE', ( #752, #4371, #3013, #453 ) ) ;
#2620 = CARTESIAN_POINT ( 'NONE',  ( -1.600000000000000311, 0.05000000000000000278, 1.387778780781446267E-15 ) ) ;
#2621 = EDGE_LOOP ( 'NONE', ( #6710, #5728, #10352, #9691 ) ) ;
#2622 = LINE ( 'NONE', #8272, #2492 ) ;
#2623 = EDGE_CURVE ( 'NONE', #2865, #10123, #7439, .T. ) ;
#2624 = VECTOR ( 'NONE', #3410, 1000.000000000000000 ) ;
#2625 = CARTESIAN_POINT ( 'NONE',  ( 0.8750000000000005551, 0.04999999999999969746, 2.000000000000000888 ) ) ;
#2626 = VECTOR ( 'NONE', #840, 1000.000000000000000 ) ;
#2627 = DIRECTION ( 'NONE',  ( 1.047444401652940007E-14, -1.807003620809174632E-16, 1.000000000000000000 ) ) ;
#2628 = EDGE_CURVE ( 'NONE', #1711, #5450, #3859, .T. ) ;
#2629 = ORIENTED_EDGE ( 'NONE', *, *, #5170, .F. ) ;
#2630 = ORIENTED_EDGE ( 'NONE', *, *, #9879, .F. ) ;
#2631 = LINE ( 'NONE', #4275, #6313 ) ;
#2632 = DIRECTION ( 'NONE',  ( 1.047444401652940007E-14, -0.000000000000000000, 1.000000000000000000 ) ) ;
#2633 = DIRECTION ( 'NONE',  ( -1.000000000000000000, 0.000000000000000000, 0.000000000000000000 ) ) ;
#2634 = ORIENTED_EDGE ( 'NONE', *, *, #659, .T. ) ;
#2635 = FILL_AREA_STYLE_COLOUR ( '', #3862 ) ;
#2636 = DIRECTION ( 'NONE',  ( -1.000000000000000000, 0.000000000000000000, -1.734723475976807587E-16 ) ) ;
#2637 = LINE ( 'NONE', #5277, #9459 ) ;
#2638 = LINE ( 'NONE', #10174, #2489 ) ;
#2639 = ORIENTED_EDGE ( 'NONE', *, *, #10181, .F. ) ;
#2640 = ORIENTED_EDGE ( 'NONE', *, *, #8382, .F. ) ;
#2641 = PRESENTATION_STYLE_ASSIGNMENT (( #6076 ) ) ;
#2642 = ADVANCED_FACE ( 'NONE', ( #7454 ), #1361, .F. ) ;
#2643 = LINE ( 'NONE', #8975, #6072 ) ;
#2644 = DIRECTION ( 'NONE',  ( -0.000000000000000000, -1.000000000000000000, -0.000000000000000000 ) ) ;
#2645 = DIRECTION ( 'NONE',  ( 0.000000000000000000, 0.000000000000000000, -1.000000000000000000 ) ) ;
#2646 = VECTOR ( 'NONE', #6006, 1000.000000000000000 ) ;
#2647 = ORIENTED_EDGE ( 'NONE', *, *, #3949, .F. ) ;
#2648 = CARTESIAN_POINT ( 'NONE',  ( -1.149999999999999911, 0.05000000000000000278, 1.249999999999999778 ) ) ;
#2649 = ORIENTED_EDGE ( 'NONE', *, *, #5267, .F. ) ;
#2650 = DIRECTION ( 'NONE',  ( 0.000000000000000000, 0.000000000000000000, -1.000000000000000000 ) ) ;
#2651 = EDGE_CURVE ( 'NONE', #8946, #3741, #232, .T. ) ;
#2652 = DIRECTION ( 'NONE',  ( 0.000000000000000000, 0.000000000000000000, -1.000000000000000000 ) ) ;
#2653 = VECTOR ( 'NONE', #6685, 1000.000000000000000 ) ;
#2654 = ORIENTED_EDGE ( 'NONE', *, *, #682, .T. ) ;
#2655 = VECTOR ( 'NONE', #4261, 1000.000000000000000 ) ;
#2656 = FACE_OUTER_BOUND ( 'NONE', #1044, .T. ) ;
#2657 = EDGE_CURVE ( 'NONE', #1795, #839, #367, .T. ) ;
#2658 = CARTESIAN_POINT ( 'NONE',  ( 1.999999999999999112, 0.6746990566028303604, 1.375000000000000222 ) ) ;
#2659 = ORIENTED_EDGE ( 'NONE', *, *, #8875, .T. ) ;
#2660 = ORIENTED_EDGE ( 'NONE', *, *, #1780, .F. ) ;
#2661 = VECTOR ( 'NONE', #8763, 1000.000000000000000 ) ;
#2662 = AXIS2_PLACEMENT_3D ( 'NONE', #6862, #192, #48 ) ;
#2663 = CARTESIAN_POINT ( 'NONE',  ( -1.599999999999998979, 0.6746990566028303604, -1.125000000000000000 ) ) ;
#2664 = DIRECTION ( 'NONE',  ( 1.000000000000000000, 0.000000000000000000, -3.491481338843133355E-15 ) ) ;
#2665 = DIRECTION ( 'NONE',  ( 0.000000000000000000, 1.000000000000000000, 0.000000000000000000 ) ) ;
#2666 = LINE ( 'NONE', #4925, #6149 ) ;
#2667 = EDGE_CURVE ( 'NONE', #516, #1352, #7164, .T. ) ;
#2668 = ADVANCED_FACE ( 'NONE', ( #7386 ), #3760, .T. ) ;
#2669 = FACE_OUTER_BOUND ( 'NONE', #9478, .T. ) ;
#2670 = ORIENTED_EDGE ( 'NONE', *, *, #9341, .T. ) ;
#2671 = CARTESIAN_POINT ( 'NONE',  ( -0.6249999999999998890, 0.2030000000000000138, -2.000000000000000888 ) ) ;
#2672 = ORIENTED_EDGE ( 'NONE', *, *, #5273, .F. ) ;
#2673 = ORIENTED_EDGE ( 'NONE', *, *, #2587, .T. ) ;
#2674 = DIRECTION ( 'NONE',  ( -0.000000000000000000, -1.000000000000000000, -0.000000000000000000 ) ) ;
#2675 = AXIS2_PLACEMENT_3D ( 'NONE', #614, #691, #2139 ) ;
#2676 = FACE_OUTER_BOUND ( 'NONE', #8970, .T. ) ;
#2677 = DIRECTION ( 'NONE',  ( 8.673617379884037444E-16, 0.000000000000000000, 1.000000000000000000 ) ) ;
#2678 = VERTEX_POINT ( 'NONE', #1287 ) ;
#2679 = VERTEX_POINT ( 'NONE', #3309 ) ;
#2680 = VECTOR ( 'NONE', #702, 1000.000000000000000 ) ;
#2681 = CARTESIAN_POINT ( 'NONE',  ( -1.899999999999981259, 0.2030000000000000693, 1.750000000000018874 ) ) ;
#2682 = CARTESIAN_POINT ( 'NONE',  ( -1.599999999999998979, 0.6746990566028303604, 0.8750000000000001110 ) ) ;
#2683 = AXIS2_PLACEMENT_3D ( 'NONE', #8356, #4323, #6446 ) ;
#2684 = VECTOR ( 'NONE', #4539, 1000.000000000000000 ) ;
#2685 = DIRECTION ( 'NONE',  ( 0.000000000000000000, 1.000000000000000000, 0.000000000000000000 ) ) ;
#2686 = SURFACE_STYLE_USAGE ( .BOTH. , #2014 ) ;
#2687 = CARTESIAN_POINT ( 'NONE',  ( 1.375000000000000666, 0.000000000000000000, 2.000000000000000888 ) ) ;
#2688 = VECTOR ( 'NONE', #355, 1000.000000000000000 ) ;
#2689 = EDGE_CURVE ( 'NONE', #766, #6013, #163, .T. ) ;
#2690 = ORIENTED_EDGE ( 'NONE', *, *, #10298, .F. ) ;
#2691 = DIRECTION ( 'NONE',  ( 8.673617379884037444E-16, 0.000000000000000000, 1.000000000000000000 ) ) ;
#2692 = ORIENTED_EDGE ( 'NONE', *, *, #7390, .T. ) ;
#2693 = AXIS2_PLACEMENT_3D ( 'NONE', #1559, #9893, #5573 ) ;
#2694 = VECTOR ( 'NONE', #5249, 1000.000000000000000 ) ;
#2695 = ADVANCED_FACE ( 'NONE', ( #442 ), #948, .F. ) ;
#2696 = VERTEX_POINT ( 'NONE', #4947 ) ;
#2697 = LINE ( 'NONE', #9943, #2891 ) ;
#2698 = EDGE_LOOP ( 'NONE', ( #2155, #4356, #5330, #4066 ) ) ;
#2699 = PLANE ( 'NONE',  #4265 ) ;
#2700 = CARTESIAN_POINT ( 'NONE',  ( 1.599999999999999201, 0.2030000000000000138, -0.3749999999999998890 ) ) ;
#2701 = ORIENTED_EDGE ( 'NONE', *, *, #8102, .F. ) ;
#2702 = DIRECTION ( 'NONE',  ( -0.000000000000000000, -1.000000000000000000, -0.000000000000000000 ) ) ;
#2703 =( NAMED_UNIT ( * ) SI_UNIT ( $, .STERADIAN. ) SOLID_ANGLE_UNIT ( ) );
#2704 = LINE ( 'NONE', #713, #9582 ) ;
#2705 = DIRECTION ( 'NONE',  ( 1.000000000000000000, -0.000000000000000000, -3.491481338843133355E-15 ) ) ;
#2706 = PLANE ( 'NONE',  #3375 ) ;
#2707 = AXIS2_PLACEMENT_3D ( 'NONE', #188, #1834, #8463 ) ;
#2708 = FACE_OUTER_BOUND ( 'NONE', #1700, .T. ) ;
#2709 = DIRECTION ( 'NONE',  ( 1.000000000000000000, -0.000000000000000000, -0.000000000000000000 ) ) ;
#2710 = VERTEX_POINT ( 'NONE', #4211 ) ;
#2711 = ORIENTED_EDGE ( 'NONE', *, *, #6872, .F. ) ;
#2712 = CARTESIAN_POINT ( 'NONE',  ( -1.250000000000000000, 0.2030000000000000693, 1.149999999999999023 ) ) ;
#2713 = EDGE_CURVE ( 'NONE', #7920, #4754, #7289, .T. ) ;
#2714 = CARTESIAN_POINT ( 'NONE',  ( 1.999999999999999112, 0.6746990566028303604, 0.6250000000000003331 ) ) ;
#2715 = LINE ( 'NONE', #2682, #9497 ) ;
#2716 = CARTESIAN_POINT ( 'NONE',  ( -1.729999999999982885, 0.2030000000000000970, 1.600000000000017186 ) ) ;
#2717 = VERTEX_POINT ( 'NONE', #1691 ) ;
#2718 = DIRECTION ( 'NONE',  ( -0.000000000000000000, -0.000000000000000000, -1.000000000000000000 ) ) ;
#2719 = CARTESIAN_POINT ( 'NONE',  ( 1.149999999999999911, 0.2030000000000000693, -1.149999999999999689 ) ) ;
#2720 = PRESENTATION_STYLE_ASSIGNMENT (( #5214 ) ) ;
#2721 = DIRECTION ( 'NONE',  ( 0.000000000000000000, -1.000000000000000000, 0.000000000000000000 ) ) ;
#2722 = ORIENTED_EDGE ( 'NONE', *, *, #3087, .T. ) ;
#2723 = ORIENTED_EDGE ( 'NONE', *, *, #3930, .T. ) ;
#2724 = VECTOR ( 'NONE', #10203, 1000.000000000000000 ) ;
#2725 = CARTESIAN_POINT ( 'NONE',  ( 1.749999999999998890, 0.2030000000000000693, 1.999999999999999556 ) ) ;
#2726 = LINE ( 'NONE', #7692, #2745 ) ;
#2727 = VERTEX_POINT ( 'NONE', #7525 ) ;
#2728 = STYLED_ITEM ( 'NONE', ( #2978 ), #2154 ) ;
#2729 = CARTESIAN_POINT ( 'NONE',  ( -1.900000000000017675, 0.2030000000000000693, -1.749999999999978906 ) ) ;
#2730 = ORIENTED_EDGE ( 'NONE', *, *, #3516, .F. ) ;
#2731 = CARTESIAN_POINT ( 'NONE',  ( -1.599999999999998979, 0.6746990566028303604, -0.6249999999999998890 ) ) ;
#2732 = LINE ( 'NONE', #7967, #6223 ) ;
#2733 = EDGE_LOOP ( 'NONE', ( #1060, #4685, #4891, #4914 ) ) ;
#2734 = EDGE_CURVE ( 'NONE', #4776, #8271, #3695, .T. ) ;
#2735 = LINE ( 'NONE', #2789, #5907 ) ;
#2736 = CARTESIAN_POINT ( 'NONE',  ( 0.1250000000000005551, 0.2030000000000000138, 1.600000000000001421 ) ) ;
#2737 = EDGE_LOOP ( 'NONE', ( #2672, #9646, #8202, #4843 ) ) ;
#2738 = PLANE ( 'NONE',  #8460 ) ;
#2739 = ORIENTED_EDGE ( 'NONE', *, *, #3949, .T. ) ;
#2740 = COLOUR_RGB ( '',0.7921568627450980005, 0.8196078431372548767, 0.9333333333333333481 ) ;
#2741 = DIRECTION ( 'NONE',  ( 1.000000000000000000, 1.807003620809174632E-16, 0.000000000000000000 ) ) ;
#2742 = ADVANCED_FACE ( 'NONE', ( #311 ), #5001, .F. ) ;
#2743 = PLANE ( 'NONE',  #6097 ) ;
#2744 = FACE_OUTER_BOUND ( 'NONE', #4347, .T. ) ;
#2745 = VECTOR ( 'NONE', #10274, 1000.000000000000000 ) ;
#2746 = ORIENTED_EDGE ( 'NONE', *, *, #482, .T. ) ;
#2747 = CARTESIAN_POINT ( 'NONE',  ( -0.6249999999999994449, 0.2030000000000000138, 1.600000000000001421 ) ) ;
#2748 = ORIENTED_EDGE ( 'NONE', *, *, #7665, .F. ) ;
#2749 = SURFACE_STYLE_FILL_AREA ( #8378 ) ;
#2750 = EDGE_CURVE ( 'NONE', #4498, #6179, #3880, .T. ) ;
#2751 = ORIENTED_EDGE ( 'NONE', *, *, #127, .T. ) ;
#2752 = CARTESIAN_POINT ( 'NONE',  ( -1.125000000000000000, 0.6746990566028302494, -1.600000000000000977 ) ) ;
#2753 = LINE ( 'NONE', #5505, #6247 ) ;
#2754 = PLANE ( 'NONE',  #10129 ) ;
#2755 = EDGE_CURVE ( 'NONE', #7212, #7183, #147, .T. ) ;
#2756 = ORIENTED_EDGE ( 'NONE', *, *, #4217, .F. ) ;
#2757 = ORIENTED_EDGE ( 'NONE', *, *, #6541, .F. ) ;
#2758 = VECTOR ( 'NONE', #5604, 1000.000000000000000 ) ;
#2759 = DIRECTION ( 'NONE',  ( 0.000000000000000000, 1.000000000000000000, 0.000000000000000000 ) ) ;
#2760 = CARTESIAN_POINT ( 'NONE',  ( 1.599999999999998979, 0.6746990566028303604, -0.1249999999999998890 ) ) ;
#2761 = VECTOR ( 'NONE', #4516, 1000.000000000000000 ) ;
#2762 = CARTESIAN_POINT ( 'NONE',  ( -0.1249999999999998890, 0.000000000000000000, -1.600000000000000977 ) ) ;
#2763 = DIRECTION ( 'NONE',  ( 0.000000000000000000, 0.000000000000000000, -1.000000000000000000 ) ) ;
#2764 = PLANE ( 'NONE',  #438 ) ;
#2765 = ADVANCED_FACE ( 'NONE', ( #71 ), #9962, .T. ) ;
#2766 = VECTOR ( 'NONE', #2920, 1000.000000000000000 ) ;
#2767 = ORIENTED_EDGE ( 'NONE', *, *, #10490, .F. ) ;
#2768 = VERTEX_POINT ( 'NONE', #4140 ) ;
#2769 = LINE ( 'NONE', #6826, #6261 ) ;
#2770 = ORIENTED_EDGE ( 'NONE', *, *, #1547, .F. ) ;
#2771 = LINE ( 'NONE', #7955, #10072 ) ;
#2772 = EDGE_CURVE ( 'NONE', #7348, #9387, #7476, .T. ) ;
#2773 = ORIENTED_EDGE ( 'NONE', *, *, #6289, .F. ) ;
#2774 = PLANE ( 'NONE',  #6473 ) ;
#2775 = VERTEX_POINT ( 'NONE', #8091 ) ;
#2776 = VECTOR ( 'NONE', #5950, 1000.000000000000000 ) ;
#2777 = EDGE_CURVE ( 'NONE', #7697, #2987, #3790, .T. ) ;
#2778 = VERTEX_POINT ( 'NONE', #8868 ) ;
#2779 = CARTESIAN_POINT ( 'NONE',  ( -1.124999999999999556, 0.04999999999999999584, 1.600000000000001421 ) ) ;
#2780 = CARTESIAN_POINT ( 'NONE',  ( -1.899999999999982592, 0.2030000000000000970, 1.600000000000018963 ) ) ;
#2781 = DIRECTION ( 'NONE',  ( 0.000000000000000000, -1.000000000000000000, 0.000000000000000000 ) ) ;
#2782 = VECTOR ( 'NONE', #9788, 1000.000000000000000 ) ;
#2783 = PLANE ( 'NONE',  #5815 ) ;
#2784 = ORIENTED_EDGE ( 'NONE', *, *, #7764, .F. ) ;
#2785 = ORIENTED_EDGE ( 'NONE', *, *, #10008, .T. ) ;
#2786 = DIRECTION ( 'NONE',  ( -0.000000000000000000, -0.000000000000000000, -1.000000000000000000 ) ) ;
#2787 = DIRECTION ( 'NONE',  ( 0.000000000000000000, 0.000000000000000000, -1.000000000000000000 ) ) ;
#2788 = ADVANCED_FACE ( 'NONE', ( #7148 ), #876, .T. ) ;
#2789 = CARTESIAN_POINT ( 'NONE',  ( -0.3749999999999994449, 0.6746990566028302494, 1.600000000000001421 ) ) ;
#2790 = ORIENTED_EDGE ( 'NONE', *, *, #3274, .T. ) ;
#2791 =( NAMED_UNIT ( * ) PLANE_ANGLE_UNIT ( ) SI_UNIT ( $, .RADIAN. ) );
#2792 = SURFACE_SIDE_STYLE ('',( #7669 ) ) ;
#2793 = LINE ( 'NONE', #7730, #9802 ) ;
#2794 = ORIENTED_EDGE ( 'NONE', *, *, #251, .T. ) ;
#2795 = ORIENTED_EDGE ( 'NONE', *, *, #8268, .F. ) ;
#2796 = ORIENTED_EDGE ( 'NONE', *, *, #8011, .F. ) ;
#2797 = EDGE_CURVE ( 'NONE', #7555, #10380, #7094, .T. ) ;
#2798 = PLANE ( 'NONE',  #4397 ) ;
#2799 =( NAMED_UNIT ( * ) PLANE_ANGLE_UNIT ( ) SI_UNIT ( $, .RADIAN. ) );
#2800 = EDGE_CURVE ( 'NONE', #3092, #3942, #3626, .T. ) ;
#2801 = LINE ( 'NONE', #2803, #6189 ) ;
#2802 = ORIENTED_EDGE ( 'NONE', *, *, #9136, .T. ) ;
#2803 = CARTESIAN_POINT ( 'NONE',  ( -1.599999999999998979, 0.2030000000000000970, 1.729999999999999538 ) ) ;
#2804 = ORIENTED_EDGE ( 'NONE', *, *, #3839, .F. ) ;
#2805 = DIRECTION ( 'NONE',  ( 0.000000000000000000, 0.000000000000000000, -1.000000000000000000 ) ) ;
#2806 = DIRECTION ( 'NONE',  ( 0.000000000000000000, 0.000000000000000000, 1.000000000000000000 ) ) ;
#2807 = VECTOR ( 'NONE', #2405, 1000.000000000000000 ) ;
#2808 = ORIENTED_EDGE ( 'NONE', *, *, #8501, .F. ) ;
#2809 = LINE ( 'NONE', #9068, #6300 ) ;
#2810 = EDGE_CURVE ( 'NONE', #9967, #766, #7110, .T. ) ;
#2811 = PLANE ( 'NONE',  #8677 ) ;
#2812 = ORIENTED_EDGE ( 'NONE', *, *, #8729, .F. ) ;
#2813 = ORIENTED_EDGE ( 'NONE', *, *, #9576, .F. ) ;
#2814 = CARTESIAN_POINT ( 'NONE',  ( 1.599999999999998979, 0.6746990566028303604, -0.6249999999999998890 ) ) ;
#2815 = ORIENTED_EDGE ( 'NONE', *, *, #4416, .T. ) ;
#2816 = CARTESIAN_POINT ( 'NONE',  ( -1.599999999999998979, 0.2030000000000000138, 0.8750000000000001110 ) ) ;
#2817 = LINE ( 'NONE', #8842, #2761 ) ;
#2818 = LINE ( 'NONE', #705, #6037 ) ;
#2819 = ORIENTED_EDGE ( 'NONE', *, *, #3442, .T. ) ;
#2820 = DIRECTION ( 'NONE',  ( 6.309119421277206419E-31, -1.000000000000000000, 1.807003620809174632E-16 ) ) ;
#2821 = EDGE_LOOP ( 'NONE', ( #8559, #8867, #8252, #2397 ) ) ;
#2822 = CIRCLE ( 'NONE', #3570, 0.1000000000000000472 ) ;
#2823 = ORIENTED_EDGE ( 'NONE', *, *, #10133, .T. ) ;
#2824 = DIRECTION ( 'NONE',  ( -0.000000000000000000, -1.000000000000000000, -0.000000000000000000 ) ) ;
#2825 = FACE_OUTER_BOUND ( 'NONE', #8249, .T. ) ;
#2826 = MECHANICAL_DESIGN_GEOMETRIC_PRESENTATION_REPRESENTATION (  '', ( #10309 ), #16 ) ;
#2827 = AXIS2_PLACEMENT_3D ( 'NONE', #495, #6170, #3805 ) ;
#2828 = DIRECTION ( 'NONE',  ( 0.000000000000000000, -1.000000000000000000, 0.000000000000000000 ) ) ;
#2829 = VERTEX_POINT ( 'NONE', #9002 ) ;
#2830 = SURFACE_STYLE_FILL_AREA ( #4385 ) ;
#2831 = EDGE_CURVE ( 'NONE', #200, #8088, #3753, .T. ) ;
#2832 = ADVANCED_FACE ( 'NONE', ( #3612 ), #5062, .F. ) ;
#2833 = ORIENTED_EDGE ( 'NONE', *, *, #7969, .F. ) ;
#2834 = DIRECTION ( 'NONE',  ( 0.000000000000000000, 0.000000000000000000, -1.000000000000000000 ) ) ;
#2835 = LINE ( 'NONE', #9514, #9865 ) ;
#2836 = CARTESIAN_POINT ( 'NONE',  ( -1.999999999999999112, 0.2030000000000000138, 1.125000000000000444 ) ) ;
#2837 = SURFACE_SIDE_STYLE ('',( #8588 ) ) ;
#2838 = LINE ( 'NONE', #1981, #9604 ) ;
#2839 = CARTESIAN_POINT ( 'NONE',  ( 1.900000000000005240, 0.2030000000000000970, 1.599999999999992539 ) ) ;
#2840 = ORIENTED_EDGE ( 'NONE', *, *, #8769, .T. ) ;
#2841 = LINE ( 'NONE', #9958, #9651 ) ;
#2842 = ORIENTED_EDGE ( 'NONE', *, *, #7039, .T. ) ;
#2843 = VECTOR ( 'NONE', #8217, 1000.000000000000000 ) ;
#2844 = EDGE_LOOP ( 'NONE', ( #1024, #4433, #863, #7887 ) ) ;
#2845 = AXIS2_PLACEMENT_3D ( 'NONE', #315, #1161, #5192 ) ;
#2846 = PLANE ( 'NONE',  #6083 ) ;
#2847 = DIRECTION ( 'NONE',  ( -1.000000000000000000, 0.000000000000000000, -0.000000000000000000 ) ) ;
#2848 = ORIENTED_EDGE ( 'NONE', *, *, #3419, .F. ) ;
#2849 = DIRECTION ( 'NONE',  ( 1.000000000000000000, 0.000000000000000000, 0.000000000000000000 ) ) ;
#2850 = EDGE_CURVE ( 'NONE', #6934, #5172, #179, .T. ) ;
#2851 = CARTESIAN_POINT ( 'NONE',  ( -2.000000000000017764, 0.2030000000000000693, -1.749999999999978018 ) ) ;
#2852 = LINE ( 'NONE', #4735, #6454 ) ;
#2853 = DIRECTION ( 'NONE',  ( 1.000000000000000000, 0.000000000000000000, -1.047444401652940007E-14 ) ) ;
#2854 = ADVANCED_FACE ( 'NONE', ( #294 ), #544, .F. ) ;
#2855 = AXIS2_PLACEMENT_3D ( 'NONE', #67, #6523, #9045 ) ;
#2856 = VECTOR ( 'NONE', #2316, 1000.000000000000000 ) ;
#2857 = CARTESIAN_POINT ( 'NONE',  ( 1.999999999999994005, 0.2030000000000000970, -1.600000000000005862 ) ) ;
#2858 = ORIENTED_EDGE ( 'NONE', *, *, #7003, .F. ) ;
#2859 = CARTESIAN_POINT ( 'NONE',  ( -1.599999999999998979, 0.6746990566028303604, 0.3750000000000001110 ) ) ;
#2860 = LINE ( 'NONE', #1639, #9513 ) ;
#2861 = ORIENTED_EDGE ( 'NONE', *, *, #1539, .F. ) ;
#2862 = DIRECTION ( 'NONE',  ( 0.000000000000000000, 0.000000000000000000, 1.000000000000000000 ) ) ;
#2863 = LINE ( 'NONE', #9733, #6551 ) ;
#2864 = DIRECTION ( 'NONE',  ( 1.000000000000000000, -0.000000000000000000, -0.000000000000000000 ) ) ;
#2865 = VERTEX_POINT ( 'NONE', #4562 ) ;
#2866 = VECTOR ( 'NONE', #3340, 1000.000000000000000 ) ;
#2867 = AXIS2_PLACEMENT_3D ( 'NONE', #331, #2781, #5207 ) ;
#2868 = EDGE_LOOP ( 'NONE', ( #7063, #4119, #4242, #330 ) ) ;
#2869 = EDGE_CURVE ( 'NONE', #10402, #2594, #7127, .T. ) ;
#2870 = DIRECTION ( 'NONE',  ( 8.673617379884037444E-16, -0.000000000000000000, 1.000000000000000000 ) ) ;
#2871 = VECTOR ( 'NONE', #2608, 1000.000000000000000 ) ;
#2872 = DIRECTION ( 'NONE',  ( -1.000000000000000000, 0.000000000000000000, -0.000000000000000000 ) ) ;
#2873 = ORIENTED_EDGE ( 'NONE', *, *, #2984, .F. ) ;
#2874 = PLANE ( 'NONE',  #2400 ) ;
#2875 = LINE ( 'NONE', #970, #9939 ) ;
#2876 = ADVANCED_FACE ( 'NONE', ( #328 ), #1381, .F. ) ;
#2877 = ORIENTED_EDGE ( 'NONE', *, *, #1551, .F. ) ;
#2878 = FACE_OUTER_BOUND ( 'NONE', #4153, .T. ) ;
#2879 = CARTESIAN_POINT ( 'NONE',  ( 1.999999999999999112, 0.04999999999999991257, -1.374999999999999778 ) ) ;
#2880 = ORIENTED_EDGE ( 'NONE', *, *, #5712, .F. ) ;
#2881 = VECTOR ( 'NONE', #2870, 1000.000000000000000 ) ;
#2882 = VERTEX_POINT ( 'NONE', #7043 ) ;
#2883 = DIRECTION ( 'NONE',  ( 0.000000000000000000, 0.000000000000000000, -1.000000000000000000 ) ) ;
#2884 = EDGE_CURVE ( 'NONE', #3888, #6087, #3663, .T. ) ;
#2885 = AXIS2_PLACEMENT_3D ( 'NONE', #1805, #8434, #1081 ) ;
#2886 = EDGE_CURVE ( 'NONE', #3697, #9346, #3717, .T. ) ;
#2887 = CARTESIAN_POINT ( 'NONE',  ( 1.749999999999998890, 0.1230000000000000676, -1.899999999999999467 ) ) ;
#2888 = ORIENTED_EDGE ( 'NONE', *, *, #8033, .T. ) ;
#2889 = ORIENTED_EDGE ( 'NONE', *, *, #6838, .F. ) ;
#2890 = DIRECTION ( 'NONE',  ( 0.000000000000000000, 1.000000000000000000, 0.000000000000000000 ) ) ;
#2891 = VECTOR ( 'NONE', #4329, 1000.000000000000000 ) ;
#2892 = DIRECTION ( 'NONE',  ( -1.000000000000000000, 0.000000000000000000, 3.491481338843133355E-15 ) ) ;
#2893 = ORIENTED_EDGE ( 'NONE', *, *, #4343, .T. ) ;
#2894 = LINE ( 'NONE', #8476, #3086 ) ;
#2895 = CARTESIAN_POINT ( 'NONE',  ( -1.374999999999999556, 0.6746990566028302494, 2.000000000000000888 ) ) ;
#2896 = VERTEX_POINT ( 'NONE', #8633 ) ;
#2897 = DIRECTION ( 'NONE',  ( -1.000000000000000000, 0.000000000000000000, 0.000000000000000000 ) ) ;
#2898 = VECTOR ( 'NONE', #3026, 1000.000000000000000 ) ;
#2899 = CARTESIAN_POINT ( 'NONE',  ( -1.599999999999999201, 0.6746990566028303604, 0.1250000000000001110 ) ) ;
#2900 = CARTESIAN_POINT ( 'NONE',  ( 0.000000000000000000, 0.2030000000000000138, 0.000000000000000000 ) ) ;
#2901 = CARTESIAN_POINT ( 'NONE',  ( -1.375000000000000000, 0.6746990566028302494, -2.000000000000000888 ) ) ;
#2902 = EDGE_CURVE ( 'NONE', #1740, #634, #7345, .T. ) ;
#2903 = DIRECTION ( 'NONE',  ( 0.000000000000000000, -1.000000000000000000, 0.000000000000000000 ) ) ;
#2904 = PLANE ( 'NONE',  #1126 ) ;
#2905 = VECTOR ( 'NONE', #2457, 1000.000000000000000 ) ;
#2906 = EDGE_LOOP ( 'NONE', ( #3043, #6320, #3998, #2880 ) ) ;
#2907 = EDGE_CURVE ( 'NONE', #8417, #1444, #3841, .T. ) ;
#2908 = VERTEX_POINT ( 'NONE', #2836 ) ;
#2909 = VECTOR ( 'NONE', #4469, 1000.000000000000000 ) ;
#2910 = EDGE_CURVE ( 'NONE', #2463, #4592, #253, .T. ) ;
#2911 = VERTEX_POINT ( 'NONE', #1943 ) ;
#2912 = DIRECTION ( 'NONE',  ( -1.000000000000000000, 0.000000000000000000, 8.673617379884037444E-16 ) ) ;
#2913 = UNCERTAINTY_MEASURE_WITH_UNIT (LENGTH_MEASURE( 1.000000000000000082E-05 ), #5941, 'distance_accuracy_value', 'NONE');
#2914 = VECTOR ( 'NONE', #1270, 1000.000000000000000 ) ;
#2915 = ADVANCED_FACE ( 'NONE', ( #742 ), #239, .F. ) ;
#2916 = PLANE ( 'NONE',  #1625 ) ;
#2917 = EDGE_CURVE ( 'NONE', #238, #3599, #7795, .T. ) ;
#2918 = EDGE_LOOP ( 'NONE', ( #10442, #2215, #6718, #2670 ) ) ;
#2919 = CARTESIAN_POINT ( 'NONE',  ( -1.124999999999999556, 0.04999999999999999584, 2.000000000000000888 ) ) ;
#2920 = DIRECTION ( 'NONE',  ( -1.000000000000000000, 0.000000000000000000, 5.421010862427523156E-16 ) ) ;
#2921 = LINE ( 'NONE', #8087, #6434 ) ;
#2922 = DIRECTION ( 'NONE',  ( 0.000000000000000000, 1.000000000000000000, 0.000000000000000000 ) ) ;
#2923 = CARTESIAN_POINT ( 'NONE',  ( -1.599999999999999201, 0.2030000000000000970, 1.125000000000000222 ) ) ;
#2924 =( GEOMETRIC_REPRESENTATION_CONTEXT ( 3 ) GLOBAL_UNCERTAINTY_ASSIGNED_CONTEXT ( ( #9518 ) ) GLOBAL_UNIT_ASSIGNED_CONTEXT ( ( #4266, #9881, #1148 ) ) REPRESENTATION_CONTEXT ( 'NONE', 'WORKASPACE' ) );
#2925 = ORIENTED_EDGE ( 'NONE', *, *, #3613, .F. ) ;
#2926 = CARTESIAN_POINT ( 'NONE',  ( -1.999999999999981348, 0.1230000000000000676, 1.750000000000019984 ) ) ;
#2927 = MANIFOLD_SOLID_BREP ( 'LPattern3[1]', #7641 ) ;
#2928 = DIRECTION ( 'NONE',  ( 3.491481338843133355E-15, 0.000000000000000000, 1.000000000000000000 ) ) ;
#2929 = ORIENTED_EDGE ( 'NONE', *, *, #4823, .T. ) ;
#2930 = CARTESIAN_POINT ( 'NONE',  ( -1.900000000000016342, 0.1230000000000000954, -1.599999999999978995 ) ) ;
#2931 = EDGE_CURVE ( 'NONE', #7109, #2452, #756, .T. ) ;
#2932 = CARTESIAN_POINT ( 'NONE',  ( 1.125000000000000222, 0.2030000000000000138, -1.600000000000000977 ) ) ;
#2933 = VECTOR ( 'NONE', #1288, 1000.000000000000000 ) ;
#2934 = FILL_AREA_STYLE_COLOUR ( '', #8126 ) ;
#2935 = ORIENTED_EDGE ( 'NONE', *, *, #1463, .T. ) ;
#2936 = EDGE_CURVE ( 'NONE', #2572, #3942, #3975, .T. ) ;
#2937 = ORIENTED_EDGE ( 'NONE', *, *, #9985, .T. ) ;
#2938 = AXIS2_PLACEMENT_3D ( 'NONE', #4299, #5017, #5210 ) ;
#2939 = ADVANCED_FACE ( 'NONE', ( #4341 ), #6142, .T. ) ;
#2940 = VECTOR ( 'NONE', #7875, 1000.000000000000000 ) ;
#2941 = EDGE_CURVE ( 'NONE', #5577, #4576, #480, .T. ) ;
#2942 = FILL_AREA_STYLE_COLOUR ( '', #5527 ) ;
#2943 = DIRECTION ( 'NONE',  ( 0.000000000000000000, 1.807003620809174878E-16, -1.000000000000000000 ) ) ;
#2944 = VERTEX_POINT ( 'NONE', #4418 ) ;
#2945 = DIRECTION ( 'NONE',  ( 0.000000000000000000, 0.000000000000000000, -1.000000000000000000 ) ) ;
#2946 = VECTOR ( 'NONE', #5143, 1000.000000000000000 ) ;
#2947 = ORIENTED_EDGE ( 'NONE', *, *, #6456, .T. ) ;
#2948 = FACE_OUTER_BOUND ( 'NONE', #6296, .T. ) ;
#2949 = ORIENTED_EDGE ( 'NONE', *, *, #9858, .T. ) ;
#2950 = DIRECTION ( 'NONE',  ( 1.000000000000000000, 0.000000000000000000, 0.000000000000000000 ) ) ;
#2951 = LINE ( 'NONE', #9755, #9981 ) ;
#2952 = APPLICATION_CONTEXT ( 'automotive_design' ) ;
#2953 = ORIENTED_EDGE ( 'NONE', *, *, #4827, .T. ) ;
#2954 = DIRECTION ( 'NONE',  ( -8.673617379884037444E-16, 0.000000000000000000, 1.000000000000000000 ) ) ;
#2955 = VECTOR ( 'NONE', #4600, 1000.000000000000000 ) ;
#2956 = STYLED_ITEM ( 'NONE', ( #2557 ), #4769 ) ;
#2957 = MECHANICAL_DESIGN_GEOMETRIC_PRESENTATION_REPRESENTATION (  '', ( #4744 ), #2421 ) ;
#2958 = FACE_OUTER_BOUND ( 'NONE', #9022, .T. ) ;
#2959 = CARTESIAN_POINT ( 'NONE',  ( 1.749999999999998890, 0.2030000000000000693, 1.899999999999999467 ) ) ;
#2960 = ORIENTED_EDGE ( 'NONE', *, *, #8784, .F. ) ;
#2961 = EDGE_CURVE ( 'NONE', #10022, #7229, #7656, .T. ) ;
#2962 = VECTOR ( 'NONE', #4368, 1000.000000000000000 ) ;
#2963 = ADVANCED_FACE ( 'NONE', ( #4274 ), #899, .F. ) ;
#2964 = VERTEX_POINT ( 'NONE', #10320 ) ;
#2965 = LINE ( 'NONE', #6455, #9821 ) ;
#2966 = CARTESIAN_POINT ( 'NONE',  ( 0.3750000000000005551, 0.2030000000000000138, 1.600000000000001421 ) ) ;
#2967 = ORIENTED_EDGE ( 'NONE', *, *, #9436, .F. ) ;
#2968 = VECTOR ( 'NONE', #8172, 1000.000000000000000 ) ;
#2969 = DIRECTION ( 'NONE',  ( 1.000000000000000000, -0.000000000000000000, -1.084202172485504434E-16 ) ) ;
#2970 = VERTEX_POINT ( 'NONE', #6571 ) ;
#2971 = CARTESIAN_POINT ( 'NONE',  ( 1.149999999999999911, 0.05000000000000012768, -1.149999999999999689 ) ) ;
#2972 = EDGE_LOOP ( 'NONE', ( #8120, #1004, #4122, #8215 ) ) ;
#2973 = LINE ( 'NONE', #5960, #6611 ) ;
#2974 = CARTESIAN_POINT ( 'NONE',  ( -1.899999999999982814, 0.1230000000000000954, 1.600000000000018963 ) ) ;
#2975 = FILL_AREA_STYLE_COLOUR ( '', #459 ) ;
#2976 = CARTESIAN_POINT ( 'NONE',  ( 1.599999999999998979, 0.000000000000000000, 0.8750000000000001110 ) ) ;
#2977 = DIRECTION ( 'NONE',  ( 0.000000000000000000, 0.000000000000000000, -1.000000000000000000 ) ) ;
#2978 = PRESENTATION_STYLE_ASSIGNMENT (( #1422 ) ) ;
#2979 = FILL_AREA_STYLE_COLOUR ( '', #7317 ) ;
#2980 = AXIS2_PLACEMENT_3D ( 'NONE', #7671, #10186, #9200 ) ;
#2981 = ORIENTED_EDGE ( 'NONE', *, *, #7713, .T. ) ;
#2982 = VECTOR ( 'NONE', #5934, 1000.000000000000000 ) ;
#2983 = ORIENTED_EDGE ( 'NONE', *, *, #8312, .F. ) ;
#2984 = EDGE_CURVE ( 'NONE', #4576, #5238, #4096, .T. ) ;
#2985 = VECTOR ( 'NONE', #444, 1000.000000000000000 ) ;
#2986 = AXIS2_PLACEMENT_3D ( 'NONE', #5117, #2448, #5053 ) ;
#2987 = VERTEX_POINT ( 'NONE', #1712 ) ;
#2988 = DIRECTION ( 'NONE',  ( -0.000000000000000000, -1.000000000000000000, -0.000000000000000000 ) ) ;
#2989 = LINE ( 'NONE', #6723, #6355 ) ;
#2990 = PLANE ( 'NONE',  #9324 ) ;
#2991 = ORIENTED_EDGE ( 'NONE', *, *, #3917, .T. ) ;
#2992 = FILL_AREA_STYLE_COLOUR ( '', #851 ) ;
#2993 = ORIENTED_EDGE ( 'NONE', *, *, #8447, .F. ) ;
#2994 = SURFACE_SIDE_STYLE ('',( #9242 ) ) ;
#2995 = LINE ( 'NONE', #1209, #2898 ) ;
#2996 = DIRECTION ( 'NONE',  ( 0.000000000000000000, -0.000000000000000000, 1.000000000000000000 ) ) ;
#2997 = SURFACE_SIDE_STYLE ('',( #1859 ) ) ;
#2998 = VECTOR ( 'NONE', #5297, 1000.000000000000000 ) ;
#2999 = VERTEX_POINT ( 'NONE', #8189 ) ;
#3000 = SURFACE_SIDE_STYLE ('',( #9543 ) ) ;
#3001 = VECTOR ( 'NONE', #5859, 1000.000000000000000 ) ;
#3002 =( GEOMETRIC_REPRESENTATION_CONTEXT ( 3 ) GLOBAL_UNCERTAINTY_ASSIGNED_CONTEXT ( ( #4500 ) ) GLOBAL_UNIT_ASSIGNED_CONTEXT ( ( #10485, #7994, #8136 ) ) REPRESENTATION_CONTEXT ( 'NONE', 'WORKASPACE' ) );
#3003 = CARTESIAN_POINT ( 'NONE',  ( 0.3750000000000005551, 0.2030000000000000138, 1.600000000000001421 ) ) ;
#3004 = CLOSED_SHELL ( 'NONE', ( #2133, #1387, #934, #2915, #6382, #5393 ) ) ;
#3005 = CARTESIAN_POINT ( 'NONE',  ( -1.599999999999999201, 0.6746990566028303604, -0.8749999999999998890 ) ) ;
#3006 = VECTOR ( 'NONE', #2954, 1000.000000000000000 ) ;
#3007 = EDGE_CURVE ( 'NONE', #2288, #6433, #669, .T. ) ;
#3008 = VERTEX_POINT ( 'NONE', #5592 ) ;
#3009 = FACE_OUTER_BOUND ( 'NONE', #8987, .T. ) ;
#3010 = ADVANCED_FACE ( 'NONE', ( #4070 ), #7113, .F. ) ;
#3011 = ORIENTED_EDGE ( 'NONE', *, *, #4217, .T. ) ;
#3012 = MANIFOLD_SOLID_BREP ( 'Boss-Extrude2[1]', #4712 ) ;
#3013 = ORIENTED_EDGE ( 'NONE', *, *, #9120, .T. ) ;
#3014 = LINE ( 'NONE', #6612, #6597 ) ;
#3015 = CARTESIAN_POINT ( 'NONE',  ( 1.999999999999994005, 0.1230000000000000954, -1.600000000000005862 ) ) ;
#3016 = VECTOR ( 'NONE', #19, 1000.000000000000000 ) ;
#3017 = CARTESIAN_POINT ( 'NONE',  ( 1.599999999999998979, 0.2030000000000000138, 1.375000000000000222 ) ) ;
#3018 = ORIENTED_EDGE ( 'NONE', *, *, #10542, .T. ) ;
#3019 = DIRECTION ( 'NONE',  ( 0.000000000000000000, -1.000000000000000000, 0.000000000000000000 ) ) ;
#3020 = FACE_OUTER_BOUND ( 'NONE', #997, .T. ) ;
#3021 = EDGE_LOOP ( 'NONE', ( #5787, #6216, #720, #9752 ) ) ;
#3022 = LINE ( 'NONE', #5758, #2843 ) ;
#3023 = EDGE_CURVE ( 'NONE', #3872, #5252, #7849, .T. ) ;
#3024 = AXIS2_PLACEMENT_3D ( 'NONE', #6627, #8323, #1825 ) ;
#3025 = CARTESIAN_POINT ( 'NONE',  ( 1.900000000000005240, 0.2030000000000000970, 1.599999999999992539 ) ) ;
#3026 = DIRECTION ( 'NONE',  ( 0.000000000000000000, 0.000000000000000000, -1.000000000000000000 ) ) ;
#3027 = VERTEX_POINT ( 'NONE', #4906 ) ;
#3028 = CARTESIAN_POINT ( 'NONE',  ( -1.499999999999999112, 0.6999999999999999556, -1.500000000000000666 ) ) ;
#3029 = LINE ( 'NONE', #1753, #2968 ) ;
#3030 = DIRECTION ( 'NONE',  ( -1.000000000000000000, 3.614007241618349264E-16, 0.000000000000000000 ) ) ;
#3031 = EDGE_CURVE ( 'NONE', #6356, #6701, #4035, .T. ) ;
#3032 = VERTEX_POINT ( 'NONE', #613 ) ;
#3033 = DIRECTION ( 'NONE',  ( -1.000000000000000000, 0.000000000000000000, 0.000000000000000000 ) ) ;
#3034 = ORIENTED_EDGE ( 'NONE', *, *, #9312, .T. ) ;
#3035 = LINE ( 'NONE', #664, #2955 ) ;
#3036 = ADVANCED_FACE ( 'NONE', ( #4167 ), #1442, .F. ) ;
#3037 = LINE ( 'NONE', #1689, #10083 ) ;
#3038 = ORIENTED_EDGE ( 'NONE', *, *, #1417, .T. ) ;
#3039 = VECTOR ( 'NONE', #9649, 1000.000000000000000 ) ;
#3040 = ORIENTED_EDGE ( 'NONE', *, *, #7764, .T. ) ;
#3041 = FACE_OUTER_BOUND ( 'NONE', #2395, .T. ) ;
#3042 = DIRECTION ( 'NONE',  ( 0.000000000000000000, -1.000000000000000000, 0.000000000000000000 ) ) ;
#3043 = ORIENTED_EDGE ( 'NONE', *, *, #649, .F. ) ;
#3044 = VECTOR ( 'NONE', #4218, 1000.000000000000000 ) ;
#3045 = ORIENTED_EDGE ( 'NONE', *, *, #1341, .T. ) ;
#3046 = DIRECTION ( 'NONE',  ( 0.000000000000000000, 1.000000000000000000, 0.000000000000000000 ) ) ;
#3047 = EDGE_CURVE ( 'NONE', #4, #9168, #557, .T. ) ;
#3048 = ORIENTED_EDGE ( 'NONE', *, *, #337, .F. ) ;
#3049 = DIRECTION ( 'NONE',  ( -8.673617379884035472E-16, 0.000000000000000000, -1.000000000000000000 ) ) ;
#3050 = DIRECTION ( 'NONE',  ( 0.000000000000000000, 0.000000000000000000, -1.000000000000000000 ) ) ;
#3051 = DIRECTION ( 'NONE',  ( -1.000000000000000000, 0.000000000000000000, -0.000000000000000000 ) ) ;
#3052 = DIRECTION ( 'NONE',  ( 0.000000000000000000, 0.000000000000000000, -1.000000000000000000 ) ) ;
#3053 = EDGE_CURVE ( 'NONE', #210, #8786, #648, .T. ) ;
#3054 = SURFACE_STYLE_FILL_AREA ( #3901 ) ;
#3055 = CARTESIAN_POINT ( 'NONE',  ( -0.8749999999999994449, 0.04999999999999999584, 1.600000000000001421 ) ) ;
#3056 = UNCERTAINTY_MEASURE_WITH_UNIT (LENGTH_MEASURE( 1.000000000000000082E-05 ), #9153, 'distance_accuracy_value', 'NONE');
#3057 = ORIENTED_EDGE ( 'NONE', *, *, #951, .T. ) ;
#3058 = VECTOR ( 'NONE', #3046, 1000.000000000000000 ) ;
#3059 = EDGE_CURVE ( 'NONE', #7080, #7555, #606, .T. ) ;
#3060 = ORIENTED_EDGE ( 'NONE', *, *, #4083, .T. ) ;
#3061 = VECTOR ( 'NONE', #8143, 1000.000000000000000 ) ;
#3062 = EDGE_CURVE ( 'NONE', #1952, #7750, #4131, .T. ) ;
#3063 = VERTEX_POINT ( 'NONE', #8041 ) ;
#3064 = CARTESIAN_POINT ( 'NONE',  ( -1.900000000000016565, 0.1230000000000000954, -1.599999999999978995 ) ) ;
#3065 = FACE_OUTER_BOUND ( 'NONE', #8686, .T. ) ;
#3066 = DIRECTION ( 'NONE',  ( 0.000000000000000000, 0.000000000000000000, -1.000000000000000000 ) ) ;
#3067 = ORIENTED_EDGE ( 'NONE', *, *, #10212, .T. ) ;
#3068 = DIRECTION ( 'NONE',  ( 0.000000000000000000, 0.000000000000000000, -1.000000000000000000 ) ) ;
#3069 = ORIENTED_EDGE ( 'NONE', *, *, #5522, .F. ) ;
#3070 = CARTESIAN_POINT ( 'NONE',  ( 1.599999999999999201, 0.6746990566028303604, 0.6250000000000001110 ) ) ;
#3071 = LINE ( 'NONE', #7222, #6560 ) ;
#3072 = ORIENTED_EDGE ( 'NONE', *, *, #2510, .F. ) ;
#3073 = EDGE_CURVE ( 'NONE', #3531, #6458, #4147, .T. ) ;
#3074 = CIRCLE ( 'NONE', #2938, 0.1000000000000000472 ) ;
#3075 = CARTESIAN_POINT ( 'NONE',  ( -1.999999999999999112, 0.6746990566028303604, 0.1250000000000003331 ) ) ;
#3076 = ORIENTED_EDGE ( 'NONE', *, *, #3544, .F. ) ;
#3077 = CARTESIAN_POINT ( 'NONE',  ( 1.599999999999999201, 0.05000000000000023870, 1.125000000000000222 ) ) ;
#3078 = FILL_AREA_STYLE_COLOUR ( '', #10316 ) ;
#3079 = CARTESIAN_POINT ( 'NONE',  ( 1.599999999999998979, 0.2030000000000000970, -1.999999999999999556 ) ) ;
#3080 = ADVANCED_FACE ( 'NONE', ( #685 ), #4698, .F. ) ;
#3081 = CARTESIAN_POINT ( 'NONE',  ( 0.000000000000000000, 0.2030000000000000138, 0.000000000000000000 ) ) ;
#3082 = VECTOR ( 'NONE', #5443, 1000.000000000000000 ) ;
#3083 = AXIS2_PLACEMENT_3D ( 'NONE', #2900, #9132, #1160 ) ;
#3084 = CARTESIAN_POINT ( 'NONE',  ( -0.1249999999999994588, 0.2030000000000000138, 2.000000000000000888 ) ) ;
#3085 = AXIS2_PLACEMENT_3D ( 'NONE', #574, #1407, #4037 ) ;
#3086 = VECTOR ( 'NONE', #1129, 1000.000000000000000 ) ;
#3087 = EDGE_CURVE ( 'NONE', #8017, #5844, #4201, .T. ) ;
#3088 = ORIENTED_EDGE ( 'NONE', *, *, #9683, .T. ) ;
#3089 = ORIENTED_EDGE ( 'NONE', *, *, #6184, .T. ) ;
#3090 = VECTOR ( 'NONE', #5638, 1000.000000000000000 ) ;
#3091 = CARTESIAN_POINT ( 'NONE',  ( 2.000000000000000888, 0.8000000000000003775, 1.999999999999999112 ) ) ;
#3092 = VERTEX_POINT ( 'NONE', #8822 ) ;
#3093 = DIRECTION ( 'NONE',  ( -0.000000000000000000, 0.000000000000000000, -1.000000000000000000 ) ) ;
#3094 = DIRECTION ( 'NONE',  ( -1.000000000000000000, 0.000000000000000000, 0.000000000000000000 ) ) ;
#3095 = VERTEX_POINT ( 'NONE', #3126 ) ;
#3096 = LINE ( 'NONE', #879, #9888 ) ;
#3097 = SURFACE_SIDE_STYLE ('',( #6488 ) ) ;
#3098 = AXIS2_PLACEMENT_3D ( 'NONE', #4760, #5523, #4089 ) ;
#3099 = FILL_AREA_STYLE_COLOUR ( '', #6704 ) ;
#3100 = FACE_OUTER_BOUND ( 'NONE', #3887, .T. ) ;
#3101 = AXIS2_PLACEMENT_3D ( 'NONE', #7407, #5022, #1122 ) ;
#3102 = ADVANCED_FACE ( 'NONE', ( #8194 ), #3195, .F. ) ;
#3103 = VERTEX_POINT ( 'NONE', #3458 ) ;
#3104 = DIRECTION ( 'NONE',  ( 0.000000000000000000, -0.000000000000000000, -1.000000000000000000 ) ) ;
#3105 = EDGE_CURVE ( 'NONE', #9754, #3169, #988, .T. ) ;
#3106 = DIRECTION ( 'NONE',  ( -0.000000000000000000, -1.000000000000000000, -0.000000000000000000 ) ) ;
#3107 = ORIENTED_EDGE ( 'NONE', *, *, #9496, .F. ) ;
#3108 = VECTOR ( 'NONE', #2382, 1000.000000000000000 ) ;
#3109 = LINE ( 'NONE', #6615, #10158 ) ;
#3110 = EDGE_LOOP ( 'NONE', ( #7816, #7832, #1790, #4464 ) ) ;
#3111 = LINE ( 'NONE', #2203, #3058 ) ;
#3112 = VERTEX_POINT ( 'NONE', #1259 ) ;
#3113 = LINE ( 'NONE', #6810, #9924 ) ;
#3114 = LINE ( 'NONE', #6870, #9946 ) ;
#3115 = CARTESIAN_POINT ( 'NONE',  ( 1.599999999999998979, 0.2030000000000000970, 1.899999999999999467 ) ) ;
#3116 = AXIS2_PLACEMENT_3D ( 'NONE', #4639, #9219, #1957 ) ;
#3117 = EDGE_LOOP ( 'NONE', ( #2107, #3241, #7018, #7880 ) ) ;
#3118 = DIRECTION ( 'NONE',  ( -1.000000000000000000, 0.000000000000000000, -5.421010862427524142E-16 ) ) ;
#3119 = ORIENTED_EDGE ( 'NONE', *, *, #6865, .T. ) ;
#3120 = VECTOR ( 'NONE', #8863, 1000.000000000000000 ) ;
#3121 = DIRECTION ( 'NONE',  ( -1.000000000000000000, 0.000000000000000000, -5.421010862427524142E-16 ) ) ;
#3122 = EDGE_CURVE ( 'NONE', #366, #6934, #8114, .T. ) ;
#3123 = DIRECTION ( 'NONE',  ( 0.000000000000000000, -0.000000000000000000, 1.000000000000000000 ) ) ;
#3124 = DIRECTION ( 'NONE',  ( -1.000000000000000000, 0.000000000000000000, 8.673617379884037444E-16 ) ) ;
#3125 = ADVANCED_FACE ( 'NONE', ( #8009 ), #7552, .F. ) ;
#3126 = CARTESIAN_POINT ( 'NONE',  ( -1.599999999999998979, 0.000000000000000000, 0.8750000000000001110 ) ) ;
#3127 = CARTESIAN_POINT ( 'NONE',  ( -1.374999999999999556, 0.05000000000000000278, 0.000000000000000000 ) ) ;
#3128 = DIRECTION ( 'NONE',  ( -1.807003620809174878E-16, -1.000000000000000000, 0.000000000000000000 ) ) ;
#3129 = DIRECTION ( 'NONE',  ( 1.000000000000000000, 0.000000000000000000, -3.491481338843133355E-15 ) ) ;
#3130 = PLANE ( 'NONE',  #814 ) ;
#3131 = ORIENTED_EDGE ( 'NONE', *, *, #951, .F. ) ;
#3132 = LINE ( 'NONE', #9982, #10015 ) ;
#3133 = ORIENTED_EDGE ( 'NONE', *, *, #1128, .F. ) ;
#3134 = VECTOR ( 'NONE', #3106, 1000.000000000000000 ) ;
#3135 = DIRECTION ( 'NONE',  ( 1.000000000000000000, -1.807003620809174632E-16, 0.000000000000000000 ) ) ;
#3136 = VECTOR ( 'NONE', #909, 1000.000000000000000 ) ;
#3137 = DIRECTION ( 'NONE',  ( 0.000000000000000000, 1.000000000000000000, 0.000000000000000000 ) ) ;
#3138 = ORIENTED_EDGE ( 'NONE', *, *, #3007, .F. ) ;
#3139 = ORIENTED_EDGE ( 'NONE', *, *, #8541, .F. ) ;
#3140 =( GEOMETRIC_REPRESENTATION_CONTEXT ( 3 ) GLOBAL_UNCERTAINTY_ASSIGNED_CONTEXT ( ( #7471 ) ) GLOBAL_UNIT_ASSIGNED_CONTEXT ( ( #7777, #2791, #4444 ) ) REPRESENTATION_CONTEXT ( 'NONE', 'WORKASPACE' ) );
#3141 = DIRECTION ( 'NONE',  ( 0.000000000000000000, 0.000000000000000000, -1.000000000000000000 ) ) ;
#3142 = FACE_OUTER_BOUND ( 'NONE', #503, .T. ) ;
#3143 = DIRECTION ( 'NONE',  ( 0.000000000000000000, -0.000000000000000000, 1.000000000000000000 ) ) ;
#3144 = PLANE ( 'NONE',  #10247 ) ;
#3145 = AXIS2_PLACEMENT_3D ( 'NONE', #1954, #2471, #326 ) ;
#3146 = LINE ( 'NONE', #9315, #9970 ) ;
#3147 = EDGE_CURVE ( 'NONE', #5577, #205, #4502, .T. ) ;
#3148 = ORIENTED_EDGE ( 'NONE', *, *, #9085, .T. ) ;
#3149 = DIRECTION ( 'NONE',  ( 0.000000000000000000, -1.000000000000000000, 0.000000000000000000 ) ) ;
#3150 = PLANE ( 'NONE',  #6229 ) ;
#3151 = FACE_OUTER_BOUND ( 'NONE', #8851, .T. ) ;
#3152 = DIRECTION ( 'NONE',  ( -1.000000000000000000, 0.000000000000000000, 0.000000000000000000 ) ) ;
#3153 = EDGE_LOOP ( 'NONE', ( #2180, #2858, #3267, #3825 ) ) ;
#3154 = CARTESIAN_POINT ( 'NONE',  ( 1.899999999999993916, 0.2030000000000000970, -1.600000000000005418 ) ) ;
#3155 = PLANE ( 'NONE',  #9653 ) ;
#3156 = PLANE ( 'NONE',  #8089 ) ;
#3157 = CARTESIAN_POINT ( 'NONE',  ( 0.000000000000000000, 0.2030000000000000138, 0.000000000000000000 ) ) ;
#3158 = VECTOR ( 'NONE', #6692, 1000.000000000000000 ) ;
#3159 = VECTOR ( 'NONE', #1779, 1000.000000000000000 ) ;
#3160 = ORIENTED_EDGE ( 'NONE', *, *, #8819, .T. ) ;
#3161 = ORIENTED_EDGE ( 'NONE', *, *, #971, .T. ) ;
#3162 = DIRECTION ( 'NONE',  ( -0.000000000000000000, 1.000000000000000000, 0.000000000000000000 ) ) ;
#3163 = EDGE_CURVE ( 'NONE', #8257, #479, #4448, .T. ) ;
#3164 = ORIENTED_EDGE ( 'NONE', *, *, #2370, .T. ) ;
#3165 = CARTESIAN_POINT ( 'NONE',  ( -1.599999999999999201, 0.05000000000000023870, 1.125000000000000222 ) ) ;
#3166 = EDGE_CURVE ( 'NONE', #9983, #4644, #4705, .T. ) ;
#3167 = CARTESIAN_POINT ( 'NONE',  ( 1.999999999999999112, 0.000000000000000000, 1.375000000000000222 ) ) ;
#3168 = LINE ( 'NONE', #1376, #9886 ) ;
#3169 = VERTEX_POINT ( 'NONE', #1117 ) ;
#3170 = ADVANCED_FACE ( 'NONE', ( #1131 ), #5148, .F. ) ;
#3171 = CARTESIAN_POINT ( 'NONE',  ( 1.599999999999998979, 0.1230000000000000954, 1.899999999999999467 ) ) ;
#3172 = CARTESIAN_POINT ( 'NONE',  ( 1.999999999999999112, 0.2030000000000000970, -0.6249999999999998890 ) ) ;
#3173 = VECTOR ( 'NONE', #2113, 1000.000000000000000 ) ;
#3174 = APPLICATION_PROTOCOL_DEFINITION ( 'draft international standard', 'automotive_design', 1998, #2952 ) ;
#3175 = VERTEX_POINT ( 'NONE', #1188 ) ;
#3176 = CARTESIAN_POINT ( 'NONE',  ( -1.599999999999998979, 0.2030000000000000138, 0.3750000000000001110 ) ) ;
#3177 = DIRECTION ( 'NONE',  ( 1.000000000000000000, 0.000000000000000000, -0.000000000000000000 ) ) ;
#3178 = ORIENTED_EDGE ( 'NONE', *, *, #8483, .T. ) ;
#3179 = VECTOR ( 'NONE', #7822, 1000.000000000000000 ) ;
#3180 = LINE ( 'NONE', #2385, #6668 ) ;
#3181 = ORIENTED_EDGE ( 'NONE', *, *, #7990, .F. ) ;
#3182 = VERTEX_POINT ( 'NONE', #1967 ) ;
#3183 = EDGE_CURVE ( 'NONE', #8086, #1403, #1146, .T. ) ;
#3184 = DIRECTION ( 'NONE',  ( -1.000000000000000000, 0.000000000000000000, 0.000000000000000000 ) ) ;
#3185 = VECTOR ( 'NONE', #2082, 1000.000000000000000 ) ;
#3186 = LINE ( 'NONE', #5290, #3173 ) ;
#3187 = EDGE_CURVE ( 'NONE', #4874, #6374, #8227, .T. ) ;
#3188 = CARTESIAN_POINT ( 'NONE',  ( -1.499999999999999112, 0.6999999999999999556, -1.500000000000000666 ) ) ;
#3189 = DIRECTION ( 'NONE',  ( 0.000000000000000000, -1.000000000000000000, 0.000000000000000000 ) ) ;
#3190 = VERTEX_POINT ( 'NONE', #3876 ) ;
#3191 = DIRECTION ( 'NONE',  ( 0.000000000000000000, -0.000000000000000000, -1.000000000000000000 ) ) ;
#3192 = AXIS2_PLACEMENT_3D ( 'NONE', #7399, #1831, #2627 ) ;
#3193 = ORIENTED_EDGE ( 'NONE', *, *, #4596, .T. ) ;
#3194 = LINE ( 'NONE', #6036, #10082 ) ;
#3195 = PLANE ( 'NONE',  #2563 ) ;
#3196 = CARTESIAN_POINT ( 'NONE',  ( 1.599999999999998979, 0.6746990566028303604, -0.6249999999999998890 ) ) ;
#3197 = CARTESIAN_POINT ( 'NONE',  ( -1.749999999999998890, 0.2030000000000000693, 1.999999999999999556 ) ) ;
#3198 = LINE ( 'NONE', #1617, #9883 ) ;
#3199 = EDGE_CURVE ( 'NONE', #9389, #3466, #4407, .T. ) ;
#3200 = SURFACE_STYLE_USAGE ( .BOTH. , #8893 ) ;
#3201 = VERTEX_POINT ( 'NONE', #2297 ) ;
#3202 = CARTESIAN_POINT ( 'NONE',  ( 0.000000000000000000, 0.000000000000000000, 1.899999999999999467 ) ) ;
#3203 = ORIENTED_EDGE ( 'NONE', *, *, #7232, .T. ) ;
#3204 = LINE ( 'NONE', #3437, #3158 ) ;
#3205 = AXIS2_PLACEMENT_3D ( 'NONE', #10048, #5398, #325 ) ;
#3206 = DIRECTION ( 'NONE',  ( -8.673617379884037444E-16, 0.000000000000000000, -1.000000000000000000 ) ) ;
#3207 = LINE ( 'NONE', #6183, #3798 ) ;
#3208 = CARTESIAN_POINT ( 'NONE',  ( -1.999999999999999112, 0.6746990566028303604, 0.8750000000000001110 ) ) ;
#3209 = EDGE_LOOP ( 'NONE', ( #788, #1145, #318, #1116 ) ) ;
#3210 = ORIENTED_EDGE ( 'NONE', *, *, #1588, .F. ) ;
#3211 = DIRECTION ( 'NONE',  ( -8.673617379884035472E-16, 0.000000000000000000, -1.000000000000000000 ) ) ;
#3212 = CARTESIAN_POINT ( 'NONE',  ( 1.599999999999998979, 0.1230000000000000954, -1.999999999999999556 ) ) ;
#3213 = STYLED_ITEM ( 'NONE', ( #5647 ), #4241 ) ;
#3214 = ADVANCED_FACE ( 'NONE', ( #1184 ), #3220, .T. ) ;
#3215 = LINE ( 'NONE', #5369, #9866 ) ;
#3216 = ORIENTED_EDGE ( 'NONE', *, *, #6725, .T. ) ;
#3217 =( NAMED_UNIT ( * ) SI_UNIT ( $, .STERADIAN. ) SOLID_ANGLE_UNIT ( ) );
#3218 = EDGE_CURVE ( 'NONE', #5269, #526, #7992, .T. ) ;
#3219 = CARTESIAN_POINT ( 'NONE',  ( -0.8749999999999998890, 0.2030000000000000138, -2.000000000000000888 ) ) ;
#3220 = PLANE ( 'NONE',  #1356 ) ;
#3221 = ORIENTED_EDGE ( 'NONE', *, *, #7084, .F. ) ;
#3222 = STYLED_ITEM ( 'NONE', ( #10304 ), #9349 ) ;
#3223 = DIRECTION ( 'NONE',  ( 0.000000000000000000, 1.000000000000000000, 0.000000000000000000 ) ) ;
#3224 = DIRECTION ( 'NONE',  ( -1.000000000000000000, 0.000000000000000000, -0.000000000000000000 ) ) ;
#3225 = VECTOR ( 'NONE', #4814, 1000.000000000000000 ) ;
#3226 = LINE ( 'NONE', #5539, #10210 ) ;
#3227 = ORIENTED_EDGE ( 'NONE', *, *, #3047, .T. ) ;
#3228 = ORIENTED_EDGE ( 'NONE', *, *, #7311, .T. ) ;
#3229 = VECTOR ( 'NONE', #1018, 1000.000000000000000 ) ;
#3230 = AXIS2_PLACEMENT_3D ( 'NONE', #10533, #834, #1650 ) ;
#3231 = ORIENTED_EDGE ( 'NONE', *, *, #2910, .T. ) ;
#3232 = CARTESIAN_POINT ( 'NONE',  ( -1.900000000000017675, 0.2030000000000000693, -1.749999999999978906 ) ) ;
#3233 = DIRECTION ( 'NONE',  ( 1.000000000000000000, 0.000000000000000000, 0.000000000000000000 ) ) ;
#3234 = VERTEX_POINT ( 'NONE', #3735 ) ;
#3235 = EDGE_CURVE ( 'NONE', #4576, #4621, #1216, .T. ) ;
#3236 = DIRECTION ( 'NONE',  ( 0.000000000000000000, -1.000000000000000000, 0.000000000000000000 ) ) ;
#3237 = LINE ( 'NONE', #5595, #6730 ) ;
#3238 = PLANE ( 'NONE',  #8198 ) ;
#3239 = CARTESIAN_POINT ( 'NONE',  ( 1.999999999999999112, 0.6746990566028303604, -0.3749999999999996669 ) ) ;
#3240 = VECTOR ( 'NONE', #7846, 1000.000000000000000 ) ;
#3241 = ORIENTED_EDGE ( 'NONE', *, *, #1144, .T. ) ;
#3242 = CARTESIAN_POINT ( 'NONE',  ( 1.375000000000000666, 0.05000000000000000278, 0.000000000000000000 ) ) ;
#3243 = CARTESIAN_POINT ( 'NONE',  ( 2.000000000000000888, 0.2030000000000000693, -1.375000000000000000 ) ) ;
#3244 = ORIENTED_EDGE ( 'NONE', *, *, #9006, .T. ) ;
#3245 = VECTOR ( 'NONE', #4859, 1000.000000000000000 ) ;
#3246 = CLOSED_SHELL ( 'NONE', ( #5774, #176, #3845, #6719, #1695, #6739 ) ) ;
#3247 = LINE ( 'NONE', #5125, #10400 ) ;
#3248 = PRESENTATION_LAYER_ASSIGNMENT (  '', '', ( #3857 ) ) ;
#3249 = DIRECTION ( 'NONE',  ( 0.000000000000000000, -1.000000000000000000, -0.000000000000000000 ) ) ;
#3250 = ORIENTED_EDGE ( 'NONE', *, *, #302, .F. ) ;
#3251 = ADVANCED_FACE ( 'NONE', ( #1073 ), #4786, .T. ) ;
#3252 = CARTESIAN_POINT ( 'NONE',  ( -1.599999999999998979, 0.2030000000000000970, 1.899999999999999467 ) ) ;
#3253 = LINE ( 'NONE', #832, #6744 ) ;
#3254 = EDGE_CURVE ( 'NONE', #5172, #2768, #4427, .T. ) ;
#3255 = FACE_OUTER_BOUND ( 'NONE', #3371, .T. ) ;
#3256 = DIRECTION ( 'NONE',  ( 0.000000000000000000, -1.000000000000000000, 0.000000000000000000 ) ) ;
#3257 = CARTESIAN_POINT ( 'NONE',  ( -1.999999999999999112, 0.6746990566028303604, -0.8749999999999996669 ) ) ;
#3258 = ORIENTED_EDGE ( 'NONE', *, *, #2043, .T. ) ;
#3259 = DIRECTION ( 'NONE',  ( -1.047444401652940007E-14, 0.000000000000000000, -1.000000000000000000 ) ) ;
#3260 = ORIENTED_EDGE ( 'NONE', *, *, #5032, .F. ) ;
#3261 = CARTESIAN_POINT ( 'NONE',  ( 0.000000000000000000, 0.000000000000000000, 1.899999999999999467 ) ) ;
#3262 = DIRECTION ( 'NONE',  ( 0.000000000000000000, -1.000000000000000000, 0.000000000000000000 ) ) ;
#3263 = CARTESIAN_POINT ( 'NONE',  ( 0.1250000000000001110, 0.2030000000000000138, -2.000000000000000888 ) ) ;
#3264 = DIRECTION ( 'NONE',  ( 0.000000000000000000, 0.000000000000000000, 1.000000000000000000 ) ) ;
#3265 = FACE_OUTER_BOUND ( 'NONE', #4330, .T. ) ;
#3266 = CARTESIAN_POINT ( 'NONE',  ( -1.125000000000000000, 0.2030000000000000138, -1.600000000000000977 ) ) ;
#3267 = ORIENTED_EDGE ( 'NONE', *, *, #5065, .F. ) ;
#3268 = LINE ( 'NONE', #7600, #6760 ) ;
#3269 = ORIENTED_EDGE ( 'NONE', *, *, #7665, .T. ) ;
#3270 = FACE_OUTER_BOUND ( 'NONE', #6697, .T. ) ;
#3271 = EDGE_CURVE ( 'NONE', #4426, #3614, #8245, .T. ) ;
#3272 = DIRECTION ( 'NONE',  ( -1.000000000000000000, 0.000000000000000000, 0.000000000000000000 ) ) ;
#3273 = LINE ( 'NONE', #6159, #3240 ) ;
#3274 = EDGE_CURVE ( 'NONE', #4296, #2710, #7975, .T. ) ;
#3275 = CARTESIAN_POINT ( 'NONE',  ( -1.599999999999999201, 0.000000000000000000, 1.125000000000000222 ) ) ;
#3276 = ORIENTED_EDGE ( 'NONE', *, *, #8601, .T. ) ;
#3277 = ADVANCED_FACE ( 'NONE', ( #4723 ), #5617, .F. ) ;
#3278 = ORIENTED_EDGE ( 'NONE', *, *, #5166, .T. ) ;
#3279 = PLANE ( 'NONE',  #721 ) ;
#3280 = DIRECTION ( 'NONE',  ( 0.000000000000000000, 1.000000000000000000, 0.000000000000000000 ) ) ;
#3281 = DIRECTION ( 'NONE',  ( 1.000000000000000000, -0.000000000000000000, 8.673617379884037444E-16 ) ) ;
#3282 = LINE ( 'NONE', #9941, #14 ) ;
#3283 = VERTEX_POINT ( 'NONE', #3804 ) ;
#3284 = DIRECTION ( 'NONE',  ( 5.421010862427524142E-16, -0.000000000000000000, 1.000000000000000000 ) ) ;
#3285 = VECTOR ( 'NONE', #8645, 1000.000000000000000 ) ;
#3286 = FILL_AREA_STYLE_COLOUR ( '', #931 ) ;
#3287 = ORIENTED_EDGE ( 'NONE', *, *, #8308, .T. ) ;
#3288 = PLANE ( 'NONE',  #8175 ) ;
#3289 = CARTESIAN_POINT ( 'NONE',  ( 2.000000000000000888, 0.05000000000000000278, -2.000000000000000888 ) ) ;
#3290 = CARTESIAN_POINT ( 'NONE',  ( -1.730000000000017968, 0.1230000000000000676, -1.749999999999980682 ) ) ;
#3291 = LINE ( 'NONE', #3988, #3447 ) ;
#3292 = PLANE ( 'NONE',  #2170 ) ;
#3293 = DIRECTION ( 'NONE',  ( -1.000000000000000000, 0.000000000000000000, 0.000000000000000000 ) ) ;
#3294 = EDGE_CURVE ( 'NONE', #7152, #6374, #4482, .T. ) ;
#3295 = VECTOR ( 'NONE', #9637, 1000.000000000000000 ) ;
#3296 = EDGE_LOOP ( 'NONE', ( #6493, #5187, #6689, #10288 ) ) ;
#3297 = EDGE_CURVE ( 'NONE', #2092, #7761, #4616, .T. ) ;
#3298 = ORIENTED_EDGE ( 'NONE', *, *, #7606, .F. ) ;
#3299 = VECTOR ( 'NONE', #314, 1000.000000000000000 ) ;
#3300 = ORIENTED_EDGE ( 'NONE', *, *, #3675, .F. ) ;
#3301 = SURFACE_STYLE_USAGE ( .BOTH. , #6467 ) ;
#3302 = LINE ( 'NONE', #7752, #10508 ) ;
#3303 = ORIENTED_EDGE ( 'NONE', *, *, #7645, .F. ) ;
#3304 = CARTESIAN_POINT ( 'NONE',  ( -0.6249999999999994449, 0.2030000000000000138, 1.600000000000001421 ) ) ;
#3305 = VECTOR ( 'NONE', #9602, 1000.000000000000000 ) ;
#3306 = PLANE ( 'NONE',  #1932 ) ;
#3307 = LINE ( 'NONE', #10338, #10513 ) ;
#3308 = EDGE_LOOP ( 'NONE', ( #1652, #4896, #8195, #8394 ) ) ;
#3309 = CARTESIAN_POINT ( 'NONE',  ( 1.599999999999998979, 0.000000000000000000, 0.3750000000000001110 ) ) ;
#3310 = CARTESIAN_POINT ( 'NONE',  ( -1.999999999999999112, 0.6746990566028303604, -0.8749999999999996669 ) ) ;
#3311 = VERTEX_POINT ( 'NONE', #8775 ) ;
#3312 = EDGE_CURVE ( 'NONE', #9048, #5466, #8151, .T. ) ;
#3313 = VECTOR ( 'NONE', #3149, 1000.000000000000000 ) ;
#3314 = ORIENTED_EDGE ( 'NONE', *, *, #2777, .F. ) ;
#3315 = EDGE_CURVE ( 'NONE', #1734, #4932, #8171, .T. ) ;
#3316 = VECTOR ( 'NONE', #9728, 1000.000000000000000 ) ;
#3317 = CARTESIAN_POINT ( 'NONE',  ( 1.899999999999993916, 0.1230000000000000954, -1.600000000000005418 ) ) ;
#3318 = VERTEX_POINT ( 'NONE', #1534 ) ;
#3319 = VECTOR ( 'NONE', #2320, 1000.000000000000000 ) ;
#3320 = AXIS2_PLACEMENT_3D ( 'NONE', #10188, #2012, #10035 ) ;
#3321 = CARTESIAN_POINT ( 'NONE',  ( 0.000000000000000000, 0.000000000000000000, 1.500000000000000000 ) ) ;
#3322 = FACE_OUTER_BOUND ( 'NONE', #1738, .T. ) ;
#3323 = EDGE_CURVE ( 'NONE', #7761, #7498, #860, .T. ) ;
#3324 = EDGE_LOOP ( 'NONE', ( #7149, #9944, #10333, #7739 ) ) ;
#3325 = CARTESIAN_POINT ( 'NONE',  ( -1.899999999999999467, 0.000000000000000000, 1.990144363140585697E-14 ) ) ;
#3326 = ORIENTED_EDGE ( 'NONE', *, *, #2245, .F. ) ;
#3327 = DIRECTION ( 'NONE',  ( 8.673617379884037444E-16, 0.000000000000000000, -1.000000000000000000 ) ) ;
#3328 = DIRECTION ( 'NONE',  ( 0.000000000000000000, 1.000000000000000000, 0.000000000000000000 ) ) ;
#3329 = DIRECTION ( 'NONE',  ( 0.000000000000000000, 1.000000000000000000, 0.000000000000000000 ) ) ;
#3330 = DIRECTION ( 'NONE',  ( -0.000000000000000000, -1.000000000000000000, -0.000000000000000000 ) ) ;
#3331 = CARTESIAN_POINT ( 'NONE',  ( -1.599999999999998979, 0.2030000000000000970, 1.899999999999999467 ) ) ;
#3332 = LINE ( 'NONE', #5525, #3561 ) ;
#3333 = CARTESIAN_POINT ( 'NONE',  ( 1.999999999999994005, 0.1230000000000000954, -1.600000000000005862 ) ) ;
#3334 = EDGE_LOOP ( 'NONE', ( #124, #1592, #1782, #8296 ) ) ;
#3335 = VERTEX_POINT ( 'NONE', #10344 ) ;
#3336 = ADVANCED_FACE ( 'NONE', ( #4465 ), #1467, .F. ) ;
#3337 = AXIS2_PLACEMENT_3D ( 'NONE', #9620, #2332, #3191 ) ;
#3338 = PRESENTATION_LAYER_ASSIGNMENT (  '', '', ( #7660 ) ) ;
#3339 = LINE ( 'NONE', #10541, #6765 ) ;
#3340 = DIRECTION ( 'NONE',  ( 0.000000000000000000, -1.000000000000000000, 0.000000000000000000 ) ) ;
#3341 = ORIENTED_EDGE ( 'NONE', *, *, #1643, .F. ) ;
#3342 = EDGE_CURVE ( 'NONE', #3175, #9801, #1005, .T. ) ;
#3343 = ORIENTED_EDGE ( 'NONE', *, *, #10371, .F. ) ;
#3344 = DIRECTION ( 'NONE',  ( -1.000000000000000000, 0.000000000000000000, -0.000000000000000000 ) ) ;
#3345 = DIRECTION ( 'NONE',  ( -1.000000000000000000, 0.000000000000000000, 0.000000000000000000 ) ) ;
#3346 = CARTESIAN_POINT ( 'NONE',  ( -0.3749999999999994449, 0.2030000000000000138, 1.600000000000001421 ) ) ;
#3347 = FACE_OUTER_BOUND ( 'NONE', #6981, .T. ) ;
#3348 = ORIENTED_EDGE ( 'NONE', *, *, #383, .T. ) ;
#3349 = DIRECTION ( 'NONE',  ( 0.000000000000000000, 1.000000000000000000, 0.000000000000000000 ) ) ;
#3350 = CARTESIAN_POINT ( 'NONE',  ( -0.3749999999999998890, 0.2030000000000000693, -2.000000000000000444 ) ) ;
#3351 = ORIENTED_EDGE ( 'NONE', *, *, #9071, .T. ) ;
#3352 = DIRECTION ( 'NONE',  ( 0.000000000000000000, 0.000000000000000000, 1.000000000000000000 ) ) ;
#3353 = LINE ( 'NONE', #1492, #3482 ) ;
#3354 = CARTESIAN_POINT ( 'NONE',  ( -1.125000000000000000, 0.000000000000000000, -2.000000000000000888 ) ) ;
#3355 = LINE ( 'NONE', #8481, #3370 ) ;
#3356 = AXIS2_PLACEMENT_3D ( 'NONE', #8109, #9545, #9622 ) ;
#3357 = ORIENTED_EDGE ( 'NONE', *, *, #10501, .T. ) ;
#3358 = ADVANCED_FACE ( 'NONE', ( #4586 ), #2738, .T. ) ;
#3359 = EDGE_LOOP ( 'NONE', ( #6583, #3884, #9751, #3718 ) ) ;
#3360 = CARTESIAN_POINT ( 'NONE',  ( -1.599999999999998979, 0.2030000000000000138, -0.6249999999999998890 ) ) ;
#3361 = EDGE_CURVE ( 'NONE', #1444, #5405, #4378, .T. ) ;
#3362 = CARTESIAN_POINT ( 'NONE',  ( 0.3750000000000001110, 0.6746990566028302494, -1.600000000000000977 ) ) ;
#3363 = ORIENTED_EDGE ( 'NONE', *, *, #5426, .T. ) ;
#3364 = CARTESIAN_POINT ( 'NONE',  ( -0.8749999999999998890, 0.000000000000000000, -1.600000000000000977 ) ) ;
#3365 = VECTOR ( 'NONE', #7995, 1000.000000000000000 ) ;
#3366 = EDGE_LOOP ( 'NONE', ( #10222, #9267, #2214, #2057 ) ) ;
#3367 = CARTESIAN_POINT ( 'NONE',  ( -1.729999999999982885, 0.1230000000000000954, 1.600000000000017186 ) ) ;
#3368 = LINE ( 'NONE', #743, #3319 ) ;
#3369 =( NAMED_UNIT ( * ) PLANE_ANGLE_UNIT ( ) SI_UNIT ( $, .RADIAN. ) );
#3370 = VECTOR ( 'NONE', #7796, 1000.000000000000000 ) ;
#3371 = EDGE_LOOP ( 'NONE', ( #9430, #3566, #3351, #706 ) ) ;
#3372 = DIRECTION ( 'NONE',  ( 1.000000000000000000, 0.000000000000000000, 0.000000000000000000 ) ) ;
#3373 = CARTESIAN_POINT ( 'NONE',  ( 1.375000000000000222, 0.04999999999999999584, -1.600000000000000977 ) ) ;
#3374 = VERTEX_POINT ( 'NONE', #6522 ) ;
#3375 = AXIS2_PLACEMENT_3D ( 'NONE', #5724, #3389, #1249 ) ;
#3376 = ADVANCED_FACE ( 'NONE', ( #4655 ), #3480, .T. ) ;
#3377 = EDGE_CURVE ( 'NONE', #2446, #9983, #8081, .T. ) ;
#3378 = ORIENTED_EDGE ( 'NONE', *, *, #8425, .T. ) ;
#3379 = LINE ( 'NONE', #465, #6887 ) ;
#3380 = DIRECTION ( 'NONE',  ( 1.000000000000000000, 0.000000000000000000, 5.421010862427524142E-16 ) ) ;
#3381 = DIRECTION ( 'NONE',  ( -3.491481338843133355E-15, 0.000000000000000000, -1.000000000000000000 ) ) ;
#3382 = ORIENTED_EDGE ( 'NONE', *, *, #10373, .F. ) ;
#3383 = DIRECTION ( 'NONE',  ( 0.000000000000000000, 0.000000000000000000, 1.000000000000000000 ) ) ;
#3384 = LINE ( 'NONE', #952, #6925 ) ;
#3385 = MANIFOLD_SOLID_BREP ( 'CirPattern2[6]', #560 ) ;
#3386 = CARTESIAN_POINT ( 'NONE',  ( -1.374999999999999556, 0.2030000000000000138, 1.600000000000001421 ) ) ;
#3387 = VECTOR ( 'NONE', #8903, 1000.000000000000000 ) ;
#3388 = CARTESIAN_POINT ( 'NONE',  ( -1.999999999999999112, 0.2030000000000000138, -0.6249999999999998890 ) ) ;
#3389 = DIRECTION ( 'NONE',  ( -0.000000000000000000, 0.000000000000000000, -1.000000000000000000 ) ) ;
#3390 = ORIENTED_EDGE ( 'NONE', *, *, #3059, .T. ) ;
#3391 = DIRECTION ( 'NONE',  ( 0.000000000000000000, 0.000000000000000000, -1.000000000000000000 ) ) ;
#3392 = ORIENTED_EDGE ( 'NONE', *, *, #1144, .F. ) ;
#3393 = DIRECTION ( 'NONE',  ( -1.000000000000000000, 0.000000000000000000, 0.000000000000000000 ) ) ;
#3394 = EDGE_CURVE ( 'NONE', #4730, #7061, #5031, .T. ) ;
#3395 = FILL_AREA_STYLE ('',( #2635 ) ) ;
#3396 = AXIS2_PLACEMENT_3D ( 'NONE', #10360, #657, #7590 ) ;
#3397 = CARTESIAN_POINT ( 'NONE',  ( 2.000000000000005329, 0.1230000000000000954, 1.599999999999992095 ) ) ;
#3398 = ORIENTED_EDGE ( 'NONE', *, *, #1996, .F. ) ;
#3399 = EDGE_CURVE ( 'NONE', #10151, #3032, #8471, .T. ) ;
#3400 = VECTOR ( 'NONE', #7826, 1000.000000000000000 ) ;
#3401 = ORIENTED_EDGE ( 'NONE', *, *, #9597, .F. ) ;
#3402 = LINE ( 'NONE', #8707, #10372 ) ;
#3403 = VERTEX_POINT ( 'NONE', #9868 ) ;
#3404 = VERTEX_POINT ( 'NONE', #3350 ) ;
#3405 = CARTESIAN_POINT ( 'NONE',  ( -1.125000000000000000, 0.2030000000000000138, -1.600000000000000977 ) ) ;
#3406 = CARTESIAN_POINT ( 'NONE',  ( -1.124999999999999556, 0.2030000000000000138, 1.600000000000001421 ) ) ;
#3407 = VECTOR ( 'NONE', #5108, 1000.000000000000000 ) ;
#3408 = EDGE_CURVE ( 'NONE', #4095, #467, #1477, .T. ) ;
#3409 = EDGE_LOOP ( 'NONE', ( #8794, #347, #8779, #3591 ) ) ;
#3410 = DIRECTION ( 'NONE',  ( -0.000000000000000000, -1.000000000000000000, -0.000000000000000000 ) ) ;
#3411 = FACE_OUTER_BOUND ( 'NONE', #602, .T. ) ;
#3412 = CARTESIAN_POINT ( 'NONE',  ( -1.999999999999999112, 0.6746990566028303604, -0.3749999999999996669 ) ) ;
#3413 = EDGE_LOOP ( 'NONE', ( #5045, #9726, #4667, #7126 ) ) ;
#3414 = DIRECTION ( 'NONE',  ( -8.673617379884037444E-16, 0.000000000000000000, 1.000000000000000000 ) ) ;
#3415 = EDGE_CURVE ( 'NONE', #2239, #6592, #4825, .T. ) ;
#3416 = ADVANCED_FACE ( 'NONE', ( #1348 ), #4113, .T. ) ;
#3417 = LINE ( 'NONE', #2839, #6656 ) ;
#3418 = VECTOR ( 'NONE', #7420, 1000.000000000000000 ) ;
#3419 = EDGE_CURVE ( 'NONE', #6550, #907, #8560, .T. ) ;
#3420 = ORIENTED_EDGE ( 'NONE', *, *, #603, .F. ) ;
#3421 = ORIENTED_EDGE ( 'NONE', *, *, #8007, .F. ) ;
#3422 = CARTESIAN_POINT ( 'NONE',  ( -1.999999999999982681, 0.2030000000000000970, 1.600000000000020073 ) ) ;
#3423 = LINE ( 'NONE', #1514, #10446 ) ;
#3424 = CARTESIAN_POINT ( 'NONE',  ( -1.899999999999999467, 0.000000000000000000, 1.990144363140585697E-14 ) ) ;
#3425 =( GEOMETRIC_REPRESENTATION_CONTEXT ( 3 ) GLOBAL_UNCERTAINTY_ASSIGNED_CONTEXT ( ( #9019 ) ) GLOBAL_UNIT_ASSIGNED_CONTEXT ( ( #10425, #5626, #2109 ) ) REPRESENTATION_CONTEXT ( 'NONE', 'WORKASPACE' ) );
#3426 = ORIENTED_EDGE ( 'NONE', *, *, #3294, .T. ) ;
#3427 = FACE_OUTER_BOUND ( 'NONE', #2619, .T. ) ;
#3428 = ORIENTED_EDGE ( 'NONE', *, *, #3218, .T. ) ;
#3429 = PLANE ( 'NONE',  #2102 ) ;
#3430 = LINE ( 'NONE', #6836, #10254 ) ;
#3431 = DIRECTION ( 'NONE',  ( -0.000000000000000000, -0.000000000000000000, 1.000000000000000000 ) ) ;
#3432 = DIRECTION ( 'NONE',  ( 1.000000000000000000, 0.000000000000000000, 8.673617379884037444E-16 ) ) ;
#3433 = FACE_OUTER_BOUND ( 'NONE', #4580, .T. ) ;
#3434 = EDGE_LOOP ( 'NONE', ( #7435, #10214, #395, #4478 ) ) ;
#3435 = ADVANCED_FACE ( 'NONE', ( #4751 ), #1064, .F. ) ;
#3436 = EDGE_CURVE ( 'NONE', #3095, #9355, #5060, .T. ) ;
#3437 = CARTESIAN_POINT ( 'NONE',  ( -1.749999999999998890, 0.2030000000000000693, 1.899999999999999467 ) ) ;
#3438 = ORIENTED_EDGE ( 'NONE', *, *, #7362, .T. ) ;
#3439 = AXIS2_PLACEMENT_3D ( 'NONE', #5338, #2031, #1248 ) ;
#3440 = LINE ( 'NONE', #7523, #10468 ) ;
#3441 = EDGE_LOOP ( 'NONE', ( #7321, #6475, #3733, #1245 ) ) ;
#3442 = EDGE_CURVE ( 'NONE', #5531, #1100, #5000, .T. ) ;
#3443 = FACE_OUTER_BOUND ( 'NONE', #5366, .T. ) ;
#3444 = DIRECTION ( 'NONE',  ( 0.000000000000000000, 0.000000000000000000, -1.000000000000000000 ) ) ;
#3445 = EDGE_LOOP ( 'NONE', ( #6197, #645, #9375, #4460 ) ) ;
#3446 = DIRECTION ( 'NONE',  ( 8.673617379884037444E-16, 0.000000000000000000, 1.000000000000000000 ) ) ;
#3447 = VECTOR ( 'NONE', #25, 1000.000000000000000 ) ;
#3448 = DIRECTION ( 'NONE',  ( 1.000000000000000000, -0.000000000000000000, 0.000000000000000000 ) ) ;
#3449 = LINE ( 'NONE', #4251, #6788 ) ;
#3450 = CARTESIAN_POINT ( 'NONE',  ( 0.6250000000000005551, 0.04999999999999969746, 2.000000000000000888 ) ) ;
#3451 = DIRECTION ( 'NONE',  ( 0.000000000000000000, 0.000000000000000000, 1.000000000000000000 ) ) ;
#3452 = EDGE_LOOP ( 'NONE', ( #1915, #10011, #2127, #7245 ) ) ;
#3453 = CARTESIAN_POINT ( 'NONE',  ( -1.599999999999999201, 0.2030000000000000138, -0.3749999999999998890 ) ) ;
#3454 = EDGE_LOOP ( 'NONE', ( #3076, #2019, #2722, #6727 ) ) ;
#3455 = PLANE ( 'NONE',  #10328 ) ;
#3456 = DIRECTION ( 'NONE',  ( -1.000000000000000000, 0.000000000000000000, -0.000000000000000000 ) ) ;
#3457 = ADVANCED_FACE ( 'NONE', ( #8355 ), #4926, .F. ) ;
#3458 = CARTESIAN_POINT ( 'NONE',  ( -1.599999999999999201, 0.05000000000000023870, -1.375000000000000000 ) ) ;
#3459 = DIRECTION ( 'NONE',  ( -0.000000000000000000, 1.000000000000000000, -0.000000000000000000 ) ) ;
#3460 = LINE ( 'NONE', #462, #6969 ) ;
#3461 = CARTESIAN_POINT ( 'NONE',  ( -0.6249999999999998890, 0.000000000000000000, -2.000000000000000888 ) ) ;
#3462 = MECHANICAL_DESIGN_GEOMETRIC_PRESENTATION_REPRESENTATION (  '', ( #833 ), #5112 ) ;
#3464 = ORIENTED_EDGE ( 'NONE', *, *, #491, .T. ) ;
#3463 = AXIS2_PLACEMENT_3D ( 'NONE', #7851, #10139, #4443 ) ;
#3465 = VECTOR ( 'NONE', #2137, 1000.000000000000000 ) ;
#3466 = VERTEX_POINT ( 'NONE', #7428 ) ;
#3467 = EDGE_CURVE ( 'NONE', #6866, #7258, #4974, .T. ) ;
#3468 = CARTESIAN_POINT ( 'NONE',  ( 0.000000000000000000, 0.05000000000000000278, -1.600000000000000977 ) ) ;
#3469 = LINE ( 'NONE', #5747, #10192 ) ;
#3470 = DIRECTION ( 'NONE',  ( -8.673617379884037444E-16, 0.000000000000000000, 1.000000000000000000 ) ) ;
#3471 = ORIENTED_EDGE ( 'NONE', *, *, #4569, .T. ) ;
#3472 = ORIENTED_EDGE ( 'NONE', *, *, #390, .T. ) ;
#3473 = CARTESIAN_POINT ( 'NONE',  ( -0.1249999999999998890, 0.04999999999999999584, -1.600000000000000977 ) ) ;
#3474 = DIRECTION ( 'NONE',  ( -1.000000000000000000, -0.000000000000000000, 1.047444401652940007E-14 ) ) ;
#3475 = DIRECTION ( 'NONE',  ( -0.000000000000000000, -0.000000000000000000, -1.000000000000000000 ) ) ;
#3476 = LINE ( 'NONE', #6058, #3299 ) ;
#3477 = ORIENTED_EDGE ( 'NONE', *, *, #4768, .T. ) ;
#3478 = CIRCLE ( 'NONE', #8039, 0.1000000000000000472 ) ;
#3479 = AXIS2_PLACEMENT_3D ( 'NONE', #5745, #3141, #3344 ) ;
#3480 = PLANE ( 'NONE',  #4129 ) ;
#3481 = EDGE_LOOP ( 'NONE', ( #10081, #3210, #2064, #5281 ) ) ;
#3482 = VECTOR ( 'NONE', #2389, 1000.000000000000000 ) ;
#3483 = CARTESIAN_POINT ( 'NONE',  ( 1.599999999999998979, 0.05000000000000023870, 0.8750000000000001110 ) ) ;
#3484 = EDGE_CURVE ( 'NONE', #1642, #4289, #4795, .T. ) ;
#3485 = FACE_OUTER_BOUND ( 'NONE', #6103, .T. ) ;
#3486 = AXIS2_PLACEMENT_3D ( 'NONE', #5265, #1455, #3068 ) ;
#3487 = ORIENTED_EDGE ( 'NONE', *, *, #3501, .T. ) ;
#3488 = ORIENTED_EDGE ( 'NONE', *, *, #2032, .T. ) ;
#3489 = DIRECTION ( 'NONE',  ( -1.000000000000000000, 0.000000000000000000, 3.491481338843133355E-15 ) ) ;
#3490 = LINE ( 'NONE', #5614, #10327 ) ;
#3491 = DIRECTION ( 'NONE',  ( 1.000000000000000000, -0.000000000000000000, 0.000000000000000000 ) ) ;
#3492 = VERTEX_POINT ( 'NONE', #4755 ) ;
#3493 = CARTESIAN_POINT ( 'NONE',  ( 1.599999999999999201, 0.6746990566028303604, 0.1250000000000001110 ) ) ;
#3494 = VECTOR ( 'NONE', #4348, 1000.000000000000000 ) ;
#3495 = ORIENTED_EDGE ( 'NONE', *, *, #8342, .T. ) ;
#3496 = ADVANCED_FACE ( 'NONE', ( #8301 ), #4692, .T. ) ;
#3497 = VECTOR ( 'NONE', #2413, 1000.000000000000000 ) ;
#3498 = AXIS2_PLACEMENT_3D ( 'NONE', #3633, #8503, #3568 ) ;
#3499 = DIRECTION ( 'NONE',  ( -0.000000000000000000, -1.000000000000000000, -0.000000000000000000 ) ) ;
#3500 = PLANE ( 'NONE',  #2980 ) ;
#3501 = EDGE_CURVE ( 'NONE', #5018, #2417, #1530, .T. ) ;
#3502 = CARTESIAN_POINT ( 'NONE',  ( -2.168404344971009361E-16, 0.05000000000000000278, 1.250000000000000000 ) ) ;
#3503 = ORIENTED_EDGE ( 'NONE', *, *, #9136, .F. ) ;
#3504 = DIRECTION ( 'NONE',  ( -1.000000000000000000, 0.000000000000000000, 0.000000000000000000 ) ) ;
#3505 = FILL_AREA_STYLE_COLOUR ( '', #5101 ) ;
#3506 = CARTESIAN_POINT ( 'NONE',  ( 0.1250000000000005551, 0.6746990566028302494, 2.000000000000000888 ) ) ;
#3507 = VERTEX_POINT ( 'NONE', #1439 ) ;
#3508 = LINE ( 'NONE', #8841, #6899 ) ;
#3509 = ORIENTED_EDGE ( 'NONE', *, *, #5749, .F. ) ;
#3510 = LINE ( 'NONE', #6688, #3400 ) ;
#3511 = CARTESIAN_POINT ( 'NONE',  ( -1.499999999999999112, 0.8000000000000000444, -1.666666666666667407 ) ) ;
#3512 = CARTESIAN_POINT ( 'NONE',  ( -4.743384504624087815E-16, 0.05000000000000000278, -0.8750000000000007772 ) ) ;
#3513 = ORIENTED_EDGE ( 'NONE', *, *, #2907, .F. ) ;
#3514 = CARTESIAN_POINT ( 'NONE',  ( -1.599999999999999201, 0.2030000000000000970, 0.1250000000000001110 ) ) ;
#3515 = DIRECTION ( 'NONE',  ( -0.000000000000000000, 1.000000000000000000, -0.000000000000000000 ) ) ;
#3516 = EDGE_CURVE ( 'NONE', #3374, #3063, #1273, .T. ) ;
#3517 = VECTOR ( 'NONE', #305, 1000.000000000000000 ) ;
#3518 = DIRECTION ( 'NONE',  ( -1.000000000000000000, 0.000000000000000000, -0.000000000000000000 ) ) ;
#3519 = CARTESIAN_POINT ( 'NONE',  ( -0.6249999999999994449, 0.2030000000000000138, 2.000000000000000888 ) ) ;
#3520 = EDGE_LOOP ( 'NONE', ( #7556, #4123, #7608, #10078 ) ) ;
#3521 = ADVANCED_FACE ( 'NONE', ( #4871 ), #2334, .F. ) ;
#3522 = DIRECTION ( 'NONE',  ( -8.673617379884035472E-16, -0.000000000000000000, 1.000000000000000000 ) ) ;
#3523 = EDGE_CURVE ( 'NONE', #139, #1295, #1429, .T. ) ;
#3524 = ORIENTED_EDGE ( 'NONE', *, *, #7953, .F. ) ;
#3525 = CARTESIAN_POINT ( 'NONE',  ( -1.999999999999999112, 0.000000000000000000, -1.125000000000000000 ) ) ;
#3526 = DIRECTION ( 'NONE',  ( 0.000000000000000000, 0.000000000000000000, -1.000000000000000000 ) ) ;
#3527 = ORIENTED_EDGE ( 'NONE', *, *, #6136, .T. ) ;
#3528 = FACE_OUTER_BOUND ( 'NONE', #4799, .T. ) ;
#3529 = PLANE ( 'NONE',  #3101 ) ;
#3530 = ORIENTED_EDGE ( 'NONE', *, *, #4437, .T. ) ;
#3531 = VERTEX_POINT ( 'NONE', #2268 ) ;
#3532 = FACE_OUTER_BOUND ( 'NONE', #1714, .T. ) ;
#3533 = DIRECTION ( 'NONE',  ( -1.000000000000000000, -0.000000000000000000, -5.421010862427523156E-16 ) ) ;
#3534 = VECTOR ( 'NONE', #7638, 1000.000000000000000 ) ;
#3535 = DIRECTION ( 'NONE',  ( -0.000000000000000000, -1.000000000000000000, -0.000000000000000000 ) ) ;
#3536 = EDGE_LOOP ( 'NONE', ( #196, #10068, #7288, #6274 ) ) ;
#3537 = ORIENTED_EDGE ( 'NONE', *, *, #160, .T. ) ;
#3538 = PLANE ( 'NONE',  #136 ) ;
#3539 = EDGE_CURVE ( 'NONE', #7348, #8216, #8485, .T. ) ;
#3540 = DIRECTION ( 'NONE',  ( 1.000000000000000000, -0.000000000000000000, 0.000000000000000000 ) ) ;
#3541 = ADVANCED_FACE ( 'NONE', ( #8267 ), #3455, .F. ) ;
#3542 = ORIENTED_EDGE ( 'NONE', *, *, #7870, .T. ) ;
#3543 = ORIENTED_EDGE ( 'NONE', *, *, #2907, .T. ) ;
#3544 = EDGE_CURVE ( 'NONE', #8795, #2132, #4933, .T. ) ;
#3545 = CARTESIAN_POINT ( 'NONE',  ( -1.900000000000016565, 0.1230000000000000954, -1.599999999999978995 ) ) ;
#3546 = LINE ( 'NONE', #6756, #6835 ) ;
#3547 = SURFACE_STYLE_USAGE ( .BOTH. , #8911 ) ;
#3548 = ORIENTED_EDGE ( 'NONE', *, *, #1201, .T. ) ;
#3549 = DIRECTION ( 'NONE',  ( -0.000000000000000000, -1.000000000000000000, -0.000000000000000000 ) ) ;
#3550 = LINE ( 'NONE', #1901, #7359 ) ;
#3551 = EDGE_CURVE ( 'NONE', #3767, #6875, #1290, .T. ) ;
#3552 = CARTESIAN_POINT ( 'NONE',  ( 0.3750000000000001110, 0.000000000000000000, -1.600000000000000977 ) ) ;
#3553 = FACE_OUTER_BOUND ( 'NONE', #2379, .T. ) ;
#3554 = EDGE_CURVE ( 'NONE', #7096, #710, #8517, .T. ) ;
#3555 = AXIS2_PLACEMENT_3D ( 'NONE', #6098, #3672, #1127 ) ;
#3556 = ORIENTED_EDGE ( 'NONE', *, *, #9466, .T. ) ;
#3557 = UNCERTAINTY_MEASURE_WITH_UNIT (LENGTH_MEASURE( 1.000000000000000082E-05 ), #3830, 'distance_accuracy_value', 'NONE');
#3558 = ORIENTED_EDGE ( 'NONE', *, *, #8733, .T. ) ;
#3559 = DIRECTION ( 'NONE',  ( 1.000000000000000000, 1.807003620809174632E-16, 0.000000000000000000 ) ) ;
#3560 = VERTEX_POINT ( 'NONE', #2712 ) ;
#3561 = VECTOR ( 'NONE', #695, 1000.000000000000000 ) ;
#3562 = DIRECTION ( 'NONE',  ( 0.000000000000000000, 0.000000000000000000, -1.000000000000000000 ) ) ;
#3563 = ORIENTED_EDGE ( 'NONE', *, *, #4461, .T. ) ;
#3564 = DIRECTION ( 'NONE',  ( -1.000000000000000000, 0.000000000000000000, 8.673617379884037444E-16 ) ) ;
#3565 = LINE ( 'NONE', #10112, #10522 ) ;
#3566 = ORIENTED_EDGE ( 'NONE', *, *, #8754, .F. ) ;
#3567 = EDGE_CURVE ( 'NONE', #31, #7336, #8499, .T. ) ;
#3568 = DIRECTION ( 'NONE',  ( -0.000000000000000000, 0.000000000000000000, 1.000000000000000000 ) ) ;
#3569 = VECTOR ( 'NONE', #9300, 1000.000000000000000 ) ;
#3570 = AXIS2_PLACEMENT_3D ( 'NONE', #2971, #607, #8953 ) ;
#3571 = FACE_OUTER_BOUND ( 'NONE', #4695, .T. ) ;
#3572 = CARTESIAN_POINT ( 'NONE',  ( 0.8750000000000001110, 0.04999999999999969746, -2.000000000000000888 ) ) ;
#3573 = ORIENTED_EDGE ( 'NONE', *, *, #3484, .F. ) ;
#3574 = DIRECTION ( 'NONE',  ( -1.807003620809174632E-16, -1.000000000000000000, 0.000000000000000000 ) ) ;
#3575 = DIRECTION ( 'NONE',  ( 0.000000000000000000, -1.000000000000000000, 0.000000000000000000 ) ) ;
#3576 = EDGE_CURVE ( 'NONE', #7799, #8157, #8340, .T. ) ;
#3577 = ORIENTED_EDGE ( 'NONE', *, *, #8007, .T. ) ;
#3578 = ORIENTED_EDGE ( 'NONE', *, *, #2521, .T. ) ;
#3579 = VECTOR ( 'NONE', #3931, 1000.000000000000000 ) ;
#3580 = ORIENTED_EDGE ( 'NONE', *, *, #7732, .F. ) ;
#3581 = VERTEX_POINT ( 'NONE', #5663 ) ;
#3582 = ADVANCED_FACE ( 'NONE', ( #1563 ), #113, .T. ) ;
#3583 = CARTESIAN_POINT ( 'NONE',  ( 1.125000000000000222, 0.000000000000000000, -2.000000000000000888 ) ) ;
#3584 = LINE ( 'NONE', #267, #7098 ) ;
#3585 = CARTESIAN_POINT ( 'NONE',  ( 1.375000000000000222, 0.2030000000000000138, -2.000000000000000888 ) ) ;
#3586 = CARTESIAN_POINT ( 'NONE',  ( 1.599999999999999201, 0.6746990566028303604, 0.6250000000000001110 ) ) ;
#3587 = LINE ( 'NONE', #5880, #3835 ) ;
#3588 = CARTESIAN_POINT ( 'NONE',  ( 0.3750000000000001110, 0.2030000000000000138, -2.000000000000000888 ) ) ;
#3589 = MECHANICAL_DESIGN_GEOMETRIC_PRESENTATION_REPRESENTATION (  '', ( #297 ), #3720 ) ;
#3590 = ORIENTED_EDGE ( 'NONE', *, *, #5494, .T. ) ;
#3591 = ORIENTED_EDGE ( 'NONE', *, *, #1670, .T. ) ;
#3592 = EDGE_CURVE ( 'NONE', #8364, #2616, #1366, .T. ) ;
#3593 = DIRECTION ( 'NONE',  ( 0.000000000000000000, 0.000000000000000000, 1.000000000000000000 ) ) ;
#3594 = DIRECTION ( 'NONE',  ( -1.000000000000000000, 0.000000000000000000, -0.000000000000000000 ) ) ;
#3595 = PLANE ( 'NONE',  #8375 ) ;
#3596 = ORIENTED_EDGE ( 'NONE', *, *, #3613, .T. ) ;
#3597 = VECTOR ( 'NONE', #2458, 1000.000000000000000 ) ;
#3598 = SURFACE_STYLE_USAGE ( .BOTH. , #2792 ) ;
#3599 = VERTEX_POINT ( 'NONE', #9082 ) ;
#3600 = VECTOR ( 'NONE', #2486, 1000.000000000000000 ) ;
#3601 = ORIENTED_EDGE ( 'NONE', *, *, #7760, .T. ) ;
#3602 = CARTESIAN_POINT ( 'NONE',  ( -0.3749999999999998890, 0.04999999999999969746, -2.000000000000000888 ) ) ;
#3603 = VECTOR ( 'NONE', #284, 1000.000000000000000 ) ;
#3604 = PLANE ( 'NONE',  #6929 ) ;
#3605 = ORIENTED_EDGE ( 'NONE', *, *, #10357, .F. ) ;
#3606 = ADVANCED_FACE ( 'NONE', ( #5014 ), #9023, .T. ) ;
#3607 = ORIENTED_EDGE ( 'NONE', *, *, #1608, .F. ) ;
#3608 = AXIS2_PLACEMENT_3D ( 'NONE', #2356, #7272, #5544 ) ;
#3609 = CARTESIAN_POINT ( 'NONE',  ( 1.599999999999998979, 0.1230000000000000954, -1.899999999999999467 ) ) ;
#3610 = DIRECTION ( 'NONE',  ( 1.000000000000000000, 0.000000000000000000, -5.421010862427524142E-16 ) ) ;
#3611 = EDGE_LOOP ( 'NONE', ( #6135, #2324, #9695, #3203 ) ) ;
#3612 = FACE_OUTER_BOUND ( 'NONE', #8166, .T. ) ;
#3613 = EDGE_CURVE ( 'NONE', #8516, #1871, #4847, .T. ) ;
#3614 = VERTEX_POINT ( 'NONE', #6239 ) ;
#3615 = DIRECTION ( 'NONE',  ( 1.000000000000000000, 0.000000000000000000, -0.000000000000000000 ) ) ;
#3616 = DIRECTION ( 'NONE',  ( -1.000000000000000000, 0.000000000000000000, -0.000000000000000000 ) ) ;
#3617 = ORIENTED_EDGE ( 'NONE', *, *, #2391, .F. ) ;
#3618 = CARTESIAN_POINT ( 'NONE',  ( 0.3750000000000005551, 0.2030000000000000138, 2.000000000000000888 ) ) ;
#3619 = DIRECTION ( 'NONE',  ( 3.491481338843133355E-15, 3.614007241618349264E-16, 1.000000000000000000 ) ) ;
#3620 = EDGE_LOOP ( 'NONE', ( #2647, #7984, #10483, #7397 ) ) ;
#3621 = ORIENTED_EDGE ( 'NONE', *, *, #1063, .F. ) ;
#3622 = CARTESIAN_POINT ( 'NONE',  ( -0.8749999999999998890, 0.6746990566028302494, -2.000000000000000888 ) ) ;
#3623 = AXIS2_PLACEMENT_3D ( 'NONE', #4306, #4373, #5150 ) ;
#3624 = ADVANCED_FACE ( 'NONE', ( #1548 ), #3883, .T. ) ;
#3625 = ORIENTED_EDGE ( 'NONE', *, *, #4872, .T. ) ;
#3626 = LINE ( 'NONE', #7382, #3896 ) ;
#3627 = CARTESIAN_POINT ( 'NONE',  ( 0.000000000000000000, 0.05000000000000000278, -1.125000000000000000 ) ) ;
#3628 = ORIENTED_EDGE ( 'NONE', *, *, #4083, .F. ) ;
#3629 = CARTESIAN_POINT ( 'NONE',  ( -0.6249999999999998890, 0.2030000000000000138, -1.600000000000000977 ) ) ;
#3630 = EDGE_CURVE ( 'NONE', #2987, #7906, #1311, .T. ) ;
#3631 = VECTOR ( 'NONE', #1839, 1000.000000000000000 ) ;
#3632 = VERTEX_POINT ( 'NONE', #542 ) ;
#3633 = CARTESIAN_POINT ( 'NONE',  ( 1.599999999999998979, 0.2030000000000000970, 1.899999999999999467 ) ) ;
#3634 = CARTESIAN_POINT ( 'NONE',  ( 1.599999999999998979, 0.2030000000000000970, -1.125000000000000000 ) ) ;
#3635 = DIRECTION ( 'NONE',  ( 0.000000000000000000, -1.000000000000000000, 0.000000000000000000 ) ) ;
#3636 = LINE ( 'NONE', #9263, #7538 ) ;
#3637 = DIRECTION ( 'NONE',  ( -1.000000000000000000, 0.000000000000000000, 0.000000000000000000 ) ) ;
#3638 = EDGE_LOOP ( 'NONE', ( #5236, #7035, #927, #2407 ) ) ;
#3639 = DIRECTION ( 'NONE',  ( 1.000000000000000000, -0.000000000000000000, 5.421010862427524142E-16 ) ) ;
#3640 = PLANE ( 'NONE',  #266 ) ;
#3641 = DIRECTION ( 'NONE',  ( 0.000000000000000000, 0.000000000000000000, 1.000000000000000000 ) ) ;
#3642 = EDGE_LOOP ( 'NONE', ( #7285, #2555, #3787, #1374 ) ) ;
#3643 = EDGE_LOOP ( 'NONE', ( #1278, #7314, #4736, #4964 ) ) ;
#3644 = VECTOR ( 'NONE', #4673, 1000.000000000000000 ) ;
#3645 = EDGE_CURVE ( 'NONE', #1199, #8878, #1252, .T. ) ;
#3646 = ORIENTED_EDGE ( 'NONE', *, *, #6811, .T. ) ;
#3647 = LINE ( 'NONE', #5215, #3631 ) ;
#3648 = CARTESIAN_POINT ( 'NONE',  ( -1.999999999999999112, 0.2030000000000000138, 0.8750000000000001110 ) ) ;
#3649 = VERTEX_POINT ( 'NONE', #3572 ) ;
#3650 = EDGE_CURVE ( 'NONE', #9672, #10402, #8578, .T. ) ;
#3651 =( LENGTH_UNIT ( ) NAMED_UNIT ( * ) SI_UNIT ( .MILLI., .METRE. ) );
#3652 = CARTESIAN_POINT ( 'NONE',  ( 1.899999999999999467, 0.000000000000000000, -6.633814543801952586E-15 ) ) ;
#3653 = CARTESIAN_POINT ( 'NONE',  ( 1.749999999999998890, 0.2030000000000000693, 1.999999999999999556 ) ) ;
#3654 = LINE ( 'NONE', #82, #10544 ) ;
#3655 = DIRECTION ( 'NONE',  ( -1.000000000000000000, 0.000000000000000000, 0.000000000000000000 ) ) ;
#3656 = CARTESIAN_POINT ( 'NONE',  ( 1.900000000000005240, 0.2030000000000000970, 1.599999999999992317 ) ) ;
#3657 = VERTEX_POINT ( 'NONE', #9274 ) ;
#3658 = CARTESIAN_POINT ( 'NONE',  ( 0.8750000000000005551, 0.2030000000000000138, 2.000000000000000888 ) ) ;
#3659 = ORIENTED_EDGE ( 'NONE', *, *, #1573, .T. ) ;
#3660 = FILL_AREA_STYLE ('',( #5149 ) ) ;
#3661 = DIRECTION ( 'NONE',  ( 0.000000000000000000, -1.000000000000000000, 0.000000000000000000 ) ) ;
#3662 = ORIENTED_EDGE ( 'NONE', *, *, #3187, .T. ) ;
#3663 = LINE ( 'NONE', #8509, #3911 ) ;
#3664 = CARTESIAN_POINT ( 'NONE',  ( 1.749999999999998890, 0.2030000000000000693, -1.899999999999999467 ) ) ;
#3665 = DIRECTION ( 'NONE',  ( 0.000000000000000000, 1.000000000000000000, 0.000000000000000000 ) ) ;
#3666 = ORIENTED_EDGE ( 'NONE', *, *, #663, .F. ) ;
#3667 = VECTOR ( 'NONE', #6499, 1000.000000000000000 ) ;
#3668 = VERTEX_POINT ( 'NONE', #7753 ) ;
#3669 = ADVANCED_FACE ( 'NONE', ( #1384 ), #8508, .F. ) ;
#3670 = ADVANCED_FACE ( 'NONE', ( #4946 ), #10037, .F. ) ;
#3671 = EDGE_CURVE ( 'NONE', #3941, #911, #8371, .T. ) ;
#3672 = DIRECTION ( 'NONE',  ( 1.807003620809174878E-16, -1.000000000000000000, 0.000000000000000000 ) ) ;
#3673 = VECTOR ( 'NONE', #10079, 1000.000000000000000 ) ;
#3674 = EDGE_LOOP ( 'NONE', ( #3363, #5954, #9112, #6262 ) ) ;
#3675 = EDGE_CURVE ( 'NONE', #3752, #2070, #1462, .T. ) ;
#3676 = ORIENTED_EDGE ( 'NONE', *, *, #3163, .F. ) ;
#3677 = PLANE ( 'NONE',  #9432 ) ;
#3678 = DIRECTION ( 'NONE',  ( 0.000000000000000000, 0.000000000000000000, -1.000000000000000000 ) ) ;
#3679 = CARTESIAN_POINT ( 'NONE',  ( 1.599999999999998979, 0.2030000000000000138, -1.125000000000000000 ) ) ;
#3680 = AXIS2_PLACEMENT_3D ( 'NONE', #9399, #10255, #1941 ) ;
#3681 = ORIENTED_EDGE ( 'NONE', *, *, #10386, .T. ) ;
#3682 = VECTOR ( 'NONE', #5890, 1000.000000000000000 ) ;
#3683 = ORIENTED_EDGE ( 'NONE', *, *, #5915, .T. ) ;
#3684 = EDGE_CURVE ( 'NONE', #8622, #7054, #1414, .T. ) ;
#3685 = CARTESIAN_POINT ( 'NONE',  ( 0.3750000000000005551, 0.000000000000000000, 2.000000000000000888 ) ) ;
#3686 = COLOUR_RGB ( '',0.7921568627450980005, 0.8196078431372548767, 0.9333333333333333481 ) ;
#3687 = UNCERTAINTY_MEASURE_WITH_UNIT (LENGTH_MEASURE( 1.000000000000000082E-05 ), #708, 'distance_accuracy_value', 'NONE');
#3688 = ORIENTED_EDGE ( 'NONE', *, *, #795, .T. ) ;
#3689 = DIRECTION ( 'NONE',  ( 0.000000000000000000, -1.000000000000000000, 0.000000000000000000 ) ) ;
#3690 = PRESENTATION_STYLE_ASSIGNMENT (( #3301 ) ) ;
#3691 = ORIENTED_EDGE ( 'NONE', *, *, #10069, .F. ) ;
#3692 = ADVANCED_FACE ( 'NONE', ( #8609 ), #2764, .T. ) ;
#3693 = VERTEX_POINT ( 'NONE', #9400 ) ;
#3694 = ORIENTED_EDGE ( 'NONE', *, *, #3254, .T. ) ;
#3695 = LINE ( 'NONE', #9891, #7246 ) ;
#3696 = AXIS2_PLACEMENT_3D ( 'NONE', #4301, #5797, #3456 ) ;
#3697 = VERTEX_POINT ( 'NONE', #8690 ) ;
#3698 = CARTESIAN_POINT ( 'NONE',  ( 1.599999999999999201, 0.6746990566028303604, 0.6250000000000001110 ) ) ;
#3699 = LINE ( 'NONE', #9159, #3938 ) ;
#3700 = ORIENTED_EDGE ( 'NONE', *, *, #8615, .F. ) ;
#3701 = EDGE_CURVE ( 'NONE', #10402, #9801, #4960, .T. ) ;
#3702 = FILL_AREA_STYLE ('',( #8374 ) ) ;
#3703 = PRESENTATION_LAYER_ASSIGNMENT (  '', '', ( #3222 ) ) ;
#3704 = DIRECTION ( 'NONE',  ( 0.000000000000000000, 0.000000000000000000, 1.000000000000000000 ) ) ;
#3705 = DIRECTION ( 'NONE',  ( 0.000000000000000000, -1.000000000000000000, 0.000000000000000000 ) ) ;
#3706 = FACE_OUTER_BOUND ( 'NONE', #353, .T. ) ;
#3707 = CARTESIAN_POINT ( 'NONE',  ( 1.149999999999999911, 0.2030000000000000693, -1.149999999999999689 ) ) ;
#3708 = DIRECTION ( 'NONE',  ( -0.000000000000000000, -1.000000000000000000, -0.000000000000000000 ) ) ;
#3709 = ORIENTED_EDGE ( 'NONE', *, *, #6338, .T. ) ;
#3710 = DIRECTION ( 'NONE',  ( 1.000000000000000000, 0.000000000000000000, -5.421010862427524142E-16 ) ) ;
#3711 = CARTESIAN_POINT ( 'NONE',  ( -0.3749999999999998890, 0.2030000000000000138, -1.600000000000000977 ) ) ;
#3712 = CARTESIAN_POINT ( 'NONE',  ( -1.599999999999998979, 0.6746990566028303604, -0.1249999999999998890 ) ) ;
#3713 = DIRECTION ( 'NONE',  ( 0.000000000000000000, -1.000000000000000000, 0.000000000000000000 ) ) ;
#3714 = VERTEX_POINT ( 'NONE', #8630 ) ;
#3715 = ADVANCED_FACE ( 'NONE', ( #5140 ), #9203, .T. ) ;
#3716 = ORIENTED_EDGE ( 'NONE', *, *, #1732, .T. ) ;
#3717 = LINE ( 'NONE', #2138, #3826 ) ;
#3718 = ORIENTED_EDGE ( 'NONE', *, *, #6872, .T. ) ;
#3719 = VECTOR ( 'NONE', #9919, 1000.000000000000000 ) ;
#3720 =( GEOMETRIC_REPRESENTATION_CONTEXT ( 3 ) GLOBAL_UNCERTAINTY_ASSIGNED_CONTEXT ( ( #3822 ) ) GLOBAL_UNIT_ASSIGNED_CONTEXT ( ( #9044, #5752, #10549 ) ) REPRESENTATION_CONTEXT ( 'NONE', 'WORKASPACE' ) );
#3721 = DIRECTION ( 'NONE',  ( 0.000000000000000000, 0.000000000000000000, 1.000000000000000000 ) ) ;
#3722 = ORIENTED_EDGE ( 'NONE', *, *, #3218, .F. ) ;
#3723 = CARTESIAN_POINT ( 'NONE',  ( -1.599999999999999201, 0.6746990566028303604, -1.375000000000000000 ) ) ;
#3724 = ORIENTED_EDGE ( 'NONE', *, *, #2567, .F. ) ;
#3725 = CARTESIAN_POINT ( 'NONE',  ( 0.3750000000000001110, 0.000000000000000000, -1.600000000000000977 ) ) ;
#3726 = EDGE_CURVE ( 'NONE', #8516, #6418, #8721, .T. ) ;
#3727 = CARTESIAN_POINT ( 'NONE',  ( 1.599999999999999423, 0.05000000000000000278, 1.387778780781445478E-15 ) ) ;
#3728 = LINE ( 'NONE', #9372, #243 ) ;
#3729 = PLANE ( 'NONE',  #9374 ) ;
#3730 = CARTESIAN_POINT ( 'NONE',  ( 0.000000000000000000, 0.05000000000000000278, 1.600000000000001421 ) ) ;
#3731 = VERTEX_POINT ( 'NONE', #5459 ) ;
#3732 = AXIS2_PLACEMENT_3D ( 'NONE', #4866, #6450, #8138 ) ;
#3733 = ORIENTED_EDGE ( 'NONE', *, *, #3701, .T. ) ;
#3734 = CARTESIAN_POINT ( 'NONE',  ( -1.749999999999998890, 0.1230000000000000676, -1.899999999999999467 ) ) ;
#3735 = CARTESIAN_POINT ( 'NONE',  ( -1.999999999999999112, 0.8000000000000003775, -2.000000000000000444 ) ) ;
#3736 = CARTESIAN_POINT ( 'NONE',  ( 1.599999999999998979, 0.2030000000000000970, 0.8750000000000001110 ) ) ;
#3737 = VERTEX_POINT ( 'NONE', #10385 ) ;
#3738 = VECTOR ( 'NONE', #9206, 1000.000000000000000 ) ;
#3739 = ORIENTED_EDGE ( 'NONE', *, *, #10234, .F. ) ;
#3740 = EDGE_LOOP ( 'NONE', ( #6221, #1561, #7308, #9972 ) ) ;
#3741 = VERTEX_POINT ( 'NONE', #6280 ) ;
#3742 = AXIS2_PLACEMENT_3D ( 'NONE', #7554, #1189, #7622 ) ;
#3743 = CARTESIAN_POINT ( 'NONE',  ( 0.3750000000000005551, 0.000000000000000000, 1.600000000000001421 ) ) ;
#3744 = VECTOR ( 'NONE', #8927, 1000.000000000000000 ) ;
#3745 = EDGE_CURVE ( 'NONE', #2070, #5425, #5340, .T. ) ;
#3746 = ORIENTED_EDGE ( 'NONE', *, *, #9769, .F. ) ;
#3747 = FILL_AREA_STYLE ('',( #2942 ) ) ;
#3748 = EDGE_LOOP ( 'NONE', ( #1208, #1136, #8740, #5304 ) ) ;
#3749 = DIRECTION ( 'NONE',  ( -0.000000000000000000, -1.000000000000000000, -0.000000000000000000 ) ) ;
#3750 = CARTESIAN_POINT ( 'NONE',  ( -1.250000000000000000, 0.2030000000000000693, -0.9500000000000013989 ) ) ;
#3751 = DIRECTION ( 'NONE',  ( 1.000000000000000000, -0.000000000000000000, -0.000000000000000000 ) ) ;
#3752 = VERTEX_POINT ( 'NONE', #2270 ) ;
#3753 = LINE ( 'NONE', #3176, #88 ) ;
#3754 = ORIENTED_EDGE ( 'NONE', *, *, #6289, .T. ) ;
#3755 = PRESENTATION_STYLE_ASSIGNMENT (( #9493 ) ) ;
#3756 = CARTESIAN_POINT ( 'NONE',  ( 0.3750000000000001110, 0.2030000000000000138, -2.000000000000000888 ) ) ;
#3757 = ORIENTED_EDGE ( 'NONE', *, *, #8948, .F. ) ;
#3758 = ADVANCED_FACE ( 'NONE', ( #5175 ), #7971, .T. ) ;
#3759 = VERTEX_POINT ( 'NONE', #3925 ) ;
#3760 = PLANE ( 'NONE',  #2185 ) ;
#3761 = DIRECTION ( 'NONE',  ( -8.673617379884037444E-16, 0.000000000000000000, -1.000000000000000000 ) ) ;
#3762 = EDGE_CURVE ( 'NONE', #8274, #489, #5094, .T. ) ;
#3763 = LINE ( 'NONE', #7213, #7156 ) ;
#3764 = VECTOR ( 'NONE', #7182, 1000.000000000000000 ) ;
#3765 = ORIENTED_EDGE ( 'NONE', *, *, #5146, .F. ) ;
#3766 = EDGE_CURVE ( 'NONE', #6491, #5528, #1841, .T. ) ;
#3767 = VERTEX_POINT ( 'NONE', #9542 ) ;
#3768 = DIRECTION ( 'NONE',  ( -1.000000000000000000, -3.614007241618349264E-16, 0.000000000000000000 ) ) ;
#3769 = ORIENTED_EDGE ( 'NONE', *, *, #7170, .F. ) ;
#3770 = VECTOR ( 'NONE', #3639, 1000.000000000000000 ) ;
#3771 = VERTEX_POINT ( 'NONE', #688 ) ;
#3772 = DIRECTION ( 'NONE',  ( -1.047444401652940007E-14, -3.614007241618349264E-16, -1.000000000000000000 ) ) ;
#3773 = VECTOR ( 'NONE', #9299, 1000.000000000000000 ) ;
#3774 = ORIENTED_EDGE ( 'NONE', *, *, #7893, .T. ) ;
#3775 = DIRECTION ( 'NONE',  ( -1.000000000000000000, 0.000000000000000000, 8.673617379884037444E-16 ) ) ;
#3776 = EDGE_LOOP ( 'NONE', ( #5076, #2479, #5373, #1737 ) ) ;
#3777 = DIRECTION ( 'NONE',  ( 0.000000000000000000, -1.807003620809174878E-16, -1.000000000000000000 ) ) ;
#3778 = CARTESIAN_POINT ( 'NONE',  ( 1.599999999999999201, 0.2030000000000000138, -0.3749999999999998890 ) ) ;
#3779 = VECTOR ( 'NONE', #8826, 1000.000000000000000 ) ;
#3780 = CARTESIAN_POINT ( 'NONE',  ( -1.599999999999998979, 0.2030000000000000970, 1.999999999999999556 ) ) ;
#3781 = ORIENTED_EDGE ( 'NONE', *, *, #4977, .T. ) ;
#3782 = EDGE_CURVE ( 'NONE', #6757, #10020, #1987, .T. ) ;
#3783 = ADVANCED_FACE ( 'NONE', ( #1594 ), #4952, .T. ) ;
#3784 =( NAMED_UNIT ( * ) SI_UNIT ( $, .STERADIAN. ) SOLID_ANGLE_UNIT ( ) );
#3785 = CARTESIAN_POINT ( 'NONE',  ( 1.599999999999998979, 0.2030000000000000970, -0.1249999999999998890 ) ) ;
#3786 = FILL_AREA_STYLE ('',( #2979 ) ) ;
#3787 = ORIENTED_EDGE ( 'NONE', *, *, #2294, .T. ) ;
#3788 = EDGE_CURVE ( 'NONE', #4530, #6653, #8623, .T. ) ;
#3789 = EDGE_LOOP ( 'NONE', ( #2172, #2537, #3276, #2478 ) ) ;
#3790 = LINE ( 'NONE', #2534, #7309 ) ;
#3791 = ORIENTED_EDGE ( 'NONE', *, *, #748, .T. ) ;
#3792 = LINE ( 'NONE', #4091, #3667 ) ;
#3793 = CARTESIAN_POINT ( 'NONE',  ( -1.599999999999998979, 0.2030000000000000138, 0.3750000000000001110 ) ) ;
#3794 = VERTEX_POINT ( 'NONE', #7461 ) ;
#3795 = CARTESIAN_POINT ( 'NONE',  ( -1.999999999999999112, 7.256854249492380227, 1.999999999999999556 ) ) ;
#3796 = VERTEX_POINT ( 'NONE', #96 ) ;
#3797 =( NAMED_UNIT ( * ) SI_UNIT ( $, .STERADIAN. ) SOLID_ANGLE_UNIT ( ) );
#3798 = VECTOR ( 'NONE', #5100, 1000.000000000000000 ) ;
#3799 = FACE_OUTER_BOUND ( 'NONE', #6059, .T. ) ;
#3800 = SURFACE_STYLE_USAGE ( .BOTH. , #2997 ) ;
#3801 = EDGE_LOOP ( 'NONE', ( #1368, #8156, #1019, #7940 ) ) ;
#3802 = ORIENTED_EDGE ( 'NONE', *, *, #7990, .T. ) ;
#3803 = ADVANCED_FACE ( 'NONE', ( #9051 ), #2699, .F. ) ;
#3804 = CARTESIAN_POINT ( 'NONE',  ( -1.749999999999998890, 0.2030000000000000693, -1.899999999999999467 ) ) ;
#3805 = DIRECTION ( 'NONE',  ( 0.000000000000000000, -0.000000000000000000, -1.000000000000000000 ) ) ;
#3806 = CARTESIAN_POINT ( 'NONE',  ( 1.599999999999998979, 0.2030000000000000970, -1.899999999999999467 ) ) ;
#3807 = ORIENTED_EDGE ( 'NONE', *, *, #7103, .T. ) ;
#3808 = FACE_OUTER_BOUND ( 'NONE', #1546, .T. ) ;
#3809 = CARTESIAN_POINT ( 'NONE',  ( 0.000000000000000000, 0.05000000000000000278, -0.1249999999999998890 ) ) ;
#3810 = EDGE_CURVE ( 'NONE', #898, #8309, #8865, .T. ) ;
#3811 = DIRECTION ( 'NONE',  ( 0.000000000000000000, 0.000000000000000000, -1.000000000000000000 ) ) ;
#3812 = DIRECTION ( 'NONE',  ( 1.000000000000000000, 0.000000000000000000, 8.673617379884037444E-16 ) ) ;
#3813 = VERTEX_POINT ( 'NONE', #5781 ) ;
#3814 = LINE ( 'NONE', #1770, #7293 ) ;
#3815 = EDGE_LOOP ( 'NONE', ( #8697, #2597, #9302, #9182 ) ) ;
#3816 = EDGE_CURVE ( 'NONE', #6845, #2572, #5359, .T. ) ;
#3817 = ORIENTED_EDGE ( 'NONE', *, *, #6850, .F. ) ;
#3818 = DIRECTION ( 'NONE',  ( 1.047444401652940007E-14, 1.807003620809174632E-16, 1.000000000000000000 ) ) ;
#3819 = FACE_OUTER_BOUND ( 'NONE', #3801, .T. ) ;
#3820 = VERTEX_POINT ( 'NONE', #9899 ) ;
#3821 = EDGE_CURVE ( 'NONE', #1992, #10303, #5427, .T. ) ;
#3822 = UNCERTAINTY_MEASURE_WITH_UNIT (LENGTH_MEASURE( 1.000000000000000082E-05 ), #9044, 'distance_accuracy_value', 'NONE');
#3823 = PLANE ( 'NONE',  #9739 ) ;
#3824 = CARTESIAN_POINT ( 'NONE',  ( 0.000000000000000000, 0.05000000000000000278, -0.6249999999999998890 ) ) ;
#3825 = ORIENTED_EDGE ( 'NONE', *, *, #1280, .F. ) ;
#3826 = VECTOR ( 'NONE', #7673, 1000.000000000000000 ) ;
#3827 = ORIENTED_EDGE ( 'NONE', *, *, #464, .F. ) ;
#3828 = DIRECTION ( 'NONE',  ( -1.000000000000000000, 0.000000000000000000, -0.000000000000000000 ) ) ;
#3829 = LINE ( 'NONE', #3331, #3773 ) ;
#3830 =( LENGTH_UNIT ( ) NAMED_UNIT ( * ) SI_UNIT ( .MILLI., .METRE. ) );
#3831 = ORIENTED_EDGE ( 'NONE', *, *, #9105, .F. ) ;
#3832 = SURFACE_STYLE_USAGE ( .BOTH. , #8020 ) ;
#3833 = ORIENTED_EDGE ( 'NONE', *, *, #893, .F. ) ;
#3834 = CARTESIAN_POINT ( 'NONE',  ( -0.8749999999999994449, 0.2030000000000000138, 1.600000000000001421 ) ) ;
#3835 = VECTOR ( 'NONE', #3474, 1000.000000000000000 ) ;
#3836 = PRESENTATION_STYLE_ASSIGNMENT (( #3200 ) ) ;
#3837 = MECHANICAL_DESIGN_GEOMETRIC_PRESENTATION_REPRESENTATION (  '', ( #2956 ), #9034 ) ;
#3838 = ORIENTED_EDGE ( 'NONE', *, *, #4842, .T. ) ;
#3839 = EDGE_CURVE ( 'NONE', #766, #4184, #2044, .T. ) ;
#3840 = ORIENTED_EDGE ( 'NONE', *, *, #2689, .T. ) ;
#3841 = LINE ( 'NONE', #10189, #7265 ) ;
#3842 = EDGE_LOOP ( 'NONE', ( #2649, #1394, #3472, #9210 ) ) ;
#3843 = ORIENTED_EDGE ( 'NONE', *, *, #4731, .T. ) ;
#3844 = DIRECTION ( 'NONE',  ( -1.000000000000000000, 0.000000000000000000, 0.000000000000000000 ) ) ;
#3845 = ADVANCED_FACE ( 'NONE', ( #1698 ), #4840, .F. ) ;
#3846 = VERTEX_POINT ( 'NONE', #2341 ) ;
#3847 = ADVANCED_FACE ( 'NONE', ( #8670 ), #10464, .F. ) ;
#3848 = PLANE ( 'NONE',  #5706 ) ;
#3849 = VECTOR ( 'NONE', #7443, 1000.000000000000000 ) ;
#3850 = LINE ( 'NONE', #6501, #416 ) ;
#3851 =( NAMED_UNIT ( * ) PLANE_ANGLE_UNIT ( ) SI_UNIT ( $, .RADIAN. ) );
#3852 = CARTESIAN_POINT ( 'NONE',  ( -1.599999999999998979, 0.000000000000000000, 0.3750000000000001110 ) ) ;
#3853 = ORIENTED_EDGE ( 'NONE', *, *, #9085, .F. ) ;
#3854 = DIRECTION ( 'NONE',  ( 0.000000000000000000, -1.000000000000000000, 0.000000000000000000 ) ) ;
#3855 = CARTESIAN_POINT ( 'NONE',  ( 1.900000000000005240, 0.2030000000000000970, 1.599999999999992317 ) ) ;
#3856 = DIRECTION ( 'NONE',  ( 1.000000000000000000, -0.000000000000000000, 0.000000000000000000 ) ) ;
#3857 = STYLED_ITEM ( 'NONE', ( #5416 ), #1450 ) ;
#3858 = ORIENTED_EDGE ( 'NONE', *, *, #3885, .T. ) ;
#3859 = LINE ( 'NONE', #7726, #7324 ) ;
#3860 = EDGE_LOOP ( 'NONE', ( #6882, #1017, #8771, #9311 ) ) ;
#3861 = AXIS2_PLACEMENT_3D ( 'NONE', #3188, #7741, #2002 ) ;
#3862 = COLOUR_RGB ( '',0.7921568627450980005, 0.8196078431372548767, 0.9333333333333333481 ) ;
#3863 = DIRECTION ( 'NONE',  ( -0.000000000000000000, -1.000000000000000000, -0.000000000000000000 ) ) ;
#3864 = ORIENTED_EDGE ( 'NONE', *, *, #3436, .F. ) ;
#3865 = CARTESIAN_POINT ( 'NONE',  ( 1.749999999999998890, 0.1230000000000000676, 1.729999999999999538 ) ) ;
#3866 = EDGE_LOOP ( 'NONE', ( #3038, #6154, #3161, #6916 ) ) ;
#3867 =( LENGTH_UNIT ( ) NAMED_UNIT ( * ) SI_UNIT ( .MILLI., .METRE. ) );
#3868 = CARTESIAN_POINT ( 'NONE',  ( -1.599999999999999201, 0.000000000000000000, -1.375000000000000000 ) ) ;
#3869 = DIRECTION ( 'NONE',  ( 1.000000000000000000, -0.000000000000000000, 8.673617379884037444E-16 ) ) ;
#3870 = VECTOR ( 'NONE', #2636, 1000.000000000000000 ) ;
#3871 = DIRECTION ( 'NONE',  ( -1.047444401652940007E-14, -3.614007241618349264E-16, -1.000000000000000000 ) ) ;
#3872 = VERTEX_POINT ( 'NONE', #758 ) ;
#3873 = ADVANCED_FACE ( 'NONE', ( #1648 ), #7400, .T. ) ;
#3874 = CARTESIAN_POINT ( 'NONE',  ( 6.098637220230960469E-16, 0.05000000000000000278, 1.124999999999999334 ) ) ;
#3875 = PRESENTATION_LAYER_ASSIGNMENT (  '', '', ( #10106 ) ) ;
#3876 = CARTESIAN_POINT ( 'NONE',  ( 0.1250000000000005551, 0.2030000000000000138, 2.000000000000000888 ) ) ;
#3877 = CARTESIAN_POINT ( 'NONE',  ( -1.599999999999998979, 0.2030000000000000970, 0.8750000000000001110 ) ) ;
#3878 = CARTESIAN_POINT ( 'NONE',  ( 0.8750000000000005551, 0.6746990566028302494, 2.000000000000000888 ) ) ;
#3879 = ORIENTED_EDGE ( 'NONE', *, *, #2667, .T. ) ;
#3880 = LINE ( 'NONE', #3242, #3958 ) ;
#3881 = DIRECTION ( 'NONE',  ( 0.000000000000000000, 1.000000000000000000, 0.000000000000000000 ) ) ;
#3882 = CARTESIAN_POINT ( 'NONE',  ( 0.8750000000000005551, 0.6746990566028302494, 1.600000000000001421 ) ) ;
#3883 = PLANE ( 'NONE',  #966 ) ;
#3884 = ORIENTED_EDGE ( 'NONE', *, *, #4458, .F. ) ;
#3885 = EDGE_CURVE ( 'NONE', #6374, #2463, #5542, .T. ) ;
#3886 = LINE ( 'NONE', #340, #3979 ) ;
#3887 = EDGE_LOOP ( 'NONE', ( #8360, #4815, #4491, #1853 ) ) ;
#3888 = VERTEX_POINT ( 'NONE', #5662 ) ;
#3889 = CARTESIAN_POINT ( 'NONE',  ( -0.1249999999999998890, 0.000000000000000000, -2.000000000000000888 ) ) ;
#3890 = LINE ( 'NONE', #6679, #393 ) ;
#3891 = LINE ( 'NONE', #5152, #7505 ) ;
#3892 = ORIENTED_EDGE ( 'NONE', *, *, #8146, .T. ) ;
#3893 = CARTESIAN_POINT ( 'NONE',  ( -0.3749999999999994449, 0.2030000000000000138, 2.000000000000000888 ) ) ;
#3894 = CARTESIAN_POINT ( 'NONE',  ( 1.599999999999998979, 0.2030000000000000970, 0.3750000000000001110 ) ) ;
#3895 = ORIENTED_EDGE ( 'NONE', *, *, #7508, .F. ) ;
#3896 = VECTOR ( 'NONE', #8237, 1000.000000000000000 ) ;
#3897 = EDGE_CURVE ( 'NONE', #7707, #3063, #8658, .T. ) ;
#3898 = ORIENTED_EDGE ( 'NONE', *, *, #6113, .F. ) ;
#3899 =( LENGTH_UNIT ( ) NAMED_UNIT ( * ) SI_UNIT ( .MILLI., .METRE. ) );
#3900 = VECTOR ( 'NONE', #4032, 1000.000000000000000 ) ;
#3901 = FILL_AREA_STYLE ('',( #3099 ) ) ;
#3902 = ORIENTED_EDGE ( 'NONE', *, *, #8615, .T. ) ;
#3903 = FILL_AREA_STYLE_COLOUR ( '', #8664 ) ;
#3904 = EDGE_CURVE ( 'NONE', #5821, #8846, #1661, .T. ) ;
#3905 = ORIENTED_EDGE ( 'NONE', *, *, #1218, .F. ) ;
#3906 = PLANE ( 'NONE',  #2693 ) ;
#3907 = LINE ( 'NONE', #2072, #7431 ) ;
#3908 = VECTOR ( 'NONE', #10460, 1000.000000000000000 ) ;
#3909 = ORIENTED_EDGE ( 'NONE', *, *, #3726, .T. ) ;
#3910 = ORIENTED_EDGE ( 'NONE', *, *, #2628, .T. ) ;
#3911 = VECTOR ( 'NONE', #6063, 1000.000000000000000 ) ;
#3912 = ADVANCED_FACE ( 'NONE', ( #1678 ), #9163, .T. ) ;
#3913 = MANIFOLD_SOLID_BREP ( 'Fillet1', #10523 ) ;
#3914 = VERTEX_POINT ( 'NONE', #7111 ) ;
#3915 = CARTESIAN_POINT ( 'NONE',  ( 1.375000000000000666, 0.04999999999999969746, 2.000000000000000888 ) ) ;
#3916 = LINE ( 'NONE', #7138, #7441 ) ;
#3917 = EDGE_CURVE ( 'NONE', #5914, #5826, #5078, .T. ) ;
#3918 = EDGE_LOOP ( 'NONE', ( #984, #6112, #252, #4784 ) ) ;
#3919 = CARTESIAN_POINT ( 'NONE',  ( -1.599999999999998979, 0.6746990566028303604, 0.3750000000000001110 ) ) ;
#3920 = VERTEX_POINT ( 'NONE', #8820 ) ;
#3921 = CARTESIAN_POINT ( 'NONE',  ( -1.599999999999999201, 0.05000000000000023870, -0.8749999999999998890 ) ) ;
#3922 = EDGE_CURVE ( 'NONE', #9668, #4257, #2004, .T. ) ;
#3923 = LINE ( 'NONE', #9838, #4177 ) ;
#3924 = CIRCLE ( 'NONE', #4595, 0.1000000000000000472 ) ;
#3925 = CARTESIAN_POINT ( 'NONE',  ( 1.375000000000000222, 0.2030000000000000138, -1.600000000000000977 ) ) ;
#3926 = ORIENTED_EDGE ( 'NONE', *, *, #396, .F. ) ;
#3927 = DIRECTION ( 'NONE',  ( 0.000000000000000000, 0.000000000000000000, -1.000000000000000000 ) ) ;
#3928 = DIRECTION ( 'NONE',  ( -0.000000000000000000, -1.000000000000000000, -0.000000000000000000 ) ) ;
#3929 = DIRECTION ( 'NONE',  ( -1.000000000000000000, 0.000000000000000000, 0.000000000000000000 ) ) ;
#3930 = EDGE_CURVE ( 'NONE', #777, #10056, #8969, .T. ) ;
#3931 = DIRECTION ( 'NONE',  ( 0.000000000000000000, 0.000000000000000000, -1.000000000000000000 ) ) ;
#3932 = CARTESIAN_POINT ( 'NONE',  ( -1.374999999999999556, 0.6746990566028302494, 1.600000000000001421 ) ) ;
#3933 = EDGE_CURVE ( 'NONE', #4644, #1187, #1613, .T. ) ;
#3934 = EDGE_LOOP ( 'NONE', ( #9237, #2819, #2164, #2298, #9001, #6643, #2128, #1754, #2147, #3227, #9096, #324, #5903, #5955, #10532, #9063, #6864, #8997, #3357, #2151, #5457, #2460, #27, #9240, #9038, #9415, #6031, #9605 ) ) ;
#3935 = VECTOR ( 'NONE', #2122, 1000.000000000000114 ) ;
#3936 = ORIENTED_EDGE ( 'NONE', *, *, #2344, .T. ) ;
#3937 = EDGE_CURVE ( 'NONE', #479, #2964, #1903, .T. ) ;
#3938 = VECTOR ( 'NONE', #3661, 1000.000000000000000 ) ;
#3939 = AXIS2_PLACEMENT_3D ( 'NONE', #9581, #5492, #6315 ) ;
#3940 = PLANE ( 'NONE',  #9515 ) ;
#3941 = VERTEX_POINT ( 'NONE', #687 ) ;
#3942 = VERTEX_POINT ( 'NONE', #7895 ) ;
#3943 = ADVANCED_FACE ( 'NONE', ( #8684 ), #6423, .F. ) ;
#3944 = ORIENTED_EDGE ( 'NONE', *, *, #893, .T. ) ;
#3945 = ADVANCED_FACE ( 'NONE', ( #8699 ), #4757, .F. ) ;
#3946 = FACE_OUTER_BOUND ( 'NONE', #6914, .T. ) ;
#3947 = CARTESIAN_POINT ( 'NONE',  ( -0.6249999999999994449, 0.2030000000000000138, 1.600000000000001421 ) ) ;
#3948 = LINE ( 'NONE', #4838, #7466 ) ;
#3949 = EDGE_CURVE ( 'NONE', #8952, #4560, #8936, .T. ) ;
#3950 = DIRECTION ( 'NONE',  ( -0.000000000000000000, -1.000000000000000000, -0.000000000000000000 ) ) ;
#3951 = ORIENTED_EDGE ( 'NONE', *, *, #9166, .F. ) ;
#3952 = EDGE_CURVE ( 'NONE', #9528, #8862, #5408, .T. ) ;
#3953 = SURFACE_STYLE_USAGE ( .BOTH. , #7577 ) ;
#3954 = CARTESIAN_POINT ( 'NONE',  ( 1.599999999999998979, 0.2030000000000000970, 1.729999999999999538 ) ) ;
#3955 = DIRECTION ( 'NONE',  ( -1.000000000000000000, 0.000000000000000000, 0.000000000000000000 ) ) ;
#3956 = PLANE ( 'NONE',  #5506 ) ;
#3957 = ORIENTED_EDGE ( 'NONE', *, *, #1499, .F. ) ;
#3958 = VECTOR ( 'NONE', #9135, 1000.000000000000000 ) ;
#3959 = DIRECTION ( 'NONE',  ( -1.000000000000000000, 0.000000000000000000, 0.000000000000000000 ) ) ;
#3960 = DIRECTION ( 'NONE',  ( 0.000000000000000000, 1.000000000000000000, 0.000000000000000000 ) ) ;
#3961 = CARTESIAN_POINT ( 'NONE',  ( 1.250000000000000000, 3.738533905932738044, -1.249999999999999778 ) ) ;
#3962 = ORIENTED_EDGE ( 'NONE', *, *, #5731, .T. ) ;
#3963 = FACE_OUTER_BOUND ( 'NONE', #3842, .T. ) ;
#3964 = ORIENTED_EDGE ( 'NONE', *, *, #9018, .T. ) ;
#3965 = VERTEX_POINT ( 'NONE', #1576 ) ;
#3966 = EDGE_CURVE ( 'NONE', #8582, #2092, #2315, .T. ) ;
#3967 = ORIENTED_EDGE ( 'NONE', *, *, #5448, .T. ) ;
#3968 = CARTESIAN_POINT ( 'NONE',  ( 1.999999999999999112, 0.6746990566028303604, -0.6249999999999998890 ) ) ;
#3969 = LINE ( 'NONE', #4552, #4250 ) ;
#3970 = ORIENTED_EDGE ( 'NONE', *, *, #3394, .T. ) ;
#3971 = ADVANCED_FACE ( 'NONE', ( #2250 ), #824, .F. ) ;
#3972 = PLANE ( 'NONE',  #4807 ) ;
#3973 = DIRECTION ( 'NONE',  ( 1.000000000000000000, 0.000000000000000000, -1.047444401652940007E-14 ) ) ;
#3974 = VERTEX_POINT ( 'NONE', #6349 ) ;
#3975 = LINE ( 'NONE', #5128, #7491 ) ;
#3976 = CARTESIAN_POINT ( 'NONE',  ( -0.1249999999999998890, 0.2030000000000000138, -1.600000000000000977 ) ) ;
#3977 = ORIENTED_EDGE ( 'NONE', *, *, #8515, .T. ) ;
#3978 = PLANE ( 'NONE',  #4375 ) ;
#3979 = VECTOR ( 'NONE', #5084, 1000.000000000000000 ) ;
#3980 = AXIS2_PLACEMENT_3D ( 'NONE', #6833, #6903, #9402 ) ;
#3981 = PLANE ( 'NONE',  #5490 ) ;
#3982 = ORIENTED_EDGE ( 'NONE', *, *, #4676, .T. ) ;
#3983 = PRESENTATION_LAYER_ASSIGNMENT (  '', '', ( #701 ) ) ;
#3984 = EDGE_LOOP ( 'NONE', ( #9978, #3757, #686, #408 ) ) ;
#3985 = VERTEX_POINT ( 'NONE', #4905 ) ;
#3986 = DIRECTION ( 'NONE',  ( -1.000000000000000000, 0.000000000000000000, 1.047444401652940007E-14 ) ) ;
#3987 = EDGE_CURVE ( 'NONE', #1026, #1199, #2302, .T. ) ;
#3988 = CARTESIAN_POINT ( 'NONE',  ( -1.599999999999998979, 0.2030000000000000970, 1.999999999999999556 ) ) ;
#3989 = VECTOR ( 'NONE', #9975, 1000.000000000000000 ) ;
#3990 = ORIENTED_EDGE ( 'NONE', *, *, #4430, .F. ) ;
#3991 = DIRECTION ( 'NONE',  ( 1.000000000000000000, 0.000000000000000000, -0.000000000000000000 ) ) ;
#3992 = ORIENTED_EDGE ( 'NONE', *, *, #2226, .F. ) ;
#3993 = PRESENTATION_STYLE_ASSIGNMENT (( #2686 ) ) ;
#3994 = CARTESIAN_POINT ( 'NONE',  ( -1.599999999999999201, 0.000000000000000000, -0.3749999999999998890 ) ) ;
#3995 = VERTEX_POINT ( 'NONE', #3780 ) ;
#3996 = CARTESIAN_POINT ( 'NONE',  ( -1.900000000000017897, 0.2030000000000000693, -1.749999999999978906 ) ) ;
#3997 = VECTOR ( 'NONE', #2528, 1000.000000000000000 ) ;
#3998 = ORIENTED_EDGE ( 'NONE', *, *, #4173, .T. ) ;
#3999 = CARTESIAN_POINT ( 'NONE',  ( -1.749999999999998890, 0.2030000000000000693, 1.899999999999999467 ) ) ;
#4000 = EDGE_LOOP ( 'NONE', ( #1466, #598, #8244, #4945 ) ) ;
#4001 = DIRECTION ( 'NONE',  ( 1.000000000000000000, -0.000000000000000000, 0.000000000000000000 ) ) ;
#4002 = ORIENTED_EDGE ( 'NONE', *, *, #7155, .T. ) ;
#4003 = AXIS2_PLACEMENT_3D ( 'NONE', #6468, #4733, #6394 ) ;
#4004 = CARTESIAN_POINT ( 'NONE',  ( -1.999999999999999112, 0.000000000000000000, -1.125000000000000000 ) ) ;
#4005 = VECTOR ( 'NONE', #5181, 1000.000000000000000 ) ;
#4006 = EDGE_CURVE ( 'NONE', #4426, #200, #9437, .T. ) ;
#4007 = LINE ( 'NONE', #122, #24 ) ;
#4008 = ORIENTED_EDGE ( 'NONE', *, *, #5522, .T. ) ;
#4009 = CARTESIAN_POINT ( 'NONE',  ( 1.500000000000000000, 0.2030000000000000138, 0.000000000000000000 ) ) ;
#4010 = CARTESIAN_POINT ( 'NONE',  ( -1.999999999999999112, 0.2030000000000000138, 0.6250000000000003331 ) ) ;
#4011 = STYLED_ITEM ( 'NONE', ( #8003 ), #6397 ) ;
#4012 = DIRECTION ( 'NONE',  ( 3.491481338843133355E-15, 0.000000000000000000, 1.000000000000000000 ) ) ;
#4013 = EDGE_LOOP ( 'NONE', ( #6881, #9216, #10497, #2757 ) ) ;
#4014 = ADVANCED_FACE ( 'NONE', ( #2171 ), #5591, .F. ) ;
#4015 = EDGE_LOOP ( 'NONE', ( #647, #3905, #4020, #4554 ) ) ;
#4016 = VECTOR ( 'NONE', #1469, 1000.000000000000000 ) ;
#4017 = ORIENTED_EDGE ( 'NONE', *, *, #10091, .T. ) ;
#4018 = ORIENTED_EDGE ( 'NONE', *, *, #7778, .T. ) ;
#4019 = CARTESIAN_POINT ( 'NONE',  ( -0.6249999999999998890, 0.6746990566028302494, -2.000000000000000888 ) ) ;
#4020 = ORIENTED_EDGE ( 'NONE', *, *, #5308, .F. ) ;
#4021 = STYLED_ITEM ( 'NONE', ( #4796 ), #1293 ) ;
#4022 = FACE_OUTER_BOUND ( 'NONE', #1851, .T. ) ;
#4023 = CARTESIAN_POINT ( 'NONE',  ( -0.1249999999999998890, 0.04999999999999969746, -2.000000000000000888 ) ) ;
#4024 = VECTOR ( 'NONE', #10487, 1000.000000000000000 ) ;
#4025 = DIRECTION ( 'NONE',  ( -1.000000000000000000, 0.000000000000000000, -0.000000000000000000 ) ) ;
#4026 = ORIENTED_EDGE ( 'NONE', *, *, #9004, .T. ) ;
#4027 = AXIS2_PLACEMENT_3D ( 'NONE', #10000, #352, #426 ) ;
#4028 = EDGE_CURVE ( 'NONE', #8944, #8900, #5804, .T. ) ;
#4029 = DIRECTION ( 'NONE',  ( 0.000000000000000000, -1.000000000000000000, 0.000000000000000000 ) ) ;
#4030 = CARTESIAN_POINT ( 'NONE',  ( 0.000000000000000000, 0.2030000000000000138, 0.000000000000000000 ) ) ;
#4031 = DIRECTION ( 'NONE',  ( 0.000000000000000000, 0.000000000000000000, -1.000000000000000000 ) ) ;
#4032 = DIRECTION ( 'NONE',  ( 0.000000000000000000, 0.000000000000000000, 1.000000000000000000 ) ) ;
#4033 = SURFACE_SIDE_STYLE ('',( #6816 ) ) ;
#4034 = EDGE_LOOP ( 'NONE', ( #2983, #3221, #3617, #2544 ) ) ;
#4035 = LINE ( 'NONE', #9705, #537 ) ;
#4036 = PLANE ( 'NONE',  #3732 ) ;
#4037 = DIRECTION ( 'NONE',  ( 8.673617379884037444E-16, 0.000000000000000000, -1.000000000000000000 ) ) ;
#4038 = ORIENTED_EDGE ( 'NONE', *, *, #5660, .T. ) ;
#4039 = VECTOR ( 'NONE', #1535, 1000.000000000000000 ) ;
#4040 = CARTESIAN_POINT ( 'NONE',  ( -1.250000000000000000, 3.738533905932738044, -0.9500000000000000666 ) ) ;
#4041 = EDGE_LOOP ( 'NONE', ( #6190, #7361, #1774, #2660 ) ) ;
#4042 = ORIENTED_EDGE ( 'NONE', *, *, #5817, .T. ) ;
#4043 = VERTEX_POINT ( 'NONE', #10319 ) ;
#4044 = CARTESIAN_POINT ( 'NONE',  ( 1.250000000000000000, 0.2030000000000000693, 1.149999999999999911 ) ) ;
#4045 = LINE ( 'NONE', #8812, #4196 ) ;
#4046 = VECTOR ( 'NONE', #5689, 1000.000000000000000 ) ;
#4047 = ORIENTED_EDGE ( 'NONE', *, *, #4071, .F. ) ;
#4048 = EDGE_CURVE ( 'NONE', #3318, #6653, #2367, .T. ) ;
#4049 = DIRECTION ( 'NONE',  ( -1.047444401652940007E-14, 0.000000000000000000, -1.000000000000000000 ) ) ;
#4050 = EDGE_CURVE ( 'NONE', #8086, #3820, #2119, .T. ) ;
#4051 = CARTESIAN_POINT ( 'NONE',  ( 0.3750000000000001110, 0.000000000000000000, -2.000000000000000888 ) ) ;
#4052 = ORIENTED_EDGE ( 'NONE', *, *, #5529, .F. ) ;
#4053 = VECTOR ( 'NONE', #468, 1000.000000000000000 ) ;
#4054 = CARTESIAN_POINT ( 'NONE',  ( -1.749999999999998890, 0.1230000000000000676, 1.899999999999999467 ) ) ;
#4055 = VERTEX_POINT ( 'NONE', #8259 ) ;
#4056 = PLANE ( 'NONE',  #8260 ) ;
#4057 = CARTESIAN_POINT ( 'NONE',  ( -1.099999999999994094, 0.2030000000000000138, -1.100000000000005862 ) ) ;
#4058 = LINE ( 'NONE', #5546, #4039 ) ;
#4059 = CARTESIAN_POINT ( 'NONE',  ( 1.599999999999998979, 0.2030000000000000970, 1.999999999999999556 ) ) ;
#4060 = EDGE_LOOP ( 'NONE', ( #10419, #2086, #8620, #1268 ) ) ;
#4061 = EDGE_LOOP ( 'NONE', ( #8061, #7410, #987, #845 ) ) ;
#4062 = ORIENTED_EDGE ( 'NONE', *, *, #9326, .F. ) ;
#4063 = PLANE ( 'NONE',  #1820 ) ;
#4064 = FACE_OUTER_BOUND ( 'NONE', #3445, .T. ) ;
#4065 = VECTOR ( 'NONE', #2300, 1000.000000000000000 ) ;
#4066 = ORIENTED_EDGE ( 'NONE', *, *, #2403, .F. ) ;
#4067 = ADVANCED_FACE ( 'NONE', ( #2329 ), #9156, .T. ) ;
#4068 = PLANE ( 'NONE',  #5942 ) ;
#4069 = ORIENTED_EDGE ( 'NONE', *, *, #9985, .F. ) ;
#4070 = FACE_OUTER_BOUND ( 'NONE', #9713, .T. ) ;
#4071 = EDGE_CURVE ( 'NONE', #6552, #5030, #9335, .T. ) ;
#4072 = CARTESIAN_POINT ( 'NONE',  ( 0.000000000000000000, 0.05000000000000000278, -1.600000000000000977 ) ) ;
#4073 = EDGE_LOOP ( 'NONE', ( #3278, #4286, #5851, #5739 ) ) ;
#4074 = CARTESIAN_POINT ( 'NONE',  ( -0.3749999999999994449, 0.05000000000000000278, 0.000000000000000000 ) ) ;
#4075 = LINE ( 'NONE', #85, #727 ) ;
#4076 = ORIENTED_EDGE ( 'NONE', *, *, #2667, .F. ) ;
#4077 = EDGE_CURVE ( 'NONE', #2882, #543, #2149, .T. ) ;
#4078 = DIRECTION ( 'NONE',  ( -1.000000000000000000, 0.000000000000000000, 0.000000000000000000 ) ) ;
#4079 = EDGE_LOOP ( 'NONE', ( #5177, #4794, #7708, #5048 ) ) ;
#4080 = DIRECTION ( 'NONE',  ( -3.785471652766324377E-30, 1.000000000000000000, -3.614007241618349264E-16 ) ) ;
#4081 = ORIENTED_EDGE ( 'NONE', *, *, #4322, .F. ) ;
#4082 = PLANE ( 'NONE',  #4884 ) ;
#4083 = EDGE_CURVE ( 'NONE', #8641, #556, #5630, .T. ) ;
#4084 = CARTESIAN_POINT ( 'NONE',  ( -1.375000000000000000, 0.2030000000000000138, -2.000000000000000888 ) ) ;
#4085 = LINE ( 'NONE', #3629, #4005 ) ;
#4086 = LINE ( 'NONE', #2932, #7711 ) ;
#4087 = DIRECTION ( 'NONE',  ( 0.000000000000000000, 0.000000000000000000, -1.000000000000000000 ) ) ;
#4088 = ORIENTED_EDGE ( 'NONE', *, *, #2245, .T. ) ;
#4089 = DIRECTION ( 'NONE',  ( 1.000000000000000000, 0.000000000000000000, 0.000000000000000000 ) ) ;
#4090 = DIRECTION ( 'NONE',  ( -1.000000000000000000, 0.000000000000000000, 0.000000000000000000 ) ) ;
#4091 = CARTESIAN_POINT ( 'NONE',  ( -0.6249999999999994449, 0.2030000000000000138, 1.600000000000001421 ) ) ;
#4092 = EDGE_CURVE ( 'NONE', #7440, #8008, #2261, .T. ) ;
#4093 = DIRECTION ( 'NONE',  ( 1.000000000000000000, 0.000000000000000000, 0.000000000000000000 ) ) ;
#4094 = DIRECTION ( 'NONE',  ( -8.673617379884035472E-16, -0.000000000000000000, 1.000000000000000000 ) ) ;
#4095 = VERTEX_POINT ( 'NONE', #9227 ) ;
#4096 = LINE ( 'NONE', #2410, #4290 ) ;
#4097 = ORIENTED_EDGE ( 'NONE', *, *, #761, .F. ) ;
#4098 = CARTESIAN_POINT ( 'NONE',  ( -1.999999999999999112, 0.6746990566028303604, 0.8750000000000001110 ) ) ;
#4099 = ORIENTED_EDGE ( 'NONE', *, *, #4596, .F. ) ;
#4100 = VERTEX_POINT ( 'NONE', #8334 ) ;
#4101 = DIRECTION ( 'NONE',  ( -0.000000000000000000, -1.000000000000000000, -0.000000000000000000 ) ) ;
#4102 = ORIENTED_EDGE ( 'NONE', *, *, #9365, .T. ) ;
#4103 = CARTESIAN_POINT ( 'NONE',  ( 1.599999999999999201, 0.6746990566028303604, 1.125000000000000222 ) ) ;
#4104 = FACE_OUTER_BOUND ( 'NONE', #5226, .T. ) ;
#4105 = CARTESIAN_POINT ( 'NONE',  ( 0.5000000000000000000, 0.000000000000000000, 0.000000000000000000 ) ) ;
#4106 = VECTOR ( 'NONE', #1538, 1000.000000000000000 ) ;
#4107 = CARTESIAN_POINT ( 'NONE',  ( 1.599999999999999201, 0.2030000000000000138, -0.8749999999999998890 ) ) ;
#4108 = AXIS2_PLACEMENT_3D ( 'NONE', #6235, #8710, #9488 ) ;
#4109 = ORIENTED_EDGE ( 'NONE', *, *, #3810, .F. ) ;
#4110 = PRESENTATION_LAYER_ASSIGNMENT (  '', '', ( #8440 ) ) ;
#4111 = EDGE_CURVE ( 'NONE', #9168, #8147, #9352, .T. ) ;
#4112 = DIRECTION ( 'NONE',  ( -0.000000000000000000, -0.000000000000000000, 1.000000000000000000 ) ) ;
#4113 = PLANE ( 'NONE',  #2065 ) ;
#4114 = DIRECTION ( 'NONE',  ( 0.000000000000000000, -0.000000000000000000, 1.000000000000000000 ) ) ;
#4115 = VERTEX_POINT ( 'NONE', #9848 ) ;
#4116 = DIRECTION ( 'NONE',  ( 1.000000000000000000, 0.000000000000000000, -0.000000000000000000 ) ) ;
#4117 = ADVANCED_FACE ( 'NONE', ( #5867 ), #5780, .F. ) ;
#4118 = DIRECTION ( 'NONE',  ( 0.000000000000000000, 0.000000000000000000, -1.000000000000000000 ) ) ;
#4119 = ORIENTED_EDGE ( 'NONE', *, *, #2121, .T. ) ;
#4120 = FACE_OUTER_BOUND ( 'NONE', #5519, .T. ) ;
#4121 = CARTESIAN_POINT ( 'NONE',  ( 0.000000000000000000, 0.2030000000000000138, 0.000000000000000000 ) ) ;
#4122 = ORIENTED_EDGE ( 'NONE', *, *, #2240, .T. ) ;
#4123 = ORIENTED_EDGE ( 'NONE', *, *, #921, .F. ) ;
#4124 = ORIENTED_EDGE ( 'NONE', *, *, #6703, .F. ) ;
#4125 = VECTOR ( 'NONE', #5451, 1000.000000000000000 ) ;
#4126 = PRESENTATION_STYLE_ASSIGNMENT (( #3598 ) ) ;
#4127 = ORIENTED_EDGE ( 'NONE', *, *, #10525, .F. ) ;
#4128 = CARTESIAN_POINT ( 'NONE',  ( -0.8749999999999998890, 0.2030000000000000138, -1.600000000000000977 ) ) ;
#4129 = AXIS2_PLACEMENT_3D ( 'NONE', #7352, #8208, #4256 ) ;
#4130 = ORIENTED_EDGE ( 'NONE', *, *, #10126, .F. ) ;
#4131 = LINE ( 'NONE', #690, #7637 ) ;
#4132 = EDGE_CURVE ( 'NONE', #7453, #6129, #9368, .T. ) ;
#4133 = EDGE_LOOP ( 'NONE', ( #1105, #3392, #6095, #2030 ) ) ;
#4134 = FACE_OUTER_BOUND ( 'NONE', #4829, .T. ) ;
#4135 = DIRECTION ( 'NONE',  ( 0.000000000000000000, 1.000000000000000000, 0.000000000000000000 ) ) ;
#4136 = ORIENTED_EDGE ( 'NONE', *, *, #8318, .T. ) ;
#4137 = ORIENTED_EDGE ( 'NONE', *, *, #1341, .F. ) ;
#4138 = ORIENTED_EDGE ( 'NONE', *, *, #2543, .F. ) ;
#4139 = ADVANCED_FACE ( 'NONE', ( #9401 ), #6015, .F. ) ;
#4140 = CARTESIAN_POINT ( 'NONE',  ( 0.8750000000000005551, 0.04999999999999999584, 1.600000000000001421 ) ) ;
#4141 = CARTESIAN_POINT ( 'NONE',  ( 0.000000000000000000, 0.2030000000000000138, 0.000000000000000000 ) ) ;
#4142 = VECTOR ( 'NONE', #10518, 1000.000000000000000 ) ;
#4143 = ORIENTED_EDGE ( 'NONE', *, *, #7492, .T. ) ;
#4144 =( GEOMETRIC_REPRESENTATION_CONTEXT ( 3 ) GLOBAL_UNCERTAINTY_ASSIGNED_CONTEXT ( ( #8762 ) ) GLOBAL_UNIT_ASSIGNED_CONTEXT ( ( #5407, #6227, #5540 ) ) REPRESENTATION_CONTEXT ( 'NONE', 'WORKASPACE' ) );
#4145 = DIRECTION ( 'NONE',  ( 1.000000000000000000, -3.614007241618349264E-16, -0.000000000000000000 ) ) ;
#4146 = ORIENTED_EDGE ( 'NONE', *, *, #6326, .T. ) ;
#4147 = LINE ( 'NONE', #2271, #7698 ) ;
#4148 = CARTESIAN_POINT ( 'NONE',  ( 1.999999999999999112, 0.000000000000000000, -1.125000000000000000 ) ) ;
#4149 = ORIENTED_EDGE ( 'NONE', *, *, #6980, .T. ) ;
#4150 = PLANE ( 'NONE',  #6290 ) ;
#4151 = EDGE_CURVE ( 'NONE', #5285, #2371, #2384, .T. ) ;
#4152 = FACE_OUTER_BOUND ( 'NONE', #5669, .T. ) ;
#4153 = EDGE_LOOP ( 'NONE', ( #6209, #6832, #10074, #350 ) ) ;
#4154 = DIRECTION ( 'NONE',  ( 0.000000000000000000, 0.000000000000000000, -1.000000000000000000 ) ) ;
#4155 = ORIENTED_EDGE ( 'NONE', *, *, #6545, .F. ) ;
#4156 = CARTESIAN_POINT ( 'NONE',  ( 2.000000000000000888, 0.2030000000000000693, 0.1250000000000001110 ) ) ;
#4157 = ORIENTED_EDGE ( 'NONE', *, *, #1991, .F. ) ;
#4158 = VECTOR ( 'NONE', #6341, 1000.000000000000000 ) ;
#4159 = VECTOR ( 'NONE', #3811, 1000.000000000000000 ) ;
#4160 = DIRECTION ( 'NONE',  ( 0.000000000000000000, -1.000000000000000000, 0.000000000000000000 ) ) ;
#4161 = ORIENTED_EDGE ( 'NONE', *, *, #1147, .T. ) ;
#4162 = ADVANCED_FACE ( 'NONE', ( #5560 ), #4370, .F. ) ;
#4163 = DIRECTION ( 'NONE',  ( -0.000000000000000000, -0.000000000000000000, 1.000000000000000000 ) ) ;
#4164 = CARTESIAN_POINT ( 'NONE',  ( -0.3749999999999998890, 0.2030000000000000138, -1.600000000000000977 ) ) ;
#4165 = CARTESIAN_POINT ( 'NONE',  ( 0.8750000000000005551, 0.000000000000000000, 1.600000000000001421 ) ) ;
#4166 = ORIENTED_EDGE ( 'NONE', *, *, #5096, .T. ) ;
#4167 = FACE_OUTER_BOUND ( 'NONE', #5456, .T. ) ;
#4168 = EDGE_CURVE ( 'NONE', #3741, #8417, #9258, .T. ) ;
#4169 = ORIENTED_EDGE ( 'NONE', *, *, #5291, .F. ) ;
#4170 = CARTESIAN_POINT ( 'NONE',  ( 1.599999999999998979, 0.1230000000000000954, -1.729999999999999538 ) ) ;
#4171 = ORIENTED_EDGE ( 'NONE', *, *, #6559, .T. ) ;
#4172 = EDGE_LOOP ( 'NONE', ( #6395, #547, #6484, #6464 ) ) ;
#4173 = EDGE_CURVE ( 'NONE', #3492, #5028, #5765, .T. ) ;
#4174 = DIRECTION ( 'NONE',  ( 1.000000000000000000, -0.000000000000000000, 0.000000000000000000 ) ) ;
#4175 = EDGE_LOOP ( 'NONE', ( #4047, #10375, #2326, #9229 ) ) ;
#4176 = CARTESIAN_POINT ( 'NONE',  ( 1.250000000000000000, 0.000000000000000000, 1.149999999999999911 ) ) ;
#4177 = VECTOR ( 'NONE', #5788, 1000.000000000000000 ) ;
#4178 = DIRECTION ( 'NONE',  ( -1.047444401652940007E-14, 3.614007241618349264E-16, -1.000000000000000000 ) ) ;
#4179 = VECTOR ( 'NONE', #10552, 1000.000000000000000 ) ;
#4180 = CARTESIAN_POINT ( 'NONE',  ( 1.899999999999993472, 0.1230000000000000676, -1.750000000000005551 ) ) ;
#4181 = ORIENTED_EDGE ( 'NONE', *, *, #9496, .T. ) ;
#4182 = PLANE ( 'NONE',  #275 ) ;
#4183 = DIRECTION ( 'NONE',  ( -1.261823884255441284E-30, 1.000000000000000000, -3.614007241618349264E-16 ) ) ;
#4184 = VERTEX_POINT ( 'NONE', #6856 ) ;
#4185 = VECTOR ( 'NONE', #2080, 1000.000000000000000 ) ;
#4186 = CARTESIAN_POINT ( 'NONE',  ( 1.599999999999998979, 0.2030000000000000138, 1.375000000000000222 ) ) ;
#4187 = EDGE_LOOP ( 'NONE', ( #856, #159, #9529, #2960 ) ) ;
#4188 = VECTOR ( 'NONE', #2165, 1000.000000000000000 ) ;
#4189 = DIRECTION ( 'NONE',  ( 0.000000000000000000, -1.000000000000000000, 0.000000000000000000 ) ) ;
#4190 = EDGE_CURVE ( 'NONE', #7661, #8900, #9133, .T. ) ;
#4191 = EDGE_LOOP ( 'NONE', ( #8655, #8024, #3131, #7304 ) ) ;
#4192 = ORIENTED_EDGE ( 'NONE', *, *, #5431, .T. ) ;
#4193 = VERTEX_POINT ( 'NONE', #8529 ) ;
#4194 = EDGE_CURVE ( 'NONE', #698, #8364, #2198, .T. ) ;
#4195 = DIRECTION ( 'NONE',  ( -8.673617379884037444E-16, 0.000000000000000000, -1.000000000000000000 ) ) ;
#4196 = VECTOR ( 'NONE', #3772, 1000.000000000000000 ) ;
#4197 = LINE ( 'NONE', #2511, #4233 ) ;
#4198 = ORIENTED_EDGE ( 'NONE', *, *, #8519, .T. ) ;
#4199 = DIRECTION ( 'NONE',  ( -0.000000000000000000, -0.000000000000000000, 1.000000000000000000 ) ) ;
#4200 = ORIENTED_EDGE ( 'NONE', *, *, #8278, .F. ) ;
#4201 = LINE ( 'NONE', #1644, #723 ) ;
#4202 = DIRECTION ( 'NONE',  ( 0.000000000000000000, -0.000000000000000000, -1.000000000000000000 ) ) ;
#4203 = ADVANCED_FACE ( 'NONE', ( #9421 ), #6569, .F. ) ;
#4204 = EDGE_LOOP ( 'NONE', ( #10096, #7818, #6353, #655 ) ) ;
#4205 = CARTESIAN_POINT ( 'NONE',  ( 0.1250000000000005551, 0.2030000000000000138, 1.600000000000001421 ) ) ;
#4206 = VECTOR ( 'NONE', #5358, 1000.000000000000000 ) ;
#4207 = DIRECTION ( 'NONE',  ( -0.000000000000000000, -1.000000000000000000, -0.000000000000000000 ) ) ;
#4208 = VERTEX_POINT ( 'NONE', #5145 ) ;
#4209 = ORIENTED_EDGE ( 'NONE', *, *, #6323, .F. ) ;
#4210 = ORIENTED_EDGE ( 'NONE', *, *, #5448, .F. ) ;
#4211 = CARTESIAN_POINT ( 'NONE',  ( 0.1250000000000005551, 0.04999999999999999584, 1.600000000000001421 ) ) ;
#4212 = DIRECTION ( 'NONE',  ( -1.000000000000000000, 0.000000000000000000, -5.421010862427524142E-16 ) ) ;
#4213 = LINE ( 'NONE', #4074, #3989 ) ;
#4214 = FACE_OUTER_BOUND ( 'NONE', #2918, .T. ) ;
#4215 = EDGE_CURVE ( 'NONE', #3008, #9389, #9151, .T. ) ;
#4216 = EDGE_LOOP ( 'NONE', ( #1728, #5132, #1904, #10429 ) ) ;
#4217 = EDGE_CURVE ( 'NONE', #436, #7291, #2401, .T. ) ;
#4218 = DIRECTION ( 'NONE',  ( 0.000000000000000000, -1.000000000000000000, 0.000000000000000000 ) ) ;
#4219 = ORIENTED_EDGE ( 'NONE', *, *, #9244, .T. ) ;
#4220 = DIRECTION ( 'NONE',  ( 0.000000000000000000, 0.000000000000000000, -1.000000000000000000 ) ) ;
#4221 = ORIENTED_EDGE ( 'NONE', *, *, #9472, .F. ) ;
#4222 = FILL_AREA_STYLE_COLOUR ( '', #750 ) ;
#4223 = LINE ( 'NONE', #4998, #610 ) ;
#4224 = ORIENTED_EDGE ( 'NONE', *, *, #7473, .T. ) ;
#4225 = CARTESIAN_POINT ( 'NONE',  ( 1.599999999999998979, 0.1230000000000000954, -1.899999999999999467 ) ) ;
#4226 = ORIENTED_EDGE ( 'NONE', *, *, #7969, .T. ) ;
#4227 = EDGE_CURVE ( 'NONE', #4704, #949, #9117, .T. ) ;
#4228 = PLANE ( 'NONE',  #195 ) ;
#4229 = ORIENTED_EDGE ( 'NONE', *, *, #6946, .F. ) ;
#4230 = ADVANCED_FACE ( 'NONE', ( #5597 ), #5343, .F. ) ;
#4231 = CARTESIAN_POINT ( 'NONE',  ( 1.599999999999998979, 0.6746990566028303604, 0.3750000000000001110 ) ) ;
#4232 = VECTOR ( 'NONE', #5119, 1000.000000000000000 ) ;
#4233 = VECTOR ( 'NONE', #7279, 1000.000000000000000 ) ;
#4234 = DIRECTION ( 'NONE',  ( -0.000000000000000000, -0.000000000000000000, 1.000000000000000000 ) ) ;
#4235 = ORIENTED_EDGE ( 'NONE', *, *, #9908, .F. ) ;
#4236 = DIRECTION ( 'NONE',  ( 0.000000000000000000, -1.000000000000000000, 0.000000000000000000 ) ) ;
#4237 = DIRECTION ( 'NONE',  ( -1.000000000000000000, 0.000000000000000000, 0.000000000000000000 ) ) ;
#4238 = CARTESIAN_POINT ( 'NONE',  ( 1.999999999999999112, 0.000000000000000000, -1.374999999999999778 ) ) ;
#4239 = VERTEX_POINT ( 'NONE', #7199 ) ;
#4240 = ADVANCED_FACE ( 'NONE', ( #9290, #9305, #2283 ), #6168, .F. ) ;
#4241 = MANIFOLD_SOLID_BREP ( 'Boss-Extrude4[2]', #7302 ) ;
#4242 = ORIENTED_EDGE ( 'NONE', *, *, #1055, .F. ) ;
#4243 = LINE ( 'NONE', #8304, #7762 ) ;
#4244 = AXIS2_PLACEMENT_3D ( 'NONE', #2184, #10159, #6256 ) ;
#4245 = VERTEX_POINT ( 'NONE', #778 ) ;
#4246 = VERTEX_POINT ( 'NONE', #8065 ) ;
#4247 = CARTESIAN_POINT ( 'NONE',  ( 0.3750000000000001110, 0.6746990566028302494, -2.000000000000000888 ) ) ;
#4248 = ORIENTED_EDGE ( 'NONE', *, *, #7335, .F. ) ;
#4249 = EDGE_CURVE ( 'NONE', #10393, #8274, #2551, .T. ) ;
#4250 = VECTOR ( 'NONE', #8879, 1000.000000000000000 ) ;
#4251 = CARTESIAN_POINT ( 'NONE',  ( -0.8749999999999994449, 0.000000000000000000, 1.600000000000001421 ) ) ;
#4252 = VECTOR ( 'NONE', #2862, 1000.000000000000000 ) ;
#4253 = FILL_AREA_STYLE ('',( #208 ) ) ;
#4254 = ORIENTED_EDGE ( 'NONE', *, *, #5253, .T. ) ;
#4255 = ADVANCED_FACE ( 'NONE', ( #9486 ), #1401, .T. ) ;
#4256 = DIRECTION ( 'NONE',  ( -1.000000000000000000, -3.614007241618349264E-16, 0.000000000000000000 ) ) ;
#4257 = VERTEX_POINT ( 'NONE', #5410 ) ;
#4258 = DIRECTION ( 'NONE',  ( 8.673617379884037444E-16, 0.000000000000000000, 1.000000000000000000 ) ) ;
#4259 = PLANE ( 'NONE',  #8218 ) ;
#4260 = LINE ( 'NONE', #4942, #760 ) ;
#4261 = DIRECTION ( 'NONE',  ( 0.000000000000000000, -1.000000000000000000, 0.000000000000000000 ) ) ;
#4262 = ORIENTED_EDGE ( 'NONE', *, *, #4941, .T. ) ;
#4263 = VERTEX_POINT ( 'NONE', #7064 ) ;
#4264 = ORIENTED_EDGE ( 'NONE', *, *, #7769, .F. ) ;
#4265 = AXIS2_PLACEMENT_3D ( 'NONE', #4358, #957, #3444 ) ;
#4266 =( LENGTH_UNIT ( ) NAMED_UNIT ( * ) SI_UNIT ( .MILLI., .METRE. ) );
#4267 = VECTOR ( 'NONE', #2828, 1000.000000000000000 ) ;
#4268 = EDGE_CURVE ( 'NONE', #5285, #2678, #2704, .T. ) ;
#4269 = VECTOR ( 'NONE', #4521, 1000.000000000000000 ) ;
#4270 = ORIENTED_EDGE ( 'NONE', *, *, #6199, .F. ) ;
#4271 = AXIS2_PLACEMENT_3D ( 'NONE', #10348, #5484, #2437 ) ;
#4272 = CARTESIAN_POINT ( 'NONE',  ( -0.1249999999999998890, 0.2030000000000000138, -1.600000000000000977 ) ) ;
#4273 = ORIENTED_EDGE ( 'NONE', *, *, #6326, .F. ) ;
#4274 = FACE_OUTER_BOUND ( 'NONE', #8432, .T. ) ;
#4275 = CARTESIAN_POINT ( 'NONE',  ( -1.749999999999998890, 0.1230000000000000676, -1.729999999999999538 ) ) ;
#4276 = LINE ( 'NONE', #10413, #7835 ) ;
#4277 = DIRECTION ( 'NONE',  ( 0.000000000000000000, -1.000000000000000000, 0.000000000000000000 ) ) ;
#4278 = VERTEX_POINT ( 'NONE', #2926 ) ;
#4279 = ORIENTED_EDGE ( 'NONE', *, *, #5731, .F. ) ;
#4280 = CARTESIAN_POINT ( 'NONE',  ( 1.999999999999999112, 0.000000000000000000, -1.125000000000000000 ) ) ;
#4281 = EDGE_LOOP ( 'NONE', ( #6122, #9765, #6265, #5258 ) ) ;
#4282 = DIRECTION ( 'NONE',  ( 0.000000000000000000, -1.000000000000000000, 0.000000000000000000 ) ) ;
#4283 = STYLED_ITEM ( 'NONE', ( #1905 ), #1377 ) ;
#4284 = LINE ( 'NONE', #3725, #4476 ) ;
#4285 = LINE ( 'NONE', #855, #869 ) ;
#4286 = ORIENTED_EDGE ( 'NONE', *, *, #7903, .F. ) ;
#4287 = EDGE_CURVE ( 'NONE', #5375, #5895, #6218, .T. ) ;
#4288 = CARTESIAN_POINT ( 'NONE',  ( 1.999999999999999112, 0.6746990566028303604, 1.375000000000000222 ) ) ;
#4289 = VERTEX_POINT ( 'NONE', #2295 ) ;
#4290 = VECTOR ( 'NONE', #3262, 1000.000000000000000 ) ;
#4291 = ADVANCED_FACE ( 'NONE', ( #2744 ), #3150, .T. ) ;
#4292 = CARTESIAN_POINT ( 'NONE',  ( 0.8750000000000001110, 0.05000000000000000278, 0.000000000000000000 ) ) ;
#4293 = VECTOR ( 'NONE', #6180, 1000.000000000000000 ) ;
#4294 = ORIENTED_EDGE ( 'NONE', *, *, #6319, .T. ) ;
#4295 = CARTESIAN_POINT ( 'NONE',  ( 1.375000000000000222, 0.2030000000000000138, -2.000000000000000888 ) ) ;
#4296 = VERTEX_POINT ( 'NONE', #1596 ) ;
#4297 = CARTESIAN_POINT ( 'NONE',  ( -1.900000000000016565, 0.2030000000000000970, -1.599999999999978995 ) ) ;
#4298 = ORIENTED_EDGE ( 'NONE', *, *, #8880, .F. ) ;
#4299 = CARTESIAN_POINT ( 'NONE',  ( -1.149999999999999911, 0.05000000000000012768, 1.149999999999999023 ) ) ;
#4300 = VECTOR ( 'NONE', #888, 1000.000000000000000 ) ;
#4301 = CARTESIAN_POINT ( 'NONE',  ( 1.599999999999998979, 0.6746990566028303604, -1.125000000000000000 ) ) ;
#4302 = ORIENTED_EDGE ( 'NONE', *, *, #1285, .T. ) ;
#4303 = EDGE_CURVE ( 'NONE', #7626, #2865, #9685, .T. ) ;
#4304 = DIRECTION ( 'NONE',  ( 1.000000000000000000, 0.000000000000000000, 0.000000000000000000 ) ) ;
#4305 = DIRECTION ( 'NONE',  ( -1.734723475976807587E-16, 0.000000000000000000, 1.000000000000000000 ) ) ;
#4306 = CARTESIAN_POINT ( 'NONE',  ( 2.000000000000000000, 0.2030000000000000138, 0.000000000000000000 ) ) ;
#4307 = AXIS2_PLACEMENT_3D ( 'NONE', #1869, #3564, #2677 ) ;
#4308 = EDGE_CURVE ( 'NONE', #1751, #1861, #2817, .T. ) ;
#4309 = EDGE_LOOP ( 'NONE', ( #7496, #615, #3964, #2833 ) ) ;
#4310 = VECTOR ( 'NONE', #7377, 1000.000000000000000 ) ;
#4311 = PLANE ( 'NONE',  #8224 ) ;
#4312 = VERTEX_POINT ( 'NONE', #3734 ) ;
#4313 = VERTEX_POINT ( 'NONE', #5275 ) ;
#4314 = CARTESIAN_POINT ( 'NONE',  ( 0.6250000000000001110, 0.000000000000000000, -1.600000000000000977 ) ) ;
#4315 = ORIENTED_EDGE ( 'NONE', *, *, #9621, .F. ) ;
#4316 = ADVANCED_FACE ( 'NONE', ( #9603 ), #9354, .T. ) ;
#4317 = PLANE ( 'NONE',  #1234 ) ;
#4318 = PLANE ( 'NONE',  #5318 ) ;
#4319 = VECTOR ( 'NONE', #8981, 1000.000000000000000 ) ;
#4320 = MANIFOLD_SOLID_BREP ( 'PIN1', #5350 ) ;
#4321 = ORIENTED_EDGE ( 'NONE', *, *, #10268, .T. ) ;
#4322 = EDGE_CURVE ( 'NONE', #8379, #10300, #6019, .T. ) ;
#4323 = DIRECTION ( 'NONE',  ( -1.000000000000000000, 0.000000000000000000, -0.000000000000000000 ) ) ;
#4324 = ORIENTED_EDGE ( 'NONE', *, *, #5194, .T. ) ;
#4325 = CARTESIAN_POINT ( 'NONE',  ( 2.000000000000000888, 7.256854249492380227, 1.999999999999999112 ) ) ;
#4326 = EDGE_CURVE ( 'NONE', #6653, #3318, #5959, .T. ) ;
#4327 = DIRECTION ( 'NONE',  ( 1.000000000000000000, 0.000000000000000000, -0.000000000000000000 ) ) ;
#4328 = VECTOR ( 'NONE', #6894, 1000.000000000000000 ) ;
#4329 = DIRECTION ( 'NONE',  ( 1.047444401652940007E-14, -1.807003620809174632E-16, 1.000000000000000000 ) ) ;
#4330 = EDGE_LOOP ( 'NONE', ( #8934, #7158, #3341, #3765 ) ) ;
#4331 = EDGE_CURVE ( 'NONE', #9423, #10452, #2643, .T. ) ;
#4332 = VERTEX_POINT ( 'NONE', #4861 ) ;
#4333 = VERTEX_POINT ( 'NONE', #3219 ) ;
#4334 = CARTESIAN_POINT ( 'NONE',  ( 2.000000000000000888, 0.2030000000000000693, -0.3749999999999998890 ) ) ;
#4335 = FACE_OUTER_BOUND ( 'NONE', #7916, .T. ) ;
#4336 = FACE_OUTER_BOUND ( 'NONE', #7475, .T. ) ;
#4337 = ORIENTED_EDGE ( 'NONE', *, *, #9218, .F. ) ;
#4338 = ADVANCED_FACE ( 'NONE', ( #6241 ), #1855, .F. ) ;
#4339 = CARTESIAN_POINT ( 'NONE',  ( -0.8749999999999994449, 0.6746990566028302494, 1.600000000000001421 ) ) ;
#4340 = ORIENTED_EDGE ( 'NONE', *, *, #7492, .F. ) ;
#4341 = FACE_OUTER_BOUND ( 'NONE', #4979, .T. ) ;
#4342 = CARTESIAN_POINT ( 'NONE',  ( 0.000000000000000000, 0.05000000000000000278, -0.1249999999999998890 ) ) ;
#4343 = EDGE_CURVE ( 'NONE', #10134, #5889, #2607, .T. ) ;
#4344 = LINE ( 'NONE', #8996, #806 ) ;
#4345 = PLANE ( 'NONE',  #6249 ) ;
#4346 = EDGE_LOOP ( 'NONE', ( #4693, #7676, #7604, #3910 ) ) ;
#4347 = EDGE_LOOP ( 'NONE', ( #1337, #1838, #5110, #1677 ) ) ;
#4348 = DIRECTION ( 'NONE',  ( 1.000000000000000000, -0.000000000000000000, 1.734723475976807587E-16 ) ) ;
#4349 = EDGE_LOOP ( 'NONE', ( #9280, #10027, #9884, #3666 ) ) ;
#4350 = CARTESIAN_POINT ( 'NONE',  ( 1.599999999999998979, 0.1230000000000000954, 1.729999999999999538 ) ) ;
#4351 = CARTESIAN_POINT ( 'NONE',  ( -1.999999999999999112, 0.2030000000000000970, 0.3750000000000001110 ) ) ;
#4352 = EDGE_CURVE ( 'NONE', #4312, #5678, #6051, .T. ) ;
#4353 = SURFACE_STYLE_FILL_AREA ( #9286 ) ;
#4354 = VECTOR ( 'NONE', #9047, 1000.000000000000000 ) ;
#4355 = AXIS2_PLACEMENT_3D ( 'NONE', #4939, #733, #3093 ) ;
#4356 = ORIENTED_EDGE ( 'NONE', *, *, #112, .F. ) ;
#4357 = EDGE_CURVE ( 'NONE', #7783, #630, #6268, .T. ) ;
#4358 = CARTESIAN_POINT ( 'NONE',  ( 1.125000000000000222, 0.6746990566028302494, -1.600000000000000977 ) ) ;
#4359 = DIRECTION ( 'NONE',  ( -8.673617379884037444E-16, 0.000000000000000000, -1.000000000000000000 ) ) ;
#4360 = ORIENTED_EDGE ( 'NONE', *, *, #4308, .F. ) ;
#4361 = VECTOR ( 'NONE', #7993, 1000.000000000000000 ) ;
#4362 = CARTESIAN_POINT ( 'NONE',  ( 1.999999999999999112, 0.2030000000000000138, -0.1249999999999998890 ) ) ;
#4363 = PLANE ( 'NONE',  #8731 ) ;
#4364 = ORIENTED_EDGE ( 'NONE', *, *, #3544, .T. ) ;
#4365 = CARTESIAN_POINT ( 'NONE',  ( 1.599999999999998979, 0.6746990566028303604, 1.375000000000000222 ) ) ;
#4366 = EDGE_LOOP ( 'NONE', ( #4780, #8179, #1660, #1593 ) ) ;
#4367 = ORIENTED_EDGE ( 'NONE', *, *, #811, .T. ) ;
#4368 = DIRECTION ( 'NONE',  ( -1.000000000000000000, 0.000000000000000000, 5.421010862427524142E-16 ) ) ;
#4369 = LINE ( 'NONE', #8917, #4179 ) ;
#4370 = PLANE ( 'NONE',  #807 ) ;
#4371 = ORIENTED_EDGE ( 'NONE', *, *, #2800, .F. ) ;
#4372 = CARTESIAN_POINT ( 'NONE',  ( 1.749999999999998890, 0.1230000000000000676, 1.999999999999999556 ) ) ;
#4373 = DIRECTION ( 'NONE',  ( 0.000000000000000000, 1.000000000000000000, 0.000000000000000000 ) ) ;
#4374 = CARTESIAN_POINT ( 'NONE',  ( 1.599999999999998979, 0.2030000000000000970, -0.6249999999999998890 ) ) ;
#4375 = AXIS2_PLACEMENT_3D ( 'NONE', #8796, #5502, #10434 ) ;
#4376 = PLANE ( 'NONE',  #7376 ) ;
#4377 = ORIENTED_EDGE ( 'NONE', *, *, #2226, .T. ) ;
#4378 = LINE ( 'NONE', #1664, #968 ) ;
#4379 = EDGE_CURVE ( 'NONE', #4332, #6120, #6255, .T. ) ;
#4380 = ADVANCED_FACE ( 'NONE', ( #2493 ), #7273, .F. ) ;
#4381 = VECTOR ( 'NONE', #10104, 1000.000000000000000 ) ;
#4382 = CARTESIAN_POINT ( 'NONE',  ( 1.599999999999998979, 0.000000000000000000, 0.8750000000000001110 ) ) ;
#4383 = EDGE_LOOP ( 'NONE', ( #7415, #7653, #2011, #8974 ) ) ;
#4384 = ORIENTED_EDGE ( 'NONE', *, *, #8772, .F. ) ;
#4385 = FILL_AREA_STYLE ('',( #9239 ) ) ;
#4386 = ORIENTED_EDGE ( 'NONE', *, *, #2, .F. ) ;
#4387 = LINE ( 'NONE', #10124, #4546 ) ;
#4388 = CARTESIAN_POINT ( 'NONE',  ( -1.599999999999998979, 0.2030000000000000970, 1.899999999999999467 ) ) ;
#4389 = VECTOR ( 'NONE', #8071, 1000.000000000000000 ) ;
#4390 = DIRECTION ( 'NONE',  ( 1.000000000000000000, 0.000000000000000000, 1.734723475976807587E-16 ) ) ;
#4391 = EDGE_LOOP ( 'NONE', ( #9175, #3119, #1837, #3148 ) ) ;
#4392 = AXIS2_PLACEMENT_3D ( 'NONE', #5881, #2575, #9103 ) ;
#4393 = EDGE_LOOP ( 'NONE', ( #5705, #5310, #1907, #6175 ) ) ;
#4394 = EDGE_CURVE ( 'NONE', #5425, #3614, #2589, .T. ) ;
#4395 = DIRECTION ( 'NONE',  ( 0.000000000000000000, 0.000000000000000000, 1.000000000000000000 ) ) ;
#4396 = VERTEX_POINT ( 'NONE', #1662 ) ;
#4397 = AXIS2_PLACEMENT_3D ( 'NONE', #4526, #10225, #349 ) ;
#4398 = EDGE_LOOP ( 'NONE', ( #9005, #10545, #6023, #1719 ) ) ;
#4399 = ORIENTED_EDGE ( 'NONE', *, *, #6618, .F. ) ;
#4400 = ADVANCED_FACE ( 'NONE', ( #9639 ), #2580, .T. ) ;
#4401 = CARTESIAN_POINT ( 'NONE',  ( -0.9499999999999979572, 0.05000000000000000278, -1.250000000000000222 ) ) ;
#4402 = LINE ( 'NONE', #4573, #7937 ) ;
#4403 = LINE ( 'NONE', #3290, #4024 ) ;
#4404 = CLOSED_SHELL ( 'NONE', ( #10512, #2079, #320, #1671, #9388, #6071 ) ) ;
#4405 = CARTESIAN_POINT ( 'NONE',  ( -1.999999999999981348, 0.2030000000000000693, 1.750000000000019984 ) ) ;
#4406 = ORIENTED_EDGE ( 'NONE', *, *, #6432, .F. ) ;
#4407 = CIRCLE ( 'NONE', #9289, 0.1666666666666667407 ) ;
#4408 = DIRECTION ( 'NONE',  ( 0.000000000000000000, 0.000000000000000000, 1.000000000000000000 ) ) ;
#4409 = ADVANCED_FACE ( 'NONE', ( #9467 ), #4182, .F. ) ;
#4410 = AXIS2_PLACEMENT_3D ( 'NONE', #8814, #1502, #2474 ) ;
#4411 = DIRECTION ( 'NONE',  ( 0.000000000000000000, 0.000000000000000000, 1.000000000000000000 ) ) ;
#4412 = LINE ( 'NONE', #10028, #7944 ) ;
#4413 = DIRECTION ( 'NONE',  ( 1.000000000000000000, 0.000000000000000000, -5.421010862427524142E-16 ) ) ;
#4414 = VERTEX_POINT ( 'NONE', #5751 ) ;
#4415 = ORIENTED_EDGE ( 'NONE', *, *, #3897, .F. ) ;
#4416 = EDGE_CURVE ( 'NONE', #9669, #8131, #2456, .T. ) ;
#4417 = EDGE_LOOP ( 'NONE', ( #5276, #7609, #354, #862 ) ) ;
#4418 = CARTESIAN_POINT ( 'NONE',  ( 0.6250000000000001110, 0.000000000000000000, -1.600000000000000977 ) ) ;
#4419 = DIRECTION ( 'NONE',  ( 1.000000000000000000, -0.000000000000000000, -0.000000000000000000 ) ) ;
#4420 =( LENGTH_UNIT ( ) NAMED_UNIT ( * ) SI_UNIT ( .MILLI., .METRE. ) );
#4421 = VECTOR ( 'NONE', #1177, 1000.000000000000000 ) ;
#4422 = VECTOR ( 'NONE', #1470, 1000.000000000000000 ) ;
#4423 = EDGE_LOOP ( 'NONE', ( #1969, #5574, #9020, #3471 ) ) ;
#4424 = ADVANCED_FACE ( 'NONE', ( #5977 ), #5884, .F. ) ;
#4425 = CARTESIAN_POINT ( 'NONE',  ( 1.749999999999998890, 0.1230000000000000676, 1.899999999999999467 ) ) ;
#4426 = VERTEX_POINT ( 'NONE', #8908 ) ;
#4427 = LINE ( 'NONE', #2162, #8047 ) ;
#4428 = CARTESIAN_POINT ( 'NONE',  ( -0.9499999999999979572, 0.05000000000000000278, -1.250000000000000222 ) ) ;
#4429 = CARTESIAN_POINT ( 'NONE',  ( -1.999999999999999112, 0.2030000000000000138, -0.3749999999999996669 ) ) ;
#4430 = EDGE_CURVE ( 'NONE', #10020, #7183, #9506, .T. ) ;
#4431 = ORIENTED_EDGE ( 'NONE', *, *, #9897, .T. ) ;
#4432 = CARTESIAN_POINT ( 'NONE',  ( 1.250000000000000000, 0.2030000000000000693, 1.250000000000000222 ) ) ;
#4433 = ORIENTED_EDGE ( 'NONE', *, *, #5308, .T. ) ;
#4434 = CARTESIAN_POINT ( 'NONE',  ( 0.000000000000000000, 0.000000000000000000, -1.899999999999999467 ) ) ;
#4435 = ORIENTED_EDGE ( 'NONE', *, *, #7370, .T. ) ;
#4436 = DIRECTION ( 'NONE',  ( -1.047444401652940007E-14, 0.000000000000000000, -1.000000000000000000 ) ) ;
#4437 = EDGE_CURVE ( 'NONE', #3614, #3752, #2532, .T. ) ;
#4438 = CIRCLE ( 'NONE', #2487, 0.1000000000000000472 ) ;
#4439 = FACE_OUTER_BOUND ( 'NONE', #3642, .T. ) ;
#4440 = CARTESIAN_POINT ( 'NONE',  ( 1.999999999999999112, 0.6746990566028303604, -0.8749999999999996669 ) ) ;
#4441 = ORIENTED_EDGE ( 'NONE', *, *, #10507, .F. ) ;
#4442 = CARTESIAN_POINT ( 'NONE',  ( 0.6250000000000005551, 0.2030000000000000138, 2.000000000000000888 ) ) ;
#4443 = DIRECTION ( 'NONE',  ( 8.673617379884037444E-16, 0.000000000000000000, -1.000000000000000000 ) ) ;
#4444 =( NAMED_UNIT ( * ) SI_UNIT ( $, .STERADIAN. ) SOLID_ANGLE_UNIT ( ) );
#4445 =( NAMED_UNIT ( * ) SI_UNIT ( $, .STERADIAN. ) SOLID_ANGLE_UNIT ( ) );
#4446 = FILL_AREA_STYLE ('',( #2934 ) ) ;
#4447 = ORIENTED_EDGE ( 'NONE', *, *, #2043, .F. ) ;
#4448 = LINE ( 'NONE', #6712, #7941 ) ;
#4449 = VECTOR ( 'NONE', #2969, 1000.000000000000000 ) ;
#4450 = CARTESIAN_POINT ( 'NONE',  ( 1.599999999999998979, 0.6746990566028303604, -1.125000000000000000 ) ) ;
#4451 = ORIENTED_EDGE ( 'NONE', *, *, #9142, .T. ) ;
#4452 = ORIENTED_EDGE ( 'NONE', *, *, #682, .F. ) ;
#4453 = DIRECTION ( 'NONE',  ( -1.000000000000000000, -1.807003620809174632E-16, 0.000000000000000000 ) ) ;
#4454 = ORIENTED_EDGE ( 'NONE', *, *, #548, .T. ) ;
#4455 = FACE_OUTER_BOUND ( 'NONE', #9913, .T. ) ;
#4456 = DIRECTION ( 'NONE',  ( 0.000000000000000000, -1.000000000000000000, 0.000000000000000000 ) ) ;
#4457 = VECTOR ( 'NONE', #8849, 1000.000000000000000 ) ;
#4458 = EDGE_CURVE ( 'NONE', #4396, #9205, #2666, .T. ) ;
#4459 = DIRECTION ( 'NONE',  ( -1.000000000000000000, 0.000000000000000000, 0.000000000000000000 ) ) ;
#4460 = ORIENTED_EDGE ( 'NONE', *, *, #8541, .T. ) ;
#4461 = EDGE_CURVE ( 'NONE', #9863, #698, #9564, .T. ) ;
#4462 = DIRECTION ( 'NONE',  ( 1.000000000000000000, 0.000000000000000000, -5.421010862427524142E-16 ) ) ;
#4463 = DIRECTION ( 'NONE',  ( -0.000000000000000000, 1.000000000000000000, -0.000000000000000000 ) ) ;
#4464 = ORIENTED_EDGE ( 'NONE', *, *, #6850, .T. ) ;
#4465 = FACE_OUTER_BOUND ( 'NONE', #4191, .T. ) ;
#4466 = DIRECTION ( 'NONE',  ( -5.421010862427524142E-16, 0.000000000000000000, 1.000000000000000000 ) ) ;
#4467 = ADVANCED_FACE ( 'NONE', ( #6173 ), #7947, .F. ) ;
#4468 = VECTOR ( 'NONE', #9196, 1000.000000000000000 ) ;
#4469 = DIRECTION ( 'NONE',  ( -8.673617379884037444E-16, 0.000000000000000000, -1.000000000000000000 ) ) ;
#4470 = ORIENTED_EDGE ( 'NONE', *, *, #7635, .F. ) ;
#4471 = EDGE_LOOP ( 'NONE', ( #8113, #4367, #1315, #8484 ) ) ;
#4472 = EDGE_CURVE ( 'NONE', #6316, #8379, #9704, .T. ) ;
#4473 = VERTEX_POINT ( 'NONE', #5435 ) ;
#4474 = MECHANICAL_DESIGN_GEOMETRIC_PRESENTATION_REPRESENTATION (  '', ( #665 ), #3425 ) ;
#4475 = DIRECTION ( 'NONE',  ( -0.000000000000000000, -1.000000000000000000, -0.000000000000000000 ) ) ;
#4476 = VECTOR ( 'NONE', #5334, 1000.000000000000000 ) ;
#4477 =( GEOMETRIC_REPRESENTATION_CONTEXT ( 3 ) GLOBAL_UNCERTAINTY_ASSIGNED_CONTEXT ( ( #9664 ) ) GLOBAL_UNIT_ASSIGNED_CONTEXT ( ( #6018, #1123, #1902 ) ) REPRESENTATION_CONTEXT ( 'NONE', 'WORKASPACE' ) );
#4478 = ORIENTED_EDGE ( 'NONE', *, *, #9757, .F. ) ;
#4479 = DIRECTION ( 'NONE',  ( -0.000000000000000000, -0.000000000000000000, 1.000000000000000000 ) ) ;
#4480 = VERTEX_POINT ( 'NONE', #2736 ) ;
#4481 = EDGE_CURVE ( 'NONE', #826, #9931, #6185, .T. ) ;
#4482 = LINE ( 'NONE', #5481, #950 ) ;
#4483 = CARTESIAN_POINT ( 'NONE',  ( -0.8749999999999994449, 0.2030000000000000138, 1.600000000000001421 ) ) ;
#4484 = PLANE ( 'NONE',  #7929 ) ;
#4485 = LINE ( 'NONE', #2681, #1133 ) ;
#4486 = AXIS2_PLACEMENT_3D ( 'NONE', #111, #6011, #8330 ) ;
#4487 = CARTESIAN_POINT ( 'NONE',  ( -1.124999999999999556, 0.000000000000000000, 2.000000000000000888 ) ) ;
#4488 = EDGE_LOOP ( 'NONE', ( #50, #7161, #9606, #4879 ) ) ;
#4489 = ORIENTED_EDGE ( 'NONE', *, *, #1362, .F. ) ;
#4490 = CARTESIAN_POINT ( 'NONE',  ( 0.000000000000000000, 0.2030000000000000138, 0.000000000000000000 ) ) ;
#4491 = ORIENTED_EDGE ( 'NONE', *, *, #5996, .T. ) ;
#4492 = ADVANCED_FACE ( 'NONE', ( #6665 ), #5368, .T. ) ;
#4493 = CARTESIAN_POINT ( 'NONE',  ( -1.599999999999998979, 0.1230000000000000954, -1.899999999999999467 ) ) ;
#4494 = PLANE ( 'NONE',  #5085 ) ;
#4495 = CARTESIAN_POINT ( 'NONE',  ( 1.149999999999999911, 0.2030000000000009297, -1.249999999999999778 ) ) ;
#4496 = EDGE_CURVE ( 'NONE', #6592, #8157, #3194, .T. ) ;
#4497 = SURFACE_STYLE_FILL_AREA ( #4653 ) ;
#4498 = VERTEX_POINT ( 'NONE', #6948 ) ;
#4499 = CARTESIAN_POINT ( 'NONE',  ( -1.599999999999998979, 0.6746990566028303604, -0.1249999999999998890 ) ) ;
#4500 = UNCERTAINTY_MEASURE_WITH_UNIT (LENGTH_MEASURE( 1.000000000000000082E-05 ), #10485, 'distance_accuracy_value', 'NONE');
#4501 = ORIENTED_EDGE ( 'NONE', *, *, #1670, .F. ) ;
#4502 = LINE ( 'NONE', #975, #1037 ) ;
#4503 = CARTESIAN_POINT ( 'NONE',  ( -1.599999999999998979, 0.000000000000000000, -0.1249999999999998890 ) ) ;
#4504 = DIRECTION ( 'NONE',  ( 0.000000000000000000, 1.000000000000000000, 0.000000000000000000 ) ) ;
#4505 = LINE ( 'NONE', #3115, #8028 ) ;
#4506 = DIRECTION ( 'NONE',  ( 0.000000000000000000, 0.000000000000000000, -1.000000000000000000 ) ) ;
#4507 = ORIENTED_EDGE ( 'NONE', *, *, #9142, .F. ) ;
#4508 = DIRECTION ( 'NONE',  ( 0.000000000000000000, -0.000000000000000000, 1.000000000000000000 ) ) ;
#4509 = EDGE_LOOP ( 'NONE', ( #5284, #380, #7323, #3057 ) ) ;
#4510 = DIRECTION ( 'NONE',  ( -8.673617379884037444E-16, 0.000000000000000000, 1.000000000000000000 ) ) ;
#4511 = ORIENTED_EDGE ( 'NONE', *, *, #4984, .T. ) ;
#4512 = AXIS2_PLACEMENT_3D ( 'NONE', #5940, #6783, #338 ) ;
#4513 = VECTOR ( 'NONE', #6702, 1000.000000000000000 ) ;
#4514 = EDGE_CURVE ( 'NONE', #6823, #5257, #2995, .T. ) ;
#4515 = LINE ( 'NONE', #7999, #4457 ) ;
#4516 = DIRECTION ( 'NONE',  ( 1.000000000000000000, 0.000000000000000000, 0.000000000000000000 ) ) ;
#4517 = ORIENTED_EDGE ( 'NONE', *, *, #1651, .T. ) ;
#4518 = ADVANCED_FACE ( 'NONE', ( #6472 ), #8671, .F. ) ;
#4519 = SURFACE_SIDE_STYLE ('',( #2414 ) ) ;
#4520 = SURFACE_SIDE_STYLE ('',( #7117 ) ) ;
#4521 = DIRECTION ( 'NONE',  ( 0.000000000000000000, -1.000000000000000000, 0.000000000000000000 ) ) ;
#4522 = CARTESIAN_POINT ( 'NONE',  ( 1.375000000000000444, 0.2030000000000000693, 1.999999999999999112 ) ) ;
#4523 = ORIENTED_EDGE ( 'NONE', *, *, #8659, .T. ) ;
#4524 = VECTOR ( 'NONE', #1333, 1000.000000000000000 ) ;
#4525 = LINE ( 'NONE', #4618, #4620 ) ;
#4526 = CARTESIAN_POINT ( 'NONE',  ( 0.3750000000000001110, 0.2030000000000000138, -1.600000000000000977 ) ) ;
#4527 = EDGE_LOOP ( 'NONE', ( #5243, #8990, #1141, #9041 ) ) ;
#4528 = VECTOR ( 'NONE', #7757, 1000.000000000000000 ) ;
#4529 =( LENGTH_UNIT ( ) NAMED_UNIT ( * ) SI_UNIT ( .MILLI., .METRE. ) );
#4530 = VERTEX_POINT ( 'NONE', #10237 ) ;
#4531 = AXIS2_PLACEMENT_3D ( 'NONE', #7297, #8012, #9585 ) ;
#4532 = DIRECTION ( 'NONE',  ( 0.000000000000000000, 0.000000000000000000, 1.000000000000000000 ) ) ;
#4533 = LINE ( 'NONE', #254, #1065 ) ;
#4534 = CARTESIAN_POINT ( 'NONE',  ( 0.000000000000000000, 0.2030000000000000138, 0.000000000000000000 ) ) ;
#4535 = VECTOR ( 'NONE', #7780, 1000.000000000000000 ) ;
#4536 = ORIENTED_EDGE ( 'NONE', *, *, #871, .T. ) ;
#4537 = EDGE_CURVE ( 'NONE', #10325, #7349, #9935, .T. ) ;
#4538 = AXIS2_PLACEMENT_3D ( 'NONE', #9841, #106, #1759 ) ;
#4539 = DIRECTION ( 'NONE',  ( 1.047444401652940007E-14, 1.807003620809174632E-16, 1.000000000000000000 ) ) ;
#4540 = ORIENTED_EDGE ( 'NONE', *, *, #4812, .F. ) ;
#4541 =( LENGTH_UNIT ( ) NAMED_UNIT ( * ) SI_UNIT ( .MILLI., .METRE. ) );
#4542 = DIRECTION ( 'NONE',  ( 0.000000000000000000, -3.614007241618349757E-16, 1.000000000000000000 ) ) ;
#4543 = ORIENTED_EDGE ( 'NONE', *, *, #10296, .F. ) ;
#4544 = VERTEX_POINT ( 'NONE', #3685 ) ;
#4545 = VERTEX_POINT ( 'NONE', #1986 ) ;
#4546 = VECTOR ( 'NONE', #6222, 1000.000000000000000 ) ;
#4547 = LINE ( 'NONE', #5418, #1174 ) ;
#4548 = VERTEX_POINT ( 'NONE', #9377 ) ;
#4549 = AXIS2_PLACEMENT_3D ( 'NONE', #1637, #1705, #7889 ) ;
#4550 = DIRECTION ( 'NONE',  ( -1.000000000000000000, 1.807003620809174632E-16, 0.000000000000000000 ) ) ;
#4551 = AXIS2_PLACEMENT_3D ( 'NONE', #4247, #7488, #1720 ) ;
#4552 = CARTESIAN_POINT ( 'NONE',  ( -1.899999999999981037, 0.2030000000000000693, 1.750000000000018874 ) ) ;
#4553 = EDGE_CURVE ( 'NONE', #977, #1952, #10138, .T. ) ;
#4554 = ORIENTED_EDGE ( 'NONE', *, *, #6559, .F. ) ;
#4555 = VECTOR ( 'NONE', #6858, 1000.000000000000000 ) ;
#4556 = DIRECTION ( 'NONE',  ( -1.000000000000000000, 0.000000000000000000, 3.491481338843133355E-15 ) ) ;
#4557 = ADVANCED_FACE ( 'NONE', ( #10045 ), #2811, .T. ) ;
#4558 = CARTESIAN_POINT ( 'NONE',  ( 1.599999999999998979, 0.2030000000000000970, 0.3750000000000001110 ) ) ;
#4559 = ORIENTED_EDGE ( 'NONE', *, *, #7834, .F. ) ;
#4560 = VERTEX_POINT ( 'NONE', #7646 ) ;
#4561 = ORIENTED_EDGE ( 'NONE', *, *, #5295, .F. ) ;
#4562 = CARTESIAN_POINT ( 'NONE',  ( -0.1249999999999994588, 0.2030000000000000138, 1.600000000000001421 ) ) ;
#4563 = CARTESIAN_POINT ( 'NONE',  ( -1.499999999999999112, 0.8000000000000000444, -1.500000000000000666 ) ) ;
#4564 = DIRECTION ( 'NONE',  ( 0.000000000000000000, -0.000000000000000000, -1.000000000000000000 ) ) ;
#4565 = DIRECTION ( 'NONE',  ( 0.000000000000000000, 1.000000000000000000, 0.000000000000000000 ) ) ;
#4566 = VECTOR ( 'NONE', #3448, 1000.000000000000000 ) ;
#4567 = LINE ( 'NONE', #268, #8145 ) ;
#4568 = CLOSED_SHELL ( 'NONE', ( #9431, #8117, #8328, #4725, #3080, #8431 ) ) ;
#4569 = EDGE_CURVE ( 'NONE', #461, #3796, #6325, .T. ) ;
#4570 = ORIENTED_EDGE ( 'NONE', *, *, #3645, .F. ) ;
#4571 = EDGE_CURVE ( 'NONE', #4208, #4239, #9986, .T. ) ;
#4572 = CARTESIAN_POINT ( 'NONE',  ( -1.599999999999999201, 0.6746990566028303604, 1.125000000000000222 ) ) ;
#4573 = CARTESIAN_POINT ( 'NONE',  ( 0.1250000000000005551, 0.2030000000000000138, 1.600000000000001421 ) ) ;
#4574 = LINE ( 'NONE', #1938, #4449 ) ;
#4575 = VERTEX_POINT ( 'NONE', #8486 ) ;
#4576 = VERTEX_POINT ( 'NONE', #8732 ) ;
#4577 = DIRECTION ( 'NONE',  ( 1.000000000000000000, 0.000000000000000000, 5.421010862427524142E-16 ) ) ;
#4578 = ORIENTED_EDGE ( 'NONE', *, *, #7754, .F. ) ;
#4579 = DIRECTION ( 'NONE',  ( 1.807003620809174632E-16, -1.000000000000000000, -0.000000000000000000 ) ) ;
#4580 = EDGE_LOOP ( 'NONE', ( #6650, #2785, #5222, #84 ) ) ;
#4581 = CARTESIAN_POINT ( 'NONE',  ( 1.125000000000000222, 0.2030000000000000138, -1.600000000000000977 ) ) ;
#4582 = CARTESIAN_POINT ( 'NONE',  ( -1.599999999999999201, 0.2030000000000000138, 0.1250000000000001110 ) ) ;
#4583 = DIRECTION ( 'NONE',  ( -1.000000000000000000, 0.000000000000000000, 0.000000000000000000 ) ) ;
#4584 = DIRECTION ( 'NONE',  ( 0.000000000000000000, 0.000000000000000000, 1.000000000000000000 ) ) ;
#4585 = ORIENTED_EDGE ( 'NONE', *, *, #9776, .T. ) ;
#4586 = FACE_OUTER_BOUND ( 'NONE', #10462, .T. ) ;
#4587 = EDGE_CURVE ( 'NONE', #7478, #5301, #2835, .T. ) ;
#4588 = FACE_OUTER_BOUND ( 'NONE', #831, .T. ) ;
#4589 = DIRECTION ( 'NONE',  ( -1.000000000000000000, 0.000000000000000000, 0.000000000000000000 ) ) ;
#4590 = VERTEX_POINT ( 'NONE', #437 ) ;
#4591 = ORIENTED_EDGE ( 'NONE', *, *, #23, .T. ) ;
#4592 = VERTEX_POINT ( 'NONE', #2879 ) ;
#4593 = EDGE_CURVE ( 'NONE', #10317, #8952, #3035, .T. ) ;
#4594 = LINE ( 'NONE', #8456, #999 ) ;
#4595 = AXIS2_PLACEMENT_3D ( 'NONE', #2719, #5735, #2560 ) ;
#4596 = EDGE_CURVE ( 'NONE', #6418, #6762, #2973, .T. ) ;
#4597 = EDGE_LOOP ( 'NONE', ( #1609, #6244, #2804, #3840 ) ) ;
#4598 = ADVANCED_FACE ( 'NONE', ( #3142 ), #3978, .T. ) ;
#4599 = EDGE_CURVE ( 'NONE', #9831, #6592, #10063, .T. ) ;
#4600 = DIRECTION ( 'NONE',  ( -3.491481338843133355E-15, -1.807003620809174632E-16, -1.000000000000000000 ) ) ;
#4601 = DIRECTION ( 'NONE',  ( 0.000000000000000000, 0.000000000000000000, -1.000000000000000000 ) ) ;
#4602 = EDGE_LOOP ( 'NONE', ( #9408, #7894, #2739, #2096 ) ) ;
#4603 = VECTOR ( 'NONE', #6236, 1000.000000000000000 ) ;
#4604 = CARTESIAN_POINT ( 'NONE',  ( 1.999999999999999112, 0.6746990566028303604, 0.3750000000000001110 ) ) ;
#4605 = LINE ( 'NONE', #455, #4638 ) ;
#4606 = CARTESIAN_POINT ( 'NONE',  ( -1.375000000000000000, 0.2030000000000000138, -1.600000000000000977 ) ) ;
#4607 = VERTEX_POINT ( 'NONE', #8016 ) ;
#4608 = VERTEX_POINT ( 'NONE', #3171 ) ;
#4609 = EDGE_LOOP ( 'NONE', ( #6956, #6436, #2161, #6601 ) ) ;
#4610 = DIRECTION ( 'NONE',  ( 0.000000000000000000, 0.000000000000000000, -1.000000000000000000 ) ) ;
#4611 = ORIENTED_EDGE ( 'NONE', *, *, #9527, .T. ) ;
#4612 = DIRECTION ( 'NONE',  ( -1.000000000000000000, -0.000000000000000000, -5.421010862427523156E-16 ) ) ;
#4613 = AXIS2_PLACEMENT_3D ( 'NONE', #2100, #4579, #8650 ) ;
#4614 = AXIS2_PLACEMENT_3D ( 'NONE', #2364, #4118, #3224 ) ;
#4615 = VERTEX_POINT ( 'NONE', #4808 ) ;
#4616 = LINE ( 'NONE', #6306, #1200 ) ;
#4617 = EDGE_CURVE ( 'NONE', #9475, #6762, #3014, .T. ) ;
#4618 = CARTESIAN_POINT ( 'NONE',  ( -1.250000000000000000, 0.2030000000000000693, -1.250000000000000222 ) ) ;
#4619 = AXIS2_PLACEMENT_3D ( 'NONE', #4141, #4948, #8165 ) ;
#4620 = VECTOR ( 'NONE', #5383, 1000.000000000000000 ) ;
#4621 = VERTEX_POINT ( 'NONE', #4205 ) ;
#4622 = FACE_OUTER_BOUND ( 'NONE', #168, .T. ) ;
#4623 = DIRECTION ( 'NONE',  ( 0.000000000000000000, 1.000000000000000000, 0.000000000000000000 ) ) ;
#4624 = ORIENTED_EDGE ( 'NONE', *, *, #9794, .F. ) ;
#4625 = PLANE ( 'NONE',  #2675 ) ;
#4626 = DIRECTION ( 'NONE',  ( -1.000000000000000000, 0.000000000000000000, -0.000000000000000000 ) ) ;
#4627 = CARTESIAN_POINT ( 'NONE',  ( -0.3749999999999994449, 0.000000000000000000, 1.600000000000001421 ) ) ;
#4628 = UNCERTAINTY_MEASURE_WITH_UNIT (LENGTH_MEASURE( 1.000000000000000082E-05 ), #8705, 'distance_accuracy_value', 'NONE');
#4629 = FACE_OUTER_BOUND ( 'NONE', #1428, .T. ) ;
#4630 = ORIENTED_EDGE ( 'NONE', *, *, #3952, .T. ) ;
#4631 = PRESENTATION_LAYER_ASSIGNMENT (  '', '', ( #833 ) ) ;
#4632 = ORIENTED_EDGE ( 'NONE', *, *, #1564, .F. ) ;
#4633 = VECTOR ( 'NONE', #9647, 1000.000000000000000 ) ;
#4634 = ADVANCED_FACE ( 'NONE', ( #10024 ), #5566, .F. ) ;
#4635 = CARTESIAN_POINT ( 'NONE',  ( -1.999999999999999112, 0.2030000000000000693, -1.125000000000000222 ) ) ;
#4636 = PLANE ( 'NONE',  #1108 ) ;
#4637 = EDGE_CURVE ( 'NONE', #2829, #6554, #2852, .T. ) ;
#4638 = VECTOR ( 'NONE', #1225, 1000.000000000000000 ) ;
#4639 = CARTESIAN_POINT ( 'NONE',  ( -1.599999999999998979, 0.2030000000000000970, 1.729999999999999538 ) ) ;
#4640 = ORIENTED_EDGE ( 'NONE', *, *, #10466, .T. ) ;
#4641 = CARTESIAN_POINT ( 'NONE',  ( 1.599999999999998979, 0.2030000000000000970, -1.899999999999999467 ) ) ;
#4642 = LINE ( 'NONE', #5324, #4528 ) ;
#4643 = CARTESIAN_POINT ( 'NONE',  ( 1.599999999999999201, 0.2030000000000000138, 1.125000000000000222 ) ) ;
#4644 = VERTEX_POINT ( 'NONE', #164 ) ;
#4645 = LINE ( 'NONE', #7815, #4923 ) ;
#4646 = FILL_AREA_STYLE ('',( #5480 ) ) ;
#4647 = ORIENTED_EDGE ( 'NONE', *, *, #10177, .T. ) ;
#4648 = DIRECTION ( 'NONE',  ( -0.000000000000000000, -1.000000000000000000, -0.000000000000000000 ) ) ;
#4649 = DIRECTION ( 'NONE',  ( 0.000000000000000000, -1.000000000000000000, 0.000000000000000000 ) ) ;
#4650 = DIRECTION ( 'NONE',  ( 0.000000000000000000, -1.000000000000000000, -0.000000000000000000 ) ) ;
#4651 = CARTESIAN_POINT ( 'NONE',  ( 0.6250000000000005551, 0.04999999999999999584, 1.600000000000001421 ) ) ;
#4652 = DIRECTION ( 'NONE',  ( 0.000000000000000000, -1.000000000000000000, 0.000000000000000000 ) ) ;
#4653 = FILL_AREA_STYLE ('',( #5691 ) ) ;
#4654 = ORIENTED_EDGE ( 'NONE', *, *, #3183, .T. ) ;
#4655 = FACE_OUTER_BOUND ( 'NONE', #4999, .T. ) ;
#4656 = AXIS2_PLACEMENT_3D ( 'NONE', #5812, #8480, #2943 ) ;
#4657 = LINE ( 'NONE', #2200, #4726 ) ;
#4658 = DIRECTION ( 'NONE',  ( -3.491481338843133355E-15, -1.807003620809174632E-16, -1.000000000000000000 ) ) ;
#4659 = ORIENTED_EDGE ( 'NONE', *, *, #9376, .F. ) ;
#4660 = EDGE_LOOP ( 'NONE', ( #5589, #6797, #3250, #3563, #2877, #2929, #2770, #6902 ) ) ;
#4661 = EDGE_CURVE ( 'NONE', #7271, #1098, #6626, .T. ) ;
#4662 = ORIENTED_EDGE ( 'NONE', *, *, #4746, .T. ) ;
#4663 = ADVANCED_FACE ( 'NONE', ( #9950 ), #3306, .T. ) ;
#4664 = VECTOR ( 'NONE', #2674, 1000.000000000000000 ) ;
#4665 = LINE ( 'NONE', #5153, #4535 ) ;
#4666 = CARTESIAN_POINT ( 'NONE',  ( -1.999999999999999112, 0.6746990566028303604, 0.8750000000000001110 ) ) ;
#4667 = ORIENTED_EDGE ( 'NONE', *, *, #6951, .T. ) ;
#4668 = CARTESIAN_POINT ( 'NONE',  ( 1.149999999999999911, 0.2030000000000000693, -1.249999999999999778 ) ) ;
#4669 = DIRECTION ( 'NONE',  ( 0.000000000000000000, -1.000000000000000000, 0.000000000000000000 ) ) ;
#4670 = CARTESIAN_POINT ( 'NONE',  ( 1.599999999999999201, 0.2030000000000000138, 1.125000000000000222 ) ) ;
#4671 = ORIENTED_EDGE ( 'NONE', *, *, #10394, .T. ) ;
#4672 = APPLICATION_PROTOCOL_DEFINITION ( 'draft international standard', 'automotive_design', 1998, #2188 ) ;
#4673 = DIRECTION ( 'NONE',  ( 1.000000000000000000, -0.000000000000000000, -0.000000000000000000 ) ) ;
#4674 = LINE ( 'NONE', #3257, #8048 ) ;
#4675 = DIRECTION ( 'NONE',  ( -1.000000000000000000, 0.000000000000000000, 0.000000000000000000 ) ) ;
#4676 = EDGE_CURVE ( 'NONE', #7721, #3466, #10176, .T. ) ;
#4677 = EDGE_LOOP ( 'NONE', ( #151, #7534, #3011, #2796 ) ) ;
#4678 = ORIENTED_EDGE ( 'NONE', *, *, #2628, .F. ) ;
#4679 = EDGE_LOOP ( 'NONE', ( #8983, #7072, #2021, #2182 ) ) ;
#4680 = PRESENTATION_LAYER_ASSIGNMENT (  '', '', ( #8838 ) ) ;
#4681 = EDGE_CURVE ( 'NONE', #5030, #4730, #6525, .T. ) ;
#4682 = VECTOR ( 'NONE', #7588, 1000.000000000000000 ) ;
#4683 = VECTOR ( 'NONE', #2864, 1000.000000000000000 ) ;
#4684 = ORIENTED_EDGE ( 'NONE', *, *, #3551, .F. ) ;
#4685 = ORIENTED_EDGE ( 'NONE', *, *, #8745, .F. ) ;
#4686 = VECTOR ( 'NONE', #9987, 1000.000000000000000 ) ;
#4687 = CARTESIAN_POINT ( 'NONE',  ( -1.749999999999998890, 0.2030000000000000693, -1.899999999999999467 ) ) ;
#4688 = DIRECTION ( 'NONE',  ( 0.000000000000000000, 0.000000000000000000, -1.000000000000000000 ) ) ;
#4689 = VECTOR ( 'NONE', #6272, 1000.000000000000000 ) ;
#4690 = MANIFOLD_SOLID_BREP ( 'LPattern3[8]', #8674 ) ;
#4691 = ORIENTED_EDGE ( 'NONE', *, *, #5065, .T. ) ;
#4692 = PLANE ( 'NONE',  #9812 ) ;
#4693 = ORIENTED_EDGE ( 'NONE', *, *, #6319, .F. ) ;
#4694 = SURFACE_STYLE_USAGE ( .BOTH. , #1710 ) ;
#4695 = EDGE_LOOP ( 'NONE', ( #3487, #8964, #5476, #2186 ) ) ;
#4696 = CARTESIAN_POINT ( 'NONE',  ( -1.749999999999998890, 0.1230000000000000676, 1.729999999999999538 ) ) ;
#4697 = EDGE_CURVE ( 'NONE', #5713, #7336, #10099, .T. ) ;
#4698 = PLANE ( 'NONE',  #7017 ) ;
#4699 = DIRECTION ( 'NONE',  ( 1.047444401652940007E-14, -1.807003620809174632E-16, 1.000000000000000000 ) ) ;
#4700 = CARTESIAN_POINT ( 'NONE',  ( -1.375000000000000000, 0.000000000000000000, -1.600000000000000977 ) ) ;
#4701 = LINE ( 'NONE', #4365, #1211 ) ;
#4702 = EDGE_CURVE ( 'NONE', #3697, #7152, #2921, .T. ) ;
#4703 = ORIENTED_EDGE ( 'NONE', *, *, #7170, .T. ) ;
#4704 = VERTEX_POINT ( 'NONE', #10505 ) ;
#4705 = LINE ( 'NONE', #5019, #4686 ) ;
#4706 = FILL_AREA_STYLE_COLOUR ( '', #2740 ) ;
#4707 =( NAMED_UNIT ( * ) SI_UNIT ( $, .STERADIAN. ) SOLID_ANGLE_UNIT ( ) );
#4708 = CARTESIAN_POINT ( 'NONE',  ( 1.500000000000000000, 0.000000000000000000, 0.000000000000000000 ) ) ;
#4709 = VERTEX_POINT ( 'NONE', #802 ) ;
#4710 = CARTESIAN_POINT ( 'NONE',  ( -1.599999999999998979, 0.6746990566028303604, -1.125000000000000000 ) ) ;
#4711 = CARTESIAN_POINT ( 'NONE',  ( -1.599999999999999423, 0.05000000000000000278, 1.387778780781445478E-15 ) ) ;
#4712 = CLOSED_SHELL ( 'NONE', ( #4634, #8667, #9012, #5445, #9738, #5264 ) ) ;
#4713 = VECTOR ( 'NONE', #5928, 1000.000000000000000 ) ;
#4714 = VECTOR ( 'NONE', #5349, 1000.000000000000000 ) ;
#4715 = ORIENTED_EDGE ( 'NONE', *, *, #5096, .F. ) ;
#4716 = DIRECTION ( 'NONE',  ( 0.000000000000000000, 1.000000000000000000, 0.000000000000000000 ) ) ;
#4717 = FILL_AREA_STYLE ('',( #3078 ) ) ;
#4718 = CARTESIAN_POINT ( 'NONE',  ( 1.599999999999998979, 0.000000000000000000, -0.1249999999999998890 ) ) ;
#4719 = EDGE_CURVE ( 'NONE', #839, #3027, #9968, .T. ) ;
#4720 = DIRECTION ( 'NONE',  ( -1.000000000000000000, 0.000000000000000000, -0.000000000000000000 ) ) ;
#4721 = ORIENTED_EDGE ( 'NONE', *, *, #133, .F. ) ;
#4722 = EDGE_CURVE ( 'NONE', #7051, #10134, #10119, .T. ) ;
#4723 = FACE_OUTER_BOUND ( 'NONE', #6039, .T. ) ;
#4724 = ADVANCED_FACE ( 'NONE', ( #10156 ), #3238, .T. ) ;
#4725 = ADVANCED_FACE ( 'NONE', ( #6645 ), #7379, .F. ) ;
#4726 = VECTOR ( 'NONE', #10314, 1000.000000000000000 ) ;
#4727 = CARTESIAN_POINT ( 'NONE',  ( -1.999999999999999112, 0.6746990566028303604, -0.3749999999999996669 ) ) ;
#4728 = ORIENTED_EDGE ( 'NONE', *, *, #3294, .F. ) ;
#4729 = LINE ( 'NONE', #8636, #5118 ) ;
#4730 = VERTEX_POINT ( 'NONE', #6056 ) ;
#4731 = EDGE_CURVE ( 'NONE', #4043, #3095, #10197, .T. ) ;
#4732 = VECTOR ( 'NONE', #6820, 1000.000000000000000 ) ;
#4733 = DIRECTION ( 'NONE',  ( 0.000000000000000000, 1.000000000000000000, 0.000000000000000000 ) ) ;
#4734 = ORIENTED_EDGE ( 'NONE', *, *, #3726, .F. ) ;
#4735 = CARTESIAN_POINT ( 'NONE',  ( -2.000000000000017764, 0.2030000000000000693, -1.749999999999978018 ) ) ;
#4736 = ORIENTED_EDGE ( 'NONE', *, *, #6459, .T. ) ;
#4737 = VECTOR ( 'NONE', #9180, 1000.000000000000000 ) ;
#4738 = LINE ( 'NONE', #7398, #1702 ) ;
#4739 = CARTESIAN_POINT ( 'NONE',  ( -0.6249999999999998890, 0.000000000000000000, -1.600000000000000977 ) ) ;
#4740 = VERTEX_POINT ( 'NONE', #1087 ) ;
#4741 = ORIENTED_EDGE ( 'NONE', *, *, #6483, .T. ) ;
#4742 = AXIS2_PLACEMENT_3D ( 'NONE', #9130, #7597, #10031 ) ;
#4743 = ADVANCED_FACE ( 'NONE', ( #9607 ), #9199, .F. ) ;
#4744 = STYLED_ITEM ( 'NONE', ( #2720 ), #8834 ) ;
#4745 = LINE ( 'NONE', #5700, #4911 ) ;
#4746 = EDGE_CURVE ( 'NONE', #467, #9501, #9758, .T. ) ;
#4747 = PRESENTATION_STYLE_ASSIGNMENT (( #8982 ) ) ;
#4748 = EDGE_LOOP ( 'NONE', ( #8734, #1783, #5428, #4741 ) ) ;
#4749 = DIRECTION ( 'NONE',  ( 1.000000000000000000, 1.807003620809174632E-16, -0.000000000000000000 ) ) ;
#4750 = ORIENTED_EDGE ( 'NONE', *, *, #133, .T. ) ;
#4751 = FACE_OUTER_BOUND ( 'NONE', #7403, .T. ) ;
#4752 = DIRECTION ( 'NONE',  ( 8.673617379884037444E-16, 0.000000000000000000, -1.000000000000000000 ) ) ;
#4753 = FACE_OUTER_BOUND ( 'NONE', #1009, .T. ) ;
#4754 = VERTEX_POINT ( 'NONE', #7748 ) ;
#4755 = CARTESIAN_POINT ( 'NONE',  ( -1.999999999999999112, 0.000000000000000000, -1.374999999999999778 ) ) ;
#4756 = LINE ( 'NONE', #10114, #8632 ) ;
#4757 = PLANE ( 'NONE',  #10440 ) ;
#4758 = VERTEX_POINT ( 'NONE', #10184 ) ;
#4759 = CARTESIAN_POINT ( 'NONE',  ( -1.599999999999998979, 0.6746990566028303604, -0.1249999999999998890 ) ) ;
#4760 = CARTESIAN_POINT ( 'NONE',  ( 0.000000000000000000, 0.000000000000000000, -1.999999999999999556 ) ) ;
#4761 = CARTESIAN_POINT ( 'NONE',  ( -1.149999999999999689, 0.000000000000000000, 1.249999999999999778 ) ) ;
#4762 = DIRECTION ( 'NONE',  ( 0.000000000000000000, 1.000000000000000000, 0.000000000000000000 ) ) ;
#4763 = CARTESIAN_POINT ( 'NONE',  ( 1.375000000000000666, 0.000000000000000000, 1.600000000000001421 ) ) ;
#4764 = AXIS2_PLACEMENT_3D ( 'NONE', #10113, #8567, #1942 ) ;
#4765 = VECTOR ( 'NONE', #2705, 1000.000000000000000 ) ;
#4766 = PRESENTATION_STYLE_ASSIGNMENT (( #8469 ) ) ;
#4767 = ORIENTED_EDGE ( 'NONE', *, *, #8722, .T. ) ;
#4768 = EDGE_CURVE ( 'NONE', #3914, #3920, #6155, .T. ) ;
#4769 = MANIFOLD_SOLID_BREP ( 'CirPattern2[5]', #8000 ) ;
#4770 = DIRECTION ( 'NONE',  ( -1.000000000000000000, 0.000000000000000000, 5.421010862427524142E-16 ) ) ;
#4771 = ORIENTED_EDGE ( 'NONE', *, *, #7411, .F. ) ;
#4772 = VECTOR ( 'NONE', #10455, 1000.000000000000000 ) ;
#4773 = CARTESIAN_POINT ( 'NONE',  ( 0.1250000000000001110, 0.04999999999999969746, -2.000000000000000888 ) ) ;
#4774 = LINE ( 'NONE', #5142, #8725 ) ;
#4775 = PLANE ( 'NONE',  #6383 ) ;
#4776 = VERTEX_POINT ( 'NONE', #312 ) ;
#4777 = DIRECTION ( 'NONE',  ( 3.785471652766324377E-30, 1.000000000000000000, 3.614007241618349264E-16 ) ) ;
#4778 = LINE ( 'NONE', #5911, #5067 ) ;
#4779 = FILL_AREA_STYLE_COLOUR ( '', #9003 ) ;
#4780 = ORIENTED_EDGE ( 'NONE', *, *, #4303, .F. ) ;
#4781 = LINE ( 'NONE', #9058, #1320 ) ;
#4782 = FACE_OUTER_BOUND ( 'NONE', #881, .T. ) ;
#4783 = DIRECTION ( 'NONE',  ( -1.000000000000000000, 0.000000000000000000, 0.000000000000000000 ) ) ;
#4784 = ORIENTED_EDGE ( 'NONE', *, *, #2961, .T. ) ;
#4785 = AXIS2_PLACEMENT_3D ( 'NONE', #7666, #9955, #535 ) ;
#4786 = PLANE ( 'NONE',  #9549 ) ;
#4787 = FILL_AREA_STYLE ('',( #9570 ) ) ;
#4788 = CARTESIAN_POINT ( 'NONE',  ( 1.599999999999999201, 0.2030000000000000138, 0.1250000000000001110 ) ) ;
#4789 = CARTESIAN_POINT ( 'NONE',  ( 1.599999999999998979, 0.1230000000000000954, -1.899999999999999467 ) ) ;
#4790 = ADVANCED_FACE ( 'NONE', ( #9780 ), #9573, .T. ) ;
#4791 = DIRECTION ( 'NONE',  ( 0.000000000000000000, -0.000000000000000000, 1.000000000000000000 ) ) ;
#4792 =( NAMED_UNIT ( * ) PLANE_ANGLE_UNIT ( ) SI_UNIT ( $, .RADIAN. ) );
#4793 = EDGE_CURVE ( 'NONE', #3846, #7697, #2841, .T. ) ;
#4794 = ORIENTED_EDGE ( 'NONE', *, *, #1265, .F. ) ;
#4795 = LINE ( 'NONE', #3412, #8421 ) ;
#4796 = PRESENTATION_STYLE_ASSIGNMENT (( #10339 ) ) ;
#4797 = CARTESIAN_POINT ( 'NONE',  ( -0.3749999999999998890, 0.000000000000000000, -2.000000000000000888 ) ) ;
#4798 = ORIENTED_EDGE ( 'NONE', *, *, #6016, .F. ) ;
#4799 = EDGE_LOOP ( 'NONE', ( #2634, #97, #5090, #6003 ) ) ;
#4800 = LINE ( 'NONE', #5015, #8540 ) ;
#4801 = DIRECTION ( 'NONE',  ( -0.000000000000000000, 1.000000000000000000, -0.000000000000000000 ) ) ;
#4802 = LINE ( 'NONE', #1666, #5040 ) ;
#4803 = CARTESIAN_POINT ( 'NONE',  ( 1.599999999999999201, 0.6746990566028303604, -0.8749999999999998890 ) ) ;
#4804 = ORIENTED_EDGE ( 'NONE', *, *, #663, .T. ) ;
#4805 = CARTESIAN_POINT ( 'NONE',  ( -0.8749999999999998890, 0.04999999999999999584, -1.600000000000000977 ) ) ;
#4806 = EDGE_CURVE ( 'NONE', #1624, #2602, #9671, .T. ) ;
#4807 = AXIS2_PLACEMENT_3D ( 'NONE', #2309, #5632, #7296 ) ;
#4808 = CARTESIAN_POINT ( 'NONE',  ( -1.375000000000000000, 0.2030000000000000138, -1.600000000000000977 ) ) ;
#4809 = DIRECTION ( 'NONE',  ( 0.000000000000000000, 0.000000000000000000, -1.000000000000000000 ) ) ;
#4810 = VERTEX_POINT ( 'NONE', #9331 ) ;
#4811 = VECTOR ( 'NONE', #7648, 1000.000000000000000 ) ;
#4812 = EDGE_CURVE ( 'NONE', #9223, #4289, #2769, .T. ) ;
#4813 = FACE_OUTER_BOUND ( 'NONE', #9922, .T. ) ;
#4814 = DIRECTION ( 'NONE',  ( -0.000000000000000000, -0.000000000000000000, -1.000000000000000000 ) ) ;
#4815 = ORIENTED_EDGE ( 'NONE', *, *, #9454, .T. ) ;
#4816 = VERTEX_POINT ( 'NONE', #7668 ) ;
#4817 = LINE ( 'NONE', #3627, #8461 ) ;
#4818 = VECTOR ( 'NONE', #7429, 1000.000000000000000 ) ;
#4819 = ORIENTED_EDGE ( 'NONE', *, *, #3312, .F. ) ;
#4820 = CARTESIAN_POINT ( 'NONE',  ( 1.125000000000000666, 0.2030000000000000138, 2.000000000000000888 ) ) ;
#4821 = DIRECTION ( 'NONE',  ( 0.000000000000000000, 0.000000000000000000, -1.000000000000000000 ) ) ;
#4822 = CARTESIAN_POINT ( 'NONE',  ( 0.6250000000000001110, 0.2030000000000000138, -1.600000000000000977 ) ) ;
#4823 = EDGE_CURVE ( 'NONE', #3182, #3560, #2576, .T. ) ;
#4824 = ORIENTED_EDGE ( 'NONE', *, *, #8663, .F. ) ;
#4825 = LINE ( 'NONE', #9109, #4988 ) ;
#4826 = CARTESIAN_POINT ( 'NONE',  ( 1.999999999999999112, 0.000000000000000000, -0.1249999999999998890 ) ) ;
#4827 = EDGE_CURVE ( 'NONE', #3941, #9669, #6114, .T. ) ;
#4828 = LINE ( 'NONE', #9079, #8343 ) ;
#4829 = EDGE_LOOP ( 'NONE', ( #9834, #4734, #3596, #8756 ) ) ;
#4830 = FACE_BOUND ( 'NONE', #231, .T. ) ;
#4831 = CARTESIAN_POINT ( 'NONE',  ( -0.6249999999999994449, 0.2030000000000000138, 1.600000000000001421 ) ) ;
#4832 = ORIENTED_EDGE ( 'NONE', *, *, #6911, .F. ) ;
#4833 = ADVANCED_FACE ( 'NONE', ( #9589 ), #10253, .T. ) ;
#4834 = CARTESIAN_POINT ( 'NONE',  ( 1.999999999999999112, 0.6746990566028303604, 0.8750000000000001110 ) ) ;
#4835 = DIRECTION ( 'NONE',  ( -3.491481338843133355E-15, 1.807003620809174632E-16, -1.000000000000000000 ) ) ;
#4836 = DIRECTION ( 'NONE',  ( -0.000000000000000000, -0.000000000000000000, -1.000000000000000000 ) ) ;
#4837 = EDGE_CURVE ( 'NONE', #2594, #4575, #2631, .T. ) ;
#4838 = CARTESIAN_POINT ( 'NONE',  ( -0.1249999999999994588, 0.2030000000000000138, 1.600000000000001421 ) ) ;
#4839 = LINE ( 'NONE', #3362, #4664 ) ;
#4840 = PLANE ( 'NONE',  #3230 ) ;
#4841 = LINE ( 'NONE', #212, #5025 ) ;
#4842 = EDGE_CURVE ( 'NONE', #898, #1734, #6276, .T. ) ;
#4843 = ORIENTED_EDGE ( 'NONE', *, *, #5953, .F. ) ;
#4844 = AXIS2_PLACEMENT_3D ( 'NONE', #6700, #7611, #8454 ) ;
#4845 = CARTESIAN_POINT ( 'NONE',  ( -1.599999999999999201, 0.000000000000000000, -0.8749999999999998890 ) ) ;
#4846 = ORIENTED_EDGE ( 'NONE', *, *, #768, .T. ) ;
#4847 = LINE ( 'NONE', #5487, #8597 ) ;
#4848 = DIRECTION ( 'NONE',  ( -0.000000000000000000, 0.000000000000000000, 1.000000000000000000 ) ) ;
#4849 = VECTOR ( 'NONE', #1760, 1000.000000000000000 ) ;
#4850 = CARTESIAN_POINT ( 'NONE',  ( 0.000000000000000000, 0.2030000000000000138, 0.000000000000000000 ) ) ;
#4851 = VERTEX_POINT ( 'NONE', #2010 ) ;
#4852 = CARTESIAN_POINT ( 'NONE',  ( 0.1250000000000001110, 0.2030000000000000138, -1.600000000000000977 ) ) ;
#4853 = LINE ( 'NONE', #2337, #8679 ) ;
#4854 = EDGE_CURVE ( 'NONE', #1642, #898, #9818, .T. ) ;
#4855 = CARTESIAN_POINT ( 'NONE',  ( 1.599999999999998979, 0.2030000000000000970, 1.899999999999999467 ) ) ;
#4856 = ORIENTED_EDGE ( 'NONE', *, *, #10111, .F. ) ;
#4857 = LINE ( 'NONE', #8149, #4682 ) ;
#4858 = EDGE_CURVE ( 'NONE', #526, #3095, #2715, .T. ) ;
#4859 = DIRECTION ( 'NONE',  ( 0.000000000000000000, 0.000000000000000000, 1.000000000000000000 ) ) ;
#4860 = VECTOR ( 'NONE', #3414, 1000.000000000000000 ) ;
#4861 = CARTESIAN_POINT ( 'NONE',  ( -1.375000000000000000, 0.000000000000000000, -1.600000000000000977 ) ) ;
#4862 = ORIENTED_EDGE ( 'NONE', *, *, #2961, .F. ) ;
#4863 = DIRECTION ( 'NONE',  ( 1.000000000000000000, 0.000000000000000000, 0.000000000000000000 ) ) ;
#4864 = CARTESIAN_POINT ( 'NONE',  ( -1.124999999999999556, 0.000000000000000000, 1.600000000000001421 ) ) ;
#4865 = DIRECTION ( 'NONE',  ( 0.000000000000000000, 0.000000000000000000, -1.000000000000000000 ) ) ;
#4866 = CARTESIAN_POINT ( 'NONE',  ( 0.5000000000000000000, 0.000000000000000000, 0.000000000000000000 ) ) ;
#4867 = DIRECTION ( 'NONE',  ( 0.000000000000000000, 0.000000000000000000, -1.000000000000000000 ) ) ;
#4868 = AXIS2_PLACEMENT_3D ( 'NONE', #10003, #7013, #3678 ) ;
#4869 = CARTESIAN_POINT ( 'NONE',  ( -0.9499999999999984013, 0.2030000000000000693, -1.250000000000000222 ) ) ;
#4870 = ORIENTED_EDGE ( 'NONE', *, *, #3501, .F. ) ;
#4871 = FACE_OUTER_BOUND ( 'NONE', #8817, .T. ) ;
#4872 = EDGE_CURVE ( 'NONE', #4257, #3920, #5984, .T. ) ;
#4873 = VECTOR ( 'NONE', #604, 1000.000000000000000 ) ;
#4874 = VERTEX_POINT ( 'NONE', #3634 ) ;
#4875 = FACE_OUTER_BOUND ( 'NONE', #9867, .T. ) ;
#4876 = DIRECTION ( 'NONE',  ( 0.000000000000000000, 0.000000000000000000, 1.000000000000000000 ) ) ;
#4877 = LINE ( 'NONE', #6329, #8605 ) ;
#4878 = CARTESIAN_POINT ( 'NONE',  ( 1.599999999999998979, 0.000000000000000000, -1.125000000000000000 ) ) ;
#4879 = ORIENTED_EDGE ( 'NONE', *, *, #2394, .F. ) ;
#4880 = PLANE ( 'NONE',  #599 ) ;
#4881 = ADVANCED_FACE ( 'NONE', ( #9747 ), #4484, .F. ) ;
#4882 = DIRECTION ( 'NONE',  ( 0.000000000000000000, 1.000000000000000000, 0.000000000000000000 ) ) ;
#4883 = FILL_AREA_STYLE ('',( #1744 ) ) ;
#4884 = AXIS2_PLACEMENT_3D ( 'NONE', #8105, #7106, #3777 ) ;
#4885 = VERTEX_POINT ( 'NONE', #5588 ) ;
#4886 = VECTOR ( 'NONE', #1090, 1000.000000000000000 ) ;
#4887 = DIRECTION ( 'NONE',  ( 0.000000000000000000, 0.000000000000000000, 1.000000000000000000 ) ) ;
#4888 = EDGE_CURVE ( 'NONE', #4560, #2970, #2732, .T. ) ;
#4889 = LINE ( 'NONE', #10057, #5151 ) ;
#4890 = CARTESIAN_POINT ( 'NONE',  ( -1.599999999999998979, 0.6746990566028303604, 0.8750000000000001110 ) ) ;
#4891 = ORIENTED_EDGE ( 'NONE', *, *, #5679, .F. ) ;
#4892 = VECTOR ( 'NONE', #4612, 1000.000000000000000 ) ;
#4893 = DIRECTION ( 'NONE',  ( 0.000000000000000000, -1.000000000000000000, 0.000000000000000000 ) ) ;
#4894 = CARTESIAN_POINT ( 'NONE',  ( 0.8750000000000005551, 0.2030000000000000138, 1.600000000000001421 ) ) ;
#4895 = CARTESIAN_POINT ( 'NONE',  ( -0.6249999999999998890, 0.6746990566028302494, -1.600000000000000977 ) ) ;
#4896 = ORIENTED_EDGE ( 'NONE', *, *, #2328, .F. ) ;
#4897 = VECTOR ( 'NONE', #1897, 1000.000000000000000 ) ;
#4898 = CARTESIAN_POINT ( 'NONE',  ( 0.8750000000000001110, 0.2030000000000000138, -2.000000000000000888 ) ) ;
#4899 = CARTESIAN_POINT ( 'NONE',  ( 1.250000000000000000, 0.000000000000000000, 1.250000000000000222 ) ) ;
#4900 = AXIS2_PLACEMENT_3D ( 'NONE', #10391, #5985, #235 ) ;
#4901 = VECTOR ( 'NONE', #4510, 1000.000000000000000 ) ;
#4902 = EDGE_LOOP ( 'NONE', ( #2311, #6081, #9195, #4200 ) ) ;
#4903 = DIRECTION ( 'NONE',  ( 0.000000000000000000, -1.000000000000000000, 0.000000000000000000 ) ) ;
#4904 = EDGE_CURVE ( 'NONE', #1344, #4115, #6080, .T. ) ;
#4905 = CARTESIAN_POINT ( 'NONE',  ( 0.6250000000000005551, 0.2030000000000000138, 1.600000000000001421 ) ) ;
#4906 = CARTESIAN_POINT ( 'NONE',  ( -2.000000000000016431, 0.1230000000000000954, -1.599999999999977884 ) ) ;
#4907 = CARTESIAN_POINT ( 'NONE',  ( -0.6249999999999994449, 0.2030000000000000138, 1.600000000000001421 ) ) ;
#4908 = AXIS2_PLACEMENT_3D ( 'NONE', #10449, #1635, #9323 ) ;
#4910 = DIRECTION ( 'NONE',  ( -1.047444401652940007E-14, 3.614007241618349264E-16, -1.000000000000000000 ) ) ;
#4909 = PRODUCT_DEFINITION ( 'UNKNOWN', '', #979, #7654 ) ;
#4911 = VECTOR ( 'NONE', #3491, 1000.000000000000000 ) ;
#4912 = LINE ( 'NONE', #1066, #1522 ) ;
#4913 = CARTESIAN_POINT ( 'NONE',  ( -1.250000000000000000, 0.000000000000000000, -0.9500000000000000666 ) ) ;
#4914 = ORIENTED_EDGE ( 'NONE', *, *, #2713, .F. ) ;
#4915 = VECTOR ( 'NONE', #5908, 1000.000000000000000 ) ;
#4916 = VECTOR ( 'NONE', #10478, 1000.000000000000000 ) ;
#4917 = MECHANICAL_DESIGN_GEOMETRIC_PRESENTATION_REPRESENTATION (  '', ( #9069 ), #1975 ) ;
#4918 = DIRECTION ( 'NONE',  ( 0.000000000000000000, -0.000000000000000000, -1.000000000000000000 ) ) ;
#4919 = ORIENTED_EDGE ( 'NONE', *, *, #2931, .F. ) ;
#4920 = CARTESIAN_POINT ( 'NONE',  ( 1.900000000000005684, 0.2030000000000000693, 1.749999999999992450 ) ) ;
#4921 = ADVANCED_FACE ( 'NONE', ( #2595 ), #7174, .T. ) ;
#4922 = EDGE_CURVE ( 'NONE', #3032, #6339, #2540, .T. ) ;
#4923 = VECTOR ( 'NONE', #531, 1000.000000000000000 ) ;
#4924 = VECTOR ( 'NONE', #641, 1000.000000000000000 ) ;
#4925 = CARTESIAN_POINT ( 'NONE',  ( 1.375000000000000222, 0.2030000000000000138, -1.600000000000000977 ) ) ;
#4926 = PLANE ( 'NONE',  #5232 ) ;
#4927 = DIRECTION ( 'NONE',  ( 1.000000000000000000, 0.000000000000000000, 0.000000000000000000 ) ) ;
#4928 = PLANE ( 'NONE',  #10469 ) ;
#4929 = CARTESIAN_POINT ( 'NONE',  ( -1.125000000000000000, 0.2030000000000000138, -2.000000000000000888 ) ) ;
#4930 = DIRECTION ( 'NONE',  ( -0.000000000000000000, -0.000000000000000000, -1.000000000000000000 ) ) ;
#4931 = DIRECTION ( 'NONE',  ( 0.000000000000000000, 0.000000000000000000, 1.000000000000000000 ) ) ;
#4932 = VERTEX_POINT ( 'NONE', #6419 ) ;
#4933 = LINE ( 'NONE', #1764, #1513 ) ;
#4934 = ORIENTED_EDGE ( 'NONE', *, *, #6911, .T. ) ;
#4935 = EDGE_CURVE ( 'NONE', #5504, #4885, #2519, .T. ) ;
#4936 = STYLED_ITEM ( 'NONE', ( #3690 ), #5916 ) ;
#4937 = CARTESIAN_POINT ( 'NONE',  ( -1.999999999999999112, 0.000000000000000000, -0.8749999999999996669 ) ) ;
#4938 = LINE ( 'NONE', #5242, #8238 ) ;
#4939 = CARTESIAN_POINT ( 'NONE',  ( 0.1250000000000005551, 0.2030000000000000138, 1.600000000000001421 ) ) ;
#4940 = FACE_OUTER_BOUND ( 'NONE', #2733, .T. ) ;
#4941 = EDGE_CURVE ( 'NONE', #2727, #391, #2822, .T. ) ;
#4942 = CARTESIAN_POINT ( 'NONE',  ( 1.599999999999998979, 0.2030000000000000138, 0.8750000000000001110 ) ) ;
#4943 = DIRECTION ( 'NONE',  ( 0.000000000000000000, -0.000000000000000000, 1.000000000000000000 ) ) ;
#4944 = DIRECTION ( 'NONE',  ( 0.000000000000000000, -0.000000000000000000, 1.000000000000000000 ) ) ;
#4945 = ORIENTED_EDGE ( 'NONE', *, *, #4132, .T. ) ;
#4946 = FACE_OUTER_BOUND ( 'NONE', #817, .T. ) ;
#4947 = CARTESIAN_POINT ( 'NONE',  ( 0.6250000000000001110, 0.04999999999999969746, -2.000000000000000888 ) ) ;
#4948 = DIRECTION ( 'NONE',  ( 0.000000000000000000, 1.000000000000000000, 0.000000000000000000 ) ) ;
#4949 = ORIENTED_EDGE ( 'NONE', *, *, #4722, .F. ) ;
#4950 = LINE ( 'NONE', #9614, #8219 ) ;
#4951 = VECTOR ( 'NONE', #7996, 1000.000000000000000 ) ;
#4952 = PLANE ( 'NONE',  #9050 ) ;
#4953 = PLANE ( 'NONE',  #8551 ) ;
#4954 = EDGE_CURVE ( 'NONE', #7979, #7348, #9853, .T. ) ;
#4955 = ADVANCED_FACE ( 'NONE', ( #6025 ), #5386, .F. ) ;
#4956 = CARTESIAN_POINT ( 'NONE',  ( 0.1250000000000001110, 0.2030000000000000138, -1.600000000000000977 ) ) ;
#4957 = DIRECTION ( 'NONE',  ( 1.000000000000000000, -3.614007241618349264E-16, -0.000000000000000000 ) ) ;
#4958 = VERTEX_POINT ( 'NONE', #7891 ) ;
#4959 = EDGE_CURVE ( 'NONE', #7636, #4396, #6332, .T. ) ;
#4960 = LINE ( 'NONE', #1305, #5495 ) ;
#4961 = DIRECTION ( 'NONE',  ( -0.000000000000000000, 0.000000000000000000, 1.000000000000000000 ) ) ;
#4962 = FACE_OUTER_BOUND ( 'NONE', #6781, .T. ) ;
#4963 = EDGE_CURVE ( 'NONE', #5405, #5871, #9870, .T. ) ;
#4964 = ORIENTED_EDGE ( 'NONE', *, *, #1378, .T. ) ;
#4965 = DIRECTION ( 'NONE',  ( -0.000000000000000000, -0.000000000000000000, 1.000000000000000000 ) ) ;
#4966 = DIRECTION ( 'NONE',  ( -3.491481338843133355E-15, 1.807003620809174632E-16, -1.000000000000000000 ) ) ;
#4967 = CARTESIAN_POINT ( 'NONE',  ( 2.000000000000005329, 0.1230000000000000954, 1.599999999999992095 ) ) ;
#4968 = CARTESIAN_POINT ( 'NONE',  ( 1.900000000000005684, 0.1230000000000000676, 1.749999999999992450 ) ) ;
#4969 = EDGE_CURVE ( 'NONE', #3737, #436, #2860, .T. ) ;
#4970 = CARTESIAN_POINT ( 'NONE',  ( -1.250000000000000000, 0.2030000000000000693, 1.149999999999999911 ) ) ;
#4971 = VECTOR ( 'NONE', #1739, 1000.000000000000000 ) ;
#4972 = VECTOR ( 'NONE', #6806, 1000.000000000000000 ) ;
#4973 = CLOSED_SHELL ( 'NONE', ( #4921, #1343, #1023, #5209, #8933, #910 ) ) ;
#4974 = LINE ( 'NONE', #8282, #8389 ) ;
#4975 = DIRECTION ( 'NONE',  ( 1.000000000000000000, 0.000000000000000000, -1.047444401652940007E-14 ) ) ;
#4976 = ADVANCED_FACE ( 'NONE', ( #2502 ), #4082, .F. ) ;
#4977 = EDGE_CURVE ( 'NONE', #2490, #616, #9554, .T. ) ;
#4978 = DIRECTION ( 'NONE',  ( -1.000000000000000000, 0.000000000000000000, 0.000000000000000000 ) ) ;
#4979 = EDGE_LOOP ( 'NONE', ( #6767, #4934, #1533, #1354 ) ) ;
#4980 = DIRECTION ( 'NONE',  ( 0.000000000000000000, 0.000000000000000000, 1.000000000000000000 ) ) ;
#4981 = DIRECTION ( 'NONE',  ( -1.000000000000000000, 1.807003620809174632E-16, 0.000000000000000000 ) ) ;
#4982 = MECHANICAL_DESIGN_GEOMETRIC_PRESENTATION_REPRESENTATION (  '', ( #8315 ), #6595 ) ;
#4983 = LINE ( 'NONE', #2752, #4971 ) ;
#4984 = EDGE_CURVE ( 'NONE', #1344, #9947, #3111, .T. ) ;
#4985 = DIRECTION ( 'NONE',  ( -1.047444401652940007E-14, 3.614007241618349264E-16, -1.000000000000000000 ) ) ;
#4986 = DIRECTION ( 'NONE',  ( 0.000000000000000000, -1.000000000000000000, 0.000000000000000000 ) ) ;
#4987 = ORIENTED_EDGE ( 'NONE', *, *, #4472, .T. ) ;
#4988 = VECTOR ( 'NONE', #8358, 1000.000000000000000 ) ;
#4989 = LINE ( 'NONE', #9843, #8502 ) ;
#4990 = EDGE_LOOP ( 'NONE', ( #3343, #2223, #2813, #5552 ) ) ;
#4991 = ADVANCED_FACE ( 'NONE', ( #6709 ), #3848, .F. ) ;
#4992 = DIRECTION ( 'NONE',  ( 0.000000000000000000, 0.000000000000000000, -1.000000000000000000 ) ) ;
#4993 =( GEOMETRIC_REPRESENTATION_CONTEXT ( 3 ) GLOBAL_UNCERTAINTY_ASSIGNED_CONTEXT ( ( #7333 ) ) GLOBAL_UNIT_ASSIGNED_CONTEXT ( ( #7755, #5322, #3784 ) ) REPRESENTATION_CONTEXT ( 'NONE', 'WORKASPACE' ) );
#4994 = UNCERTAINTY_MEASURE_WITH_UNIT (LENGTH_MEASURE( 1.000000000000000082E-05 ), #4420, 'distance_accuracy_value', 'NONE');
#4995 = CYLINDRICAL_SURFACE ( 'NONE', #5744, 0.1000000000000000472 ) ;
#4996 = LINE ( 'NONE', #6416, #1452 ) ;
#4997 = LINE ( 'NONE', #6662, #4972 ) ;
#4998 = CARTESIAN_POINT ( 'NONE',  ( 2.000000000000005329, 0.1230000000000000954, 1.599999999999992095 ) ) ;
#4999 = EDGE_LOOP ( 'NONE', ( #9537, #9270, #5964, #8889 ) ) ;
#5000 = LINE ( 'NONE', #8422, #1232 ) ;
#5001 = PLANE ( 'NONE',  #1214 ) ;
#5002 = DIRECTION ( 'NONE',  ( 0.000000000000000000, -1.000000000000000000, 0.000000000000000000 ) ) ;
#5003 = EDGE_LOOP ( 'NONE', ( #10005, #3488, #9086, #8058 ) ) ;
#5004 = VECTOR ( 'NONE', #3052, 1000.000000000000000 ) ;
#5005 = LINE ( 'NONE', #9220, #8648 ) ;
#5006 = LINE ( 'NONE', #10013, #1410 ) ;
#5007 = AXIS2_PLACEMENT_3D ( 'NONE', #3405, #134, #2498 ) ;
#5008 = CARTESIAN_POINT ( 'NONE',  ( 1.599999999999999201, 0.000000000000000000, 1.125000000000000222 ) ) ;
#5009 = DIRECTION ( 'NONE',  ( 0.000000000000000000, -1.000000000000000000, 0.000000000000000000 ) ) ;
#5010 = CARTESIAN_POINT ( 'NONE',  ( 1.375000000000000666, 0.6746990566028302494, 1.600000000000001421 ) ) ;
#5011 = EDGE_CURVE ( 'NONE', #8730, #9756, #3168, .T. ) ;
#5012 = VERTEX_POINT ( 'NONE', #2265 ) ;
#5013 = ORIENTED_EDGE ( 'NONE', *, *, #3062, .F. ) ;
#5014 = FACE_OUTER_BOUND ( 'NONE', #6243, .T. ) ;
#5015 = CARTESIAN_POINT ( 'NONE',  ( -1.749999999999998890, 0.2030000000000000693, -1.899999999999999467 ) ) ;
#5016 = DIRECTION ( 'NONE',  ( 0.000000000000000000, 0.000000000000000000, -1.000000000000000000 ) ) ;
#5017 = DIRECTION ( 'NONE',  ( 0.000000000000000000, 1.000000000000000000, 0.000000000000000000 ) ) ;
#5018 = VERTEX_POINT ( 'NONE', #3921 ) ;
#5019 = CARTESIAN_POINT ( 'NONE',  ( 1.999999999999999112, 0.2030000000000000138, 0.3750000000000001110 ) ) ;
#5020 = DIRECTION ( 'NONE',  ( 1.000000000000000000, -0.000000000000000000, -0.000000000000000000 ) ) ;
#5021 = CARTESIAN_POINT ( 'NONE',  ( -1.599999999999999201, 0.05000000000000023870, 0.6250000000000001110 ) ) ;
#5022 = DIRECTION ( 'NONE',  ( 0.000000000000000000, 1.000000000000000000, 0.000000000000000000 ) ) ;
#5023 = LINE ( 'NONE', #8573, #1316 ) ;
#5024 = CYLINDRICAL_SURFACE ( 'NONE', #1181, 0.1000000000000000472 ) ;
#5025 = VECTOR ( 'NONE', #8209, 1000.000000000000000 ) ;
#5026 = ADVANCED_FACE ( 'NONE', ( #10251 ), #6275, .T. ) ;
#5027 = AXIS2_PLACEMENT_3D ( 'NONE', #3712, #6972, #4626 ) ;
#5028 = VERTEX_POINT ( 'NONE', #4004 ) ;
#5029 = AXIS2_PLACEMENT_3D ( 'NONE', #5741, #4975, #5033 ) ;
#5030 = VERTEX_POINT ( 'NONE', #261 ) ;
#5031 = LINE ( 'NONE', #5961, #4737 ) ;
#5032 = EDGE_CURVE ( 'NONE', #2515, #8596, #10070, .T. ) ;
#5033 = DIRECTION ( 'NONE',  ( -1.047444401652940007E-14, 0.000000000000000000, -1.000000000000000000 ) ) ;
#5034 = CARTESIAN_POINT ( 'NONE',  ( 1.900000000000005240, 0.2030000000000000970, 1.599999999999992539 ) ) ;
#5035 = ORIENTED_EDGE ( 'NONE', *, *, #8298, .F. ) ;
#5036 = DIRECTION ( 'NONE',  ( 0.000000000000000000, 0.000000000000000000, 1.000000000000000000 ) ) ;
#5037 =( LENGTH_UNIT ( ) NAMED_UNIT ( * ) SI_UNIT ( .MILLI., .METRE. ) );
#5038 = LINE ( 'NONE', #4164, #8603 ) ;
#5039 = SURFACE_STYLE_FILL_AREA ( #5557 ) ;
#5040 = VECTOR ( 'NONE', #5548, 1000.000000000000000 ) ;
#5041 = CARTESIAN_POINT ( 'NONE',  ( 1.729999999999993987, 0.2030000000000000970, -1.600000000000004974 ) ) ;
#5042 = CARTESIAN_POINT ( 'NONE',  ( 1.899999999999993472, 0.1230000000000000676, -1.750000000000005551 ) ) ;
#5043 = MANIFOLD_SOLID_BREP ( 'Boss-Extrude3[2]', #1577 ) ;
#5044 = CARTESIAN_POINT ( 'NONE',  ( 2.000000000000000888, 0.05000000000000000278, -2.000000000000000888 ) ) ;
#5045 = ORIENTED_EDGE ( 'NONE', *, *, #5051, .F. ) ;
#5046 = CARTESIAN_POINT ( 'NONE',  ( 1.599999999999998979, 0.1230000000000000954, 1.899999999999999467 ) ) ;
#5047 = EDGE_CURVE ( 'NONE', #1272, #4776, #2875, .T. ) ;
#5048 = ORIENTED_EDGE ( 'NONE', *, *, #4637, .F. ) ;
#5049 = VECTOR ( 'NONE', #1640, 1000.000000000000000 ) ;
#5050 = ADVANCED_FACE ( 'NONE', ( #6365 ), #6779, .F. ) ;
#5051 = EDGE_CURVE ( 'NONE', #4758, #6524, #6476, .T. ) ;
#5052 = ORIENTED_EDGE ( 'NONE', *, *, #8907, .F. ) ;
#5053 = DIRECTION ( 'NONE',  ( 0.000000000000000000, 0.000000000000000000, 1.000000000000000000 ) ) ;
#5054 = FACE_OUTER_BOUND ( 'NONE', #9923, .T. ) ;
#5055 = CARTESIAN_POINT ( 'NONE',  ( 1.599999999999999201, 0.2030000000000000138, -1.375000000000000000 ) ) ;
#5056 = VECTOR ( 'NONE', #8423, 1000.000000000000000 ) ;
#5057 = CARTESIAN_POINT ( 'NONE',  ( -1.599999999999999201, 0.6746990566028303604, -0.8749999999999998890 ) ) ;
#5058 = ORIENTED_EDGE ( 'NONE', *, *, #8044, .T. ) ;
#5059 = ORIENTED_EDGE ( 'NONE', *, *, #6309, .T. ) ;
#5060 = LINE ( 'NONE', #850, #8280 ) ;
#5061 = DIRECTION ( 'NONE',  ( 0.000000000000000000, -1.000000000000000000, 0.000000000000000000 ) ) ;
#5062 = PLANE ( 'NONE',  #7408 ) ;
#5063 = PLANE ( 'NONE',  #5099 ) ;
#5064 = ORIENTED_EDGE ( 'NONE', *, *, #768, .F. ) ;
#5065 = EDGE_CURVE ( 'NONE', #5613, #5627, #10163, .T. ) ;
#5066 = ADVANCED_FACE ( 'NONE', ( #3151 ), #2783, .F. ) ;
#5067 = VECTOR ( 'NONE', #5129, 1000.000000000000000 ) ;
#5068 = LINE ( 'NONE', #4295, #1777 ) ;
#5069 = EDGE_CURVE ( 'NONE', #1659, #3335, #9994, .T. ) ;
#5070 = DIRECTION ( 'NONE',  ( -5.421010862427524142E-16, 0.000000000000000000, 1.000000000000000000 ) ) ;
#5071 = DIRECTION ( 'NONE',  ( 8.673617379884037444E-16, 0.000000000000000000, 1.000000000000000000 ) ) ;
#5072 = STYLED_ITEM ( 'NONE', ( #3836 ), #9661 ) ;
#5073 = CARTESIAN_POINT ( 'NONE',  ( 1.125000000000000222, 0.2030000000000000138, -1.600000000000000977 ) ) ;
#5074 = AXIS2_PLACEMENT_3D ( 'NONE', #9720, #4777, #4178 ) ;
#5075 = DIRECTION ( 'NONE',  ( 1.000000000000000000, 0.000000000000000000, -0.000000000000000000 ) ) ;
#5076 = ORIENTED_EDGE ( 'NONE', *, *, #7262, .T. ) ;
#5077 = ORIENTED_EDGE ( 'NONE', *, *, #1107, .T. ) ;
#5078 = LINE ( 'NONE', #10456, #5111 ) ;
#5079 = EDGE_CURVE ( 'NONE', #7697, #4816, #6347, .T. ) ;
#5080 = SURFACE_STYLE_USAGE ( .BOTH. , #8255 ) ;
#5081 = ORIENTED_EDGE ( 'NONE', *, *, #2344, .F. ) ;
#5082 = DIRECTION ( 'NONE',  ( 1.000000000000000000, 0.000000000000000000, -1.047444401652940007E-14 ) ) ;
#5083 = DIRECTION ( 'NONE',  ( -1.000000000000000000, 0.000000000000000000, 0.000000000000000000 ) ) ;
#5084 = DIRECTION ( 'NONE',  ( 0.000000000000000000, 0.000000000000000000, 1.000000000000000000 ) ) ;
#5085 = AXIS2_PLACEMENT_3D ( 'NONE', #7114, #7044, #3051 ) ;
#5086 = DIRECTION ( 'NONE',  ( 1.000000000000000000, -0.000000000000000000, 5.421010862427524142E-16 ) ) ;
#5087 = LINE ( 'NONE', #5594, #5154 ) ;
#5088 = VECTOR ( 'NONE', #6646, 1000.000000000000000 ) ;
#5089 = VECTOR ( 'NONE', #7278, 1000.000000000000000 ) ;
#5090 = ORIENTED_EDGE ( 'NONE', *, *, #2483, .F. ) ;
#5091 = AXIS2_PLACEMENT_3D ( 'NONE', #1185, #3393, #3593 ) ;
#5092 = DIRECTION ( 'NONE',  ( -1.000000000000000000, 0.000000000000000000, -0.000000000000000000 ) ) ;
#5093 = EDGE_LOOP ( 'NONE', ( #10173, #7583, #7572, #581 ) ) ;
#5094 = LINE ( 'NONE', #611, #9000 ) ;
#5095 = CARTESIAN_POINT ( 'NONE',  ( 2.000000000000000888, 0.8000000000000020428, 1.999999999999999112 ) ) ;
#5096 = EDGE_CURVE ( 'NONE', #87, #2073, #3074, .T. ) ;
#5097 = DIRECTION ( 'NONE',  ( 0.000000000000000000, 1.000000000000000000, 0.000000000000000000 ) ) ;
#5098 = ORIENTED_EDGE ( 'NONE', *, *, #10443, .F. ) ;
#5099 = AXIS2_PLACEMENT_3D ( 'NONE', #1878, #7675, #8638 ) ;
#5100 = DIRECTION ( 'NONE',  ( 0.000000000000000000, -1.000000000000000000, 0.000000000000000000 ) ) ;
#5101 = COLOUR_RGB ( '',0.2509803921568627416, 0.2509803921568627416, 0.2509803921568627416 ) ;
#5102 = LINE ( 'NONE', #6026, #5283 ) ;
#5103 = FACE_OUTER_BOUND ( 'NONE', #3815, .T. ) ;
#5104 = DIRECTION ( 'NONE',  ( 0.000000000000000000, 1.000000000000000000, 0.000000000000000000 ) ) ;
#5105 = DIRECTION ( 'NONE',  ( 1.000000000000000000, -0.000000000000000000, 1.734723475976807094E-16 ) ) ;
#5106 = DIRECTION ( 'NONE',  ( 1.000000000000000000, -0.000000000000000000, 8.673617379884037444E-16 ) ) ;
#5107 = ADVANCED_FACE ( 'NONE', ( #6633 ), #9224, .T. ) ;
#5108 = DIRECTION ( 'NONE',  ( -0.000000000000000000, -0.000000000000000000, 1.000000000000000000 ) ) ;
#5109 = ORIENTED_EDGE ( 'NONE', *, *, #322, .F. ) ;
#5110 = ORIENTED_EDGE ( 'NONE', *, *, #4028, .T. ) ;
#5111 = VECTOR ( 'NONE', #9541, 1000.000000000000000 ) ;
#5112 =( GEOMETRIC_REPRESENTATION_CONTEXT ( 3 ) GLOBAL_UNCERTAINTY_ASSIGNED_CONTEXT ( ( #2244 ) ) GLOBAL_UNIT_ASSIGNED_CONTEXT ( ( #10387, #8262, #6497 ) ) REPRESENTATION_CONTEXT ( 'NONE', 'WORKASPACE' ) );
#5113 = DIRECTION ( 'NONE',  ( 1.000000000000000000, 0.000000000000000000, 8.673617379884037444E-16 ) ) ;
#5114 = EDGE_LOOP ( 'NONE', ( #9075, #9781, #7369, #3287 ) ) ;
#5115 = EDGE_CURVE ( 'NONE', #7418, #4414, #10202, .T. ) ;
#5116 = MANIFOLD_SOLID_BREP ( 'LPattern4[8]', #10493 ) ;
#5117 = CARTESIAN_POINT ( 'NONE',  ( -1.499999999999999112, 0.6999999999999999556, -1.500000000000000666 ) ) ;
#5118 = VECTOR ( 'NONE', #7899, 1000.000000000000000 ) ;
#5119 = DIRECTION ( 'NONE',  ( -0.000000000000000000, -1.000000000000000000, -0.000000000000000000 ) ) ;
#5120 = SURFACE_STYLE_USAGE ( .BOTH. , #9268 ) ;
#5121 = DIRECTION ( 'NONE',  ( -1.000000000000000000, 0.000000000000000000, 0.000000000000000000 ) ) ;
#5122 = ORIENTED_EDGE ( 'NONE', *, *, #6840, .F. ) ;
#5123 = ORIENTED_EDGE ( 'NONE', *, *, #1483, .F. ) ;
#5124 = VECTOR ( 'NONE', #2481, 1000.000000000000000 ) ;
#5125 = CARTESIAN_POINT ( 'NONE',  ( 1.899999999999993916, 0.2030000000000000970, -1.600000000000005418 ) ) ;
#5126 = CARTESIAN_POINT ( 'NONE',  ( 1.599999999999998979, 0.2030000000000000138, -0.1249999999999998890 ) ) ;
#5127 = ADVANCED_FACE ( 'NONE', ( #10182 ), #6565, .T. ) ;
#5128 = CARTESIAN_POINT ( 'NONE',  ( 0.000000000000000000, 0.05000000000000000278, 1.375000000000000222 ) ) ;
#5129 = DIRECTION ( 'NONE',  ( 0.000000000000000000, -1.000000000000000000, 0.000000000000000000 ) ) ;
#5130 = CARTESIAN_POINT ( 'NONE',  ( 0.3750000000000005551, 0.2030000000000000138, 1.600000000000001421 ) ) ;
#5131 = AXIS2_PLACEMENT_3D ( 'NONE', #2429, #3281, #5611 ) ;
#5132 = ORIENTED_EDGE ( 'NONE', *, *, #6590, .T. ) ;
#5133 = EDGE_CURVE ( 'NONE', #1134, #87, #3132, .T. ) ;
#5134 = VECTOR ( 'NONE', #2015, 1000.000000000000000 ) ;
#5135 = SURFACE_STYLE_FILL_AREA ( #1489 ) ;
#5136 = CARTESIAN_POINT ( 'NONE',  ( -1.900000000000016565, 0.2030000000000000970, -1.599999999999978995 ) ) ;
#5137 = LINE ( 'NONE', #3512, #1657 ) ;
#5138 = ORIENTED_EDGE ( 'NONE', *, *, #6695, .T. ) ;
#5139 = ORIENTED_EDGE ( 'NONE', *, *, #120, .T. ) ;
#5140 = FACE_OUTER_BOUND ( 'NONE', #7586, .T. ) ;
#5141 = DIRECTION ( 'NONE',  ( -0.000000000000000000, -0.000000000000000000, -1.000000000000000000 ) ) ;
#5142 = CARTESIAN_POINT ( 'NONE',  ( 1.599999999999998979, 0.6746990566028303604, 0.8750000000000001110 ) ) ;
#5143 = DIRECTION ( 'NONE',  ( 0.000000000000000000, -1.000000000000000000, 0.000000000000000000 ) ) ;
#5144 = ORIENTED_EDGE ( 'NONE', *, *, #9395, .T. ) ;
#5145 = CARTESIAN_POINT ( 'NONE',  ( -1.749999999999998890, 0.2030000000000000693, -1.999999999999999556 ) ) ;
#5146 = EDGE_CURVE ( 'NONE', #2944, #3668, #10029, .T. ) ;
#5147 = ADVANCED_FACE ( 'NONE', ( #3020 ), #5414, .T. ) ;
#5148 = PLANE ( 'NONE',  #4512 ) ;
#5149 = FILL_AREA_STYLE_COLOUR ( '', #9656 ) ;
#5150 = DIRECTION ( 'NONE',  ( 0.000000000000000000, -0.000000000000000000, 1.000000000000000000 ) ) ;
#5151 = VECTOR ( 'NONE', #5930, 1000.000000000000000 ) ;
#5152 = CARTESIAN_POINT ( 'NONE',  ( 0.3750000000000005551, 0.2030000000000000138, 2.000000000000000888 ) ) ;
#5153 = CARTESIAN_POINT ( 'NONE',  ( -1.124999999999999556, 0.2030000000000000138, 1.600000000000001421 ) ) ;
#5154 = VECTOR ( 'NONE', #10389, 1000.000000000000000 ) ;
#5155 = DIRECTION ( 'NONE',  ( -0.000000000000000000, 0.000000000000000000, -1.000000000000000000 ) ) ;
#5156 = EDGE_CURVE ( 'NONE', #4608, #300, #6511, .T. ) ;
#5157 = LINE ( 'NONE', #2216, #5400 ) ;
#5158 = ORIENTED_EDGE ( 'NONE', *, *, #8759, .F. ) ;
#5159 = CARTESIAN_POINT ( 'NONE',  ( -1.125000000000000000, 0.2030000000000000138, -1.600000000000000977 ) ) ;
#5160 = ORIENTED_EDGE ( 'NONE', *, *, #6483, .F. ) ;
#5161 = VECTOR ( 'NONE', #9008, 1000.000000000000000 ) ;
#5162 = DIRECTION ( 'NONE',  ( 8.673617379884037444E-16, 0.000000000000000000, -1.000000000000000000 ) ) ;
#5163 = ORIENTED_EDGE ( 'NONE', *, *, #10519, .F. ) ;
#5164 = CARTESIAN_POINT ( 'NONE',  ( 1.599999999999998979, 0.000000000000000000, 1.375000000000000222 ) ) ;
#5165 = LINE ( 'NONE', #6299, #8706 ) ;
#5166 = EDGE_CURVE ( 'NONE', #8878, #5631, #6528, .T. ) ;
#5167 = LINE ( 'NONE', #1231, #8232 ) ;
#5168 = DIRECTION ( 'NONE',  ( 1.000000000000000000, -0.000000000000000000, 0.000000000000000000 ) ) ;
#5169 = CARTESIAN_POINT ( 'NONE',  ( 1.125000000000000666, 0.6746990566028302494, 1.600000000000001421 ) ) ;
#5170 = EDGE_CURVE ( 'NONE', #1100, #461, #10240, .T. ) ;
#5171 = FACE_OUTER_BOUND ( 'NONE', #9502, .T. ) ;
#5172 = VERTEX_POINT ( 'NONE', #4651 ) ;
#5173 = CARTESIAN_POINT ( 'NONE',  ( 0.6250000000000005551, 0.6746990566028302494, 1.600000000000001421 ) ) ;
#5174 = ORIENTED_EDGE ( 'NONE', *, *, #2543, .T. ) ;
#5175 = FACE_OUTER_BOUND ( 'NONE', #1891, .T. ) ;
#5176 = DIRECTION ( 'NONE',  ( 8.673617379884037444E-16, 0.000000000000000000, -1.000000000000000000 ) ) ;
#5177 = ORIENTED_EDGE ( 'NONE', *, *, #6164, .F. ) ;
#5178 = VECTOR ( 'NONE', #1035, 1000.000000000000000 ) ;
#5179 = DIRECTION ( 'NONE',  ( 0.000000000000000000, -0.000000000000000000, 1.000000000000000000 ) ) ;
#5180 = ORIENTED_EDGE ( 'NONE', *, *, #4617, .T. ) ;
#5181 = DIRECTION ( 'NONE',  ( 1.000000000000000000, -0.000000000000000000, -0.000000000000000000 ) ) ;
#5182 = CARTESIAN_POINT ( 'NONE',  ( 0.1250000000000005551, 0.2030000000000000138, 1.600000000000001421 ) ) ;
#5183 = ADVANCED_FACE ( 'NONE', ( #7046 ), #9571, .F. ) ;
#5184 = FACE_OUTER_BOUND ( 'NONE', #9993, .T. ) ;
#5185 = CARTESIAN_POINT ( 'NONE',  ( -1.125000000000000000, 0.2030000000000000138, -2.000000000000000888 ) ) ;
#5186 = EDGE_CURVE ( 'NONE', #4758, #7498, #10472, .T. ) ;
#5187 = ORIENTED_EDGE ( 'NONE', *, *, #5079, .F. ) ;
#5188 = MANIFOLD_SOLID_BREP ( 'LPattern3[7]', #9759 ) ;
#5189 = CARTESIAN_POINT ( 'NONE',  ( -1.999999999999982681, 0.1230000000000000954, 1.600000000000020073 ) ) ;
#5190 = EDGE_LOOP ( 'NONE', ( #9397, #7318, #9744, #227 ) ) ;
#5191 = DIRECTION ( 'NONE',  ( 0.000000000000000000, 0.000000000000000000, -1.000000000000000000 ) ) ;
#5192 = DIRECTION ( 'NONE',  ( 0.000000000000000000, 0.000000000000000000, 1.000000000000000000 ) ) ;
#5193 =( LENGTH_UNIT ( ) NAMED_UNIT ( * ) SI_UNIT ( .MILLI., .METRE. ) );
#5194 = EDGE_CURVE ( 'NONE', #5613, #6078, #10537, .T. ) ;
#5195 = SURFACE_SIDE_STYLE ('',( #10424 ) ) ;
#5196 = ORIENTED_EDGE ( 'NONE', *, *, #1560, .F. ) ;
#5197 = AXIS2_PLACEMENT_3D ( 'NONE', #3947, #3345, #207 ) ;
#5198 = VECTOR ( 'NONE', #8034, 1000.000000000000000 ) ;
#5199 = VERTEX_POINT ( 'NONE', #5547 ) ;
#5200 = EDGE_CURVE ( 'NONE', #366, #1026, #7010, .T. ) ;
#5201 = CARTESIAN_POINT ( 'NONE',  ( -1.999999999999999112, 0.04999999999999991257, -0.1249999999999998890 ) ) ;
#5202 = CARTESIAN_POINT ( 'NONE',  ( 1.599999999999998979, 0.1230000000000000954, 1.999999999999999556 ) ) ;
#5203 = VECTOR ( 'NONE', #9857, 1000.000000000000000 ) ;
#5204 = ORIENTED_EDGE ( 'NONE', *, *, #7325, .F. ) ;
#5205 = VERTEX_POINT ( 'NONE', #8716 ) ;
#5206 = DIRECTION ( 'NONE',  ( -0.000000000000000000, -1.000000000000000000, -0.000000000000000000 ) ) ;
#5207 = DIRECTION ( 'NONE',  ( 0.000000000000000000, -0.000000000000000000, -1.000000000000000000 ) ) ;
#5208 = AXIS2_PLACEMENT_3D ( 'NONE', #4563, #10258, #7756 ) ;
#5209 = ADVANCED_FACE ( 'NONE', ( #3411 ), #640, .T. ) ;
#5210 = DIRECTION ( 'NONE',  ( 0.000000000000000000, 0.000000000000000000, 1.000000000000000000 ) ) ;
#5211 = ORIENTED_EDGE ( 'NONE', *, *, #1796, .F. ) ;
#5212 = DIRECTION ( 'NONE',  ( -0.000000000000000000, 1.000000000000000000, -0.000000000000000000 ) ) ;
#5213 = CARTESIAN_POINT ( 'NONE',  ( 1.899999999999993916, 0.1230000000000000954, -1.600000000000005418 ) ) ;
#5214 = SURFACE_STYLE_USAGE ( .BOTH. , #4519 ) ;
#5215 = CARTESIAN_POINT ( 'NONE',  ( -1.125000000000000000, 0.05000000000000000278, 0.000000000000000000 ) ) ;
#5216 = VECTOR ( 'NONE', #1110, 1000.000000000000000 ) ;
#5217 = AXIS2_PLACEMENT_3D ( 'NONE', #7247, #4623, #5389 ) ;
#5218 = AXIS2_PLACEMENT_3D ( 'NONE', #6115, #8490, #4395 ) ;
#5219 = ORIENTED_EDGE ( 'NONE', *, *, #5342, .F. ) ;
#5220 = EDGE_CURVE ( 'NONE', #4816, #4055, #7081, .T. ) ;
#5221 = VECTOR ( 'NONE', #5470, 1000.000000000000000 ) ;
#5222 = ORIENTED_EDGE ( 'NONE', *, *, #8840, .T. ) ;
#5223 = CARTESIAN_POINT ( 'NONE',  ( 1.125000000000000222, 0.6746990566028302494, -2.000000000000000888 ) ) ;
#5224 = ORIENTED_EDGE ( 'NONE', *, *, #7039, .F. ) ;
#5225 =( NAMED_UNIT ( * ) SI_UNIT ( $, .STERADIAN. ) SOLID_ANGLE_UNIT ( ) );
#5226 = EDGE_LOOP ( 'NONE', ( #2267, #2795, #7004, #4235 ) ) ;
#5227 = CARTESIAN_POINT ( 'NONE',  ( -1.125000000000000000, 0.2030000000000000138, -1.600000000000000977 ) ) ;
#5228 = DIRECTION ( 'NONE',  ( 0.000000000000000000, 0.000000000000000000, 1.000000000000000000 ) ) ;
#5229 = ADVANCED_FACE ( 'NONE', ( #20 ), #3288, .F. ) ;
#5230 = VECTOR ( 'NONE', #2501, 1000.000000000000000 ) ;
#5231 = ORIENTED_EDGE ( 'NONE', *, *, #5200, .T. ) ;
#5232 = AXIS2_PLACEMENT_3D ( 'NONE', #5685, #8978, #6593 ) ;
#5233 = UNCERTAINTY_MEASURE_WITH_UNIT (LENGTH_MEASURE( 1.000000000000000082E-05 ), #7506, 'distance_accuracy_value', 'NONE');
#5234 = FACE_OUTER_BOUND ( 'NONE', #6231, .T. ) ;
#5235 = EDGE_CURVE ( 'NONE', #139, #8316, #74, .T. ) ;
#5236 = ORIENTED_EDGE ( 'NONE', *, *, #4837, .F. ) ;
#5237 = CARTESIAN_POINT ( 'NONE',  ( -1.374999999999999556, 0.000000000000000000, 2.000000000000000888 ) ) ;
#5238 = VERTEX_POINT ( 'NONE', #8777 ) ;
#5239 = CARTESIAN_POINT ( 'NONE',  ( -0.3749999999999998890, 0.2030000000000000138, -1.600000000000000977 ) ) ;
#5240 = ORIENTED_EDGE ( 'NONE', *, *, #6094, .T. ) ;
#5241 = VECTOR ( 'NONE', #1723, 1000.000000000000000 ) ;
#5242 = CARTESIAN_POINT ( 'NONE',  ( -1.999999999999999112, 0.6746990566028303604, -1.374999999999999778 ) ) ;
#5243 = ORIENTED_EDGE ( 'NONE', *, *, #8170, .T. ) ;
#5244 = CARTESIAN_POINT ( 'NONE',  ( -1.999999999999999112, 0.04999999999999991257, -1.374999999999999778 ) ) ;
#5245 = DIRECTION ( 'NONE',  ( 0.000000000000000000, -1.000000000000000000, 0.000000000000000000 ) ) ;
#5246 = LINE ( 'NONE', #6982, #1963 ) ;
#5247 = VECTOR ( 'NONE', #9304, 1000.000000000000000 ) ;
#5248 = MECHANICAL_DESIGN_GEOMETRIC_PRESENTATION_REPRESENTATION (  '', ( #8835 ), #8712 ) ;
#5249 = DIRECTION ( 'NONE',  ( 1.000000000000000000, 0.000000000000000000, 0.000000000000000000 ) ) ;
#5250 = ORIENTED_EDGE ( 'NONE', *, *, #3323, .T. ) ;
#5251 = DIRECTION ( 'NONE',  ( -1.000000000000000000, 0.000000000000000000, 1.084202172485504434E-16 ) ) ;
#5252 = VERTEX_POINT ( 'NONE', #1253 ) ;
#5253 = EDGE_CURVE ( 'NONE', #2970, #9827, #10269, .T. ) ;
#5254 = DIRECTION ( 'NONE',  ( 0.000000000000000000, -0.000000000000000000, 1.000000000000000000 ) ) ;
#5255 = DIRECTION ( 'NONE',  ( -0.000000000000000000, 0.000000000000000000, -1.000000000000000000 ) ) ;
#5256 = PLANE ( 'NONE',  #5580 ) ;
#5257 = VERTEX_POINT ( 'NONE', #7201 ) ;
#5258 = ORIENTED_EDGE ( 'NONE', *, *, #2797, .T. ) ;
#5259 = CARTESIAN_POINT ( 'NONE',  ( 1.599999999999998979, 0.1230000000000000954, 1.899999999999999467 ) ) ;
#5260 = ADVANCED_FACE ( 'NONE', ( #3427 ), #3155, .T. ) ;
#5261 = DIRECTION ( 'NONE',  ( 0.000000000000000000, -0.000000000000000000, 1.000000000000000000 ) ) ;
#5262 = LINE ( 'NONE', #771, #5472 ) ;
#5263 = FACE_OUTER_BOUND ( 'NONE', #5556, .T. ) ;
#5264 = ADVANCED_FACE ( 'NONE', ( #6922 ), #8566, .F. ) ;
#5265 = CARTESIAN_POINT ( 'NONE',  ( -0.3749999999999998890, 0.2030000000000000138, -1.600000000000000977 ) ) ;
#5266 = ORIENTED_EDGE ( 'NONE', *, *, #10264, .T. ) ;
#5267 = EDGE_CURVE ( 'NONE', #2321, #9615, #3546, .T. ) ;
#5268 = CARTESIAN_POINT ( 'NONE',  ( 1.125000000000000222, 0.6746990566028302494, -1.600000000000000977 ) ) ;
#5269 = VERTEX_POINT ( 'NONE', #1089 ) ;
#5270 = CARTESIAN_POINT ( 'NONE',  ( -0.6249999999999998890, 0.000000000000000000, -1.600000000000000977 ) ) ;
#5271 = MECHANICAL_DESIGN_GEOMETRIC_PRESENTATION_REPRESENTATION (  '', ( #4936 ), #1519 ) ;
#5272 = DIRECTION ( 'NONE',  ( 8.673617379884037444E-16, -0.000000000000000000, 1.000000000000000000 ) ) ;
#5273 = EDGE_CURVE ( 'NONE', #31, #5646, #3478, .T. ) ;
#5274 = EDGE_LOOP ( 'NONE', ( #3378, #2101, #7042, #5743 ) ) ;
#5275 = CARTESIAN_POINT ( 'NONE',  ( 1.599999999999999201, 0.2030000000000000138, -0.3749999999999998890 ) ) ;
#5276 = ORIENTED_EDGE ( 'NONE', *, *, #7355, .T. ) ;
#5277 = CARTESIAN_POINT ( 'NONE',  ( 2.000000000000000888, 0.05000000000000000278, -2.000000000000000888 ) ) ;
#5278 = CARTESIAN_POINT ( 'NONE',  ( -0.1249999999999994588, 0.000000000000000000, 1.600000000000001421 ) ) ;
#5279 = LINE ( 'NONE', #658, #1810 ) ;
#5280 = DIRECTION ( 'NONE',  ( 0.000000000000000000, 0.000000000000000000, 1.000000000000000000 ) ) ;
#5281 = ORIENTED_EDGE ( 'NONE', *, *, #9266, .T. ) ;
#5282 = VECTOR ( 'NONE', #5603, 1000.000000000000000 ) ;
#5283 = VECTOR ( 'NONE', #199, 1000.000000000000000 ) ;
#5284 = ORIENTED_EDGE ( 'NONE', *, *, #704, .T. ) ;
#5285 = VERTEX_POINT ( 'NONE', #5986 ) ;
#5286 = EDGE_CURVE ( 'NONE', #7460, #3714, #3247, .T. ) ;
#5287 = ADVANCED_FACE ( 'NONE', ( #6780 ), #6060, .T. ) ;
#5288 = DIRECTION ( 'NONE',  ( -8.673617379884037444E-16, 0.000000000000000000, 1.000000000000000000 ) ) ;
#5289 = ORIENTED_EDGE ( 'NONE', *, *, #10519, .T. ) ;
#5290 = CARTESIAN_POINT ( 'NONE',  ( -1.999999999999999112, 0.6746990566028303604, -1.125000000000000000 ) ) ;
#5291 = EDGE_CURVE ( 'NONE', #5991, #8351, #3379, .T. ) ;
#5292 = CARTESIAN_POINT ( 'NONE',  ( 0.1250000000000001110, 0.2030000000000000138, -1.600000000000000977 ) ) ;
#5293 = FACE_OUTER_BOUND ( 'NONE', #7535, .T. ) ;
#5294 = ORIENTED_EDGE ( 'NONE', *, *, #10501, .F. ) ;
#5295 = EDGE_CURVE ( 'NONE', #9387, #608, #10332, .T. ) ;
#5296 = DIRECTION ( 'NONE',  ( -0.000000000000000000, -1.000000000000000000, -0.000000000000000000 ) ) ;
#5297 = DIRECTION ( 'NONE',  ( 0.000000000000000000, -1.000000000000000000, 0.000000000000000000 ) ) ;
#5298 = LINE ( 'NONE', #5740, #8843 ) ;
#5299 = FACE_OUTER_BOUND ( 'NONE', #1806, .T. ) ;
#5300 = CARTESIAN_POINT ( 'NONE',  ( -6.098637220230960469E-16, 0.05000000000000000278, 1.124999999999999334 ) ) ;
#5301 = VERTEX_POINT ( 'NONE', #6829 ) ;
#5302 = VERTEX_POINT ( 'NONE', #9960 ) ;
#5303 = DIRECTION ( 'NONE',  ( 0.000000000000000000, 0.000000000000000000, -1.000000000000000000 ) ) ;
#5304 = ORIENTED_EDGE ( 'NONE', *, *, #5601, .T. ) ;
#5305 = ORIENTED_EDGE ( 'NONE', *, *, #246, .F. ) ;
#5306 = ADVANCED_FACE ( 'NONE', ( #10421 ), #7672, .F. ) ;
#5307 = LINE ( 'NONE', #7267, #1843 ) ;
#5308 = EDGE_CURVE ( 'NONE', #4333, #6532, #3510, .T. ) ;
#5309 = CARTESIAN_POINT ( 'NONE',  ( 0.3750000000000005551, 0.6746990566028302494, 1.600000000000001421 ) ) ;
#5310 = ORIENTED_EDGE ( 'NONE', *, *, #8420, .T. ) ;
#5311 = CARTESIAN_POINT ( 'NONE',  ( 1.899999999999993916, 0.2030000000000000970, -1.600000000000005418 ) ) ;
#5312 = EDGE_CURVE ( 'NONE', #6054, #3507, #3565, .T. ) ;
#5313 =( LENGTH_UNIT ( ) NAMED_UNIT ( * ) SI_UNIT ( .MILLI., .METRE. ) );
#5314 = VECTOR ( 'NONE', #7188, 1000.000000000000000 ) ;
#5315 = FACE_OUTER_BOUND ( 'NONE', #9808, .T. ) ;
#5316 = CARTESIAN_POINT ( 'NONE',  ( 1.375000000000000666, 0.2030000000000000138, 1.600000000000001421 ) ) ;
#5317 = ORIENTED_EDGE ( 'NONE', *, *, #363, .T. ) ;
#5318 = AXIS2_PLACEMENT_3D ( 'NONE', #7867, #7718, #10152 ) ;
#5319 = EDGE_LOOP ( 'NONE', ( #4254, #9261, #7862, #10023 ) ) ;
#5320 = CARTESIAN_POINT ( 'NONE',  ( 2.000000000000000888, 0.05000000000000000278, 1.999999999999999112 ) ) ;
#5321 = CARTESIAN_POINT ( 'NONE',  ( 1.599999999999999201, 0.6746990566028303604, -0.3749999999999998890 ) ) ;
#5322 =( NAMED_UNIT ( * ) PLANE_ANGLE_UNIT ( ) SI_UNIT ( $, .RADIAN. ) );
#5323 = DIRECTION ( 'NONE',  ( -0.000000000000000000, 0.000000000000000000, -1.000000000000000000 ) ) ;
#5324 = CARTESIAN_POINT ( 'NONE',  ( 2.000000000000005329, 0.2030000000000000970, 1.599999999999992095 ) ) ;
#5325 = EDGE_CURVE ( 'NONE', #7644, #9796, #6741, .T. ) ;
#5326 = CARTESIAN_POINT ( 'NONE',  ( -1.900000000000016565, 0.2030000000000000970, -1.599999999999978995 ) ) ;
#5327 = VECTOR ( 'NONE', #7392, 1000.000000000000000 ) ;
#5328 = EDGE_LOOP ( 'NONE', ( #3495, #9926, #5970, #3040 ) ) ;
#5329 = FACE_OUTER_BOUND ( 'NONE', #9457, .T. ) ;
#5330 = ORIENTED_EDGE ( 'NONE', *, *, #7116, .F. ) ;
#5331 = CARTESIAN_POINT ( 'NONE',  ( -1.375000000000000000, 0.2030000000000000138, -2.000000000000000888 ) ) ;
#5332 = FACE_OUTER_BOUND ( 'NONE', #1163, .T. ) ;
#5333 = VECTOR ( 'NONE', #10290, 1000.000000000000000 ) ;
#5334 = DIRECTION ( 'NONE',  ( 0.000000000000000000, 0.000000000000000000, -1.000000000000000000 ) ) ;
#5335 = ORIENTED_EDGE ( 'NONE', *, *, #8044, .F. ) ;
#5336 = CARTESIAN_POINT ( 'NONE',  ( -1.374999999999999556, 0.04999999999999999584, 1.600000000000001421 ) ) ;
#5337 = VERTEX_POINT ( 'NONE', #1228 ) ;
#5338 = CARTESIAN_POINT ( 'NONE',  ( -1.599999999999998979, 0.6746990566028303604, -0.6249999999999998890 ) ) ;
#5339 = AXIS2_PLACEMENT_3D ( 'NONE', #3261, #8689, #5521 ) ;
#5340 = LINE ( 'NONE', #3852, #8986 ) ;
#5341 = EDGE_LOOP ( 'NONE', ( #7633, #8955, #2254, #3926 ) ) ;
#5342 = EDGE_CURVE ( 'NONE', #4100, #846, #10287, .T. ) ;
#5343 = PLANE ( 'NONE',  #6746 ) ;
#5344 = DIRECTION ( 'NONE',  ( -0.000000000000000000, 0.000000000000000000, -1.000000000000000000 ) ) ;
#5345 = PLANE ( 'NONE',  #1460 ) ;
#5346 = CARTESIAN_POINT ( 'NONE',  ( 1.999999999999999112, 0.04999999999999991257, 1.375000000000000222 ) ) ;
#5347 = VECTOR ( 'NONE', #8277, 1000.000000000000000 ) ;
#5348 = CARTESIAN_POINT ( 'NONE',  ( 1.599999999999998979, 0.6746990566028303604, -0.6249999999999998890 ) ) ;
#5349 = DIRECTION ( 'NONE',  ( -0.000000000000000000, -1.000000000000000000, -0.000000000000000000 ) ) ;
#5350 = CLOSED_SHELL ( 'NONE', ( #2218, #9588, #3214, #8168 ) ) ;
#5351 = ADVANCED_FACE ( 'NONE', ( #3443 ), #1379, .F. ) ;
#5352 = LINE ( 'NONE', #9783, #5314 ) ;
#5353 = LINE ( 'NONE', #1411, #1863 ) ;
#5354 = ORIENTED_EDGE ( 'NONE', *, *, #10169, .F. ) ;
#5355 = DIRECTION ( 'NONE',  ( -1.000000000000000000, -1.807003620809174632E-16, 0.000000000000000000 ) ) ;
#5356 = ORIENTED_EDGE ( 'NONE', *, *, #624, .T. ) ;
#5357 = AXIS2_PLACEMENT_3D ( 'NONE', #992, #7943, #3610 ) ;
#5358 = DIRECTION ( 'NONE',  ( -1.000000000000000000, 0.000000000000000000, 1.047444401652940007E-14 ) ) ;
#5359 = LINE ( 'NONE', #8319, #2059 ) ;
#5360 = UNCERTAINTY_MEASURE_WITH_UNIT (LENGTH_MEASURE( 1.000000000000000082E-05 ), #288, 'distance_accuracy_value', 'NONE');
#5361 = EDGE_LOOP ( 'NONE', ( #3228, #6176, #3807, #8640 ) ) ;
#5362 = DIRECTION ( 'NONE',  ( 0.000000000000000000, 0.000000000000000000, -1.000000000000000000 ) ) ;
#5363 = DIRECTION ( 'NONE',  ( 1.000000000000000000, -0.000000000000000000, -1.084202172485504434E-16 ) ) ;
#5364 = LINE ( 'NONE', #5748, #9101 ) ;
#5365 = EDGE_CURVE ( 'NONE', #1262, #4851, #10492, .T. ) ;
#5366 = EDGE_LOOP ( 'NONE', ( #2756, #10252, #2230, #6388 ) ) ;
#5367 = AXIS2_PLACEMENT_3D ( 'NONE', #6868, #2048, #8537 ) ;
#5368 = PLANE ( 'NONE',  #8439 ) ;
#5369 = CARTESIAN_POINT ( 'NONE',  ( -0.1249999999999998890, 0.6746990566028302494, -1.600000000000000977 ) ) ;
#5370 = DIRECTION ( 'NONE',  ( 0.000000000000000000, 0.000000000000000000, 1.000000000000000000 ) ) ;
#5371 = FACE_OUTER_BOUND ( 'NONE', #1823, .T. ) ;
#5372 = VECTOR ( 'NONE', #3818, 1000.000000000000000 ) ;
#5373 = ORIENTED_EDGE ( 'NONE', *, *, #2810, .F. ) ;
#5374 = CARTESIAN_POINT ( 'NONE',  ( -0.6249999999999994449, 0.2030000000000000138, 2.000000000000000888 ) ) ;
#5375 = VERTEX_POINT ( 'NONE', #6900 ) ;
#5376 = VECTOR ( 'NONE', #4087, 1000.000000000000000 ) ;
#5377 = PLANE ( 'NONE',  #7220 ) ;
#5378 = ORIENTED_EDGE ( 'NONE', *, *, #5801, .T. ) ;
#5379 = AXIS2_PLACEMENT_3D ( 'NONE', #7594, #8563, #1872 ) ;
#5380 = DIRECTION ( 'NONE',  ( -0.000000000000000000, -1.000000000000000000, -0.000000000000000000 ) ) ;
#5381 = ORIENTED_EDGE ( 'NONE', *, *, #7784, .T. ) ;
#5382 = EDGE_CURVE ( 'NONE', #6471, #8450, #3302, .T. ) ;
#5383 = DIRECTION ( 'NONE',  ( 0.000000000000000000, 0.000000000000000000, 1.000000000000000000 ) ) ;
#5384 = VECTOR ( 'NONE', #3863, 1000.000000000000000 ) ;
#5385 = LINE ( 'NONE', #1960, #8929 ) ;
#5386 = PLANE ( 'NONE',  #5449 ) ;
#5387 = ORIENTED_EDGE ( 'NONE', *, *, #9218, .T. ) ;
#5388 = VERTEX_POINT ( 'NONE', #2974 ) ;
#5389 = DIRECTION ( 'NONE',  ( 0.000000000000000000, -0.000000000000000000, 1.000000000000000000 ) ) ;
#5390 =( NAMED_UNIT ( * ) SI_UNIT ( $, .STERADIAN. ) SOLID_ANGLE_UNIT ( ) );
#5391 = DIRECTION ( 'NONE',  ( 5.421010862427524142E-16, 0.000000000000000000, 1.000000000000000000 ) ) ;
#5392 = ORIENTED_EDGE ( 'NONE', *, *, #9454, .F. ) ;
#5393 = ADVANCED_FACE ( 'NONE', ( #6993 ), #1875, .T. ) ;
#5394 = LINE ( 'NONE', #4107, #1743 ) ;
#5395 = EDGE_CURVE ( 'NONE', #2073, #8364, #7025, .T. ) ;
#5396 = ORIENTED_EDGE ( 'NONE', *, *, #5833, .F. ) ;
#5397 = PRESENTATION_LAYER_ASSIGNMENT (  '', '', ( #4936 ) ) ;
#5398 = DIRECTION ( 'NONE',  ( 0.000000000000000000, -1.000000000000000000, 0.000000000000000000 ) ) ;
#5399 = EDGE_CURVE ( 'NONE', #3632, #384, #3268, .T. ) ;
#5400 = VECTOR ( 'NONE', #2091, 1000.000000000000000 ) ;
#5401 = VECTOR ( 'NONE', #2568, 1000.000000000000000 ) ;
#5402 = CARTESIAN_POINT ( 'NONE',  ( -0.6249999999999994449, 0.6746990566028302494, 2.000000000000000888 ) ) ;
#5403 = ORIENTED_EDGE ( 'NONE', *, *, #8967, .T. ) ;
#5404 = CARTESIAN_POINT ( 'NONE',  ( -0.1249999999999994588, 0.2030000000000000138, 1.600000000000001421 ) ) ;
#5405 = VERTEX_POINT ( 'NONE', #8523 ) ;
#5406 = DIRECTION ( 'NONE',  ( 8.673617379884037444E-16, 0.000000000000000000, -1.000000000000000000 ) ) ;
#5407 =( LENGTH_UNIT ( ) NAMED_UNIT ( * ) SI_UNIT ( .MILLI., .METRE. ) );
#5408 = LINE ( 'NONE', #1641, #2420 ) ;
#5409 = ORIENTED_EDGE ( 'NONE', *, *, #5801, .F. ) ;
#5410 = CARTESIAN_POINT ( 'NONE',  ( 1.999999999999999112, 0.04999999999999991257, -0.1249999999999998890 ) ) ;
#5411 = DIRECTION ( 'NONE',  ( -8.673617379884037444E-16, 0.000000000000000000, 1.000000000000000000 ) ) ;
#5412 = CARTESIAN_POINT ( 'NONE',  ( -1.599999999999998979, 0.2030000000000000970, -1.899999999999999467 ) ) ;
#5413 = CARTESIAN_POINT ( 'NONE',  ( 1.999999999999999112, 0.04999999999999991257, -0.6249999999999998890 ) ) ;
#5414 = PLANE ( 'NONE',  #539 ) ;
#5415 = CARTESIAN_POINT ( 'NONE',  ( 1.599999999999998979, 0.2030000000000000693, 1.999999999999999112 ) ) ;
#5416 = PRESENTATION_STYLE_ASSIGNMENT (( #6515 ) ) ;
#5417 = DIRECTION ( 'NONE',  ( 0.000000000000000000, -1.000000000000000000, -0.000000000000000000 ) ) ;
#5418 = CARTESIAN_POINT ( 'NONE',  ( -0.6249999999999998890, 0.2030000000000000138, -1.600000000000000977 ) ) ;
#5419 = ORIENTED_EDGE ( 'NONE', *, *, #9641, .F. ) ;
#5420 = VECTOR ( 'NONE', #2988, 1000.000000000000000 ) ;
#5421 = VECTOR ( 'NONE', #8600, 1000.000000000000000 ) ;
#5422 = EDGE_CURVE ( 'NONE', #8884, #7800, #10302, .T. ) ;
#5423 = ORIENTED_EDGE ( 'NONE', *, *, #5200, .F. ) ;
#5424 = CARTESIAN_POINT ( 'NONE',  ( -2.000000000000016431, 0.1230000000000000954, -1.599999999999977884 ) ) ;
#5425 = VERTEX_POINT ( 'NONE', #6007 ) ;
#5426 = EDGE_CURVE ( 'NONE', #2584, #4958, #6798, .T. ) ;
#5427 = LINE ( 'NONE', #9144, #5510 ) ;
#5428 = ORIENTED_EDGE ( 'NONE', *, *, #6566, .T. ) ;
#5429 =( LENGTH_UNIT ( ) NAMED_UNIT ( * ) SI_UNIT ( .MILLI., .METRE. ) );
#5430 = DIRECTION ( 'NONE',  ( -8.673617379884035472E-16, -0.000000000000000000, 1.000000000000000000 ) ) ;
#5431 = EDGE_CURVE ( 'NONE', #949, #9877, #6642, .T. ) ;
#5432 = ORIENTED_EDGE ( 'NONE', *, *, #7569, .F. ) ;
#5433 = CARTESIAN_POINT ( 'NONE',  ( -0.8749999999999998890, 0.04999999999999969746, -2.000000000000000888 ) ) ;
#5434 = EDGE_CURVE ( 'NONE', #6681, #7509, #6961, .T. ) ;
#5435 = CARTESIAN_POINT ( 'NONE',  ( 1.749999999999998890, 0.1230000000000000676, -1.999999999999999556 ) ) ;
#5436 = PRESENTATION_LAYER_ASSIGNMENT (  '', '', ( #7372 ) ) ;
#5437 = DIRECTION ( 'NONE',  ( -1.000000000000000000, 0.000000000000000000, -5.421010862427524142E-16 ) ) ;
#5438 = PLANE ( 'NONE',  #8220 ) ;
#5439 = ADVANCED_FACE ( 'NONE', ( #6892 ), #1457, .F. ) ;
#5440 = LINE ( 'NONE', #7052, #1862 ) ;
#5441 = ADVANCED_FACE ( 'NONE', ( #10323 ), #707, .F. ) ;
#5442 = ORIENTED_EDGE ( 'NONE', *, *, #520, .T. ) ;
#5443 = DIRECTION ( 'NONE',  ( 0.000000000000000000, -1.000000000000000000, 0.000000000000000000 ) ) ;
#5444 = ORIENTED_EDGE ( 'NONE', *, *, #1179, .F. ) ;
#5445 = ADVANCED_FACE ( 'NONE', ( #6930 ), #10405, .F. ) ;
#5446 = SURFACE_STYLE_FILL_AREA ( #3747 ) ;
#5447 = ORIENTED_EDGE ( 'NONE', *, *, #1027, .F. ) ;
#5448 = EDGE_CURVE ( 'NONE', #8607, #4245, #6717, .T. ) ;
#5449 = AXIS2_PLACEMENT_3D ( 'NONE', #9539, #5518, #10381 ) ;
#5450 = VERTEX_POINT ( 'NONE', #5270 ) ;
#5451 = DIRECTION ( 'NONE',  ( 0.000000000000000000, -1.000000000000000000, 0.000000000000000000 ) ) ;
#5452 = EDGE_CURVE ( 'NONE', #8257, #1845, #6731, .T. ) ;
#5453 = LINE ( 'NONE', #128, #1997 ) ;
#5454 = LINE ( 'NONE', #2473, #1634 ) ;
#5455 = DIRECTION ( 'NONE',  ( 0.000000000000000000, -1.000000000000000000, 0.000000000000000000 ) ) ;
#5456 = EDGE_LOOP ( 'NONE', ( #104, #4221, #10204, #9396 ) ) ;
#5457 = ORIENTED_EDGE ( 'NONE', *, *, #4357, .F. ) ;
#5458 = CARTESIAN_POINT ( 'NONE',  ( 1.599999999999999201, 0.2030000000000000138, 0.1250000000000001110 ) ) ;
#5459 = CARTESIAN_POINT ( 'NONE',  ( 1.749999999999998890, 0.2030000000000000693, 1.899999999999999467 ) ) ;
#5460 = ADVANCED_FACE ( 'NONE', ( #10390 ), #7128, .F. ) ;
#5461 = DIRECTION ( 'NONE',  ( 0.000000000000000000, -0.000000000000000000, 1.000000000000000000 ) ) ;
#5462 = CARTESIAN_POINT ( 'NONE',  ( -1.899999999999981259, 0.1230000000000000676, 1.750000000000018874 ) ) ;
#5463 = DIRECTION ( 'NONE',  ( 0.000000000000000000, 0.000000000000000000, 1.000000000000000000 ) ) ;
#5464 = CARTESIAN_POINT ( 'NONE',  ( 1.599999999999999201, 0.05000000000000023870, -1.375000000000000000 ) ) ;
#5465 = CARTESIAN_POINT ( 'NONE',  ( 1.999999999999999556, 0.000000000000000000, -6.982962677686265133E-15 ) ) ;
#5466 = VERTEX_POINT ( 'NONE', #561 ) ;
#5467 = ORIENTED_EDGE ( 'NONE', *, *, #23, .F. ) ;
#5468 = ORIENTED_EDGE ( 'NONE', *, *, #5032, .T. ) ;
#5469 = AXIS2_PLACEMENT_3D ( 'NONE', #4759, #3124, #8748 ) ;
#5470 = DIRECTION ( 'NONE',  ( -1.000000000000000000, 3.614007241618349264E-16, -0.000000000000000000 ) ) ;
#5471 = CARTESIAN_POINT ( 'NONE',  ( 0.8750000000000001110, 0.000000000000000000, -2.000000000000000888 ) ) ;
#5472 = VECTOR ( 'NONE', #7259, 1000.000000000000000 ) ;
#5473 = FACE_OUTER_BOUND ( 'NONE', #4609, .T. ) ;
#5474 = DIRECTION ( 'NONE',  ( 3.491481338843133355E-15, 0.000000000000000000, 1.000000000000000000 ) ) ;
#5475 = EDGE_LOOP ( 'NONE', ( #9715, #6568, #10471, #3898 ) ) ;
#5476 = ORIENTED_EDGE ( 'NONE', *, *, #7364, .T. ) ;
#5477 = CARTESIAN_POINT ( 'NONE',  ( 0.6250000000000005551, 0.2030000000000000970, 2.000000000000000888 ) ) ;
#5478 = VECTOR ( 'NONE', #5846, 1000.000000000000000 ) ;
#5479 = ORIENTED_EDGE ( 'NONE', *, *, #9418, .F. ) ;
#5480 = FILL_AREA_STYLE_COLOUR ( '', #5736 ) ;
#5481 = CARTESIAN_POINT ( 'NONE',  ( 0.000000000000000000, 0.05000000000000000278, -1.125000000000000000 ) ) ;
#5482 = DIRECTION ( 'NONE',  ( 1.000000000000000000, -0.000000000000000000, -0.000000000000000000 ) ) ;
#5483 = DIRECTION ( 'NONE',  ( 3.491481338843133355E-15, 3.614007241618349264E-16, 1.000000000000000000 ) ) ;
#5484 = DIRECTION ( 'NONE',  ( 0.000000000000000000, -1.000000000000000000, 0.000000000000000000 ) ) ;
#5485 = LINE ( 'NONE', #6655, #1923 ) ;
#5486 = CARTESIAN_POINT ( 'NONE',  ( 1.999999999999999112, 0.2030000000000000138, 1.375000000000000222 ) ) ;
#5487 = CARTESIAN_POINT ( 'NONE',  ( -1.124999999999999556, 0.2030000000000000138, 1.600000000000001421 ) ) ;
#5488 = EDGE_LOOP ( 'NONE', ( #271, #3607 ) ) ;
#5489 = VECTOR ( 'NONE', #838, 1000.000000000000000 ) ;
#5490 = AXIS2_PLACEMENT_3D ( 'NONE', #91, #4135, #4944 ) ;
#5491 = ORIENTED_EDGE ( 'NONE', *, *, #5047, .F. ) ;
#5492 = DIRECTION ( 'NONE',  ( 0.7071067811865436870, -0.000000000000000000, 0.7071067811865513475 ) ) ;
#5493 = EDGE_LOOP ( 'NONE', ( #2893, #10509, #6409, #7119 ) ) ;
#5494 = EDGE_CURVE ( 'NONE', #6733, #6575, #3307, .T. ) ;
#5495 = VECTOR ( 'NONE', #6139, 1000.000000000000000 ) ;
#5496 = ORIENTED_EDGE ( 'NONE', *, *, #5640, .T. ) ;
#5497 = CARTESIAN_POINT ( 'NONE',  ( 2.000000000000005329, 0.2030000000000000970, 1.599999999999992095 ) ) ;
#5498 = DIRECTION ( 'NONE',  ( 0.000000000000000000, 0.000000000000000000, -1.000000000000000000 ) ) ;
#5499 = ORIENTED_EDGE ( 'NONE', *, *, #9658, .T. ) ;
#5500 = ADVANCED_FACE ( 'NONE', ( #10427, #10260 ), #3729, .F. ) ;
#5501 = ORIENTED_EDGE ( 'NONE', *, *, #9266, .F. ) ;
#5502 = DIRECTION ( 'NONE',  ( 1.734723475976807587E-16, 0.000000000000000000, -1.000000000000000000 ) ) ;
#5503 = LINE ( 'NONE', #7249, #5987 ) ;
#5504 = VERTEX_POINT ( 'NONE', #9351 ) ;
#5505 = CARTESIAN_POINT ( 'NONE',  ( 2.000000000000005773, 0.2030000000000000693, 1.749999999999992006 ) ) ;
#5506 = AXIS2_PLACEMENT_3D ( 'NONE', #780, #4583, #8715 ) ;
#5507 = CLOSED_SHELL ( 'NONE', ( #4255, #4518, #5183, #3170, #9056, #8866 ) ) ;
#5508 = STYLED_ITEM ( 'NONE', ( #2641 ), #7729 ) ;
#5509 = EDGE_CURVE ( 'NONE', #1949, #7682, #10459, .T. ) ;
#5510 = VECTOR ( 'NONE', #4094, 1000.000000000000000 ) ;
#5511 = ORIENTED_EDGE ( 'NONE', *, *, #4922, .T. ) ;
#5512 = SURFACE_STYLE_FILL_AREA ( #4253 ) ;
#5513 = ORIENTED_EDGE ( 'NONE', *, *, #4571, .F. ) ;
#5514 = CARTESIAN_POINT ( 'NONE',  ( 0.6250000000000005551, 0.000000000000000000, 1.600000000000001421 ) ) ;
#5515 = CARTESIAN_POINT ( 'NONE',  ( 1.149999999999999911, 0.000000000000000000, 1.250000000000000222 ) ) ;
#5516 = ADVANCED_FACE ( 'NONE', ( #3485 ), #1397, .T. ) ;
#5517 = VECTOR ( 'NONE', #469, 1000.000000000000000 ) ;
#5518 = DIRECTION ( 'NONE',  ( 3.614007241618349757E-16, 1.000000000000000000, 0.000000000000000000 ) ) ;
#5519 = EDGE_LOOP ( 'NONE', ( #4157, #8564, #967, #7628 ) ) ;
#5520 = VERTEX_POINT ( 'NONE', #7918 ) ;
#5521 = DIRECTION ( 'NONE',  ( -1.000000000000000000, 0.000000000000000000, -0.000000000000000000 ) ) ;
#5522 = EDGE_CURVE ( 'NONE', #4263, #2775, #3273, .T. ) ;
#5523 = DIRECTION ( 'NONE',  ( 0.000000000000000000, 0.000000000000000000, 1.000000000000000000 ) ) ;
#5524 = DIRECTION ( 'NONE',  ( 0.000000000000000000, 0.000000000000000000, -1.000000000000000000 ) ) ;
#5525 = CARTESIAN_POINT ( 'NONE',  ( -1.599999999999999201, 0.2030000000000000138, -1.375000000000000000 ) ) ;
#5526 = DIRECTION ( 'NONE',  ( 0.000000000000000000, 0.000000000000000000, -1.000000000000000000 ) ) ;
#5527 = COLOUR_RGB ( '',0.7921568627450980005, 0.8196078431372548767, 0.9333333333333333481 ) ;
#5528 = VERTEX_POINT ( 'NONE', #404 ) ;
#5529 = EDGE_CURVE ( 'NONE', #1861, #6418, #3402, .T. ) ;
#5530 = LINE ( 'NONE', #4855, #2063 ) ;
#5531 = VERTEX_POINT ( 'NONE', #1057 ) ;
#5532 = PLANE ( 'NONE',  #938 ) ;
#5533 = DIRECTION ( 'NONE',  ( 1.000000000000000000, 0.000000000000000000, -5.421010862427524142E-16 ) ) ;
#5534 = VECTOR ( 'NONE', #6971, 1000.000000000000000 ) ;
#5535 = VECTOR ( 'NONE', #1675, 1000.000000000000000 ) ;
#5536 = ORIENTED_EDGE ( 'NONE', *, *, #8985, .F. ) ;
#5537 = CARTESIAN_POINT ( 'NONE',  ( 1.375000000000000666, 0.2030000000000000138, 2.000000000000000888 ) ) ;
#5538 = VERTEX_POINT ( 'NONE', #2574 ) ;
#5539 = CARTESIAN_POINT ( 'NONE',  ( -1.250000000000000000, 0.2030000000000000693, -0.9500000000000013989 ) ) ;
#5540 =( NAMED_UNIT ( * ) SI_UNIT ( $, .STERADIAN. ) SOLID_ANGLE_UNIT ( ) );
#5541 = ADVANCED_FACE ( 'NONE', ( #6802 ), #7266, .T. ) ;
#5542 = LINE ( 'NONE', #894, #8883 ) ;
#5543 = ORIENTED_EDGE ( 'NONE', *, *, #8733, .F. ) ;
#5544 = DIRECTION ( 'NONE',  ( -1.000000000000000000, 0.000000000000000000, -0.000000000000000000 ) ) ;
#5545 = DIRECTION ( 'NONE',  ( 0.000000000000000000, 0.000000000000000000, 1.000000000000000000 ) ) ;
#5546 = CARTESIAN_POINT ( 'NONE',  ( 0.3750000000000005551, 0.6746990566028302494, 2.000000000000000888 ) ) ;
#5547 = CARTESIAN_POINT ( 'NONE',  ( 1.599999999999998979, 0.2030000000000000970, 1.899999999999999467 ) ) ;
#5548 = DIRECTION ( 'NONE',  ( 1.000000000000000000, -0.000000000000000000, 0.000000000000000000 ) ) ;
#5549 = LINE ( 'NONE', #3730, #8938 ) ;
#5550 = EDGE_CURVE ( 'NONE', #10094, #6527, #3339, .T. ) ;
#5551 = CARTESIAN_POINT ( 'NONE',  ( -1.749999999999998890, 0.2030000000000000693, 1.899999999999999467 ) ) ;
#5552 = ORIENTED_EDGE ( 'NONE', *, *, #5918, .F. ) ;
#5553 = EDGE_CURVE ( 'NONE', #5538, #507, #10441, .T. ) ;
#5554 = LINE ( 'NONE', #2976, #9072 ) ;
#5555 = LINE ( 'NONE', #7287, #2194 ) ;
#5556 = EDGE_LOOP ( 'NONE', ( #3577, #5965, #8995, #5317 ) ) ;
#5557 = FILL_AREA_STYLE ('',( #8077 ) ) ;
#5558 = ORIENTED_EDGE ( 'NONE', *, *, #9553, .T. ) ;
#5559 = EDGE_CURVE ( 'NONE', #8099, #2696, #6821, .T. ) ;
#5560 = FACE_OUTER_BOUND ( 'NONE', #492, .T. ) ;
#5561 = ORIENTED_EDGE ( 'NONE', *, *, #2917, .F. ) ;
#5562 =( NAMED_UNIT ( * ) SI_UNIT ( $, .STERADIAN. ) SOLID_ANGLE_UNIT ( ) );
#5563 = PLANE ( 'NONE',  #4003 ) ;
#5564 = DIRECTION ( 'NONE',  ( 0.000000000000000000, -1.000000000000000000, 0.000000000000000000 ) ) ;
#5565 = ORIENTED_EDGE ( 'NONE', *, *, #9929, .F. ) ;
#5566 = PLANE ( 'NONE',  #7521 ) ;
#5567 = AXIS2_PLACEMENT_3D ( 'NONE', #9213, #10200, #1451 ) ;
#5568 = CARTESIAN_POINT ( 'NONE',  ( -1.499999999999999112, 0.8000000000000000444, -1.500000000000000666 ) ) ;
#5569 = LINE ( 'NONE', #9088, #2098 ) ;
#5570 = SURFACE_STYLE_FILL_AREA ( #8662 ) ;
#5571 = DIRECTION ( 'NONE',  ( 0.000000000000000000, 0.000000000000000000, -1.000000000000000000 ) ) ;
#5572 = ORIENTED_EDGE ( 'NONE', *, *, #4954, .F. ) ;
#5573 = DIRECTION ( 'NONE',  ( -1.000000000000000000, 0.000000000000000000, 0.000000000000000000 ) ) ;
#5574 = ORIENTED_EDGE ( 'NONE', *, *, #6203, .F. ) ;
#5575 = MECHANICAL_DESIGN_GEOMETRIC_PRESENTATION_REPRESENTATION (  '', ( #7257 ), #7659 ) ;
#5576 = VECTOR ( 'NONE', #6782, 1000.000000000000000 ) ;
#5577 = VERTEX_POINT ( 'NONE', #9102 ) ;
#5578 = EDGE_CURVE ( 'NONE', #1977, #210, #10277, .T. ) ;
#5579 = CARTESIAN_POINT ( 'NONE',  ( 0.6250000000000001110, 0.2030000000000000138, -2.000000000000000888 ) ) ;
#5580 = AXIS2_PLACEMENT_3D ( 'NONE', #7603, #8449, #5992 ) ;
#5581 = LINE ( 'NONE', #10055, #9439 ) ;
#5582 = ADVANCED_FACE ( 'NONE', ( #3433 ), #6654, .T. ) ;
#5583 = CARTESIAN_POINT ( 'NONE',  ( 2.000000000000000888, 0.05000000000000000278, 1.999999999999999112 ) ) ;
#5584 = VERTEX_POINT ( 'NONE', #1658 ) ;
#5585 = CARTESIAN_POINT ( 'NONE',  ( -0.6249999999999994449, 0.2030000000000000138, 2.000000000000000888 ) ) ;
#5586 = VECTOR ( 'NONE', #6713, 1000.000000000000000 ) ;
#5587 = VECTOR ( 'NONE', #6460, 1000.000000000000000 ) ;
#5588 = CARTESIAN_POINT ( 'NONE',  ( 1.599999999999999201, 0.05000000000000023870, -0.8749999999999998890 ) ) ;
#5589 = ORIENTED_EDGE ( 'NONE', *, *, #3567, .F. ) ;
#5590 = ORIENTED_EDGE ( 'NONE', *, *, #443, .T. ) ;
#5591 = PLANE ( 'NONE',  #5217 ) ;
#5592 = CARTESIAN_POINT ( 'NONE',  ( -1.499999999999999112, 0.6999999999999999556, -1.333333333333333925 ) ) ;
#5593 = PLANE ( 'NONE',  #8051 ) ;
#5594 = CARTESIAN_POINT ( 'NONE',  ( 1.999999999999999112, 0.6746990566028303604, -1.374999999999999778 ) ) ;
#5595 = CARTESIAN_POINT ( 'NONE',  ( -1.599999999999998979, 0.6746990566028303604, -0.6249999999999998890 ) ) ;
#5596 = MECHANICAL_DESIGN_GEOMETRIC_PRESENTATION_REPRESENTATION (  '', ( #8079 ), #7544 ) ;
#5597 = FACE_OUTER_BOUND ( 'NONE', #7978, .T. ) ;
#5598 = ORIENTED_EDGE ( 'NONE', *, *, #4854, .T. ) ;
#5599 = DIRECTION ( 'NONE',  ( 0.000000000000000000, 0.000000000000000000, -1.000000000000000000 ) ) ;
#5600 = LINE ( 'NONE', #10, #5703 ) ;
#5601 = EDGE_CURVE ( 'NONE', #634, #1985, #6947, .T. ) ;
#5602 = VERTEX_POINT ( 'NONE', #841 ) ;
#5603 = DIRECTION ( 'NONE',  ( -0.000000000000000000, -1.000000000000000000, -0.000000000000000000 ) ) ;
#5604 = DIRECTION ( 'NONE',  ( -0.000000000000000000, -1.000000000000000000, -0.000000000000000000 ) ) ;
#5605 = LINE ( 'NONE', #8751, #5824 ) ;
#5606 = LINE ( 'NONE', #8430, #9145 ) ;
#5607 = ORIENTED_EDGE ( 'NONE', *, *, #3554, .F. ) ;
#5608 = DIRECTION ( 'NONE',  ( 0.000000000000000000, -0.000000000000000000, 1.000000000000000000 ) ) ;
#5609 = VERTEX_POINT ( 'NONE', #4023 ) ;
#5610 = CARTESIAN_POINT ( 'NONE',  ( 0.6250000000000001110, 0.05000000000000000278, 0.000000000000000000 ) ) ;
#5611 = DIRECTION ( 'NONE',  ( 8.673617379884037444E-16, 0.000000000000000000, -1.000000000000000000 ) ) ;
#5612 = VECTOR ( 'NONE', #1113, 1000.000000000000000 ) ;
#5613 = VERTEX_POINT ( 'NONE', #135 ) ;
#5614 = CARTESIAN_POINT ( 'NONE',  ( -1.999999999999982681, 0.2030000000000000970, 1.600000000000020073 ) ) ;
#5615 = CARTESIAN_POINT ( 'NONE',  ( -1.599999999999999201, 0.000000000000000000, 0.1250000000000001110 ) ) ;
#5616 = AXIS2_PLACEMENT_3D ( 'NONE', #3070, #10337, #7057 ) ;
#5617 = PLANE ( 'NONE',  #9676 ) ;
#5618 = PLANE ( 'NONE',  #9321 ) ;
#5619 =( LENGTH_UNIT ( ) NAMED_UNIT ( * ) SI_UNIT ( .MILLI., .METRE. ) );
#5620 = DIRECTION ( 'NONE',  ( 0.000000000000000000, 0.000000000000000000, -1.000000000000000000 ) ) ;
#5621 = CARTESIAN_POINT ( 'NONE',  ( -0.8749999999999994449, 0.2030000000000000138, 1.600000000000001421 ) ) ;
#5622 = ORIENTED_EDGE ( 'NONE', *, *, #6865, .F. ) ;
#5623 = CARTESIAN_POINT ( 'NONE',  ( 1.730000000000005089, 0.1230000000000000954, 1.599999999999992983 ) ) ;
#5624 = VECTOR ( 'NONE', #10457, 1000.000000000000000 ) ;
#5625 = ORIENTED_EDGE ( 'NONE', *, *, #2069, .F. ) ;
#5626 =( NAMED_UNIT ( * ) PLANE_ANGLE_UNIT ( ) SI_UNIT ( $, .RADIAN. ) );
#5627 = VERTEX_POINT ( 'NONE', #7346 ) ;
#5628 = ADVANCED_FACE ( 'NONE', ( #3255 ), #2352, .T. ) ;
#5629 = DIRECTION ( 'NONE',  ( 1.000000000000000000, 0.000000000000000000, -1.047444401652940007E-14 ) ) ;
#5630 = CIRCLE ( 'NONE', #1459, 0.1000000000000000472 ) ;
#5631 = VERTEX_POINT ( 'NONE', #59 ) ;
#5632 = DIRECTION ( 'NONE',  ( -5.421010862427524142E-16, 0.000000000000000000, 1.000000000000000000 ) ) ;
#5633 = PLANE ( 'NONE',  #4531 ) ;
#5634 = FACE_OUTER_BOUND ( 'NONE', #1867, .T. ) ;
#5635 = DIRECTION ( 'NONE',  ( -3.491481338843133355E-15, 1.807003620809174632E-16, -1.000000000000000000 ) ) ;
#5636 = EDGE_CURVE ( 'NONE', #1134, #5713, #3226, .T. ) ;
#5637 = ORIENTED_EDGE ( 'NONE', *, *, #7903, .T. ) ;
#5638 = DIRECTION ( 'NONE',  ( 1.047444401652940007E-14, 1.807003620809174632E-16, 1.000000000000000000 ) ) ;
#5639 = DIRECTION ( 'NONE',  ( -1.000000000000000000, -3.614007241618349264E-16, 0.000000000000000000 ) ) ;
#5640 = EDGE_CURVE ( 'NONE', #5876, #6220, #6748, .T. ) ;
#5641 = LINE ( 'NONE', #9469, #9125 ) ;
#5642 = VECTOR ( 'NONE', #2517, 1000.000000000000000 ) ;
#5643 = CARTESIAN_POINT ( 'NONE',  ( 1.375000000000000666, 0.000000000000000000, 1.600000000000001421 ) ) ;
#5644 = ORIENTED_EDGE ( 'NONE', *, *, #2464, .F. ) ;
#5645 = DIRECTION ( 'NONE',  ( 0.000000000000000000, -1.000000000000000000, 0.000000000000000000 ) ) ;
#5646 = VERTEX_POINT ( 'NONE', #991 ) ;
#5647 = PRESENTATION_STYLE_ASSIGNMENT (( #8773 ) ) ;
#5648 = ORIENTED_EDGE ( 'NONE', *, *, #3467, .T. ) ;
#5649 = DIRECTION ( 'NONE',  ( -0.000000000000000000, -1.000000000000000000, -0.000000000000000000 ) ) ;
#5650 = LINE ( 'NONE', #8082, #9209 ) ;
#5651 = DIRECTION ( 'NONE',  ( -3.491481338843133355E-15, -1.807003620809174632E-16, -1.000000000000000000 ) ) ;
#5652 = ORIENTED_EDGE ( 'NONE', *, *, #6967, .T. ) ;
#5653 = DIRECTION ( 'NONE',  ( 0.000000000000000000, 0.000000000000000000, -1.000000000000000000 ) ) ;
#5654 = EDGE_CURVE ( 'NONE', #595, #10151, #10529, .T. ) ;
#5655 = DIRECTION ( 'NONE',  ( 1.000000000000000000, -1.807003620809174632E-16, 0.000000000000000000 ) ) ;
#5656 = CARTESIAN_POINT ( 'NONE',  ( 1.599999999999999201, 0.6746990566028303604, -0.3749999999999998890 ) ) ;
#5657 = VECTOR ( 'NONE', #545, 1000.000000000000000 ) ;
#5658 = LINE ( 'NONE', #8006, #5710 ) ;
#5659 = CARTESIAN_POINT ( 'NONE',  ( 1.375000000000000222, 0.2030000000000000138, -1.600000000000000977 ) ) ;
#5660 = EDGE_CURVE ( 'NONE', #2882, #5285, #10479, .T. ) ;
#5661 = ORIENTED_EDGE ( 'NONE', *, *, #3987, .F. ) ;
#5662 = CARTESIAN_POINT ( 'NONE',  ( 1.999999999999999112, 0.2030000000000000970, -1.374999999999999778 ) ) ;
#5663 = CARTESIAN_POINT ( 'NONE',  ( 1.599999999999999201, 0.000000000000000000, -1.375000000000000000 ) ) ;
#5664 = ORIENTED_EDGE ( 'NONE', *, *, #1039, .F. ) ;
#5665 = DIRECTION ( 'NONE',  ( 0.000000000000000000, -1.000000000000000000, 0.000000000000000000 ) ) ;
#5666 = CARTESIAN_POINT ( 'NONE',  ( 0.000000000000000000, 0.000000000000000000, 0.5000000000000000000 ) ) ;
#5667 = PLANE ( 'NONE',  #7850 ) ;
#5668 =( NAMED_UNIT ( * ) SI_UNIT ( $, .STERADIAN. ) SOLID_ANGLE_UNIT ( ) );
#5669 = EDGE_LOOP ( 'NONE', ( #3936, #9413, #6461, #424 ) ) ;
#5670 = FACE_OUTER_BOUND ( 'NONE', #10030, .T. ) ;
#5671 = ADVANCED_FACE ( 'NONE', ( #10243 ), #1722, .F. ) ;
#5672 = ORIENTED_EDGE ( 'NONE', *, *, #8027, .T. ) ;
#5673 = CARTESIAN_POINT ( 'NONE',  ( -0.6249999999999994449, 0.6746990566028302494, 2.000000000000000888 ) ) ;
#5674 = PLANE ( 'NONE',  #6407 ) ;
#5675 = LINE ( 'NONE', #6064, #5695 ) ;
#5676 = ORIENTED_EDGE ( 'NONE', *, *, #2984, .T. ) ;
#5677 = CARTESIAN_POINT ( 'NONE',  ( -0.8749999999999994449, 0.6746990566028302494, 1.600000000000001421 ) ) ;
#5678 = VERTEX_POINT ( 'NONE', #10477 ) ;
#5679 = EDGE_CURVE ( 'NONE', #4754, #2000, #3449, .T. ) ;
#5680 = CARTESIAN_POINT ( 'NONE',  ( -1.599999999999998979, 0.6746990566028303604, 0.3750000000000001110 ) ) ;
#5681 = VECTOR ( 'NONE', #8954, 1000.000000000000000 ) ;
#5682 = EDGE_LOOP ( 'NONE', ( #4578, #3464, #146, #9904 ) ) ;
#5683 = EDGE_CURVE ( 'NONE', #3731, #7724, #10496, .T. ) ;
#5684 = DIRECTION ( 'NONE',  ( 0.000000000000000000, 0.000000000000000000, 1.000000000000000000 ) ) ;
#5685 = CARTESIAN_POINT ( 'NONE',  ( 0.3750000000000005551, 0.6746990566028302494, 1.600000000000001421 ) ) ;
#5686 = DIRECTION ( 'NONE',  ( 0.000000000000000000, 1.000000000000000000, 0.000000000000000000 ) ) ;
#5687 = CARTESIAN_POINT ( 'NONE',  ( -1.599999999999998979, 0.1230000000000000954, -1.899999999999999467 ) ) ;
#5688 = LINE ( 'NONE', #1683, #2108 ) ;
#5689 = DIRECTION ( 'NONE',  ( 3.491481338843133355E-15, 3.614007241618349264E-16, 1.000000000000000000 ) ) ;
#5690 = STYLED_ITEM ( 'NONE', ( #55 ), #5188 ) ;
#5691 = FILL_AREA_STYLE_COLOUR ( '', #1155 ) ;
#5692 = ORIENTED_EDGE ( 'NONE', *, *, #4697, .F. ) ;
#5693 = CARTESIAN_POINT ( 'NONE',  ( -1.999999999999999112, 0.000000000000000000, 0.8750000000000001110 ) ) ;
#5694 = EDGE_CURVE ( 'NONE', #1347, #507, #3469, .T. ) ;
#5695 = VECTOR ( 'NONE', #2081, 1000.000000000000000 ) ;
#5696 = ADVANCED_FACE ( 'NONE', ( #6839 ), #5814, .F. ) ;
#5697 = ORIENTED_EDGE ( 'NONE', *, *, #5365, .F. ) ;
#5698 = CARTESIAN_POINT ( 'NONE',  ( -1.749999999999998890, 0.2030000000000000693, 1.729999999999999538 ) ) ;
#5699 = ORIENTED_EDGE ( 'NONE', *, *, #6094, .F. ) ;
#5700 = CARTESIAN_POINT ( 'NONE',  ( 1.599999999999998979, 0.2030000000000000138, -0.6249999999999998890 ) ) ;
#5701 = ORIENTED_EDGE ( 'NONE', *, *, #7364, .F. ) ;
#5702 = CARTESIAN_POINT ( 'NONE',  ( 2.000000000000005329, 0.2030000000000000970, 1.599999999999992095 ) ) ;
#5703 = VECTOR ( 'NONE', #3094, 1000.000000000000000 ) ;
#5704 = DIRECTION ( 'NONE',  ( 1.000000000000000000, 3.614007241618349264E-16, 0.000000000000000000 ) ) ;
#5705 = ORIENTED_EDGE ( 'NONE', *, *, #10047, .F. ) ;
#5706 = AXIS2_PLACEMENT_3D ( 'NONE', #8184, #9767, #538 ) ;
#5707 = PRESENTATION_LAYER_ASSIGNMENT (  '', '', ( #4744 ) ) ;
#5708 = CARTESIAN_POINT ( 'NONE',  ( -1.599999999999998979, 0.2030000000000000970, -1.899999999999999467 ) ) ;
#5709 = LINE ( 'NONE', #9546, #2255 ) ;
#5710 = VECTOR ( 'NONE', #7006, 1000.000000000000000 ) ;
#5711 = CARTESIAN_POINT ( 'NONE',  ( -1.729999999999982885, 0.2030000000000000970, 1.600000000000017186 ) ) ;
#5712 = EDGE_CURVE ( 'NONE', #4704, #5028, #3186, .T. ) ;
#5713 = VERTEX_POINT ( 'NONE', #3750 ) ;
#5714 = PLANE ( 'NONE',  #8069 ) ;
#5715 = EDGE_LOOP ( 'NONE', ( #4298, #8923, #8577, #4662 ) ) ;
#5716 = ADVANCED_FACE ( 'NONE', ( #3322 ), #3538, .F. ) ;
#5717 = VECTOR ( 'NONE', #411, 1000.000000000000000 ) ;
#5718 = ORIENTED_EDGE ( 'NONE', *, *, #3762, .F. ) ;
#5719 = PRESENTATION_STYLE_ASSIGNMENT (( #6157 ) ) ;
#5720 = DIRECTION ( 'NONE',  ( 0.000000000000000000, 0.000000000000000000, -1.000000000000000000 ) ) ;
#5721 = ORIENTED_EDGE ( 'NONE', *, *, #8483, .F. ) ;
#5722 = CARTESIAN_POINT ( 'NONE',  ( -1.749999999999998890, 0.2030000000000000693, 1.999999999999999556 ) ) ;
#5723 = DIRECTION ( 'NONE',  ( -0.000000000000000000, -1.000000000000000000, -0.000000000000000000 ) ) ;
#5724 = CARTESIAN_POINT ( 'NONE',  ( 1.375000000000000222, 0.2030000000000000138, -1.600000000000000977 ) ) ;
#5725 = LINE ( 'NONE', #7405, #2052 ) ;
#5726 = VECTOR ( 'NONE', #8148, 1000.000000000000000 ) ;
#5727 = AXIS2_PLACEMENT_3D ( 'NONE', #432, #1276, #8606 ) ;
#5728 = ORIENTED_EDGE ( 'NONE', *, *, #6772, .F. ) ;
#5729 = DIRECTION ( 'NONE',  ( 0.000000000000000000, -0.000000000000000000, 1.000000000000000000 ) ) ;
#5730 = ORIENTED_EDGE ( 'NONE', *, *, #3523, .T. ) ;
#5731 = EDGE_CURVE ( 'NONE', #3112, #2288, #3355, .T. ) ;
#5732 = DIRECTION ( 'NONE',  ( 1.000000000000000000, 0.000000000000000000, 0.000000000000000000 ) ) ;
#5733 = CARTESIAN_POINT ( 'NONE',  ( 1.900000000000005240, 0.1230000000000000954, 1.599999999999992539 ) ) ;
#5734 = MECHANICAL_DESIGN_GEOMETRIC_PRESENTATION_REPRESENTATION (  '', ( #4011 ), #2590 ) ;
#5735 = DIRECTION ( 'NONE',  ( -0.000000000000000000, 1.000000000000000000, -0.000000000000000000 ) ) ;
#5736 = COLOUR_RGB ( '',0.7921568627450980005, 0.8196078431372548767, 0.9333333333333333481 ) ;
#5737 = UNCERTAINTY_MEASURE_WITH_UNIT (LENGTH_MEASURE( 1.000000000000000082E-05 ), #896, 'distance_accuracy_value', 'NONE');
#5738 = VECTOR ( 'NONE', #5363, 1000.000000000000000 ) ;
#5739 = ORIENTED_EDGE ( 'NONE', *, *, #8064, .T. ) ;
#5740 = CARTESIAN_POINT ( 'NONE',  ( -1.599999999999999201, 0.000000000000000000, 0.6250000000000001110 ) ) ;
#5741 = CARTESIAN_POINT ( 'NONE',  ( -1.899999999999999467, 0.000000000000000000, 1.990144363140585697E-14 ) ) ;
#5742 = LINE ( 'NONE', #7898, #9164 ) ;
#5743 = ORIENTED_EDGE ( 'NONE', *, *, #530, .T. ) ;
#5744 = AXIS2_PLACEMENT_3D ( 'NONE', #389, #3575, #6212 ) ;
#5745 = CARTESIAN_POINT ( 'NONE',  ( 1.375000000000000222, 0.6746990566028302494, -1.600000000000000977 ) ) ;
#5746 = ORIENTED_EDGE ( 'NONE', *, *, #2032, .F. ) ;
#5747 = CARTESIAN_POINT ( 'NONE',  ( -1.599999999999999201, 0.6746990566028303604, 1.125000000000000222 ) ) ;
#5748 = CARTESIAN_POINT ( 'NONE',  ( -0.6249999999999994449, 0.000000000000000000, 1.600000000000001421 ) ) ;
#5749 = EDGE_CURVE ( 'NONE', #7783, #3767, #6658, .T. ) ;
#5750 = VECTOR ( 'NONE', #4234, 1000.000000000000000 ) ;
#5751 = CARTESIAN_POINT ( 'NONE',  ( -1.999999999999999112, 0.05000000000000000278, 1.999999999999999556 ) ) ;
#5752 =( NAMED_UNIT ( * ) PLANE_ANGLE_UNIT ( ) SI_UNIT ( $, .RADIAN. ) );
#5753 = CARTESIAN_POINT ( 'NONE',  ( -1.899999999999982592, 0.2030000000000000970, 1.600000000000018963 ) ) ;
#5754 = LINE ( 'NONE', #3679, #9320 ) ;
#5755 = ADVANCED_FACE ( 'NONE', ( #6696 ), #4318, .F. ) ;
#5756 = DIRECTION ( 'NONE',  ( 0.000000000000000000, 0.000000000000000000, -1.000000000000000000 ) ) ;
#5757 = EDGE_LOOP ( 'NONE', ( #7233, #4451, #3967, #4585 ) ) ;
#5758 = CARTESIAN_POINT ( 'NONE',  ( 1.599999999999999201, 0.6746990566028303604, -1.375000000000000000 ) ) ;
#5759 = VECTOR ( 'NONE', #5020, 1000.000000000000000 ) ;
#5760 = VECTOR ( 'NONE', #724, 1000.000000000000000 ) ;
#5761 = ORIENTED_EDGE ( 'NONE', *, *, #2262, .F. ) ;
#5762 = ORIENTED_EDGE ( 'NONE', *, *, #6254, .F. ) ;
#5763 = EDGE_CURVE ( 'NONE', #2602, #1, #6678, .T. ) ;
#5764 = CARTESIAN_POINT ( 'NONE',  ( 0.000000000000000000, 0.000000000000000000, 1.899999999999999467 ) ) ;
#5765 = LINE ( 'NONE', #3525, #2090 ) ;
#5766 = CARTESIAN_POINT ( 'NONE',  ( 1.729999999999993543, 0.2030000000000000693, -1.750000000000005107 ) ) ;
#5767 = EDGE_CURVE ( 'NONE', #6743, #10398, #3207, .T. ) ;
#5768 = LINE ( 'NONE', #7797, #5805 ) ;
#5769 = ORIENTED_EDGE ( 'NONE', *, *, #10249, .T. ) ;
#5770 = CARTESIAN_POINT ( 'NONE',  ( -1.599999999999998979, 0.000000000000000000, -0.6249999999999998890 ) ) ;
#5771 = DIRECTION ( 'NONE',  ( 0.000000000000000000, 0.000000000000000000, 1.000000000000000000 ) ) ;
#5772 = FACE_OUTER_BOUND ( 'NONE', #4216, .T. ) ;
#5773 = VECTOR ( 'NONE', #10356, 1000.000000000000000 ) ;
#5774 = ADVANCED_FACE ( 'NONE', ( #209 ), #10295, .F. ) ;
#5775 = CARTESIAN_POINT ( 'NONE',  ( 0.000000000000000000, 0.2030000000000000138, 0.000000000000000000 ) ) ;
#5776 = ORIENTED_EDGE ( 'NONE', *, *, #676, .F. ) ;
#5777 = DIRECTION ( 'NONE',  ( 0.000000000000000000, 0.000000000000000000, -1.000000000000000000 ) ) ;
#5778 = ORIENTED_EDGE ( 'NONE', *, *, #2750, .T. ) ;
#5779 = EDGE_CURVE ( 'NONE', #7173, #6724, #3728, .T. ) ;
#5780 = CYLINDRICAL_SURFACE ( 'NONE', #1080, 0.1666666666666667407 ) ;
#5781 = CARTESIAN_POINT ( 'NONE',  ( 1.999999999999999112, 0.2030000000000000970, 1.125000000000000444 ) ) ;
#5782 = DIRECTION ( 'NONE',  ( -1.000000000000000000, 0.000000000000000000, 8.673617379884037444E-16 ) ) ;
#5783 = LINE ( 'NONE', #1351, #9339 ) ;
#5784 = EDGE_CURVE ( 'NONE', #9168, #3311, #7300, .T. ) ;
#5785 = ADVANCED_FACE ( 'NONE', ( #3571 ), #2874, .T. ) ;
#5786 = DIRECTION ( 'NONE',  ( -1.000000000000000000, 0.000000000000000000, -0.000000000000000000 ) ) ;
#5787 = ORIENTED_EDGE ( 'NONE', *, *, #7784, .F. ) ;
#5788 = DIRECTION ( 'NONE',  ( -0.000000000000000000, 1.000000000000000000, -0.000000000000000000 ) ) ;
#5789 = EDGE_CURVE ( 'NONE', #2045, #2829, #3587, .T. ) ;
#5790 = DIRECTION ( 'NONE',  ( 0.000000000000000000, 1.000000000000000000, 0.000000000000000000 ) ) ;
#5791 = CARTESIAN_POINT ( 'NONE',  ( 1.599999999999999201, 0.2030000000000000138, 0.1250000000000001110 ) ) ;
#5792 = VECTOR ( 'NONE', #4835, 1000.000000000000000 ) ;
#5793 = LINE ( 'NONE', #9121, #9328 ) ;
#5794 = EDGE_LOOP ( 'NONE', ( #9442, #8387, #1286, #7147 ) ) ;
#5795 = EDGE_CURVE ( 'NONE', #1079, #6823, #26, .T. ) ;
#5796 = VERTEX_POINT ( 'NONE', #5957 ) ;
#5797 = DIRECTION ( 'NONE',  ( 0.000000000000000000, 0.000000000000000000, -1.000000000000000000 ) ) ;
#5798 = ADVANCED_FACE ( 'NONE', ( #3706 ), #6800, .F. ) ;
#5799 = DIRECTION ( 'NONE',  ( 1.000000000000000000, -0.000000000000000000, -0.000000000000000000 ) ) ;
#5800 = CARTESIAN_POINT ( 'NONE',  ( 1.999999999999999112, 0.000000000000000000, 0.3750000000000001110 ) ) ;
#5801 = EDGE_CURVE ( 'NONE', #4480, #4548, #7, .T. ) ;
#5802 = AXIS2_PLACEMENT_3D ( 'NONE', #6793, #8475, #9238 ) ;
#5803 = CARTESIAN_POINT ( 'NONE',  ( 0.6250000000000005551, 0.2030000000000000138, 1.600000000000001421 ) ) ;
#5804 = LINE ( 'NONE', #6210, #5845 ) ;
#5805 = VECTOR ( 'NONE', #9373, 1000.000000000000000 ) ;
#5806 = ORIENTED_EDGE ( 'NONE', *, *, #1854, .T. ) ;
#5807 = EDGE_CURVE ( 'NONE', #1444, #8946, #79, .T. ) ;
#5808 = CARTESIAN_POINT ( 'NONE',  ( -1.375000000000000000, 0.2030000000000000138, -1.600000000000000977 ) ) ;
#5809 = FACE_OUTER_BOUND ( 'NONE', #3434, .T. ) ;
#5810 = EDGE_CURVE ( 'NONE', #3403, #10022, #7185, .T. ) ;
#5811 = ORIENTED_EDGE ( 'NONE', *, *, #2464, .T. ) ;
#5812 = CARTESIAN_POINT ( 'NONE',  ( -1.899999999999982592, 0.1230000000000000954, 1.600000000000018963 ) ) ;
#5813 = ORIENTED_EDGE ( 'NONE', *, *, #1667, .T. ) ;
#5814 = PLANE ( 'NONE',  #9139 ) ;
#5815 = AXIS2_PLACEMENT_3D ( 'NONE', #3325, #9912, #4436 ) ;
#5816 = VECTOR ( 'NONE', #7549, 1000.000000000000000 ) ;
#5817 = EDGE_CURVE ( 'NONE', #1413, #7682, #7087, .T. ) ;
#5818 = CARTESIAN_POINT ( 'NONE',  ( -1.900000000000016565, 0.1230000000000000954, -1.599999999999978995 ) ) ;
#5819 = CARTESIAN_POINT ( 'NONE',  ( -1.599999999999999201, 0.2030000000000000970, 0.1250000000000001110 ) ) ;
#5820 = VECTOR ( 'NONE', #9743, 1000.000000000000000 ) ;
#5821 = VERTEX_POINT ( 'NONE', #1203 ) ;
#5822 = CARTESIAN_POINT ( 'NONE',  ( -1.599999999999998979, 0.2030000000000000970, 1.375000000000000222 ) ) ;
#5823 = DIRECTION ( 'NONE',  ( 0.000000000000000000, -1.000000000000000000, 0.000000000000000000 ) ) ;
#5824 = VECTOR ( 'NONE', #3854, 1000.000000000000000 ) ;
#5825 = ORIENTED_EDGE ( 'NONE', *, *, #8278, .T. ) ;
#5826 = VERTEX_POINT ( 'NONE', #6033 ) ;
#5827 = PLANE ( 'NONE',  #1959 ) ;
#5828 = AXIS2_PLACEMENT_3D ( 'NONE', #6351, #6426, #8956 ) ;
#5829 = VECTOR ( 'NONE', #9644, 1000.000000000000000 ) ;
#5830 =( GEOMETRIC_REPRESENTATION_CONTEXT ( 3 ) GLOBAL_UNCERTAINTY_ASSIGNED_CONTEXT ( ( #5233 ) ) GLOBAL_UNIT_ASSIGNED_CONTEXT ( ( #7506, #7434, #1733 ) ) REPRESENTATION_CONTEXT ( 'NONE', 'WORKASPACE' ) );
#5831 = PLANE ( 'NONE',  #7186 ) ;
#5832 = FACE_OUTER_BOUND ( 'NONE', #6177, .T. ) ;
#5833 = EDGE_CURVE ( 'NONE', #3507, #540, #7050, .T. ) ;
#5834 = CARTESIAN_POINT ( 'NONE',  ( -1.599999999999999201, 0.2030000000000000970, -0.8749999999999998890 ) ) ;
#5835 = ADVANCED_FACE ( 'NONE', ( #321 ), #7374, .T. ) ;
#5836 = ORIENTED_EDGE ( 'NONE', *, *, #3323, .F. ) ;
#5837 = SURFACE_STYLE_USAGE ( .BOTH. , #1811 ) ;
#5838 = DIRECTION ( 'NONE',  ( 0.000000000000000000, 0.000000000000000000, -1.000000000000000000 ) ) ;
#5839 = VECTOR ( 'NONE', #2633, 1000.000000000000000 ) ;
#5840 = LINE ( 'NONE', #3622, #6140 ) ;
#5841 = CARTESIAN_POINT ( 'NONE',  ( 0.6250000000000001110, 0.6746990566028302494, -1.600000000000000977 ) ) ;
#5842 = ORIENTED_EDGE ( 'NONE', *, *, #8033, .F. ) ;
#5843 = DIRECTION ( 'NONE',  ( 0.000000000000000000, 0.000000000000000000, 1.000000000000000000 ) ) ;
#5844 = VERTEX_POINT ( 'NONE', #6322 ) ;
#5845 = VECTOR ( 'NONE', #7040, 1000.000000000000000 ) ;
#5846 = DIRECTION ( 'NONE',  ( 0.000000000000000000, -1.000000000000000000, 0.000000000000000000 ) ) ;
#5847 = AXIS2_PLACEMENT_3D ( 'NONE', #7014, #357, #1204 ) ;
#5848 = CARTESIAN_POINT ( 'NONE',  ( 0.6250000000000001110, 0.04999999999999999584, -1.600000000000000977 ) ) ;
#5849 = LINE ( 'NONE', #3167, #2443 ) ;
#5850 = CARTESIAN_POINT ( 'NONE',  ( -1.999999999999999112, 0.000000000000000000, 0.6250000000000003331 ) ) ;
#5851 = ORIENTED_EDGE ( 'NONE', *, *, #8243, .T. ) ;
#5852 = CARTESIAN_POINT ( 'NONE',  ( 1.149999999999999911, 0.2030000000000000693, 1.149999999999999911 ) ) ;
#5853 = EDGE_CURVE ( 'NONE', #9679, #4560, #3763, .T. ) ;
#5854 = AXIS2_PLACEMENT_3D ( 'NONE', #6776, #4154, #3518 ) ;
#5855 = DIRECTION ( 'NONE',  ( -1.084202172485504681E-16, 0.000000000000000000, -1.000000000000000000 ) ) ;
#5856 = VECTOR ( 'NONE', #9385, 1000.000000000000000 ) ;
#5857 = ADVANCED_FACE ( 'NONE', ( #171 ), #3972, .F. ) ;
#5858 = UNCERTAINTY_MEASURE_WITH_UNIT (LENGTH_MEASURE( 1.000000000000000082E-05 ), #6304, 'distance_accuracy_value', 'NONE');
#5859 = DIRECTION ( 'NONE',  ( -1.000000000000000000, 0.000000000000000000, 0.000000000000000000 ) ) ;
#5860 = ORIENTED_EDGE ( 'NONE', *, *, #7813, .T. ) ;
#5861 = DIRECTION ( 'NONE',  ( -1.000000000000000000, 0.000000000000000000, -1.734723475976807587E-16 ) ) ;
#5862 = ORIENTED_EDGE ( 'NONE', *, *, #6657, .T. ) ;
#5863 = FACE_OUTER_BOUND ( 'NONE', #3454, .T. ) ;
#5864 = DIRECTION ( 'NONE',  ( 0.000000000000000000, 0.000000000000000000, 1.000000000000000000 ) ) ;
#5865 = CARTESIAN_POINT ( 'NONE',  ( -1.125000000000000000, 0.6746990566028302494, -2.000000000000000888 ) ) ;
#5866 = DIRECTION ( 'NONE',  ( 0.000000000000000000, 0.000000000000000000, -1.000000000000000000 ) ) ;
#5867 = FACE_OUTER_BOUND ( 'NONE', #5972, .T. ) ;
#5868 = VECTOR ( 'NONE', #2806, 1000.000000000000000 ) ;
#5869 = VERTEX_POINT ( 'NONE', #8152 ) ;
#5870 = AXIS2_PLACEMENT_3D ( 'NONE', #7847, #9420, #10276 ) ;
#5871 = VERTEX_POINT ( 'NONE', #7942 ) ;
#5872 =( GEOMETRIC_REPRESENTATION_CONTEXT ( 3 ) GLOBAL_UNCERTAINTY_ASSIGNED_CONTEXT ( ( #8292 ) ) GLOBAL_UNIT_ASSIGNED_CONTEXT ( ( #3651, #10401, #9479 ) ) REPRESENTATION_CONTEXT ( 'NONE', 'WORKASPACE' ) );
#5873 = PLANE ( 'NONE',  #5367 ) ;
#5874 = EDGE_CURVE ( 'NONE', #882, #10514, #358, .T. ) ;
#5875 = VECTOR ( 'NONE', #2068, 1000.000000000000000 ) ;
#5876 = VERTEX_POINT ( 'NONE', #8856 ) ;
#5877 = CARTESIAN_POINT ( 'NONE',  ( 1.599999999999999201, 0.6746990566028303604, -0.3749999999999998890 ) ) ;
#5878 = VERTEX_POINT ( 'NONE', #3893 ) ;
#5879 = VECTOR ( 'NONE', #9560, 1000.000000000000000 ) ;
#5880 = CARTESIAN_POINT ( 'NONE',  ( -1.900000000000017675, 0.2030000000000000693, -1.749999999999978906 ) ) ;
#5881 = CARTESIAN_POINT ( 'NONE',  ( 1.599999999999998979, 0.6746990566028303604, -0.1249999999999998890 ) ) ;
#5882 = ADVANCED_FACE ( 'NONE', ( #47 ), #3823, .T. ) ;
#5883 = VECTOR ( 'NONE', #7699, 1000.000000000000000 ) ;
#5884 = PLANE ( 'NONE',  #1338 ) ;
#5885 = CARTESIAN_POINT ( 'NONE',  ( 1.999999999999999112, 0.2030000000000000138, 0.8750000000000001110 ) ) ;
#5886 = CARTESIAN_POINT ( 'NONE',  ( 0.3750000000000005551, 0.000000000000000000, 1.600000000000001421 ) ) ;
#5887 = VECTOR ( 'NONE', #5430, 1000.000000000000000 ) ;
#5888 = EDGE_LOOP ( 'NONE', ( #8576, #2573, #9340, #8106 ) ) ;
#5889 = VERTEX_POINT ( 'NONE', #9 ) ;
#5890 = DIRECTION ( 'NONE',  ( -1.000000000000000000, 0.000000000000000000, 1.084202172485504434E-16 ) ) ;
#5891 = PLANE ( 'NONE',  #9162 ) ;
#5892 = EDGE_CURVE ( 'NONE', #9779, #1215, #7031, .T. ) ;
#5893 = LINE ( 'NONE', #100, #5968 ) ;
#5894 = EDGE_CURVE ( 'NONE', #5869, #7210, #285, .T. ) ;
#5895 = VERTEX_POINT ( 'NONE', #3165 ) ;
#5896 = PLANE ( 'NONE',  #10170 ) ;
#5897 = VERTEX_POINT ( 'NONE', #1479 ) ;
#5898 = FACE_OUTER_BOUND ( 'NONE', #10233, .T. ) ;
#5899 = CARTESIAN_POINT ( 'NONE',  ( -2.000000000000017764, 0.1230000000000000676, -1.749999999999978018 ) ) ;
#5900 = VECTOR ( 'NONE', #1255, 1000.000000000000000 ) ;
#5901 = VECTOR ( 'NONE', #2029, 1000.000000000000000 ) ;
#5902 = DIRECTION ( 'NONE',  ( 1.000000000000000000, 0.000000000000000000, 0.000000000000000000 ) ) ;
#5903 = ORIENTED_EDGE ( 'NONE', *, *, #4702, .F. ) ;
#5904 = ORIENTED_EDGE ( 'NONE', *, *, #9369, .F. ) ;
#5905 = DIRECTION ( 'NONE',  ( 1.000000000000000000, 0.000000000000000000, -3.491481338843133355E-15 ) ) ;
#5906 = PLANE ( 'NONE',  #9179 ) ;
#5908 = DIRECTION ( 'NONE',  ( 1.000000000000000000, -0.000000000000000000, 0.000000000000000000 ) ) ;
#5907 = VECTOR ( 'NONE', #6090, 1000.000000000000000 ) ;
#5909 = VECTOR ( 'NONE', #6843, 1000.000000000000000 ) ;
#5910 = CARTESIAN_POINT ( 'NONE',  ( -1.125000000000000000, 0.2030000000000000138, -2.000000000000000888 ) ) ;
#5911 = CARTESIAN_POINT ( 'NONE',  ( 1.999999999999999112, 0.6746990566028303604, -0.1249999999999998890 ) ) ;
#5912 = ORIENTED_EDGE ( 'NONE', *, *, #10546, .T. ) ;
#5913 = CARTESIAN_POINT ( 'NONE',  ( -0.8749999999999994449, 0.2030000000000000138, 1.600000000000001421 ) ) ;
#5914 = VERTEX_POINT ( 'NONE', #1549 ) ;
#5915 = EDGE_CURVE ( 'NONE', #9687, #8884, #7255, .T. ) ;
#5916 = MANIFOLD_SOLID_BREP ( 'LPattern3[10]', #372 ) ;
#5917 = VECTOR ( 'NONE', #7477, 1000.000000000000000 ) ;
#5918 = EDGE_CURVE ( 'NONE', #238, #6896, #7100, .T. ) ;
#5919 = DIRECTION ( 'NONE',  ( -8.673617379884035472E-16, -0.000000000000000000, 1.000000000000000000 ) ) ;
#5920 = VECTOR ( 'NONE', #2095, 1000.000000000000000 ) ;
#5921 = ADVANCED_FACE ( 'NONE', ( #3819 ), #2376, .F. ) ;
#5922 = DIRECTION ( 'NONE',  ( -1.000000000000000000, 0.000000000000000000, 0.000000000000000000 ) ) ;
#5923 = EDGE_LOOP ( 'NONE', ( #7908, #527, #4659, #954 ) ) ;
#5924 = EDGE_CURVE ( 'NONE', #1215, #6078, #7337, .T. ) ;
#5925 = ORIENTED_EDGE ( 'NONE', *, *, #676, .T. ) ;
#5926 = SURFACE_SIDE_STYLE ('',( #7650 ) ) ;
#5927 = DIRECTION ( 'NONE',  ( 0.000000000000000000, -0.000000000000000000, 1.000000000000000000 ) ) ;
#5928 = DIRECTION ( 'NONE',  ( -1.000000000000000000, 1.807003620809174632E-16, 0.000000000000000000 ) ) ;
#5929 = EDGE_CURVE ( 'NONE', #4115, #3995, #3654, .T. ) ;
#5930 = DIRECTION ( 'NONE',  ( -0.000000000000000000, -1.000000000000000000, -0.000000000000000000 ) ) ;
#5931 = AXIS2_PLACEMENT_3D ( 'NONE', #301, #1927, #3489 ) ;
#5932 = LINE ( 'NONE', #6784, #9409 ) ;
#5933 = VECTOR ( 'NONE', #6769, 1000.000000000000000 ) ;
#5934 = DIRECTION ( 'NONE',  ( 0.000000000000000000, -1.000000000000000000, 0.000000000000000000 ) ) ;
#5935 = EDGE_LOOP ( 'NONE', ( #1077, #8101, #4364, #4431 ) ) ;
#5936 = ORIENTED_EDGE ( 'NONE', *, *, #9166, .T. ) ;
#5937 = FACE_BOUND ( 'NONE', #4079, .T. ) ;
#5938 = AXIS2_PLACEMENT_3D ( 'NONE', #69, #3812, #644 ) ;
#5939 = CARTESIAN_POINT ( 'NONE',  ( -1.999999999999999112, 0.000000000000000000, 1.375000000000000222 ) ) ;
#5940 = CARTESIAN_POINT ( 'NONE',  ( -0.1249999999999994588, 0.6746990566028302494, 1.600000000000001421 ) ) ;
#5941 =( LENGTH_UNIT ( ) NAMED_UNIT ( * ) SI_UNIT ( .MILLI., .METRE. ) );
#5942 = AXIS2_PLACEMENT_3D ( 'NONE', #29, #6555, #8391 ) ;
#5943 = CARTESIAN_POINT ( 'NONE',  ( 1.999999999999994005, 0.2030000000000000970, -1.600000000000005862 ) ) ;
#5944 = VECTOR ( 'NONE', #2505, 1000.000000000000000 ) ;
#5945 = LINE ( 'NONE', #9241, #2688 ) ;
#5946 = VERTEX_POINT ( 'NONE', #940 ) ;
#5947 = ORIENTED_EDGE ( 'NONE', *, *, #4599, .F. ) ;
#5948 = AXIS2_PLACEMENT_3D ( 'NONE', #5316, #2897, #8505 ) ;
#5949 = PLANE ( 'NONE',  #5802 ) ;
#5950 = DIRECTION ( 'NONE',  ( -0.000000000000000000, -1.000000000000000000, -0.000000000000000000 ) ) ;
#5951 = VECTOR ( 'NONE', #4610, 1000.000000000000000 ) ;
#5952 = ADVANCED_FACE ( 'NONE', ( #7143 ), #9509, .F. ) ;
#5953 = EDGE_CURVE ( 'NONE', #5646, #2727, #341, .T. ) ;
#5954 = ORIENTED_EDGE ( 'NONE', *, *, #1866, .F. ) ;
#5955 = ORIENTED_EDGE ( 'NONE', *, *, #2886, .T. ) ;
#5956 = VECTOR ( 'NONE', #6580, 1000.000000000000000 ) ;
#5957 = CARTESIAN_POINT ( 'NONE',  ( 0.6250000000000005551, 0.000000000000000000, 2.000000000000000888 ) ) ;
#5958 = PLANE ( 'NONE',  #5847 ) ;
#5959 = CIRCLE ( 'NONE', #9791, 0.1666666666666667407 ) ;
#5960 = CARTESIAN_POINT ( 'NONE',  ( 2.000000000000000888, 0.05000000000000000278, 1.999999999999999112 ) ) ;
#5961 = CARTESIAN_POINT ( 'NONE',  ( -1.599999999999998979, 0.000000000000000000, -0.6249999999999998890 ) ) ;
#5962 = DIRECTION ( 'NONE',  ( 1.000000000000000000, -0.000000000000000000, -3.491481338843133355E-15 ) ) ;
#5963 = VECTOR ( 'NONE', #9370, 1000.000000000000000 ) ;
#5964 = ORIENTED_EDGE ( 'NONE', *, *, #7240, .T. ) ;
#5965 = ORIENTED_EDGE ( 'NONE', *, *, #4352, .F. ) ;
#5966 = DIRECTION ( 'NONE',  ( -1.000000000000000000, 3.614007241618349757E-16, 0.000000000000000000 ) ) ;
#5967 = CARTESIAN_POINT ( 'NONE',  ( -1.599999999999998979, 0.2030000000000000138, -0.6249999999999998890 ) ) ;
#5968 = VECTOR ( 'NONE', #9902, 1000.000000000000000 ) ;
#5969 = AXIS2_PLACEMENT_3D ( 'NONE', #2480, #3328, #8333 ) ;
#5970 = ORIENTED_EDGE ( 'NONE', *, *, #5291, .T. ) ;
#5971 = DIRECTION ( 'NONE',  ( 0.000000000000000000, -1.000000000000000000, 0.000000000000000000 ) ) ;
#5972 = EDGE_LOOP ( 'NONE', ( #7426, #3982, #566, #593 ) ) ;
#5973 = LINE ( 'NONE', #5808, #5995 ) ;
#5974 = EDGE_CURVE ( 'NONE', #7132, #5897, #7378, .T. ) ;
#5975 = ADVANCED_FACE ( 'NONE', ( #3553 ), #8302, .F. ) ;
#5976 = CARTESIAN_POINT ( 'NONE',  ( 0.1250000000000005551, 0.2030000000000000138, 1.600000000000001421 ) ) ;
#5977 = FACE_OUTER_BOUND ( 'NONE', #6852, .T. ) ;
#5978 = CARTESIAN_POINT ( 'NONE',  ( 1.375000000000000222, 0.2030000000000000138, -1.600000000000000977 ) ) ;
#5979 = VECTOR ( 'NONE', #10230, 1000.000000000000000 ) ;
#5980 = CARTESIAN_POINT ( 'NONE',  ( 2.000000000000000888, 0.8000000000000020428, -2.000000000000000888 ) ) ;
#5981 = ORIENTED_EDGE ( 'NONE', *, *, #1518, .T. ) ;
#5982 = ORIENTED_EDGE ( 'NONE', *, *, #3650, .F. ) ;
#5983 = FILL_AREA_STYLE_COLOUR ( '', #2615 ) ;
#5984 = LINE ( 'NONE', #4342, #6133 ) ;
#5985 = DIRECTION ( 'NONE',  ( 1.261823884255441284E-30, 1.000000000000000000, 3.614007241618349264E-16 ) ) ;
#5986 = CARTESIAN_POINT ( 'NONE',  ( -1.124999999999999556, 0.2030000000000000138, 2.000000000000000888 ) ) ;
#5988 = DIRECTION ( 'NONE',  ( 0.000000000000000000, -1.000000000000000000, 0.000000000000000000 ) ) ;
#5987 = VECTOR ( 'NONE', #8110, 1000.000000000000000 ) ;
#5989 = LINE ( 'NONE', #6486, #5875 ) ;
#5990 = DIRECTION ( 'NONE',  ( -1.000000000000000000, 0.000000000000000000, -0.000000000000000000 ) ) ;
#5991 = VERTEX_POINT ( 'NONE', #10102 ) ;
#5992 = DIRECTION ( 'NONE',  ( 0.000000000000000000, -0.000000000000000000, -1.000000000000000000 ) ) ;
#5993 = AXIS2_PLACEMENT_3D ( 'NONE', #8310, #738, #6474 ) ;
#5994 = ORIENTED_EDGE ( 'NONE', *, *, #4249, .T. ) ;
#5995 = VECTOR ( 'NONE', #56, 1000.000000000000000 ) ;
#5996 = EDGE_CURVE ( 'NONE', #7132, #1740, #7071, .T. ) ;
#5997 = VECTOR ( 'NONE', #10547, 1000.000000000000000 ) ;
#5998 = DIRECTION ( 'NONE',  ( -0.000000000000000000, 0.000000000000000000, 1.000000000000000000 ) ) ;
#5999 = UNCERTAINTY_MEASURE_WITH_UNIT (LENGTH_MEASURE( 1.000000000000000082E-05 ), #5313, 'distance_accuracy_value', 'NONE');
#6000 = LINE ( 'NONE', #9307, #9526 ) ;
#6001 = DIRECTION ( 'NONE',  ( 8.673617379884037444E-16, 0.000000000000000000, 1.000000000000000000 ) ) ;
#6002 = ORIENTED_EDGE ( 'NONE', *, *, #1039, .T. ) ;
#6003 = ORIENTED_EDGE ( 'NONE', *, *, #7211, .T. ) ;
#6004 = CARTESIAN_POINT ( 'NONE',  ( -1.999999999999999112, 0.2030000000000000138, 0.6250000000000003331 ) ) ;
#6005 = VECTOR ( 'NONE', #6208, 1000.000000000000000 ) ;
#6006 = DIRECTION ( 'NONE',  ( 0.000000000000000000, -1.000000000000000000, 0.000000000000000000 ) ) ;
#6007 = CARTESIAN_POINT ( 'NONE',  ( -1.599999999999999201, 0.000000000000000000, 0.1250000000000001110 ) ) ;
#6008 = CARTESIAN_POINT ( 'NONE',  ( -1.599999999999998979, 0.2030000000000000970, 1.899999999999999467 ) ) ;
#6009 = FACE_OUTER_BOUND ( 'NONE', #1289, .T. ) ;
#6010 = FACE_OUTER_BOUND ( 'NONE', #4602, .T. ) ;
#6011 = DIRECTION ( 'NONE',  ( -1.000000000000000000, 0.000000000000000000, 0.000000000000000000 ) ) ;
#6012 = ORIENTED_EDGE ( 'NONE', *, *, #8515, .F. ) ;
#6013 = VERTEX_POINT ( 'NONE', #454 ) ;
#6014 = VECTOR ( 'NONE', #3137, 1000.000000000000000 ) ;
#6015 = PLANE ( 'NONE',  #3696 ) ;
#6016 = EDGE_CURVE ( 'NONE', #3942, #4414, #3636, .T. ) ;
#6017 = DIRECTION ( 'NONE',  ( -1.000000000000000000, 0.000000000000000000, 5.421010862427524142E-16 ) ) ;
#6018 =( LENGTH_UNIT ( ) NAMED_UNIT ( * ) SI_UNIT ( .MILLI., .METRE. ) );
#6019 = LINE ( 'NONE', #5818, #2441 ) ;
#6020 = EDGE_CURVE ( 'NONE', #6976, #229, #7413, .T. ) ;
#6021 = FACE_OUTER_BOUND ( 'NONE', #3409, .T. ) ;
#6022 = ADVANCED_FACE ( 'NONE', ( #497 ), #1014, .F. ) ;
#6023 = ORIENTED_EDGE ( 'NONE', *, *, #1447, .F. ) ;
#6024 = ORIENTED_EDGE ( 'NONE', *, *, #10133, .F. ) ;
#6025 = FACE_OUTER_BOUND ( 'NONE', #6644, .T. ) ;
#6026 = CARTESIAN_POINT ( 'NONE',  ( 1.599999999999998979, 0.05000000000000000278, 1.387778780781445084E-15 ) ) ;
#6027 = ORIENTED_EDGE ( 'NONE', *, *, #7548, .T. ) ;
#6028 = FACE_OUTER_BOUND ( 'NONE', #2621, .T. ) ;
#6029 = FACE_OUTER_BOUND ( 'NONE', #7482, .T. ) ;
#6030 = VERTEX_POINT ( 'NONE', #5244 ) ;
#6031 = ORIENTED_EDGE ( 'NONE', *, *, #9092, .T. ) ;
#6032 = LINE ( 'NONE', #1393, #6233 ) ;
#6033 = CARTESIAN_POINT ( 'NONE',  ( -1.374999999999999556, 0.000000000000000000, 1.600000000000001421 ) ) ;
#6034 = EDGE_CURVE ( 'NONE', #3169, #1711, #515, .T. ) ;
#6035 = VECTOR ( 'NONE', #4112, 1000.000000000000000 ) ;
#6036 = CARTESIAN_POINT ( 'NONE',  ( -1.375000000000000000, 0.05000000000000000278, 0.000000000000000000 ) ) ;
#6037 = VECTOR ( 'NONE', #1778, 1000.000000000000000 ) ;
#6038 = EDGE_CURVE ( 'NONE', #4396, #2896, #7667, .T. ) ;
#6039 = EDGE_LOOP ( 'NONE', ( #6837, #6478, #3754, #34, #6619, #3683, #7678, #10036 ) ) ;
#6040 = ORIENTED_EDGE ( 'NONE', *, *, #4599, .T. ) ;
#6041 = VECTOR ( 'NONE', #4688, 1000.000000000000000 ) ;
#6042 = CARTESIAN_POINT ( 'NONE',  ( -1.900000000000017675, 0.2030000000000000693, -1.749999999999978906 ) ) ;
#6043 = ORIENTED_EDGE ( 'NONE', *, *, #5133, .F. ) ;
#6044 = LINE ( 'NONE', #3422, #6118 ) ;
#6045 = ADVANCED_FACE ( 'NONE', ( #7558 ), #5831, .T. ) ;
#6046 = ORIENTED_EDGE ( 'NONE', *, *, #8291, .T. ) ;
#6047 = DIRECTION ( 'NONE',  ( 1.000000000000000000, 0.000000000000000000, 5.421010862427524142E-16 ) ) ;
#6048 = ORIENTED_EDGE ( 'NONE', *, *, #875, .F. ) ;
#6049 = VECTOR ( 'NONE', #5720, 1000.000000000000000 ) ;
#6050 = CARTESIAN_POINT ( 'NONE',  ( 1.599999999999998979, 0.1230000000000000954, -1.999999999999999556 ) ) ;
#6051 = LINE ( 'NONE', #9106, #6106 ) ;
#6052 = VECTOR ( 'NONE', #10077, 1000.000000000000000 ) ;
#6053 = CARTESIAN_POINT ( 'NONE',  ( 0.6250000000000001110, 0.2030000000000000138, -1.600000000000000977 ) ) ;
#6054 = VERTEX_POINT ( 'NONE', #7515 ) ;
#6055 = ORIENTED_EDGE ( 'NONE', *, *, #621, .F. ) ;
#6056 = CARTESIAN_POINT ( 'NONE',  ( -1.599999999999998979, 0.000000000000000000, -0.6249999999999998890 ) ) ;
#6057 = EDGE_CURVE ( 'NONE', #73, #5172, #434, .T. ) ;
#6058 = CARTESIAN_POINT ( 'NONE',  ( 0.000000000000000000, 0.05000000000000000278, -1.600000000000000977 ) ) ;
#6059 = EDGE_LOOP ( 'NONE', ( #662, #1874, #10326, #4536 ) ) ;
#6060 = PLANE ( 'NONE',  #3320 ) ;
#6061 = CARTESIAN_POINT ( 'NONE',  ( 2.000000000000000888, 0.05000000000000000278, 1.999999999999999112 ) ) ;
#6062 = LINE ( 'NONE', #5136, #5909 ) ;
#6063 = DIRECTION ( 'NONE',  ( -1.000000000000000000, 0.000000000000000000, -5.421010862427524142E-16 ) ) ;
#6064 = CARTESIAN_POINT ( 'NONE',  ( 1.729999999999993987, 0.2030000000000000970, -1.600000000000004974 ) ) ;
#6065 = DIRECTION ( 'NONE',  ( -0.000000000000000000, 1.000000000000000000, -0.000000000000000000 ) ) ;
#6066 = EDGE_CURVE ( 'NONE', #9852, #2217, #4085, .T. ) ;
#6067 = ORIENTED_EDGE ( 'NONE', *, *, #4168, .F. ) ;
#6068 = ORIENTED_EDGE ( 'NONE', *, *, #7155, .F. ) ;
#6069 = VECTOR ( 'NONE', #1524, 1000.000000000000000 ) ;
#6070 = AXIS2_PLACEMENT_3D ( 'NONE', #1515, #5391, #8959 ) ;
#6071 = ADVANCED_FACE ( 'NONE', ( #7519 ), #2754, .T. ) ;
#6072 = VECTOR ( 'NONE', #6519, 1000.000000000000000 ) ;
#6073 = EDGE_CURVE ( 'NONE', #1187, #2446, #7688, .T. ) ;
#6074 = CARTESIAN_POINT ( 'NONE',  ( -1.999999999999999112, 0.2030000000000000138, 0.1250000000000003331 ) ) ;
#6075 = LINE ( 'NONE', #6582, #2591 ) ;
#6076 = SURFACE_STYLE_USAGE ( .BOTH. , #6362 ) ;
#6077 = ORIENTED_EDGE ( 'NONE', *, *, #10264, .F. ) ;
#6078 = VERTEX_POINT ( 'NONE', #1153 ) ;
#6079 = CARTESIAN_POINT ( 'NONE',  ( 1.599999999999998979, 0.6746990566028303604, 0.8750000000000001110 ) ) ;
#6080 = LINE ( 'NONE', #7244, #2807 ) ;
#6081 = ORIENTED_EDGE ( 'NONE', *, *, #8536, .T. ) ;
#6082 = DIRECTION ( 'NONE',  ( -1.000000000000000000, 0.000000000000000000, -0.000000000000000000 ) ) ;
#6083 = AXIS2_PLACEMENT_3D ( 'NONE', #1319, #2912, #2150 ) ;
#6084 = FACE_OUTER_BOUND ( 'NONE', #8683, .T. ) ;
#6085 = CYLINDRICAL_SURFACE ( 'NONE', #1681, 0.1000000000000000472 ) ;
#6086 = VERTEX_POINT ( 'NONE', #4272 ) ;
#6087 = VERTEX_POINT ( 'NONE', #5055 ) ;
#6088 = VECTOR ( 'NONE', #3066, 1000.000000000000000 ) ;
#6089 = DIRECTION ( 'NONE',  ( 0.000000000000000000, -1.000000000000000000, 0.000000000000000000 ) ) ;
#6090 = DIRECTION ( 'NONE',  ( -0.000000000000000000, -1.000000000000000000, -0.000000000000000000 ) ) ;
#6091 = CARTESIAN_POINT ( 'NONE',  ( 0.6250000000000001110, 0.6746990566028302494, -1.600000000000000977 ) ) ;
#6092 = CARTESIAN_POINT ( 'NONE',  ( -1.599999999999998979, 0.2030000000000000970, 1.899999999999999467 ) ) ;
#6093 =( GEOMETRIC_REPRESENTATION_CONTEXT ( 3 ) GLOBAL_UNCERTAINTY_ASSIGNED_CONTEXT ( ( #5858 ) ) GLOBAL_UNIT_ASSIGNED_CONTEXT ( ( #6304, #1464, #10482 ) ) REPRESENTATION_CONTEXT ( 'NONE', 'WORKASPACE' ) );
#6094 = EDGE_CURVE ( 'NONE', #5796, #8316, #3890, .T. ) ;
#6095 = ORIENTED_EDGE ( 'NONE', *, *, #5640, .F. ) ;
#6096 = ORIENTED_EDGE ( 'NONE', *, *, #4823, .F. ) ;
#6097 = AXIS2_PLACEMENT_3D ( 'NONE', #7652, #368, #2883 ) ;
#6098 = CARTESIAN_POINT ( 'NONE',  ( -1.599999999999998979, 0.1230000000000000954, -1.899999999999999467 ) ) ;
#6099 = ORIENTED_EDGE ( 'NONE', *, *, #8308, .F. ) ;
#6100 = DIRECTION ( 'NONE',  ( 1.000000000000000000, 0.000000000000000000, 8.673617379884037444E-16 ) ) ;
#6101 = VECTOR ( 'NONE', #1367, 1000.000000000000000 ) ;
#6102 = ORIENTED_EDGE ( 'NONE', *, *, #201, .T. ) ;
#6103 = EDGE_LOOP ( 'NONE', ( #7204, #7121, #5558, #9600 ) ) ;
#6104 = DIRECTION ( 'NONE',  ( 0.000000000000000000, 0.000000000000000000, -1.000000000000000000 ) ) ;
#6105 = CARTESIAN_POINT ( 'NONE',  ( -1.124999999999999556, 0.000000000000000000, 1.600000000000001421 ) ) ;
#6106 = VECTOR ( 'NONE', #9936, 1000.000000000000000 ) ;
#6107 = CARTESIAN_POINT ( 'NONE',  ( 0.000000000000000000, 0.2030000000000000138, 0.000000000000000000 ) ) ;
#6108 = AXIS2_PLACEMENT_3D ( 'NONE', #8258, #9770, #8187 ) ;
#6109 = FACE_OUTER_BOUND ( 'NONE', #9441, .T. ) ;
#6110 = ADVANCED_FACE ( 'NONE', ( #3946 ), #228, .T. ) ;
#6111 = ORIENTED_EDGE ( 'NONE', *, *, #2274, .F. ) ;
#6112 = ORIENTED_EDGE ( 'NONE', *, *, #1573, .F. ) ;
#6113 = EDGE_CURVE ( 'NONE', #1187, #1297, #7786, .T. ) ;
#6114 = LINE ( 'NONE', #5185, #2653 ) ;
#6115 = CARTESIAN_POINT ( 'NONE',  ( -0.1249999999999994588, 0.6746990566028302494, 1.600000000000001421 ) ) ;
#6116 = CLOSED_SHELL ( 'NONE', ( #6022, #4424, #7140, #1887, #3803, #9228 ) ) ;
#6117 = LINE ( 'NONE', #8891, #9393 ) ;
#6118 = VECTOR ( 'NONE', #8174, 1000.000000000000000 ) ;
#6119 = AXIS2_PLACEMENT_3D ( 'NONE', #9650, #1601, #5620 ) ;
#6120 = VERTEX_POINT ( 'NONE', #6749 ) ;
#6121 = DIRECTION ( 'NONE',  ( 1.000000000000000000, -0.000000000000000000, 0.000000000000000000 ) ) ;
#6122 = ORIENTED_EDGE ( 'NONE', *, *, #1870, .F. ) ;
#6123 = VECTOR ( 'NONE', #9098, 1000.000000000000000 ) ;
#6124 = DIRECTION ( 'NONE',  ( 1.000000000000000000, -0.000000000000000000, -3.491481338843133355E-15 ) ) ;
#6125 = COLOUR_RGB ( '',1.000000000000000000, 1.000000000000000000, 1.000000000000000000 ) ;
#6126 = DIRECTION ( 'NONE',  ( 1.000000000000000000, 0.000000000000000000, -0.000000000000000000 ) ) ;
#6127 = LINE ( 'NONE', #7417, #2626 ) ;
#6128 =( NAMED_UNIT ( * ) PLANE_ANGLE_UNIT ( ) SI_UNIT ( $, .RADIAN. ) );
#6129 = VERTEX_POINT ( 'NONE', #4405 ) ;
#6130 = AXIS2_PLACEMENT_3D ( 'NONE', #2006, #4556, #308 ) ;
#6131 = ORIENTED_EDGE ( 'NONE', *, *, #4571, .T. ) ;
#6132 = CARTESIAN_POINT ( 'NONE',  ( 0.000000000000000000, 0.2030000000000000138, 0.000000000000000000 ) ) ;
#6133 = VECTOR ( 'NONE', #5121, 1000.000000000000000 ) ;
#6135 = ORIENTED_EDGE ( 'NONE', *, *, #1560, .T. ) ;
#6134 = DIRECTION ( 'NONE',  ( 8.673617379884037444E-16, -0.000000000000000000, 1.000000000000000000 ) ) ;
#6136 = EDGE_CURVE ( 'NONE', #6030, #3103, #660, .T. ) ;
#6137 = DIRECTION ( 'NONE',  ( 0.000000000000000000, 0.000000000000000000, -1.000000000000000000 ) ) ;
#6139 = DIRECTION ( 'NONE',  ( 0.000000000000000000, 0.000000000000000000, -1.000000000000000000 ) ) ;
#6138 = VECTOR ( 'NONE', #4986, 1000.000000000000000 ) ;
#6140 = VECTOR ( 'NONE', #4475, 1000.000000000000000 ) ;
#6141 = ADVANCED_FACE ( 'NONE', ( #4022 ), #2130, .T. ) ;
#6142 = PLANE ( 'NONE',  #6885 ) ;
#6143 = CARTESIAN_POINT ( 'NONE',  ( -0.3749999999999994449, 0.2030000000000000138, 1.600000000000001421 ) ) ;
#6144 = ORIENTED_EDGE ( 'NONE', *, *, #3377, .T. ) ;
#6145 = CARTESIAN_POINT ( 'NONE',  ( 1.125000000000000222, 0.2030000000000000138, -2.000000000000000888 ) ) ;
#6146 = UNCERTAINTY_MEASURE_WITH_UNIT (LENGTH_MEASURE( 1.000000000000000082E-05 ), #3899, 'distance_accuracy_value', 'NONE');
#6147 = ORIENTED_EDGE ( 'NONE', *, *, #7103, .F. ) ;
#6148 = LINE ( 'NONE', #3865, #2680 ) ;
#6149 = VECTOR ( 'NONE', #8610, 1000.000000000000000 ) ;
#6150 = CARTESIAN_POINT ( 'NONE',  ( -0.1249999999999998890, 0.2030000000000000138, -2.000000000000000888 ) ) ;
#6151 = VECTOR ( 'NONE', #1247, 1000.000000000000000 ) ;
#6152 = CARTESIAN_POINT ( 'NONE',  ( 1.149999999999999911, 0.2030000000000000693, 1.250000000000000222 ) ) ;
#6153 = CLOSED_SHELL ( 'NONE', ( #21, #10075, #5975, #5696, #7897, #2854 ) ) ;
#6154 = ORIENTED_EDGE ( 'NONE', *, *, #3312, .T. ) ;
#6155 = LINE ( 'NONE', #2760, #9730 ) ;
#6156 = EDGE_CURVE ( 'NONE', #6013, #6660, #7596, .T. ) ;
#6157 = SURFACE_STYLE_USAGE ( .BOTH. , #2994 ) ;
#6158 = EDGE_LOOP ( 'NONE', ( #7422, #3542, #2577, #3269 ) ) ;
#6159 = CARTESIAN_POINT ( 'NONE',  ( -1.599999999999999201, 0.6746990566028303604, -0.3749999999999998890 ) ) ;
#6160 =( GEOMETRIC_REPRESENTATION_CONTEXT ( 3 ) GLOBAL_UNCERTAINTY_ASSIGNED_CONTEXT ( ( #10330 ) ) GLOBAL_UNIT_ASSIGNED_CONTEXT ( ( #33, #8947, #2703 ) ) REPRESENTATION_CONTEXT ( 'NONE', 'WORKASPACE' ) );
#6161 = CARTESIAN_POINT ( 'NONE',  ( -1.729999999999981108, 0.2030000000000000693, 1.750000000000017097 ) ) ;
#6162 = FACE_OUTER_BOUND ( 'NONE', #6622, .T. ) ;
#6163 = VECTOR ( 'NONE', #3383, 1000.000000000000000 ) ;
#6164 = EDGE_CURVE ( 'NONE', #8401, #2829, #4045, .T. ) ;
#6165 = ORIENTED_EDGE ( 'NONE', *, *, #4963, .F. ) ;
#6166 = ORIENTED_EDGE ( 'NONE', *, *, #10234, .T. ) ;
#6167 = VECTOR ( 'NONE', #1104, 1000.000000000000000 ) ;
#6168 = PLANE ( 'NONE',  #6613 ) ;
#6169 = ADVANCED_FACE ( 'NONE', ( #4064 ), #6962, .T. ) ;
#6170 = DIRECTION ( 'NONE',  ( 0.000000000000000000, -1.000000000000000000, 0.000000000000000000 ) ) ;
#6171 = DIRECTION ( 'NONE',  ( -0.000000000000000000, 0.000000000000000000, -1.000000000000000000 ) ) ;
#6172 = CARTESIAN_POINT ( 'NONE',  ( -0.1249999999999998890, 0.2030000000000000138, -2.000000000000000888 ) ) ;
#6173 = FACE_OUTER_BOUND ( 'NONE', #4679, .T. ) ;
#6174 = FACE_OUTER_BOUND ( 'NONE', #974, .T. ) ;
#6175 = ORIENTED_EDGE ( 'NONE', *, *, #4719, .F. ) ;
#6176 = ORIENTED_EDGE ( 'NONE', *, *, #420, .T. ) ;
#6177 = EDGE_LOOP ( 'NONE', ( #110, #6447, #3688, #7794 ) ) ;
#6178 = EDGE_CURVE ( 'NONE', #9734, #2584, #3907, .T. ) ;
#6179 = VERTEX_POINT ( 'NONE', #3915 ) ;
#6180 = DIRECTION ( 'NONE',  ( -8.673617379884037444E-16, 0.000000000000000000, 1.000000000000000000 ) ) ;
#6181 = ORIENTED_EDGE ( 'NONE', *, *, #9929, .T. ) ;
#6182 = LINE ( 'NONE', #6915, #6217 ) ;
#6183 = CARTESIAN_POINT ( 'NONE',  ( -0.6249999999999994449, 0.2030000000000000138, 2.000000000000000888 ) ) ;
#6184 = EDGE_CURVE ( 'NONE', #8450, #4740, #734, .T. ) ;
#6185 = LINE ( 'NONE', #362, #9721 ) ;
#6186 = CARTESIAN_POINT ( 'NONE',  ( 1.599999999999998979, 0.1230000000000000954, -1.899999999999999467 ) ) ;
#6187 = DIRECTION ( 'NONE',  ( -0.000000000000000000, -1.000000000000000000, -0.000000000000000000 ) ) ;
#6188 = DIRECTION ( 'NONE',  ( 0.000000000000000000, -1.000000000000000000, 0.000000000000000000 ) ) ;
#6189 = VECTOR ( 'NONE', #4532, 1000.000000000000000 ) ;
#6190 = ORIENTED_EDGE ( 'NONE', *, *, #3782, .F. ) ;
#6191 = ORIENTED_EDGE ( 'NONE', *, *, #7690, .T. ) ;
#6192 = VECTOR ( 'NONE', #3704, 1000.000000000000000 ) ;
#6193 = ORIENTED_EDGE ( 'NONE', *, *, #5395, .F. ) ;
#6194 = FACE_OUTER_BOUND ( 'NONE', #4366, .T. ) ;
#6195 = ORIENTED_EDGE ( 'NONE', *, *, #4553, .T. ) ;
#6196 = CARTESIAN_POINT ( 'NONE',  ( 1.999999999999999112, 0.000000000000000000, -0.3749999999999996669 ) ) ;
#6197 = ORIENTED_EDGE ( 'NONE', *, *, #1400, .T. ) ;
#6198 = LINE ( 'NONE', #7122, #6014 ) ;
#6199 = EDGE_CURVE ( 'NONE', #8450, #1795, #7394, .T. ) ;
#6200 = CARTESIAN_POINT ( 'NONE',  ( 1.599999999999999201, 0.000000000000000000, -0.3749999999999998890 ) ) ;
#6201 = VECTOR ( 'NONE', #10410, 1000.000000000000000 ) ;
#6202 = DIRECTION ( 'NONE',  ( 0.000000000000000000, 0.000000000000000000, 1.000000000000000000 ) ) ;
#6203 = EDGE_CURVE ( 'NONE', #1100, #9668, #587, .T. ) ;
#6204 = LINE ( 'NONE', #6438, #9777 ) ;
#6205 = ADVANCED_FACE ( 'NONE', ( #4104 ), #9692, .T. ) ;
#6206 = ORIENTED_EDGE ( 'NONE', *, *, #1909, .T. ) ;
#6207 = ORIENTED_EDGE ( 'NONE', *, *, #7311, .F. ) ;
#6208 = DIRECTION ( 'NONE',  ( 1.000000000000000000, -0.000000000000000000, -0.000000000000000000 ) ) ;
#6209 = ORIENTED_EDGE ( 'NONE', *, *, #78, .T. ) ;
#6210 = CARTESIAN_POINT ( 'NONE',  ( 1.599999999999998979, 0.1230000000000000954, 1.729999999999999538 ) ) ;
#6211 = LINE ( 'NONE', #2716, #9444 ) ;
#6212 = DIRECTION ( 'NONE',  ( 0.000000000000000000, 0.000000000000000000, -1.000000000000000000 ) ) ;
#6213 = EDGE_CURVE ( 'NONE', #6575, #4590, #7464, .T. ) ;
#6214 = ORIENTED_EDGE ( 'NONE', *, *, #6456, .F. ) ;
#6215 =( LENGTH_UNIT ( ) NAMED_UNIT ( * ) SI_UNIT ( .MILLI., .METRE. ) );
#6216 = ORIENTED_EDGE ( 'NONE', *, *, #8420, .F. ) ;
#6217 = VECTOR ( 'NONE', #7768, 1000.000000000000000 ) ;
#6218 = LINE ( 'NONE', #3874, #9792 ) ;
#6219 = CARTESIAN_POINT ( 'NONE',  ( -0.1249999999999998890, 0.05000000000000000278, 0.000000000000000000 ) ) ;
#6220 = VERTEX_POINT ( 'NONE', #8100 ) ;
#6221 = ORIENTED_EDGE ( 'NONE', *, *, #2205, .T. ) ;
#6222 = DIRECTION ( 'NONE',  ( 0.000000000000000000, 0.000000000000000000, -1.000000000000000000 ) ) ;
#6223 = VECTOR ( 'NONE', #823, 1000.000000000000000 ) ;
#6224 = DIRECTION ( 'NONE',  ( -0.000000000000000000, -1.000000000000000000, -0.000000000000000000 ) ) ;
#6225 = ORIENTED_EDGE ( 'NONE', *, *, #8400, .T. ) ;
#6226 = DIRECTION ( 'NONE',  ( -0.000000000000000000, -0.000000000000000000, -1.000000000000000000 ) ) ;
#6227 =( NAMED_UNIT ( * ) PLANE_ANGLE_UNIT ( ) SI_UNIT ( $, .RADIAN. ) );
#6228 = LINE ( 'NONE', #4582, #9760 ) ;
#6229 = AXIS2_PLACEMENT_3D ( 'NONE', #3954, #4783, #5545 ) ;
#6230 = ADVANCED_FACE ( 'NONE', ( #7485 ), #9532, .F. ) ;
#6231 = EDGE_LOOP ( 'NONE', ( #3853, #8040, #3970, #6048 ) ) ;
#6232 = ORIENTED_EDGE ( 'NONE', *, *, #2917, .T. ) ;
#6233 = VECTOR ( 'NONE', #8055, 1000.000000000000000 ) ;
#6234 = EDGE_CURVE ( 'NONE', #5602, #3872, #3969, .T. ) ;
#6235 = CARTESIAN_POINT ( 'NONE',  ( 1.000000000000000000, 0.000000000000000000, 0.000000000000000000 ) ) ;
#6236 = DIRECTION ( 'NONE',  ( 0.000000000000000000, -1.000000000000000000, 0.000000000000000000 ) ) ;
#6237 = CARTESIAN_POINT ( 'NONE',  ( -1.999999999999999112, 0.6746990566028303604, 0.6250000000000003331 ) ) ;
#6238 = CARTESIAN_POINT ( 'NONE',  ( -1.999999999999999112, 0.2030000000000000138, -0.8749999999999996669 ) ) ;
#6239 = CARTESIAN_POINT ( 'NONE',  ( -1.999999999999999112, 0.000000000000000000, 0.1250000000000003331 ) ) ;
#6240 = PLANE ( 'NONE',  #277 ) ;
#6241 = FACE_OUTER_BOUND ( 'NONE', #4990, .T. ) ;
#6242 = LINE ( 'NONE', #5268, #6151 ) ;
#6243 = EDGE_LOOP ( 'NONE', ( #419, #10098, #5565, #7486 ) ) ;
#6244 = ORIENTED_EDGE ( 'NONE', *, *, #160, .F. ) ;
#6245 = CARTESIAN_POINT ( 'NONE',  ( -1.899999999999982592, 0.1230000000000000954, 1.600000000000018963 ) ) ;
#6246 = ORIENTED_EDGE ( 'NONE', *, *, #2013, .T. ) ;
#6247 = VECTOR ( 'NONE', #8092, 1000.000000000000000 ) ;
#6248 = VERTEX_POINT ( 'NONE', #8741 ) ;
#6249 = AXIS2_PLACEMENT_3D ( 'NONE', #6754, #8441, #8506 ) ;
#6250 = ORIENTED_EDGE ( 'NONE', *, *, #6338, .F. ) ;
#6251 = DIRECTION ( 'NONE',  ( 0.000000000000000000, 0.000000000000000000, -1.000000000000000000 ) ) ;
#6252 = CARTESIAN_POINT ( 'NONE',  ( 0.000000000000000000, 0.2030000000000000138, 0.000000000000000000 ) ) ;
#6253 = ADVANCED_FACE ( 'NONE', ( #374 ), #9610, .T. ) ;
#6254 = EDGE_CURVE ( 'NONE', #193, #5796, #601, .T. ) ;
#6255 = LINE ( 'NONE', #1785, #9525 ) ;
#6256 = DIRECTION ( 'NONE',  ( 0.000000000000000000, 0.000000000000000000, -1.000000000000000000 ) ) ;
#6257 = CARTESIAN_POINT ( 'NONE',  ( 0.000000000000000000, 0.000000000000000000, 0.000000000000000000 ) ) ;
#6258 = FACE_OUTER_BOUND ( 'NONE', #4677, .T. ) ;
#6259 = EDGE_LOOP ( 'NONE', ( #4435, #4919, #5052, #8549 ) ) ;
#6260 = ORIENTED_EDGE ( 'NONE', *, *, #3122, .T. ) ;
#6261 = VECTOR ( 'NONE', #3431, 1000.000000000000000 ) ;
#6262 = ORIENTED_EDGE ( 'NONE', *, *, #1128, .T. ) ;
#6263 = FACE_OUTER_BOUND ( 'NONE', #4133, .T. ) ;
#6264 = ORIENTED_EDGE ( 'NONE', *, *, #8464, .F. ) ;
#6265 = ORIENTED_EDGE ( 'NONE', *, *, #7056, .T. ) ;
#6266 = AXIS2_PLACEMENT_3D ( 'NONE', #901, #3929, #7406 ) ;
#6267 = ORIENTED_EDGE ( 'NONE', *, *, #251, .F. ) ;
#6268 = LINE ( 'NONE', #2658, #9663 ) ;
#6269 = DIRECTION ( 'NONE',  ( 1.000000000000000000, 0.000000000000000000, -0.000000000000000000 ) ) ;
#6270 = EDGE_CURVE ( 'NONE', #2911, #9223, #7578, .T. ) ;
#6271 = VECTOR ( 'NONE', #5288, 1000.000000000000000 ) ;
#6272 = DIRECTION ( 'NONE',  ( -1.000000000000000000, 0.000000000000000000, -1.734723475976807094E-16 ) ) ;
#6273 = EDGE_LOOP ( 'NONE', ( #3503, #5813, #6790, #9551 ) ) ;
#6274 = ORIENTED_EDGE ( 'NONE', *, *, #10292, .F. ) ;
#6275 = PLANE ( 'NONE',  #3337 ) ;
#6276 = LINE ( 'NONE', #10108, #2694 ) ;
#6277 = ORIENTED_EDGE ( 'NONE', *, *, #8181, .T. ) ;
#6278 = DIRECTION ( 'NONE',  ( 0.000000000000000000, 0.000000000000000000, 1.000000000000000000 ) ) ;
#6280 = CARTESIAN_POINT ( 'NONE',  ( -1.250000000000000000, 0.2030000000000000693, -0.9500000000000000666 ) ) ;
#6279 = VECTOR ( 'NONE', #5777, 1000.000000000000000 ) ;
#6281 = DIRECTION ( 'NONE',  ( 0.000000000000000000, 0.000000000000000000, -1.000000000000000000 ) ) ;
#6282 = CARTESIAN_POINT ( 'NONE',  ( 0.1250000000000001110, 0.2030000000000000693, -2.000000000000000888 ) ) ;
#6283 = DIRECTION ( 'NONE',  ( -0.000000000000000000, -0.000000000000000000, 1.000000000000000000 ) ) ;
#6284 = ORIENTED_EDGE ( 'NONE', *, *, #761, .T. ) ;
#6285 = DIRECTION ( 'NONE',  ( 5.421010862427524142E-16, 0.000000000000000000, 1.000000000000000000 ) ) ;
#6286 = DIRECTION ( 'NONE',  ( 1.000000000000000000, 0.000000000000000000, 0.000000000000000000 ) ) ;
#6287 = ORIENTED_EDGE ( 'NONE', *, *, #8243, .F. ) ;
#6288 = EDGE_LOOP ( 'NONE', ( #3326, #8871, #9786, #8726 ) ) ;
#6289 = EDGE_CURVE ( 'NONE', #1973, #8946, #7630, .T. ) ;
#6290 = AXIS2_PLACEMENT_3D ( 'NONE', #7613, #1755, #4957 ) ;
#6291 = DIRECTION ( 'NONE',  ( 0.000000000000000000, -0.000000000000000000, 1.000000000000000000 ) ) ;
#6292 = LINE ( 'NONE', #6940, #6052 ) ;
#6293 = EDGE_CURVE ( 'NONE', #7541, #7636, #415, .T. ) ;
#6294 = ADVANCED_FACE ( 'NONE', ( #7770 ), #818, .F. ) ;
#6295 = ORIENTED_EDGE ( 'NONE', *, *, #6254, .T. ) ;
#6296 = EDGE_LOOP ( 'NONE', ( #5479, #1611, #5378, #1170 ) ) ;
#6297 = DIRECTION ( 'NONE',  ( -0.000000000000000000, -0.000000000000000000, 1.000000000000000000 ) ) ;
#6298 = ORIENTED_EDGE ( 'NONE', *, *, #2831, .F. ) ;
#6299 = CARTESIAN_POINT ( 'NONE',  ( 1.599999999999999201, 0.6746990566028303604, 0.6250000000000001110 ) ) ;
#6300 = VECTOR ( 'NONE', #170, 1000.000000000000000 ) ;
#6301 = EDGE_LOOP ( 'NONE', ( #165, #2967, #7456, #9633 ) ) ;
#6302 = ORIENTED_EDGE ( 'NONE', *, *, #517, .T. ) ;
#6303 = FACE_OUTER_BOUND ( 'NONE', #5003, .T. ) ;
#6304 =( LENGTH_UNIT ( ) NAMED_UNIT ( * ) SI_UNIT ( .MILLI., .METRE. ) );
#6305 = ORIENTED_EDGE ( 'NONE', *, *, #7355, .F. ) ;
#6306 = CARTESIAN_POINT ( 'NONE',  ( -1.599999999999998979, 0.6746990566028303604, -0.1249999999999998890 ) ) ;
#6307 = CARTESIAN_POINT ( 'NONE',  ( -1.999999999999981348, 0.2030000000000000693, 1.750000000000019984 ) ) ;
#6308 = DIRECTION ( 'NONE',  ( 0.000000000000000000, -0.000000000000000000, -1.000000000000000000 ) ) ;
#6309 = EDGE_CURVE ( 'NONE', #8764, #7724, #3923, .T. ) ;
#6310 = ORIENTED_EDGE ( 'NONE', *, *, #1866, .T. ) ;
#6311 = ORIENTED_EDGE ( 'NONE', *, *, #6505, .T. ) ;
#6312 = EDGE_CURVE ( 'NONE', #3794, #6248, #4213, .T. ) ;
#6313 = VECTOR ( 'NONE', #9271, 1000.000000000000000 ) ;
#6314 = MANIFOLD_SOLID_BREP ( 'LPattern3[4]', #5507 ) ;
#6315 = DIRECTION ( 'NONE',  ( 0.000000000000000000, 1.000000000000000000, 0.000000000000000000 ) ) ;
#6316 = VERTEX_POINT ( 'NONE', #9217 ) ;
#6317 = LINE ( 'NONE', #3552, #10109 ) ;
#6318 = ADVANCED_FACE ( 'NONE', ( #7803 ), #6771, .F. ) ;
#6319 = EDGE_CURVE ( 'NONE', #711, #5450, #781, .T. ) ;
#6320 = ORIENTED_EDGE ( 'NONE', *, *, #6680, .T. ) ;
#6321 = VECTOR ( 'NONE', #98, 1000.000000000000000 ) ;
#6322 = CARTESIAN_POINT ( 'NONE',  ( 1.999999999999999112, 0.000000000000000000, 1.375000000000000222 ) ) ;
#6323 = EDGE_CURVE ( 'NONE', #2288, #7440, #4533, .T. ) ;
#6324 = EDGE_LOOP ( 'NONE', ( #3833, #7517, #1207, #4452 ) ) ;
#6325 = LINE ( 'NONE', #6880, #9896 ) ;
#6326 = EDGE_CURVE ( 'NONE', #2678, #5914, #868, .T. ) ;
#6327 = DIRECTION ( 'NONE',  ( 0.000000000000000000, 0.000000000000000000, 1.000000000000000000 ) ) ;
#6328 = PLANE ( 'NONE',  #8357 ) ;
#6329 = CARTESIAN_POINT ( 'NONE',  ( -0.3749999999999998890, 0.2030000000000000138, -1.600000000000000977 ) ) ;
#6330 = LINE ( 'NONE', #1912, #5963 ) ;
#6331 = ORIENTED_EDGE ( 'NONE', *, *, #3073, .F. ) ;
#6332 = LINE ( 'NONE', #5659, #6005 ) ;
#6333 = ORIENTED_EDGE ( 'NONE', *, *, #8284, .F. ) ;
#6334 = EDGE_CURVE ( 'NONE', #7721, #3008, #7841, .T. ) ;
#6335 = LINE ( 'NONE', #5967, #9840 ) ;
#6336 = VERTEX_POINT ( 'NONE', #7316 ) ;
#6337 = FACE_OUTER_BOUND ( 'NONE', #3674, .T. ) ;
#6338 = EDGE_CURVE ( 'NONE', #220, #5528, #8163, .T. ) ;
#6339 = VERTEX_POINT ( 'NONE', #9016 ) ;
#6340 = COLOUR_RGB ( '',0.7921568627450980005, 0.8196078431372548767, 0.9333333333333333481 ) ;
#6341 = DIRECTION ( 'NONE',  ( 0.000000000000000000, 0.000000000000000000, 1.000000000000000000 ) ) ;
#6342 = FACE_OUTER_BOUND ( 'NONE', #4597, .T. ) ;
#6343 = EDGE_CURVE ( 'NONE', #1659, #5531, #905, .T. ) ;
#6344 = CARTESIAN_POINT ( 'NONE',  ( -0.1249999999999998890, 0.000000000000000000, -1.600000000000000977 ) ) ;
#6345 = ORIENTED_EDGE ( 'NONE', *, *, #3551, .T. ) ;
#6346 = DIRECTION ( 'NONE',  ( -1.000000000000000000, 0.000000000000000000, 5.421010862427524142E-16 ) ) ;
#6347 = LINE ( 'NONE', #1761, #2982 ) ;
#6348 = VERTEX_POINT ( 'NONE', #1106 ) ;
#6349 = CARTESIAN_POINT ( 'NONE',  ( 1.375000000000000222, 0.04999999999999969746, -2.000000000000000888 ) ) ;
#6350 = VECTOR ( 'NONE', #9451, 1000.000000000000000 ) ;
#6351 = CARTESIAN_POINT ( 'NONE',  ( 1.749999999999998890, 0.2030000000000000693, -1.899999999999999467 ) ) ;
#6352 = PLANE ( 'NONE',  #2158 ) ;
#6353 = ORIENTED_EDGE ( 'NONE', *, *, #8464, .T. ) ;
#6354 = DIRECTION ( 'NONE',  ( -1.000000000000000000, 0.000000000000000000, 0.000000000000000000 ) ) ;
#6355 = VECTOR ( 'NONE', #4101, 1000.000000000000000 ) ;
#6356 = VERTEX_POINT ( 'NONE', #8177 ) ;
#6357 = ADVANCED_FACE ( 'NONE', ( #813 ), #103, .F. ) ;
#6358 = AXIS2_PLACEMENT_3D ( 'NONE', #4604, #9448, #666 ) ;
#6359 = CARTESIAN_POINT ( 'NONE',  ( 0.000000000000000000, 0.2030000000000000138, 0.000000000000000000 ) ) ;
#6360 = LINE ( 'NONE', #3239, #6381 ) ;
#6361 = AXIS2_PLACEMENT_3D ( 'NONE', #3157, #3960, #4791 ) ;
#6362 = SURFACE_SIDE_STYLE ('',( #9699 ) ) ;
#6363 = ORIENTED_EDGE ( 'NONE', *, *, #9897, .F. ) ;
#6364 = EDGE_CURVE ( 'NONE', #7800, #7173, #4438, .T. ) ;
#6365 = FACE_OUTER_BOUND ( 'NONE', #4346, .T. ) ;
#6366 = CARTESIAN_POINT ( 'NONE',  ( -1.124999999999999556, 0.2030000000000000138, 1.600000000000001421 ) ) ;
#6367 = ORIENTED_EDGE ( 'NONE', *, *, #3073, .T. ) ;
#6368 = FILL_AREA_STYLE ('',( #632 ) ) ;
#6369 = FACE_OUTER_BOUND ( 'NONE', #6825, .T. ) ;
#6370 = ORIENTED_EDGE ( 'NONE', *, *, #5779, .F. ) ;
#6371 = LINE ( 'NONE', #6648, #6535 ) ;
#6372 = CARTESIAN_POINT ( 'NONE',  ( 1.599999999999999201, 0.6746990566028303604, -0.8749999999999998890 ) ) ;
#6373 = CARTESIAN_POINT ( 'NONE',  ( -0.1249999999999994588, 0.2030000000000000138, 1.600000000000001421 ) ) ;
#6374 = VERTEX_POINT ( 'NONE', #1889 ) ;
#6375 = CARTESIAN_POINT ( 'NONE',  ( -1.599999999999998979, 0.2030000000000000138, 0.8750000000000001110 ) ) ;
#6376 = CARTESIAN_POINT ( 'NONE',  ( 0.8750000000000005551, 0.2030000000000000138, 1.600000000000001421 ) ) ;
#6377 = CARTESIAN_POINT ( 'NONE',  ( -1.730000000000017968, 0.2030000000000000693, -1.749999999999980682 ) ) ;
#6378 = CARTESIAN_POINT ( 'NONE',  ( -1.999999999999981348, 0.1230000000000000676, 1.750000000000019984 ) ) ;
#6379 = CARTESIAN_POINT ( 'NONE',  ( -1.599999999999999201, 0.2030000000000000138, -0.3749999999999998890 ) ) ;
#6380 = DIRECTION ( 'NONE',  ( 1.000000000000000000, 0.000000000000000000, -0.000000000000000000 ) ) ;
#6381 = VECTOR ( 'NONE', #874, 1000.000000000000000 ) ;
#6382 = ADVANCED_FACE ( 'NONE', ( #4335 ), #4363, .F. ) ;
#6383 = AXIS2_PLACEMENT_3D ( 'NONE', #2426, #6512, #4918 ) ;
#6384 = ADVANCED_FACE ( 'NONE', ( #981 ), #4150, .T. ) ;
#6385 = ORIENTED_EDGE ( 'NONE', *, *, #8642, .T. ) ;
#6386 = PRODUCT_DEFINITION_SHAPE ( 'NONE', 'NONE',  #4909 ) ;
#6387 = CARTESIAN_POINT ( 'NONE',  ( -1.599999999999998979, 0.2030000000000000970, -1.899999999999999467 ) ) ;
#6388 = ORIENTED_EDGE ( 'NONE', *, *, #2609, .F. ) ;
#6389 = EDGE_CURVE ( 'NONE', #3767, #1352, #4594, .T. ) ;
#6390 = FACE_OUTER_BOUND ( 'NONE', #684, .T. ) ;
#6391 = AXIS2_PLACEMENT_3D ( 'NONE', #3652, #10205, #5474 ) ;
#6392 = VERTEX_POINT ( 'NONE', #2550 ) ;
#6393 = FILL_AREA_STYLE_COLOUR ( '', #7281 ) ;
#6394 = DIRECTION ( 'NONE',  ( 0.000000000000000000, -0.000000000000000000, 1.000000000000000000 ) ) ;
#6395 = ORIENTED_EDGE ( 'NONE', *, *, #9186, .F. ) ;
#6396 = DIRECTION ( 'NONE',  ( -8.673617379884037444E-16, 0.000000000000000000, 1.000000000000000000 ) ) ;
#6397 = MANIFOLD_SOLID_BREP ( 'LPattern4[3]', #3246 ) ;
#6398 = CARTESIAN_POINT ( 'NONE',  ( 1.599999999999999201, 0.000000000000000000, -1.375000000000000000 ) ) ;
#6399 = LINE ( 'NONE', #8672, #10046 ) ;
#6400 = ORIENTED_EDGE ( 'NONE', *, *, #3684, .F. ) ;
#6401 = CARTESIAN_POINT ( 'NONE',  ( 0.6250000000000005551, 0.05000000000000000278, 0.000000000000000000 ) ) ;
#6402 = PRESENTATION_STYLE_ASSIGNMENT (( #5080 ) ) ;
#6403 = DIRECTION ( 'NONE',  ( 0.000000000000000000, -1.000000000000000000, 0.000000000000000000 ) ) ;
#6404 = AXIS2_PLACEMENT_3D ( 'NONE', #4434, #1828, #7695 ) ;
#6405 = ORIENTED_EDGE ( 'NONE', *, *, #9597, .T. ) ;
#6406 = VECTOR ( 'NONE', #3689, 1000.000000000000000 ) ;
#6407 = AXIS2_PLACEMENT_3D ( 'NONE', #7260, #8413, #2645 ) ;
#6408 = ADVANCED_FACE ( 'NONE', ( #7890, #7821 ), #4636, .T. ) ;
#6409 = ORIENTED_EDGE ( 'NONE', *, *, #8223, .T. ) ;
#6410 = PRESENTATION_STYLE_ASSIGNMENT (( #6937 ) ) ;
#6411 = ORIENTED_EDGE ( 'NONE', *, *, #1784, .F. ) ;
#6412 = CARTESIAN_POINT ( 'NONE',  ( -0.1249999999999998890, 0.2030000000000000138, -1.600000000000000977 ) ) ;
#6413 = VECTOR ( 'NONE', #6803, 1000.000000000000000 ) ;
#6414 = DIRECTION ( 'NONE',  ( 3.491481338843133355E-15, 0.000000000000000000, 1.000000000000000000 ) ) ;
#6415 = LINE ( 'NONE', #1210, #10009 ) ;
#6416 = CARTESIAN_POINT ( 'NONE',  ( 1.900000000000005684, 0.1230000000000000676, 1.749999999999992450 ) ) ;
#6417 = DIRECTION ( 'NONE',  ( 0.000000000000000000, 0.000000000000000000, 1.000000000000000000 ) ) ;
#6418 = VERTEX_POINT ( 'NONE', #2919 ) ;
#6419 = CARTESIAN_POINT ( 'NONE',  ( -1.599999999999998979, 0.05000000000000023870, -0.1249999999999998890 ) ) ;
#6420 = COLOUR_RGB ( '',0.7921568627450980005, 0.8196078431372548767, 0.9333333333333333481 ) ;
#6422 = ORIENTED_EDGE ( 'NONE', *, *, #4806, .F. ) ;
#6421 = DIRECTION ( 'NONE',  ( 0.000000000000000000, -0.000000000000000000, -1.000000000000000000 ) ) ;
#6423 = PLANE ( 'NONE',  #9411 ) ;
#6424 = LINE ( 'NONE', #3834, #3082 ) ;
#6425 = EDGE_CURVE ( 'NONE', #7248, #9852, #1048, .T. ) ;
#6426 = DIRECTION ( 'NONE',  ( 1.000000000000000000, 0.000000000000000000, -0.000000000000000000 ) ) ;
#6427 = DIRECTION ( 'NONE',  ( 0.000000000000000000, 0.000000000000000000, 1.000000000000000000 ) ) ;
#6428 = ORIENTED_EDGE ( 'NONE', *, *, #8123, .T. ) ;
#6429 = DIRECTION ( 'NONE',  ( 1.000000000000000000, 0.000000000000000000, 0.000000000000000000 ) ) ;
#6430 = VECTOR ( 'NONE', #4893, 1000.000000000000000 ) ;
#6431 = DIRECTION ( 'NONE',  ( -1.000000000000000000, 0.000000000000000000, -0.000000000000000000 ) ) ;
#6432 = EDGE_CURVE ( 'NONE', #2999, #4810, #4387, .T. ) ;
#6433 = VERTEX_POINT ( 'NONE', #1955 ) ;
#6434 = VECTOR ( 'NONE', #9673, 1000.000000000000000 ) ;
#6435 = LINE ( 'NONE', #9596, #3016 ) ;
#6436 = ORIENTED_EDGE ( 'NONE', *, *, #6113, .T. ) ;
#6437 = VECTOR ( 'NONE', #2477, 1000.000000000000000 ) ;
#6438 = CARTESIAN_POINT ( 'NONE',  ( -1.599999999999999201, 0.6746990566028303604, 0.6250000000000001110 ) ) ;
#6439 = ORIENTED_EDGE ( 'NONE', *, *, #6038, .F. ) ;
#6440 = CARTESIAN_POINT ( 'NONE',  ( 1.599999999999998979, 0.2030000000000000138, 0.8750000000000001110 ) ) ;
#6441 = CARTESIAN_POINT ( 'NONE',  ( 0.000000000000000000, 0.05000000000000000278, 1.600000000000001421 ) ) ;
#6442 = VECTOR ( 'NONE', #8984, 1000.000000000000000 ) ;
#6443 = VERTEX_POINT ( 'NONE', #2152 ) ;
#6444 = LINE ( 'NONE', #9010, #3044 ) ;
#6445 = DIRECTION ( 'NONE',  ( 0.000000000000000000, 0.000000000000000000, 1.000000000000000000 ) ) ;
#6446 = DIRECTION ( 'NONE',  ( -0.000000000000000000, 0.000000000000000000, 1.000000000000000000 ) ) ;
#6447 = ORIENTED_EDGE ( 'NONE', *, *, #4268, .T. ) ;
#6448 = DIRECTION ( 'NONE',  ( -1.000000000000000000, 0.000000000000000000, 5.421010862427524142E-16 ) ) ;
#6449 = CARTESIAN_POINT ( 'NONE',  ( -1.599999999999999201, 0.6746990566028303604, -0.3749999999999998890 ) ) ;
#6450 = DIRECTION ( 'NONE',  ( 0.000000000000000000, -1.000000000000000000, 0.000000000000000000 ) ) ;
#6451 = EDGE_CURVE ( 'NONE', #4621, #2710, #4402, .T. ) ;
#6452 = ADVANCED_FACE ( 'NONE', ( #4629 ), #2220, .F. ) ;
#6453 = CARTESIAN_POINT ( 'NONE',  ( -1.599999999999998979, 0.000000000000000000, -1.125000000000000000 ) ) ;
#6454 = VECTOR ( 'NONE', #8233, 1000.000000000000000 ) ;
#6455 = CARTESIAN_POINT ( 'NONE',  ( 1.999999999999999112, 0.6746990566028303604, -1.374999999999999778 ) ) ;
#6456 = EDGE_CURVE ( 'NONE', #556, #9687, #8021, .T. ) ;
#6457 = LINE ( 'NONE', #4670, #6508 ) ;
#6458 = VERTEX_POINT ( 'NONE', #6917 ) ;
#6459 = EDGE_CURVE ( 'NONE', #1098, #6443, #8075, .T. ) ;
#6460 = DIRECTION ( 'NONE',  ( -0.000000000000000000, -1.000000000000000000, -0.000000000000000000 ) ) ;
#6461 = ORIENTED_EDGE ( 'NONE', *, *, #1029, .T. ) ;
#6462 = FACE_OUTER_BOUND ( 'NONE', #7589, .T. ) ;
#6463 = EDGE_CURVE ( 'NONE', #578, #3027, #941, .T. ) ;
#6464 = ORIENTED_EDGE ( 'NONE', *, *, #1917, .F. ) ;
#6465 = CARTESIAN_POINT ( 'NONE',  ( -1.999999999999999112, 0.2030000000000000138, 0.3750000000000001110 ) ) ;
#6466 = LINE ( 'NONE', #1629, #10001 ) ;
#6467 = SURFACE_SIDE_STYLE ('',( #7120 ) ) ;
#6468 = CARTESIAN_POINT ( 'NONE',  ( 0.000000000000000000, 0.000000000000000000, 1.000000000000000000 ) ) ;
#6469 = ORIENTED_EDGE ( 'NONE', *, *, #10091, .F. ) ;
#6470 = DIRECTION ( 'NONE',  ( 0.000000000000000000, -1.000000000000000000, 0.000000000000000000 ) ) ;
#6471 = VERTEX_POINT ( 'NONE', #1246 ) ;
#6472 = FACE_OUTER_BOUND ( 'NONE', #1013, .T. ) ;
#6473 = AXIS2_PLACEMENT_3D ( 'NONE', #9344, #2024, #1172 ) ;
#6474 = DIRECTION ( 'NONE',  ( 1.000000000000000000, 1.807003620809174878E-16, 0.000000000000000000 ) ) ;
#6475 = ORIENTED_EDGE ( 'NONE', *, *, #3650, .T. ) ;
#6476 = LINE ( 'NONE', #3453, #2962 ) ;
#6477 = CARTESIAN_POINT ( 'NONE',  ( 1.900000000000005240, 0.2030000000000000970, 1.599999999999992539 ) ) ;
#6478 = ORIENTED_EDGE ( 'NONE', *, *, #9737, .T. ) ;
#6479 = LINE ( 'NONE', #5173, #2933 ) ;
#6480 = MECHANICAL_DESIGN_GEOMETRIC_PRESENTATION_REPRESENTATION (  '', ( #3213 ), #6093 ) ;
#6481 = EDGE_LOOP ( 'NONE', ( #2603, #5699, #5762, #287 ) ) ;
#6482 = LINE ( 'NONE', #4314, #3136 ) ;
#6483 = EDGE_CURVE ( 'NONE', #7782, #1740, #4284, .T. ) ;
#6484 = ORIENTED_EDGE ( 'NONE', *, *, #3436, .T. ) ;
#6485 = CARTESIAN_POINT ( 'NONE',  ( -1.599999999999998979, 0.2030000000000000970, 0.3750000000000001110 ) ) ;
#6486 = CARTESIAN_POINT ( 'NONE',  ( -1.599999999999997868, 0.05000000000000000278, 1.387778780781444295E-15 ) ) ;
#6487 = ORIENTED_EDGE ( 'NONE', *, *, #2088, .F. ) ;
#6488 = SURFACE_STYLE_FILL_AREA ( #4883 ) ;
#6489 = VECTOR ( 'NONE', #2950, 1000.000000000000000 ) ;
#6490 = CARTESIAN_POINT ( 'NONE',  ( -1.999999999999999112, 0.2030000000000000693, 0.3750000000000001110 ) ) ;
#6491 = VERTEX_POINT ( 'NONE', #6846 ) ;
#6492 = SURFACE_STYLE_FILL_AREA ( #6632 ) ;
#6493 = ORIENTED_EDGE ( 'NONE', *, *, #6703, .T. ) ;
#6494 = DIRECTION ( 'NONE',  ( -1.000000000000000000, 0.000000000000000000, 0.000000000000000000 ) ) ;
#6495 = LINE ( 'NONE', #1071, #3061 ) ;
#6496 = ADVANCED_FACE ( 'NONE', ( #1103 ), #628, .T. ) ;
#6497 =( NAMED_UNIT ( * ) SI_UNIT ( $, .STERADIAN. ) SOLID_ANGLE_UNIT ( ) );
#6498 = CARTESIAN_POINT ( 'NONE',  ( 1.749999999999998890, 0.1230000000000000676, 1.999999999999999556 ) ) ;
#6499 = DIRECTION ( 'NONE',  ( 0.000000000000000000, -1.000000000000000000, 0.000000000000000000 ) ) ;
#6500 = ORIENTED_EDGE ( 'NONE', *, *, #9613, .T. ) ;
#6501 = CARTESIAN_POINT ( 'NONE',  ( 1.900000000000005240, 0.2030000000000000970, 1.599999999999992539 ) ) ;
#6502 = AXIS2_PLACEMENT_3D ( 'NONE', #1002, #10090, #5966 ) ;
#6503 = LINE ( 'NONE', #5008, #10040 ) ;
#6504 = VERTEX_POINT ( 'NONE', #6986 ) ;
#6505 = EDGE_CURVE ( 'NONE', #2896, #7541, #884, .T. ) ;
#6506 = VERTEX_POINT ( 'NONE', #7842 ) ;
#6507 = DIRECTION ( 'NONE',  ( -1.000000000000000000, 0.000000000000000000, 5.421010862427523156E-16 ) ) ;
#6508 = VECTOR ( 'NONE', #5437, 1000.000000000000000 ) ;
#6509 = CARTESIAN_POINT ( 'NONE',  ( -0.6249999999999994449, 0.000000000000000000, 1.600000000000001421 ) ) ;
#6510 = ORIENTED_EDGE ( 'NONE', *, *, #2514, .T. ) ;
#6511 = LINE ( 'NONE', #1665, #3039 ) ;
#6512 = DIRECTION ( 'NONE',  ( 0.000000000000000000, -1.000000000000000000, 0.000000000000000000 ) ) ;
#6513 = ORIENTED_EDGE ( 'NONE', *, *, #1166, .T. ) ;
#6514 = CARTESIAN_POINT ( 'NONE',  ( 0.1250000000000001110, 0.000000000000000000, -1.600000000000000977 ) ) ;
#6515 = SURFACE_STYLE_USAGE ( .BOTH. , #2353 ) ;
#6516 = LINE ( 'NONE', #10093, #3006 ) ;
#6517 = EDGE_LOOP ( 'NONE', ( #2840, #6331, #3578, #10201 ) ) ;
#6518 = FACE_OUTER_BOUND ( 'NONE', #770, .T. ) ;
#6519 = DIRECTION ( 'NONE',  ( 0.000000000000000000, 0.000000000000000000, 1.000000000000000000 ) ) ;
#6520 = PRESENTATION_LAYER_ASSIGNMENT (  '', '', ( #1727 ) ) ;
#6521 = ORIENTED_EDGE ( 'NONE', *, *, #8988, .T. ) ;
#6522 = CARTESIAN_POINT ( 'NONE',  ( -0.1249999999999996808, 0.2030000000000000693, 1.999999999999999556 ) ) ;
#6523 = DIRECTION ( 'NONE',  ( 1.000000000000000000, -0.000000000000000000, 0.000000000000000000 ) ) ;
#6524 = VERTEX_POINT ( 'NONE', #4429 ) ;
#6525 = LINE ( 'NONE', #5770, #9915 ) ;
#6526 = EDGE_CURVE ( 'NONE', #2679, #445, #7952, .T. ) ;
#6527 = VERTEX_POINT ( 'NONE', #6004 ) ;
#6528 = LINE ( 'NONE', #8137, #6691 ) ;
#6529 = DIRECTION ( 'NONE',  ( 0.000000000000000000, 0.000000000000000000, 1.000000000000000000 ) ) ;
#6530 = EDGE_LOOP ( 'NONE', ( #5692, #962, #887, #3298 ) ) ;
#6531 = FACE_OUTER_BOUND ( 'NONE', #4000, .T. ) ;
#6532 = VERTEX_POINT ( 'NONE', #7689 ) ;
#6533 = CARTESIAN_POINT ( 'NONE',  ( -1.599999999999998979, 0.6746990566028303604, 0.3750000000000001110 ) ) ;
#6534 = UNCERTAINTY_MEASURE_WITH_UNIT (LENGTH_MEASURE( 1.000000000000000082E-05 ), #5193, 'distance_accuracy_value', 'NONE');
#6535 = VECTOR ( 'NONE', #2422, 1000.000000000000000 ) ;
#6536 = DIRECTION ( 'NONE',  ( 3.491481338843133355E-15, -3.614007241618349264E-16, 1.000000000000000000 ) ) ;
#6537 = EDGE_LOOP ( 'NONE', ( #9598, #651, #7027, #6422 ) ) ;
#6538 = CARTESIAN_POINT ( 'NONE',  ( -1.999999999999999112, 0.05000000000000000278, -2.000000000000000444 ) ) ;
#6539 = ADVANCED_FACE ( 'NONE', ( #4455 ), #8522, .F. ) ;
#6540 = EDGE_LOOP ( 'NONE', ( #9330, #3069, #6770, #8005 ) ) ;
#6541 = EDGE_CURVE ( 'NONE', #8274, #6866, #7982, .T. ) ;
#6542 = VECTOR ( 'NONE', #872, 1000.000000000000000 ) ;
#6543 = AXIS2_PLACEMENT_3D ( 'NONE', #7393, #3381, #8096 ) ;
#6544 = DIRECTION ( 'NONE',  ( 1.000000000000000000, 0.000000000000000000, -0.000000000000000000 ) ) ;
#6545 = EDGE_CURVE ( 'NONE', #9630, #6120, #4983, .T. ) ;
#6546 = ORIENTED_EDGE ( 'NONE', *, *, #2190, .T. ) ;
#6547 = CARTESIAN_POINT ( 'NONE',  ( 1.999999999999999112, 0.6746990566028303604, -0.3749999999999996669 ) ) ;
#6548 = VECTOR ( 'NONE', #7696, 1000.000000000000000 ) ;
#6549 = CARTESIAN_POINT ( 'NONE',  ( -1.999999999999999112, 0.04999999999999991257, -0.6249999999999998890 ) ) ;
#6550 = VERTEX_POINT ( 'NONE', #1868 ) ;
#6551 = VECTOR ( 'NONE', #2665, 1000.000000000000000 ) ;
#6552 = VERTEX_POINT ( 'NONE', #4937 ) ;
#6553 = LINE ( 'NONE', #3208, #2776 ) ;
#6554 = VERTEX_POINT ( 'NONE', #5899 ) ;
#6555 = DIRECTION ( 'NONE',  ( 0.000000000000000000, -1.000000000000000000, 0.000000000000000000 ) ) ;
#6556 = CARTESIAN_POINT ( 'NONE',  ( 1.749999999999998890, 0.2030000000000000693, -1.999999999999999556 ) ) ;
#6557 = ORIENTED_EDGE ( 'NONE', *, *, #242, .T. ) ;
#6558 = DIRECTION ( 'NONE',  ( 0.000000000000000000, 1.000000000000000000, 0.000000000000000000 ) ) ;
#6559 = EDGE_CURVE ( 'NONE', #218, #4333, #8510, .T. ) ;
#6560 = VECTOR ( 'NONE', #8999, 1000.000000000000000 ) ;
#6561 = DIRECTION ( 'NONE',  ( -1.000000000000000000, 0.000000000000000000, -0.000000000000000000 ) ) ;
#6562 = PLANE ( 'NONE',  #6404 ) ;
#6563 = ADVANCED_FACE ( 'NONE', ( #1472 ), #8369, .T. ) ;
#6564 = ORIENTED_EDGE ( 'NONE', *, *, #1027, .T. ) ;
#6565 = PLANE ( 'NONE',  #3192 ) ;
#6566 = EDGE_CURVE ( 'NONE', #5897, #7782, #4839, .T. ) ;
#6567 = CARTESIAN_POINT ( 'NONE',  ( 1.999999999999993561, 0.2030000000000000693, -1.750000000000005995 ) ) ;
#6568 = ORIENTED_EDGE ( 'NONE', *, *, #10181, .T. ) ;
#6569 = PLANE ( 'NONE',  #564 ) ;
#6570 = LINE ( 'NONE', #6042, #6406 ) ;
#6571 = CARTESIAN_POINT ( 'NONE',  ( 1.999999999999993561, 0.2030000000000000693, -1.750000000000005995 ) ) ;
#6572 = PLANE ( 'NONE',  #803 ) ;
#6573 = CARTESIAN_POINT ( 'NONE',  ( -1.599999999999998979, 0.2030000000000000970, -1.729999999999999538 ) ) ;
#6574 = CARTESIAN_POINT ( 'NONE',  ( 0.8750000000000001110, 0.04999999999999999584, -1.600000000000000977 ) ) ;
#6575 = VERTEX_POINT ( 'NONE', #8299 ) ;
#6576 = EDGE_LOOP ( 'NONE', ( #9057, #3951, #6181, #5180 ) ) ;
#6577 = VECTOR ( 'NONE', #7219, 1000.000000000000000 ) ;
#6578 = DIRECTION ( 'NONE',  ( 0.000000000000000000, 0.000000000000000000, 1.000000000000000000 ) ) ;
#6579 = CYLINDRICAL_SURFACE ( 'NONE', #319, 0.1666666666666667407 ) ;
#6580 = DIRECTION ( 'NONE',  ( 0.000000000000000000, 1.000000000000000000, 0.000000000000000000 ) ) ;
#6581 = ORIENTED_EDGE ( 'NONE', *, *, #9624, .F. ) ;
#6582 = CARTESIAN_POINT ( 'NONE',  ( -1.125000000000000000, 0.2030000000000000138, -2.000000000000000888 ) ) ;
#6583 = ORIENTED_EDGE ( 'NONE', *, *, #6946, .T. ) ;
#6584 = CARTESIAN_POINT ( 'NONE',  ( 1.375000000000000222, 0.2030000000000000138, -2.000000000000000888 ) ) ;
#6585 = EDGE_CURVE ( 'NONE', #9825, #4, #4745, .T. ) ;
#6586 = PLANE ( 'NONE',  #9833 ) ;
#6587 = LINE ( 'NONE', #2461, #6604 ) ;
#6588 = ADVANCED_FACE ( 'NONE', ( #8183 ), #154, .T. ) ;
#6589 = VECTOR ( 'NONE', #4453, 1000.000000000000000 ) ;
#6590 = EDGE_CURVE ( 'NONE', #5897, #6356, #4781, .T. ) ;
#6591 =( NAMED_UNIT ( * ) SI_UNIT ( $, .STERADIAN. ) SOLID_ANGLE_UNIT ( ) );
#6592 = VERTEX_POINT ( 'NONE', #8991 ) ;
#6593 = DIRECTION ( 'NONE',  ( 0.000000000000000000, 0.000000000000000000, 1.000000000000000000 ) ) ;
#6594 = DIRECTION ( 'NONE',  ( -1.000000000000000000, 0.000000000000000000, -0.000000000000000000 ) ) ;
#6595 =( GEOMETRIC_REPRESENTATION_CONTEXT ( 3 ) GLOBAL_UNCERTAINTY_ASSIGNED_CONTEXT ( ( #3056 ) ) GLOBAL_UNIT_ASSIGNED_CONTEXT ( ( #9153, #8527, #9293 ) ) REPRESENTATION_CONTEXT ( 'NONE', 'WORKASPACE' ) );
#6596 = ORIENTED_EDGE ( 'NONE', *, *, #3987, .T. ) ;
#6597 = VECTOR ( 'NONE', #737, 1000.000000000000000 ) ;
#6598 = FILL_AREA_STYLE_COLOUR ( '', #9378 ) ;
#6599 = FACE_OUTER_BOUND ( 'NONE', #5935, .T. ) ;
#6600 = EDGE_CURVE ( 'NONE', #711, #218, #4857, .T. ) ;
#6601 = ORIENTED_EDGE ( 'NONE', *, *, #1166, .F. ) ;
#6602 = COLOUR_RGB ( '',0.7921568627450980005, 0.8196078431372548767, 0.9333333333333333481 ) ;
#6603 = ORIENTED_EDGE ( 'NONE', *, *, #1543, .T. ) ;
#6604 = VECTOR ( 'NONE', #4212, 1000.000000000000000 ) ;
#6605 = CARTESIAN_POINT ( 'NONE',  ( 2.000000000000000888, 0.05000000000000000278, 1.999999999999999112 ) ) ;
#6606 = AXIS2_PLACEMENT_3D ( 'NONE', #5865, #1118, #7479 ) ;
#6607 = DIRECTION ( 'NONE',  ( 0.000000000000000000, 0.000000000000000000, 1.000000000000000000 ) ) ;
#6608 = ORIENTED_EDGE ( 'NONE', *, *, #5431, .F. ) ;
#6609 = CARTESIAN_POINT ( 'NONE',  ( 1.250000000000000000, 3.738533905932738044, 1.149999999999999911 ) ) ;
#6610 = ORIENTED_EDGE ( 'NONE', *, *, #1564, .T. ) ;
#6611 = VECTOR ( 'NONE', #2118, 1000.000000000000000 ) ;
#6612 = CARTESIAN_POINT ( 'NONE',  ( -0.8749999999999994449, 0.2030000000000000138, 2.000000000000000888 ) ) ;
#6613 = AXIS2_PLACEMENT_3D ( 'NONE', #7136, #493, #637 ) ;
#6614 = AXIS2_PLACEMENT_3D ( 'NONE', #1334, #3526, #3594 ) ;
#6615 = CARTESIAN_POINT ( 'NONE',  ( 1.999999999999999112, 0.6746990566028303604, 0.3750000000000001110 ) ) ;
#6616 = EDGE_LOOP ( 'NONE', ( #9659, #7196, #6193, #3348 ) ) ;
#6617 = DIRECTION ( 'NONE',  ( -0.000000000000000000, -0.000000000000000000, -1.000000000000000000 ) ) ;
#6618 = EDGE_CURVE ( 'NONE', #4414, #7957, #8311, .T. ) ;
#6619 = ORIENTED_EDGE ( 'NONE', *, *, #1033, .T. ) ;
#6620 = FACE_OUTER_BOUND ( 'NONE', #2388, .T. ) ;
#6621 = VECTOR ( 'NONE', #2495, 1000.000000000000000 ) ;
#6622 = EDGE_LOOP ( 'NONE', ( #755, #612, #7905, #1258 ) ) ;
#6623 = ADVANCED_FACE ( 'NONE', ( #1340 ), #1078, .F. ) ;
#6624 = CARTESIAN_POINT ( 'NONE',  ( 1.749999999999998890, 0.2030000000000000693, 1.899999999999999467 ) ) ;
#6625 = EDGE_LOOP ( 'NONE', ( #6992, #5811, #6921, #2639 ) ) ;
#6626 = LINE ( 'NONE', #2249, #10006 ) ;
#6627 = CARTESIAN_POINT ( 'NONE',  ( 0.000000000000000000, 0.000000000000000000, 1.999999999999999556 ) ) ;
#6628 = DIRECTION ( 'NONE',  ( 0.000000000000000000, -0.000000000000000000, 1.000000000000000000 ) ) ;
#6629 = DIRECTION ( 'NONE',  ( 0.000000000000000000, 0.000000000000000000, -1.000000000000000000 ) ) ;
#6630 = AXIS2_PLACEMENT_3D ( 'NONE', #6758, #1229, #3710 ) ;
#6631 = ORIENTED_EDGE ( 'NONE', *, *, #2521, .F. ) ;
#6632 = FILL_AREA_STYLE ('',( #8398 ) ) ;
#6633 = FACE_OUTER_BOUND ( 'NONE', #3638, .T. ) ;
#6635 = ORIENTED_EDGE ( 'NONE', *, *, #6505, .F. ) ;
#6634 = CARTESIAN_POINT ( 'NONE',  ( 1.250000000000000000, 0.2030000000000000693, -1.249999999999999778 ) ) ;
#6636 = EDGE_CURVE ( 'NONE', #8088, #2070, #1358, .T. ) ;
#6637 = DIRECTION ( 'NONE',  ( 0.000000000000000000, 0.000000000000000000, 1.000000000000000000 ) ) ;
#6638 = FACE_OUTER_BOUND ( 'NONE', #10278, .T. ) ;
#6639 = DIRECTION ( 'NONE',  ( 0.000000000000000000, -1.000000000000000000, 0.000000000000000000 ) ) ;
#6640 = CARTESIAN_POINT ( 'NONE',  ( -1.599999999999998979, 0.1230000000000000954, -1.899999999999999467 ) ) ;
#6641 =( LENGTH_UNIT ( ) NAMED_UNIT ( * ) SI_UNIT ( .MILLI., .METRE. ) );
#6642 = LINE ( 'NONE', #4710, #10291 ) ;
#6643 = ORIENTED_EDGE ( 'NONE', *, *, #4954, .T. ) ;
#6644 = EDGE_LOOP ( 'NONE', ( #1226, #6024, #7105, #6191 ) ) ;
#6645 = FACE_OUTER_BOUND ( 'NONE', #3860, .T. ) ;
#6646 = DIRECTION ( 'NONE',  ( -3.491481338843133355E-15, 1.807003620809174632E-16, -1.000000000000000000 ) ) ;
#6647 = LINE ( 'NONE', #9750, #2871 ) ;
#6648 = CARTESIAN_POINT ( 'NONE',  ( 1.125000000000000666, 0.2030000000000000138, 1.600000000000001421 ) ) ;
#6649 = ADVANCED_FACE ( 'NONE', ( #8526 ), #9811, .F. ) ;
#6650 = ORIENTED_EDGE ( 'NONE', *, *, #3023, .F. ) ;
#6651 = SURFACE_STYLE_FILL_AREA ( #9081 ) ;
#6652 = MECHANICAL_DESIGN_GEOMETRIC_PRESENTATION_REPRESENTATION (  '', ( #4021 ), #2325 ) ;
#6653 = VERTEX_POINT ( 'NONE', #9191 ) ;
#6654 = PLANE ( 'NONE',  #5074 ) ;
#6655 = CARTESIAN_POINT ( 'NONE',  ( 1.600000000000000311, 0.05000000000000000278, 1.387778780781446267E-15 ) ) ;
#6656 = VECTOR ( 'NONE', #8386, 1000.000000000000000 ) ;
#6657 = EDGE_CURVE ( 'NONE', #3008, #7721, #1500, .T. ) ;
#6658 = LINE ( 'NONE', #1982, #6863 ) ;
#6659 = DIRECTION ( 'NONE',  ( 0.000000000000000000, -0.000000000000000000, 1.000000000000000000 ) ) ;
#6660 = VERTEX_POINT ( 'NONE', #303 ) ;
#6661 = DIRECTION ( 'NONE',  ( -1.000000000000000000, 0.000000000000000000, -0.000000000000000000 ) ) ;
#6662 = CARTESIAN_POINT ( 'NONE',  ( -1.999999999999999112, 0.000000000000000000, -0.1249999999999998890 ) ) ;
#6663 = ADVANCED_FACE ( 'NONE', ( #1409 ), #5827, .F. ) ;
#6664 = ORIENTED_EDGE ( 'NONE', *, *, #4194, .F. ) ;
#6665 = FACE_OUTER_BOUND ( 'NONE', #10071, .T. ) ;
#6666 = CARTESIAN_POINT ( 'NONE',  ( -1.599999999999999201, 0.2030000000000000970, -0.8749999999999998890 ) ) ;
#6667 = CARTESIAN_POINT ( 'NONE',  ( 1.375000000000000666, 0.2030000000000000138, 1.600000000000001421 ) ) ;
#6668 = VECTOR ( 'NONE', #8864, 1000.000000000000000 ) ;
#6669 = UNCERTAINTY_MEASURE_WITH_UNIT (LENGTH_MEASURE( 1.000000000000000082E-05 ), #5429, 'distance_accuracy_value', 'NONE');
#6670 = ORIENTED_EDGE ( 'NONE', *, *, #5156, .F. ) ;
#6671 = VECTOR ( 'NONE', #2709, 1000.000000000000000 ) ;
#6672 = CARTESIAN_POINT ( 'NONE',  ( 1.599999999999998979, 0.2030000000000000970, 1.899999999999999467 ) ) ;
#6673 = ORIENTED_EDGE ( 'NONE', *, *, #1033, .F. ) ;
#6674 = LINE ( 'NONE', #3506, #10318 ) ;
#6675 = EDGE_CURVE ( 'NONE', #1750, #2417, #8477, .T. ) ;
#6676 = ADVANCED_FACE ( 'NONE', ( #1391 ), #937, .F. ) ;
#6677 = DIRECTION ( 'NONE',  ( -1.000000000000000000, 0.000000000000000000, -0.000000000000000000 ) ) ;
#6678 = LINE ( 'NONE', #6728, #10228 ) ;
#6679 = CARTESIAN_POINT ( 'NONE',  ( 0.8750000000000005551, 0.000000000000000000, 2.000000000000000888 ) ) ;
#6680 = EDGE_CURVE ( 'NONE', #2060, #3492, #4938, .T. ) ;
#6681 = VERTEX_POINT ( 'NONE', #4826 ) ;
#6682 = CARTESIAN_POINT ( 'NONE',  ( -1.999999999999999112, 0.2030000000000000693, -0.1250000000000001110 ) ) ;
#6683 = ORIENTED_EDGE ( 'NONE', *, *, #6815, .T. ) ;
#6684 = VECTOR ( 'NONE', #7723, 1000.000000000000000 ) ;
#6685 = DIRECTION ( 'NONE',  ( 1.000000000000000000, 0.000000000000000000, 0.000000000000000000 ) ) ;
#6686 = DIRECTION ( 'NONE',  ( 0.000000000000000000, -0.000000000000000000, 1.000000000000000000 ) ) ;
#6687 = LINE ( 'NONE', #7019, #2940 ) ;
#6688 = CARTESIAN_POINT ( 'NONE',  ( -0.6249999999999998890, 0.2030000000000000138, -2.000000000000000888 ) ) ;
#6689 = ORIENTED_EDGE ( 'NONE', *, *, #2777, .T. ) ;
#6690 = DIRECTION ( 'NONE',  ( 1.000000000000000000, -0.000000000000000000, 0.000000000000000000 ) ) ;
#6691 = VECTOR ( 'NONE', #2299, 1000.000000000000000 ) ;
#6692 = DIRECTION ( 'NONE',  ( 0.000000000000000000, -1.000000000000000000, 0.000000000000000000 ) ) ;
#6693 = ORIENTED_EDGE ( 'NONE', *, *, #5434, .T. ) ;
#6694 = LINE ( 'NONE', #7528, #10273 ) ;
#6695 = EDGE_CURVE ( 'NONE', #3560, #87, #1154, .T. ) ;
#6696 = FACE_OUTER_BOUND ( 'NONE', #2844, .T. ) ;
#6697 = EDGE_LOOP ( 'NONE', ( #7516, #4146, #2991, #281 ) ) ;
#6698 = DIRECTION ( 'NONE',  ( -1.000000000000000000, -0.000000000000000000, -5.421010862427523156E-16 ) ) ;
#6699 = EDGE_CURVE ( 'NONE', #6701, #634, #1173, .T. ) ;
#6700 = CARTESIAN_POINT ( 'NONE',  ( 1.599999999999998979, 0.6746990566028303604, -0.1249999999999998890 ) ) ;
#6701 = VERTEX_POINT ( 'NONE', #7884 ) ;
#6702 = DIRECTION ( 'NONE',  ( 0.000000000000000000, -1.000000000000000000, 0.000000000000000000 ) ) ;
#6703 = EDGE_CURVE ( 'NONE', #9894, #4816, #4817, .T. ) ;
#6704 = COLOUR_RGB ( '',0.7921568627450980005, 0.8196078431372548767, 0.9333333333333333481 ) ;
#6705 = PLANE ( 'NONE',  #5854 ) ;
#6706 = DIRECTION ( 'NONE',  ( -1.000000000000000000, 0.000000000000000000, 1.084202172485504681E-16 ) ) ;
#6707 = ORIENTED_EDGE ( 'NONE', *, *, #1396, .T. ) ;
#6708 =( LENGTH_UNIT ( ) NAMED_UNIT ( * ) SI_UNIT ( .MILLI., .METRE. ) );
#6709 = FACE_OUTER_BOUND ( 'NONE', #1317, .T. ) ;
#6710 = ORIENTED_EDGE ( 'NONE', *, *, #3821, .F. ) ;
#6711 = LINE ( 'NONE', #6145, #10511 ) ;
#6712 = CARTESIAN_POINT ( 'NONE',  ( 1.599999999999998979, 0.2030000000000000970, -1.899999999999999467 ) ) ;
#6713 = DIRECTION ( 'NONE',  ( 0.000000000000000000, -1.000000000000000000, 0.000000000000000000 ) ) ;
#6714 = DIRECTION ( 'NONE',  ( 0.000000000000000000, 0.000000000000000000, -1.000000000000000000 ) ) ;
#6715 = PRESENTATION_LAYER_ASSIGNMENT (  '', '', ( #665 ) ) ;
#6716 = DIRECTION ( 'NONE',  ( -1.000000000000000000, 0.000000000000000000, 0.000000000000000000 ) ) ;
#6717 = LINE ( 'NONE', #7694, #10306 ) ;
#6718 = ORIENTED_EDGE ( 'NONE', *, *, #5235, .T. ) ;
#6719 = ADVANCED_FACE ( 'NONE', ( #8397 ), #9390, .F. ) ;
#6720 = ORIENTED_EDGE ( 'NONE', *, *, #2294, .F. ) ;
#6721 = EDGE_CURVE ( 'NONE', #5946, #4480, #8445, .T. ) ;
#6722 = LINE ( 'NONE', #385, #6919 ) ;
#6723 = CARTESIAN_POINT ( 'NONE',  ( -0.6249999999999994449, 0.6746990566028302494, 1.600000000000001421 ) ) ;
#6724 = VERTEX_POINT ( 'NONE', #10248 ) ;
#6725 = EDGE_CURVE ( 'NONE', #4885, #8147, #8329, .T. ) ;
#6726 = CARTESIAN_POINT ( 'NONE',  ( -1.599999999999998979, 0.000000000000000000, 0.3750000000000001110 ) ) ;
#6727 = ORIENTED_EDGE ( 'NONE', *, *, #8181, .F. ) ;
#6728 = CARTESIAN_POINT ( 'NONE',  ( 0.3750000000000001110, 0.2030000000000000138, -1.600000000000000977 ) ) ;
#6729 = PLANE ( 'NONE',  #5357 ) ;
#6730 = VECTOR ( 'NONE', #2211, 1000.000000000000000 ) ;
#6731 = LINE ( 'NONE', #4641, #6912 ) ;
#6732 = EDGE_CURVE ( 'NONE', #210, #710, #4996, .T. ) ;
#6733 = VERTEX_POINT ( 'NONE', #2402 ) ;
#6734 = DIRECTION ( 'NONE',  ( -0.000000000000000000, 0.000000000000000000, 1.000000000000000000 ) ) ;
#6735 = CARTESIAN_POINT ( 'NONE',  ( 1.599999999999998979, 0.000000000000000000, -0.1249999999999998890 ) ) ;
#6736 = VERTEX_POINT ( 'NONE', #7239 ) ;
#6737 = CARTESIAN_POINT ( 'NONE',  ( 1.749999999999998890, 0.2030000000000000693, 1.729999999999999538 ) ) ;
#6738 = FACE_OUTER_BOUND ( 'NONE', #5682, .T. ) ;
#6739 = ADVANCED_FACE ( 'NONE', ( #1283 ), #753, .T. ) ;
#6740 = ORIENTED_EDGE ( 'NONE', *, *, #9295, .T. ) ;
#6741 = LINE ( 'NONE', #4280, #6906 ) ;
#6742 = CARTESIAN_POINT ( 'NONE',  ( 1.599999999999998979, 0.1230000000000000954, -1.999999999999999556 ) ) ;
#6743 = VERTEX_POINT ( 'NONE', #8813 ) ;
#6744 = VECTOR ( 'NONE', #1385, 1000.000000000000000 ) ;
#6745 = DIRECTION ( 'NONE',  ( 0.000000000000000000, 0.000000000000000000, 1.000000000000000000 ) ) ;
#6746 = AXIS2_PLACEMENT_3D ( 'NONE', #10213, #6924, #1330 ) ;
#6747 = AXIS2_PLACEMENT_3D ( 'NONE', #10019, #295, #1143 ) ;
#6748 = LINE ( 'NONE', #6584, #3418 ) ;
#6749 = CARTESIAN_POINT ( 'NONE',  ( -1.125000000000000000, 0.000000000000000000, -1.600000000000000977 ) ) ;
#6750 = EDGE_LOOP ( 'NONE', ( #9297, #5381, #4088, #801 ) ) ;
#6751 = EDGE_CURVE ( 'NONE', #6855, #4100, #1434, .T. ) ;
#6752 = ORIENTED_EDGE ( 'NONE', *, *, #6312, .T. ) ;
#6753 = DIRECTION ( 'NONE',  ( -1.000000000000000000, 0.000000000000000000, 0.000000000000000000 ) ) ;
#6754 = CARTESIAN_POINT ( 'NONE',  ( 1.599999999999998979, 0.1230000000000000954, -1.899999999999999467 ) ) ;
#6755 = PRESENTATION_STYLE_ASSIGNMENT (( #3953 ) ) ;
#6756 = CARTESIAN_POINT ( 'NONE',  ( 1.999999999999999112, 0.2030000000000000138, -0.6249999999999998890 ) ) ;
#6757 = VERTEX_POINT ( 'NONE', #9262 ) ;
#6758 = CARTESIAN_POINT ( 'NONE',  ( -1.599999999999999201, 0.6746990566028303604, 0.1250000000000001110 ) ) ;
#6759 =( NAMED_UNIT ( * ) PLANE_ANGLE_UNIT ( ) SI_UNIT ( $, .RADIAN. ) );
#6760 = VECTOR ( 'NONE', #1526, 1000.000000000000000 ) ;
#6761 = CARTESIAN_POINT ( 'NONE',  ( 6.776263578034364502E-17, 0.05000000000000000278, 0.1249999999999992506 ) ) ;
#6762 = VERTEX_POINT ( 'NONE', #452 ) ;
#6763 = LINE ( 'NONE', #6477, #3305 ) ;
#6764 = ADVANCED_FACE ( 'NONE', ( #4875 ), #1572, .T. ) ;
#6765 = VECTOR ( 'NONE', #8129, 1000.000000000000000 ) ;
#6766 = MECHANICAL_DESIGN_GEOMETRIC_PRESENTATION_REPRESENTATION (  '', ( #1727 ), #1950 ) ;
#6767 = ORIENTED_EDGE ( 'NONE', *, *, #4028, .F. ) ;
#6768 = PLANE ( 'NONE',  #3205 ) ;
#6769 = DIRECTION ( 'NONE',  ( 0.000000000000000000, -1.000000000000000000, 0.000000000000000000 ) ) ;
#6770 = ORIENTED_EDGE ( 'NONE', *, *, #9895, .T. ) ;
#6771 = PLANE ( 'NONE',  #3024 ) ;
#6772 = EDGE_CURVE ( 'NONE', #7509, #1992, #8415, .T. ) ;
#6773 = PLANE ( 'NONE',  #3116 ) ;
#6774 = AXIS2_PLACEMENT_3D ( 'NONE', #1034, #1827, #8253 ) ;
#6775 = SURFACE_STYLE_FILL_AREA ( #7504 ) ;
#6776 = CARTESIAN_POINT ( 'NONE',  ( 0.000000000000000000, 0.000000000000000000, 1.999999999999999556 ) ) ;
#6777 = CARTESIAN_POINT ( 'NONE',  ( 1.599999999999998979, 0.6746990566028303604, 0.3750000000000001110 ) ) ;
#6778 = ORIENTED_EDGE ( 'NONE', *, *, #6636, .T. ) ;
#6779 = PLANE ( 'NONE',  #2290 ) ;
#6780 = FACE_OUTER_BOUND ( 'NONE', #10378, .T. ) ;
#6781 = EDGE_LOOP ( 'NONE', ( #93, #3827, #10183, #9784 ) ) ;
#6782 = DIRECTION ( 'NONE',  ( -0.000000000000000000, -0.000000000000000000, 1.000000000000000000 ) ) ;
#6783 = DIRECTION ( 'NONE',  ( 0.000000000000000000, -0.000000000000000000, 1.000000000000000000 ) ) ;
#6784 = CARTESIAN_POINT ( 'NONE',  ( 1.125000000000000666, 0.2030000000000000138, 1.600000000000001421 ) ) ;
#6785 = CARTESIAN_POINT ( 'NONE',  ( 0.6250000000000005551, 0.2030000000000000138, 2.000000000000000888 ) ) ;
#6786 = DIRECTION ( 'NONE',  ( 1.000000000000000000, -0.000000000000000000, 5.421010862427524142E-16 ) ) ;
#6787 = CARTESIAN_POINT ( 'NONE',  ( 1.599999999999998979, 0.2030000000000000970, -1.899999999999999467 ) ) ;
#6788 = VECTOR ( 'NONE', #4980, 1000.000000000000000 ) ;
#6789 = DIRECTION ( 'NONE',  ( -1.000000000000000000, 0.000000000000000000, 0.000000000000000000 ) ) ;
#6790 = ORIENTED_EDGE ( 'NONE', *, *, #9876, .T. ) ;
#6791 = ORIENTED_EDGE ( 'NONE', *, *, #996, .T. ) ;
#6792 = PRESENTATION_LAYER_ASSIGNMENT (  '', '', ( #8835 ) ) ;
#6793 = CARTESIAN_POINT ( 'NONE',  ( -1.599999999999998979, 0.6746990566028303604, 0.8750000000000001110 ) ) ;
#6794 = LINE ( 'NONE', #9873, #6812 ) ;
#6795 = EDGE_CURVE ( 'NONE', #5301, #7349, #8429, .T. ) ;
#6796 = PLANE ( 'NONE',  #4027 ) ;
#6797 = ORIENTED_EDGE ( 'NONE', *, *, #5273, .T. ) ;
#6798 = LINE ( 'NONE', #2156, #6879 ) ;
#6799 = ORIENTED_EDGE ( 'NONE', *, *, #9737, .F. ) ;
#6800 = PLANE ( 'NONE',  #8661 ) ;
#6801 = LINE ( 'NONE', #5326, #10206 ) ;
#6802 = FACE_OUTER_BOUND ( 'NONE', #7483, .T. ) ;
#6803 = DIRECTION ( 'NONE',  ( -1.000000000000000000, 0.000000000000000000, 0.000000000000000000 ) ) ;
#6804 = ORIENTED_EDGE ( 'NONE', *, *, #4812, .T. ) ;
#6805 = UNCERTAINTY_MEASURE_WITH_UNIT (LENGTH_MEASURE( 1.000000000000000082E-05 ), #6641, 'distance_accuracy_value', 'NONE');
#6806 = DIRECTION ( 'NONE',  ( -0.000000000000000000, -0.000000000000000000, 1.000000000000000000 ) ) ;
#6807 = ADVANCED_FACE ( 'NONE', ( #8200 ), #376, .F. ) ;
#6808 = ORIENTED_EDGE ( 'NONE', *, *, #2141, .F. ) ;
#6809 = PLANE ( 'NONE',  #584 ) ;
#6810 = CARTESIAN_POINT ( 'NONE',  ( 1.999999999999999112, 0.6746990566028303604, 0.6250000000000003331 ) ) ;
#6811 = EDGE_CURVE ( 'NONE', #775, #39, #4645, .T. ) ;
#6812 = VECTOR ( 'NONE', #365, 1000.000000000000000 ) ;
#6813 = AXIS2_PLACEMENT_3D ( 'NONE', #5010, #329, #5075 ) ;
#6814 = EDGE_LOOP ( 'NONE', ( #4143, #3524, #4517, #2592 ) ) ;
#6815 = EDGE_CURVE ( 'NONE', #3190, #5577, #4950, .T. ) ;
#6816 = SURFACE_STYLE_FILL_AREA ( #4717 ) ;
#6817 = DIRECTION ( 'NONE',  ( -0.000000000000000000, -1.000000000000000000, -0.000000000000000000 ) ) ;
#6818 = ORIENTED_EDGE ( 'NONE', *, *, #4168, .T. ) ;
#6819 = LINE ( 'NONE', #2613, #10370 ) ;
#6820 = DIRECTION ( 'NONE',  ( 0.000000000000000000, 0.000000000000000000, -1.000000000000000000 ) ) ;
#6821 = LINE ( 'NONE', #5610, #7001 ) ;
#6822 = CARTESIAN_POINT ( 'NONE',  ( -0.1249999999999998890, 0.6746990566028302494, -1.600000000000000977 ) ) ;
#6823 = VERTEX_POINT ( 'NONE', #1369 ) ;
#6824 = CARTESIAN_POINT ( 'NONE',  ( 1.999999999999999112, 0.04999999999999991257, 0.3750000000000001110 ) ) ;
#6825 = EDGE_LOOP ( 'NONE', ( #371, #7591, #776, #4018 ) ) ;
#6826 = CARTESIAN_POINT ( 'NONE',  ( -1.999999999999999112, 0.05000000000000000278, 1.999999999999999556 ) ) ;
#6827 = CARTESIAN_POINT ( 'NONE',  ( 1.999999999999999112, 0.6746990566028303604, 0.3750000000000001110 ) ) ;
#6828 = LINE ( 'NONE', #8798, #10265 ) ;
#6829 = CARTESIAN_POINT ( 'NONE',  ( 1.749999999999998890, 0.1230000000000000676, -1.999999999999999556 ) ) ;
#6830 = CARTESIAN_POINT ( 'NONE',  ( -1.124999999999999556, 0.2030000000000000138, 2.000000000000000888 ) ) ;
#6831 = ADVANCED_FACE ( 'NONE', ( #1192 ), #2330, .F. ) ;
#6832 = ORIENTED_EDGE ( 'NONE', *, *, #10313, .F. ) ;
#6833 = CARTESIAN_POINT ( 'NONE',  ( 1.250000000000000000, 3.738533905932738044, -1.249999999999999778 ) ) ;
#6834 = DIRECTION ( 'NONE',  ( -0.000000000000000000, 0.000000000000000000, 1.000000000000000000 ) ) ;
#6835 = VECTOR ( 'NONE', #5838, 1000.000000000000000 ) ;
#6836 = CARTESIAN_POINT ( 'NONE',  ( 0.3750000000000001110, 0.2030000000000000138, -2.000000000000000888 ) ) ;
#6837 = ORIENTED_EDGE ( 'NONE', *, *, #5779, .T. ) ;
#6838 = EDGE_CURVE ( 'NONE', #8795, #8017, #4701, .T. ) ;
#6839 = FACE_OUTER_BOUND ( 'NONE', #5757, .T. ) ;
#6840 = EDGE_CURVE ( 'NONE', #7478, #10325, #8365, .T. ) ;
#6841 = ORIENTED_EDGE ( 'NONE', *, *, #6270, .T. ) ;
#6842 = DIRECTION ( 'NONE',  ( 1.000000000000000000, 0.000000000000000000, -5.421010862427524142E-16 ) ) ;
#6843 = DIRECTION ( 'NONE',  ( -1.047444401652940007E-14, -3.614007241618349264E-16, -1.000000000000000000 ) ) ;
#6844 = EDGE_CURVE ( 'NONE', #248, #9046, #8254, .T. ) ;
#6845 = VERTEX_POINT ( 'NONE', #8326 ) ;
#6846 = CARTESIAN_POINT ( 'NONE',  ( -1.749999999999998890, 0.1230000000000000676, 1.899999999999999467 ) ) ;
#6847 = DIRECTION ( 'NONE',  ( 0.000000000000000000, -1.000000000000000000, 0.000000000000000000 ) ) ;
#6848 = FACE_OUTER_BOUND ( 'NONE', #8535, .T. ) ;
#6849 = DIRECTION ( 'NONE',  ( 0.000000000000000000, 1.000000000000000000, 0.000000000000000000 ) ) ;
#6850 = EDGE_CURVE ( 'NONE', #8332, #8846, #8273, .T. ) ;
#6851 = MECHANICAL_DESIGN_GEOMETRIC_PRESENTATION_REPRESENTATION (  '', ( #7372 ), #2924 ) ;
#6852 = EDGE_LOOP ( 'NONE', ( #9456, #5496, #2104, #3390 ) ) ;
#6853 = DIRECTION ( 'NONE',  ( -1.000000000000000000, 0.000000000000000000, -0.000000000000000000 ) ) ;
#6854 = VECTOR ( 'NONE', #7353, 1000.000000000000000 ) ;
#6855 = VERTEX_POINT ( 'NONE', #4898 ) ;
#6856 = CARTESIAN_POINT ( 'NONE',  ( -1.599999999999998979, 0.1230000000000000954, 1.899999999999999467 ) ) ;
#6857 = ADVANCED_FACE ( 'NONE', ( #1299 ), #6705, .F. ) ;
#6858 = DIRECTION ( 'NONE',  ( -3.491481338843133355E-15, -1.807003620809174632E-16, -1.000000000000000000 ) ) ;
#6859 = PLANE ( 'NONE',  #17 ) ;
#6860 = CARTESIAN_POINT ( 'NONE',  ( -1.999999999999999112, 0.000000000000000000, 1.125000000000000444 ) ) ;
#6861 = EDGE_CURVE ( 'NONE', #3283, #4208, #4800, .T. ) ;
#6862 = CARTESIAN_POINT ( 'NONE',  ( -1.599999999999999201, 0.6746990566028303604, 1.125000000000000222 ) ) ;
#6863 = VECTOR ( 'NONE', #5362, 1000.000000000000000 ) ;
#6864 = ORIENTED_EDGE ( 'NONE', *, *, #4481, .F. ) ;
#6865 = EDGE_CURVE ( 'NONE', #10514, #8221, #8635, .T. ) ;
#6866 = VERTEX_POINT ( 'NONE', #6490 ) ;
#6867 = MECHANICAL_DESIGN_GEOMETRIC_PRESENTATION_REPRESENTATION (  '', ( #5690 ), #1568 ) ;
#6868 = CARTESIAN_POINT ( 'NONE',  ( 1.599999999999998979, 0.6746990566028303604, 0.3750000000000001110 ) ) ;
#6869 = FACE_OUTER_BOUND ( 'NONE', #3209, .T. ) ;
#6870 = CARTESIAN_POINT ( 'NONE',  ( 0.8750000000000005551, 0.2030000000000000138, 1.600000000000001421 ) ) ;
#6871 = ORIENTED_EDGE ( 'NONE', *, *, #1318, .F. ) ;
#6872 = EDGE_CURVE ( 'NONE', #2896, #3974, #5068, .T. ) ;
#6873 = VECTOR ( 'NONE', #782, 1000.000000000000000 ) ;
#6874 = PLANE ( 'NONE',  #2582 ) ;
#6875 = VERTEX_POINT ( 'NONE', #1178 ) ;
#6876 = CARTESIAN_POINT ( 'NONE',  ( 1.125000000000000666, 0.6746990566028302494, 2.000000000000000888 ) ) ;
#6877 = PLANE ( 'NONE',  #7286 ) ;
#6878 = VECTOR ( 'NONE', #5645, 1000.000000000000000 ) ;
#6879 = VECTOR ( 'NONE', #5406, 1000.000000000000000 ) ;
#6880 = CARTESIAN_POINT ( 'NONE',  ( 1.599999999999999201, 0.6746990566028303604, 0.1250000000000001110 ) ) ;
#6881 = ORIENTED_EDGE ( 'NONE', *, *, #4249, .F. ) ;
#6882 = ORIENTED_EDGE ( 'NONE', *, *, #5874, .F. ) ;
#6883 = CARTESIAN_POINT ( 'NONE',  ( 0.1250000000000001110, 0.2030000000000000138, -1.600000000000000977 ) ) ;
#6884 = LINE ( 'NONE', #1142, #3407 ) ;
#6885 = AXIS2_PLACEMENT_3D ( 'NONE', #4350, #3574, #1162 ) ;
#6886 = ORIENTED_EDGE ( 'NONE', *, *, #6057, .F. ) ;
#6887 = VECTOR ( 'NONE', #6137, 1000.000000000000000 ) ;
#6888 = EDGE_LOOP ( 'NONE', ( #693, #6264, #3864, #471 ) ) ;
#6889 = EDGE_CURVE ( 'NONE', #3771, #2970, #5385, .T. ) ;
#6890 = LINE ( 'NONE', #7306, #3225 ) ;
#6891 = DIRECTION ( 'NONE',  ( 1.000000000000000000, -0.000000000000000000, 5.421010862427524142E-16 ) ) ;
#6892 = FACE_OUTER_BOUND ( 'NONE', #8723, .T. ) ;
#6893 = EDGE_LOOP ( 'NONE', ( #3858, #9236, #10238, #3662 ) ) ;
#6894 = DIRECTION ( 'NONE',  ( -0.000000000000000000, -1.000000000000000000, -0.000000000000000000 ) ) ;
#6895 = ADVANCED_FACE ( 'NONE', ( #5473 ), #9907, .F. ) ;
#6896 = VERTEX_POINT ( 'NONE', #8458 ) ;
#6897 = CARTESIAN_POINT ( 'NONE',  ( 1.899999999999993916, 0.2030000000000000970, -1.600000000000005418 ) ) ;
#6898 = DIRECTION ( 'NONE',  ( -0.000000000000000000, -1.000000000000000000, -0.000000000000000000 ) ) ;
#6899 = VECTOR ( 'NONE', #1922, 1000.000000000000000 ) ;
#6900 = CARTESIAN_POINT ( 'NONE',  ( -1.999999999999999112, 0.04999999999999991257, 1.125000000000000444 ) ) ;
#6901 = CARTESIAN_POINT ( 'NONE',  ( -1.599999999999998979, 0.2030000000000000970, -1.899999999999999467 ) ) ;
#6902 = ORIENTED_EDGE ( 'NONE', *, *, #4697, .T. ) ;
#6903 = DIRECTION ( 'NONE',  ( 1.000000000000000000, 0.000000000000000000, 0.000000000000000000 ) ) ;
#6904 = CARTESIAN_POINT ( 'NONE',  ( 0.6250000000000005551, 0.2030000000000000138, 1.600000000000001421 ) ) ;
#6905 = CARTESIAN_POINT ( 'NONE',  ( 1.899999999999993916, 0.2030000000000000970, -1.600000000000005640 ) ) ;
#6906 = VECTOR ( 'NONE', #386, 1000.000000000000000 ) ;
#6907 = DIRECTION ( 'NONE',  ( 1.000000000000000000, -0.000000000000000000, 0.000000000000000000 ) ) ;
#6908 = PRESENTATION_LAYER_ASSIGNMENT (  '', '', ( #8694 ) ) ;
#6909 = ORIENTED_EDGE ( 'NONE', *, *, #10041, .T. ) ;
#6910 = COLOUR_RGB ( '',0.7921568627450980005, 0.8196078431372548767, 0.9333333333333333481 ) ;
#6911 = EDGE_CURVE ( 'NONE', #8944, #1630, #1571, .T. ) ;
#6912 = VECTOR ( 'NONE', #6226, 1000.000000000000000 ) ;
#6913 = PRESENTATION_LAYER_ASSIGNMENT (  '', '', ( #4011 ) ) ;
#6914 = EDGE_LOOP ( 'NONE', ( #3034, #5501, #3892, #9844 ) ) ;
#6915 = CARTESIAN_POINT ( 'NONE',  ( 1.375000000000000666, 0.2030000000000000138, 2.000000000000000888 ) ) ;
#6916 = ORIENTED_EDGE ( 'NONE', *, *, #5267, .T. ) ;
#6917 = CARTESIAN_POINT ( 'NONE',  ( 1.599999999999998979, 0.05000000000000023870, 1.375000000000000222 ) ) ;
#6918 = CARTESIAN_POINT ( 'NONE',  ( 0.6250000000000005551, 0.6746990566028302494, 2.000000000000000888 ) ) ;
#6919 = VECTOR ( 'NONE', #3635, 1000.000000000000000 ) ;
#6920 = ADVANCED_FACE ( 'NONE', ( #5299 ), #9017, .F. ) ;
#6921 = ORIENTED_EDGE ( 'NONE', *, *, #2391, .T. ) ;
#6922 = FACE_OUTER_BOUND ( 'NONE', #5093, .T. ) ;
#6923 = ORIENTED_EDGE ( 'NONE', *, *, #9858, .F. ) ;
#6924 = DIRECTION ( 'NONE',  ( 0.000000000000000000, -1.000000000000000000, 0.000000000000000000 ) ) ;
#6925 = VECTOR ( 'NONE', #2253, 1000.000000000000000 ) ;
#6926 = AXIS2_PLACEMENT_3D ( 'NONE', #3919, #3775, #9764 ) ;
#6927 = DIRECTION ( 'NONE',  ( 1.000000000000000000, 0.000000000000000000, 0.000000000000000000 ) ) ;
#6928 = DIRECTION ( 'NONE',  ( -0.000000000000000000, -1.000000000000000000, -0.000000000000000000 ) ) ;
#6929 = AXIS2_PLACEMENT_3D ( 'NONE', #10148, #6100, #5162 ) ;
#6930 = FACE_OUTER_BOUND ( 'NONE', #7514, .T. ) ;
#6931 = EDGE_CURVE ( 'NONE', #6220, #7080, #5005, .T. ) ;
#6932 = ORIENTED_EDGE ( 'NONE', *, *, #2623, .T. ) ;
#6933 = ADVANCED_FACE ( 'NONE', ( #1833 ), #964, .F. ) ;
#6934 = VERTEX_POINT ( 'NONE', #3450 ) ;
#6935 = CARTESIAN_POINT ( 'NONE',  ( -1.599999999999998979, 0.2030000000000000970, -1.999999999999999556 ) ) ;
#6936 = LINE ( 'NONE', #4763, #10489 ) ;
#6937 = SURFACE_STYLE_USAGE ( .BOTH. , #2050 ) ;
#6938 = ORIENTED_EDGE ( 'NONE', *, *, #8418, .T. ) ;
#6939 = VECTOR ( 'NONE', #8629, 1000.000000000000000 ) ;
#6940 = CARTESIAN_POINT ( 'NONE',  ( -0.6249999999999994449, 0.2030000000000000138, 1.600000000000001421 ) ) ;
#6941 = ORIENTED_EDGE ( 'NONE', *, *, #996, .F. ) ;
#6942 = CARTESIAN_POINT ( 'NONE',  ( -0.9499999999999984013, 3.738533905932738044, -1.250000000000000222 ) ) ;
#6943 = DIRECTION ( 'NONE',  ( -1.000000000000000000, 0.000000000000000000, 0.000000000000000000 ) ) ;
#6944 = FACE_OUTER_BOUND ( 'NONE', #8669, .T. ) ;
#6945 = ADVANCED_FACE ( 'NONE', ( #5054 ), #35, .T. ) ;
#6946 = EDGE_CURVE ( 'NONE', #3974, #9205, #5454, .T. ) ;
#6947 = LINE ( 'NONE', #6514, #3159 ) ;
#6948 = CARTESIAN_POINT ( 'NONE',  ( 1.375000000000000666, 0.04999999999999999584, 1.600000000000001421 ) ) ;
#6949 = ORIENTED_EDGE ( 'NONE', *, *, #5069, .T. ) ;
#6950 = PLANE ( 'NONE',  #849 ) ;
#6951 = EDGE_CURVE ( 'NONE', #7498, #7494, #1555, .T. ) ;
#6952 = CLOSED_SHELL ( 'NONE', ( #4724, #9544, #2454, #5882, #8029, #7268 ) ) ;
#6953 = CARTESIAN_POINT ( 'NONE',  ( 1.250000000000000000, 0.05000000000000000278, 1.150000000000000133 ) ) ;
#6954 = CARTESIAN_POINT ( 'NONE',  ( 1.599999999999998979, 0.2030000000000000970, -1.899999999999999467 ) ) ;
#6955 = LINE ( 'NONE', #9548, #10351 ) ;
#6956 = ORIENTED_EDGE ( 'NONE', *, *, #6073, .F. ) ;
#6957 = CARTESIAN_POINT ( 'NONE',  ( -1.999999999999999112, 0.000000000000000000, -0.3749999999999996669 ) ) ;
#6958 = VERTEX_POINT ( 'NONE', #1109 ) ;
#6959 = FACE_OUTER_BOUND ( 'NONE', #9618, .T. ) ;
#6960 = DIRECTION ( 'NONE',  ( -1.000000000000000000, -3.614007241618349757E-16, 0.000000000000000000 ) ) ;
#6961 = LINE ( 'NONE', #7774, #10172 ) ;
#6962 = PLANE ( 'NONE',  #7733 ) ;
#6963 = ORIENTED_EDGE ( 'NONE', *, *, #8601, .F. ) ;
#6964 = CARTESIAN_POINT ( 'NONE',  ( -1.999999999999999112, 0.6746990566028303604, 1.125000000000000444 ) ) ;
#6965 = ORIENTED_EDGE ( 'NONE', *, *, #6695, .F. ) ;
#6966 =( NAMED_UNIT ( * ) PLANE_ANGLE_UNIT ( ) SI_UNIT ( $, .RADIAN. ) );
#6967 = EDGE_CURVE ( 'NONE', #1, #8612, #1619, .T. ) ;
#6968 = DIRECTION ( 'NONE',  ( 1.000000000000000000, 0.000000000000000000, 0.000000000000000000 ) ) ;
#6969 = VECTOR ( 'NONE', #3705, 1000.000000000000000 ) ;
#6970 = ORIENTED_EDGE ( 'NONE', *, *, #1553, .T. ) ;
#6971 = DIRECTION ( 'NONE',  ( 0.000000000000000000, -1.000000000000000000, 0.000000000000000000 ) ) ;
#6972 = DIRECTION ( 'NONE',  ( 0.000000000000000000, 0.000000000000000000, -1.000000000000000000 ) ) ;
#6973 = EDGE_CURVE ( 'NONE', #9669, #9630, #1980, .T. ) ;
#6974 = VECTOR ( 'NONE', #5483, 1000.000000000000000 ) ;
#6975 = PLANE ( 'NONE',  #9398 ) ;
#6976 = VERTEX_POINT ( 'NONE', #502 ) ;
#6977 = PRESENTATION_LAYER_ASSIGNMENT (  '', '', ( #5072 ) ) ;
#6978 = VECTOR ( 'NONE', #5843, 1000.000000000000000 ) ;
#6979 = VECTOR ( 'NONE', #3211, 1000.000000000000000 ) ;
#6980 = EDGE_CURVE ( 'NONE', #7722, #7051, #1926, .T. ) ;
#6981 = EDGE_LOOP ( 'NONE', ( #3556, #2258, #5994, #9511 ) ) ;
#6982 = CARTESIAN_POINT ( 'NONE',  ( -2.032879073410325744E-16, 0.05000000000000000278, -0.3750000000000007772 ) ) ;
#6983 = ADVANCED_FACE ( 'NONE', ( #8793 ), #423, .T. ) ;
#6984 = CARTESIAN_POINT ( 'NONE',  ( 0.3750000000000001110, 0.05000000000000000278, 0.000000000000000000 ) ) ;
#6985 = ORIENTED_EDGE ( 'NONE', *, *, #10428, .T. ) ;
#6986 = CARTESIAN_POINT ( 'NONE',  ( 0.1250000000000005551, 0.000000000000000000, 2.000000000000000888 ) ) ;
#6987 =( NAMED_UNIT ( * ) PLANE_ANGLE_UNIT ( ) SI_UNIT ( $, .RADIAN. ) );
#6988 = LINE ( 'NONE', #2293, #3313 ) ;
#6989 = DIRECTION ( 'NONE',  ( -0.000000000000000000, -1.000000000000000000, -0.000000000000000000 ) ) ;
#6990 = PLANE ( 'NONE',  #5870 ) ;
#6991 = AXIS2_PLACEMENT_3D ( 'NONE', #8957, #9774, #2485 ) ;
#6992 = ORIENTED_EDGE ( 'NONE', *, *, #3166, .F. ) ;
#6993 = FACE_OUTER_BOUND ( 'NONE', #5114, .T. ) ;
#6994 = ORIENTED_EDGE ( 'NONE', *, *, #3933, .T. ) ;
#6995 = DIRECTION ( 'NONE',  ( 1.000000000000000000, 0.000000000000000000, 0.000000000000000000 ) ) ;
#6996 = CARTESIAN_POINT ( 'NONE',  ( 0.000000000000000000, 0.2030000000000000138, 0.000000000000000000 ) ) ;
#6997 = DIRECTION ( 'NONE',  ( 0.000000000000000000, -0.000000000000000000, 1.000000000000000000 ) ) ;
#6998 = CARTESIAN_POINT ( 'NONE',  ( -1.375000000000000000, 0.2030000000000000138, -1.600000000000000977 ) ) ;
#6999 = AXIS2_PLACEMENT_3D ( 'NONE', #922, #7425, #1726 ) ;
#7000 = SURFACE_SIDE_STYLE ('',( #8004 ) ) ;
#7001 = VECTOR ( 'NONE', #2650, 1000.000000000000000 ) ;
#7002 = ORIENTED_EDGE ( 'NONE', *, *, #4935, .F. ) ;
#7003 = EDGE_CURVE ( 'NONE', #5627, #6976, #1604, .T. ) ;
#7004 = ORIENTED_EDGE ( 'NONE', *, *, #4593, .F. ) ;
#7005 =( GEOMETRIC_REPRESENTATION_CONTEXT ( 3 ) GLOBAL_UNCERTAINTY_ASSIGNED_CONTEXT ( ( #4994 ) ) GLOBAL_UNIT_ASSIGNED_CONTEXT ( ( #4420, #10116, #1165 ) ) REPRESENTATION_CONTEXT ( 'NONE', 'WORKASPACE' ) );
#7006 = DIRECTION ( 'NONE',  ( 1.000000000000000000, 0.000000000000000000, 0.000000000000000000 ) ) ;
#7007 = VECTOR ( 'NONE', #1088, 1000.000000000000000 ) ;
#7008 = ADVANCED_FACE ( 'NONE', ( #5315 ), #5873, .T. ) ;
#7009 = ORIENTED_EDGE ( 'NONE', *, *, #5452, .F. ) ;
#7010 = LINE ( 'NONE', #3658, #3316 ) ;
#7011 = PLANE ( 'NONE',  #2606 ) ;
#7012 = EDGE_LOOP ( 'NONE', ( #4819, #3802, #194, #9628 ) ) ;
#7013 = DIRECTION ( 'NONE',  ( 1.000000000000000000, -0.000000000000000000, 0.000000000000000000 ) ) ;
#7014 = CARTESIAN_POINT ( 'NONE',  ( 1.999999999999999112, 0.6746990566028303604, 0.8750000000000001110 ) ) ;
#7015 = VECTOR ( 'NONE', #9584, 1000.000000000000000 ) ;
#7016 = CARTESIAN_POINT ( 'NONE',  ( 0.8750000000000001110, 0.6746990566028302494, -2.000000000000000888 ) ) ;
#7017 = AXIS2_PLACEMENT_3D ( 'NONE', #5666, #3329, #5461 ) ;
#7018 = ORIENTED_EDGE ( 'NONE', *, *, #8382, .T. ) ;
#7019 = CARTESIAN_POINT ( 'NONE',  ( -1.599999999999998979, 0.2030000000000000138, -0.1249999999999998890 ) ) ;
#7020 = ORIENTED_EDGE ( 'NONE', *, *, #3966, .T. ) ;
#7021 = EDGE_CURVE ( 'NONE', #9205, #2999, #1521, .T. ) ;
#7022 = CARTESIAN_POINT ( 'NONE',  ( 1.599999999999999201, 0.2030000000000000138, -0.8749999999999998890 ) ) ;
#7023 = COLOUR_RGB ( '',0.7921568627450980005, 0.8196078431372548767, 0.9333333333333333481 ) ;
#7024 = ORIENTED_EDGE ( 'NONE', *, *, #520, .F. ) ;
#7025 = LINE ( 'NONE', #3502, #3494 ) ;
#7026 = CARTESIAN_POINT ( 'NONE',  ( -0.8749999999999998890, 0.6746990566028302494, -1.600000000000000977 ) ) ;
#7027 = ORIENTED_EDGE ( 'NONE', *, *, #5763, .F. ) ;
#7028 = LINE ( 'NONE', #5803, #342 ) ;
#7029 = ADVANCED_FACE ( 'NONE', ( #1964 ), #2798, .T. ) ;
#7030 = DIRECTION ( 'NONE',  ( -1.000000000000000000, 0.000000000000000000, 0.000000000000000000 ) ) ;
#7031 = LINE ( 'NONE', #5497, #138 ) ;
#7032 = DIRECTION ( 'NONE',  ( -1.000000000000000000, 0.000000000000000000, 0.000000000000000000 ) ) ;
#7033 = ORIENTED_EDGE ( 'NONE', *, *, #5767, .T. ) ;
#7034 = CARTESIAN_POINT ( 'NONE',  ( -1.250000000000000000, 0.000000000000000000, -1.250000000000000222 ) ) ;
#7035 = ORIENTED_EDGE ( 'NONE', *, *, #9624, .T. ) ;
#7036 = MECHANICAL_DESIGN_GEOMETRIC_PRESENTATION_REPRESENTATION (  '', ( #4283 ), #4144 ) ;
#7037 = CARTESIAN_POINT ( 'NONE',  ( 1.599999999999999201, 0.2030000000000000138, 0.6250000000000001110 ) ) ;
#7038 = ORIENTED_EDGE ( 'NONE', *, *, #3235, .F. ) ;
#7039 = EDGE_CURVE ( 'NONE', #3920, #5337, #5102, .T. ) ;
#7040 = DIRECTION ( 'NONE',  ( 0.000000000000000000, 0.000000000000000000, 1.000000000000000000 ) ) ;
#7041 = DIRECTION ( 'NONE',  ( 1.000000000000000000, -0.000000000000000000, -1.084202172485504434E-16 ) ) ;
#7042 = ORIENTED_EDGE ( 'NONE', *, *, #8284, .T. ) ;
#7043 = CARTESIAN_POINT ( 'NONE',  ( -1.124999999999999556, 0.2030000000000000138, 1.600000000000001421 ) ) ;
#7044 = DIRECTION ( 'NONE',  ( 0.000000000000000000, 0.000000000000000000, -1.000000000000000000 ) ) ;
#7045 = CARTESIAN_POINT ( 'NONE',  ( -1.374999999999999556, 0.2030000000000000138, 2.000000000000000888 ) ) ;
#7046 = FACE_OUTER_BOUND ( 'NONE', #8344, .T. ) ;
#7047 =( NAMED_UNIT ( * ) PLANE_ANGLE_UNIT ( ) SI_UNIT ( $, .RADIAN. ) );
#7048 = ORIENTED_EDGE ( 'NONE', *, *, #5807, .F. ) ;
#7049 = LINE ( 'NONE', #2276, #3908 ) ;
#7050 = LINE ( 'NONE', #6876, #7168 ) ;
#7051 = VERTEX_POINT ( 'NONE', #3602 ) ;
#7052 = CARTESIAN_POINT ( 'NONE',  ( 1.599999999999998979, 0.000000000000000000, 0.3750000000000001110 ) ) ;
#7053 = CARTESIAN_POINT ( 'NONE',  ( -0.1249999999999994588, 0.04999999999999999584, 1.600000000000001421 ) ) ;
#7054 = VERTEX_POINT ( 'NONE', #1844 ) ;
#7055 = DIRECTION ( 'NONE',  ( -1.000000000000000000, 0.000000000000000000, 1.047444401652940007E-14 ) ) ;
#7056 = EDGE_CURVE ( 'NONE', #5876, #7555, #8895, .T. ) ;
#7057 = DIRECTION ( 'NONE',  ( 1.000000000000000000, 0.000000000000000000, 5.421010862427524142E-16 ) ) ;
#7058 = ORIENTED_EDGE ( 'NONE', *, *, #9769, .T. ) ;
#7059 = DIRECTION ( 'NONE',  ( 1.000000000000000000, -3.614007241618349264E-16, -0.000000000000000000 ) ) ;
#7060 = CARTESIAN_POINT ( 'NONE',  ( -2.000000000000016431, 0.2030000000000000970, -1.599999999999977884 ) ) ;
#7061 = VERTEX_POINT ( 'NONE', #7634 ) ;
#7062 = EDGE_CURVE ( 'NONE', #7054, #6681, #8961, .T. ) ;
#7063 = ORIENTED_EDGE ( 'NONE', *, *, #5422, .F. ) ;
#7064 = CARTESIAN_POINT ( 'NONE',  ( -1.599999999999999201, 0.2030000000000000970, -0.3749999999999998890 ) ) ;
#7065 = LINE ( 'NONE', #8192, #7380 ) ;
#7066 = DIRECTION ( 'NONE',  ( 0.000000000000000000, 0.000000000000000000, -1.000000000000000000 ) ) ;
#7067 = CARTESIAN_POINT ( 'NONE',  ( 0.8750000000000001110, 0.2030000000000000138, -1.600000000000000977 ) ) ;
#7068 =( NAMED_UNIT ( * ) SI_UNIT ( $, .STERADIAN. ) SOLID_ANGLE_UNIT ( ) );
#7069 = DIRECTION ( 'NONE',  ( 0.000000000000000000, 0.000000000000000000, -1.000000000000000000 ) ) ;
#7070 = DIRECTION ( 'NONE',  ( 1.734723475976807587E-16, 0.000000000000000000, -1.000000000000000000 ) ) ;
#7071 = LINE ( 'NONE', #9192, #119 ) ;
#7072 = ORIENTED_EDGE ( 'NONE', *, *, #915, .T. ) ;
#7073 = ADVANCED_FACE ( 'NONE', ( #1798 ), #4311, .T. ) ;
#7074 = ORIENTED_EDGE ( 'NONE', *, *, #2734, .F. ) ;
#7075 = ADVANCED_FACE ( 'NONE', ( #5263 ), #9998, .F. ) ;
#7076 = DIRECTION ( 'NONE',  ( 1.000000000000000000, 0.000000000000000000, -1.084202172485504681E-16 ) ) ;
#7077 = EDGE_LOOP ( 'NONE', ( #4149, #7388, #6102, #5912 ) ) ;
#7078 = VECTOR ( 'NONE', #7972, 1000.000000000000000 ) ;
#7079 = EDGE_CURVE ( 'NONE', #4545, #3175, #8828, .T. ) ;
#7080 = VERTEX_POINT ( 'NONE', #7790 ) ;
#7081 = LINE ( 'NONE', #10347, #3365 ) ;
#7082 = VERTEX_POINT ( 'NONE', #2725 ) ;
#7083 = CARTESIAN_POINT ( 'NONE',  ( -1.999999999999999112, 0.2030000000000000138, 0.8750000000000001110 ) ) ;
#7084 = EDGE_CURVE ( 'NONE', #6736, #1297, #8844, .T. ) ;
#7085 = CARTESIAN_POINT ( 'NONE',  ( 0.000000000000000000, 0.05000000000000000278, 0.3750000000000001110 ) ) ;
#7086 = LINE ( 'NONE', #2142, #3779 ) ;
#7087 = LINE ( 'NONE', #1275, #225 ) ;
#7088 = CARTESIAN_POINT ( 'NONE',  ( -1.599999999999998979, 0.2030000000000000970, -1.999999999999999556 ) ) ;
#7089 = VERTEX_POINT ( 'NONE', #4382 ) ;
#7090 = DIRECTION ( 'NONE',  ( 0.000000000000000000, 0.000000000000000000, -1.000000000000000000 ) ) ;
#7091 = ORIENTED_EDGE ( 'NONE', *, *, #1996, .T. ) ;
#7092 = CARTESIAN_POINT ( 'NONE',  ( -1.899999999999982592, 0.2030000000000000970, 1.600000000000018963 ) ) ;
#7093 = ORIENTED_EDGE ( 'NONE', *, *, #7390, .F. ) ;
#7094 = LINE ( 'NONE', #1558, #3597 ) ;
#7095 = ADVANCED_FACE ( 'NONE', ( #8860 ), #5949, .F. ) ;
#7096 = VERTEX_POINT ( 'NONE', #1197 ) ;
#7097 = ORIENTED_EDGE ( 'NONE', *, *, #3361, .T. ) ;
#7098 = VECTOR ( 'NONE', #8337, 1000.000000000000000 ) ;
#7099 = EDGE_CURVE ( 'NONE', #10060, #4312, #1847, .T. ) ;
#7100 = LINE ( 'NONE', #7083, #61 ) ;
#7101 = DIRECTION ( 'NONE',  ( 1.000000000000000000, 0.000000000000000000, -0.000000000000000000 ) ) ;
#7102 = ORIENTED_EDGE ( 'NONE', *, *, #180, .F. ) ;
#7103 = EDGE_CURVE ( 'NONE', #7418, #7946, #8604, .T. ) ;
#7104 = PLANE ( 'NONE',  #1496 ) ;
#7105 = ORIENTED_EDGE ( 'NONE', *, *, #8425, .F. ) ;
#7106 = DIRECTION ( 'NONE',  ( 6.309119421277206419E-31, -1.000000000000000000, 1.807003620809174878E-16 ) ) ;
#7107 = AXIS2_PLACEMENT_3D ( 'NONE', #4852, #9789, #2428 ) ;
#7108 = DIRECTION ( 'NONE',  ( 0.000000000000000000, -1.000000000000000000, 0.000000000000000000 ) ) ;
#7109 = VERTEX_POINT ( 'NONE', #6245 ) ;
#7110 = LINE ( 'NONE', #2610, #7419 ) ;
#7111 = CARTESIAN_POINT ( 'NONE',  ( 1.599999999999998979, 0.2030000000000000970, -0.1249999999999998890 ) ) ;
#7112 = ORIENTED_EDGE ( 'NONE', *, *, #5807, .T. ) ;
#7113 = PLANE ( 'NONE',  #3098 ) ;
#7114 = CARTESIAN_POINT ( 'NONE',  ( 0.3750000000000001110, 0.6746990566028302494, -1.600000000000000977 ) ) ;
#7115 = DIRECTION ( 'NONE',  ( -0.000000000000000000, -1.000000000000000000, -0.000000000000000000 ) ) ;
#7116 = EDGE_CURVE ( 'NONE', #3657, #540, #5353, .T. ) ;
#7117 = SURFACE_STYLE_FILL_AREA ( #3395 ) ;
#7118 = PLANE ( 'NONE',  #4900 ) ;
#7119 = ORIENTED_EDGE ( 'NONE', *, *, #8118, .T. ) ;
#7120 = SURFACE_STYLE_FILL_AREA ( #10430 ) ;
#7121 = ORIENTED_EDGE ( 'NONE', *, *, #6270, .F. ) ;
#7122 = CARTESIAN_POINT ( 'NONE',  ( -1.900000000000016342, 0.2030000000000000970, -1.599999999999978995 ) ) ;
#7123 = EDGE_LOOP ( 'NONE', ( #3625, #9591, #1966, #8916 ) ) ;
#7124 = DIRECTION ( 'NONE',  ( 0.000000000000000000, -1.000000000000000000, 0.000000000000000000 ) ) ;
#7125 = CARTESIAN_POINT ( 'NONE',  ( 1.599999999999998979, 0.2030000000000000970, -1.999999999999999556 ) ) ;
#7126 = ORIENTED_EDGE ( 'NONE', *, *, #7205, .F. ) ;
#7127 = LINE ( 'NONE', #4493, #102 ) ;
#7128 = PLANE ( 'NONE',  #1314 ) ;
#7129 = CARTESIAN_POINT ( 'NONE',  ( -1.999999999999999556, 0.000000000000000000, 2.094888803305879382E-14 ) ) ;
#7130 = MECHANICAL_DESIGN_GEOMETRIC_PRESENTATION_REPRESENTATION (  '', ( #9524 ), #418 ) ;
#7132 = VERTEX_POINT ( 'NONE', #7146 ) ;
#7131 = AXIS2_PLACEMENT_3D ( 'NONE', #2123, #9382, #4675 ) ;
#7133 = LINE ( 'NONE', #6091, #3719 ) ;
#7134 = EDGE_LOOP ( 'NONE', ( #590, #6808, #2124, #2453 ) ) ;
#7135 = EDGE_CURVE ( 'NONE', #6554, #10300, #1880, .T. ) ;
#7136 = CARTESIAN_POINT ( 'NONE',  ( 2.000000000000000888, 7.256854249492380227, -2.000000000000000888 ) ) ;
#7137 = CARTESIAN_POINT ( 'NONE',  ( -1.499999999999999112, 0.8000000000000000444, -1.500000000000000666 ) ) ;
#7138 = CARTESIAN_POINT ( 'NONE',  ( -1.599999999999999201, 0.2030000000000000138, 1.125000000000000222 ) ) ;
#7139 = CARTESIAN_POINT ( 'NONE',  ( 0.000000000000000000, 0.2030000000000000138, 0.000000000000000000 ) ) ;
#7140 = ADVANCED_FACE ( 'NONE', ( #1911 ), #6, .F. ) ;
#7141 = CARTESIAN_POINT ( 'NONE',  ( 1.899999999999993916, 0.2030000000000000970, -1.600000000000005640 ) ) ;
#7142 = DIRECTION ( 'NONE',  ( -1.000000000000000000, 0.000000000000000000, -1.734723475976807587E-16 ) ) ;
#7143 = FACE_OUTER_BOUND ( 'NONE', #4509, .T. ) ;
#7144 = ORIENTED_EDGE ( 'NONE', *, *, #346, .F. ) ;
#7145 = ORIENTED_EDGE ( 'NONE', *, *, #6057, .T. ) ;
#7146 = CARTESIAN_POINT ( 'NONE',  ( 0.3750000000000001110, 0.2030000000000000970, -2.000000000000000888 ) ) ;
#7147 = ORIENTED_EDGE ( 'NONE', *, *, #8967, .F. ) ;
#7148 = FACE_OUTER_BOUND ( 'NONE', #5328, .T. ) ;
#7149 = ORIENTED_EDGE ( 'NONE', *, *, #7769, .T. ) ;
#7150 = LINE ( 'NONE', #692, #7270 ) ;
#7151 = AXIS2_PLACEMENT_3D ( 'NONE', #1380, #8443, #7601 ) ;
#7152 = VERTEX_POINT ( 'NONE', #650 ) ;
#7153 = CARTESIAN_POINT ( 'NONE',  ( -1.599999999999999201, 0.2030000000000000138, -0.8749999999999998890 ) ) ;
#7154 = CARTESIAN_POINT ( 'NONE',  ( -1.999999999999999556, 0.000000000000000000, 2.094888803305879382E-14 ) ) ;
#7155 = EDGE_CURVE ( 'NONE', #3820, #5821, #8941, .T. ) ;
#7156 = VECTOR ( 'NONE', #8010, 1000.000000000000000 ) ;
#7157 = DIRECTION ( 'NONE',  ( 1.000000000000000000, -0.000000000000000000, -0.000000000000000000 ) ) ;
#7158 = ORIENTED_EDGE ( 'NONE', *, *, #9116, .F. ) ;
#7159 = CARTESIAN_POINT ( 'NONE',  ( 1.599999999999998979, 0.2030000000000000970, 1.729999999999999538 ) ) ;
#7160 = ADVANCED_FACE ( 'NONE', ( #9009 ), #5024, .F. ) ;
#7161 = ORIENTED_EDGE ( 'NONE', *, *, #2069, .T. ) ;
#7162 = MANIFOLD_SOLID_BREP ( 'LPattern4[1]', #4568 ) ;
#7163 = ORIENTED_EDGE ( 'NONE', *, *, #2869, .F. ) ;
#7164 = LINE ( 'NONE', #5300, #7227 ) ;
#7165 = EDGE_LOOP ( 'NONE', ( #6225, #5860, #6405, #9974 ) ) ;
#7166 = ORIENTED_EDGE ( 'NONE', *, *, #8988, .F. ) ;
#7167 = AXIS2_PLACEMENT_3D ( 'NONE', #965, #1893, #8327 ) ;
#7168 = VECTOR ( 'NONE', #8542, 1000.000000000000000 ) ;
#7169 = DIRECTION ( 'NONE',  ( 1.000000000000000000, 0.000000000000000000, -5.421010862427524142E-16 ) ) ;
#7170 = EDGE_CURVE ( 'NONE', #6524, #8582, #2278, .T. ) ;
#7171 = ORIENTED_EDGE ( 'NONE', *, *, #8102, .T. ) ;
#7172 = DIRECTION ( 'NONE',  ( -1.000000000000000000, 3.614007241618349264E-16, 0.000000000000000000 ) ) ;
#7173 = VERTEX_POINT ( 'NONE', #4044 ) ;
#7174 = PLANE ( 'NONE',  #1812 ) ;
#7175 = ORIENTED_EDGE ( 'NONE', *, *, #7062, .F. ) ;
#7176 = VECTOR ( 'NONE', #4029, 1000.000000000000000 ) ;
#7177 = CARTESIAN_POINT ( 'NONE',  ( 0.8750000000000005551, 0.2030000000000000138, 2.000000000000000888 ) ) ;
#7178 = CLOSED_SHELL ( 'NONE', ( #8514, #3670, #7095, #4409, #3669, #4492 ) ) ;
#7179 = CARTESIAN_POINT ( 'NONE',  ( -1.599999999999998979, 0.2030000000000000138, -0.1249999999999998890 ) ) ;
#7180 = PLANE ( 'NONE',  #7985 ) ;
#7181 = LINE ( 'NONE', #6640, #185 ) ;
#7182 = DIRECTION ( 'NONE',  ( -1.000000000000000000, 0.000000000000000000, -5.421010862427524142E-16 ) ) ;
#7183 = VERTEX_POINT ( 'NONE', #9662 ) ;
#7184 = EDGE_CURVE ( 'NONE', #2717, #7226, #2067, .T. ) ;
#7185 = LINE ( 'NONE', #5227, #7236 ) ;
#7186 = AXIS2_PLACEMENT_3D ( 'NONE', #5766, #1934, #10179 ) ;
#7187 = ORIENTED_EDGE ( 'NONE', *, *, #482, .F. ) ;
#7188 = DIRECTION ( 'NONE',  ( 0.000000000000000000, -1.000000000000000000, -0.000000000000000000 ) ) ;
#7189 = EDGE_CURVE ( 'NONE', #1973, #5405, #1998, .T. ) ;
#7190 = PLANE ( 'NONE',  #1745 ) ;
#7191 = ORIENTED_EDGE ( 'NONE', *, *, #1886, .T. ) ;
#7192 = DIRECTION ( 'NONE',  ( 0.000000000000000000, 1.000000000000000000, 0.000000000000000000 ) ) ;
#7193 = ORIENTED_EDGE ( 'NONE', *, *, #10507, .T. ) ;
#7194 = VECTOR ( 'NONE', #10166, 1000.000000000000000 ) ;
#7195 = CARTESIAN_POINT ( 'NONE',  ( -2.000000000000016431, 0.2030000000000000970, -1.599999999999977884 ) ) ;
#7196 = ORIENTED_EDGE ( 'NONE', *, *, #4194, .T. ) ;
#7197 = VECTOR ( 'NONE', #1119, 1000.000000000000000 ) ;
#7198 = ORIENTED_EDGE ( 'NONE', *, *, #4077, .T. ) ;
#7199 = CARTESIAN_POINT ( 'NONE',  ( -1.599999999999998979, 0.2030000000000000693, -2.000000000000000444 ) ) ;
#7200 = DIRECTION ( 'NONE',  ( -0.000000000000000000, -0.000000000000000000, -1.000000000000000000 ) ) ;
#7201 = CARTESIAN_POINT ( 'NONE',  ( 1.599999999999998979, 0.1230000000000000954, -1.999999999999999556 ) ) ;
#7202 = CARTESIAN_POINT ( 'NONE',  ( 2.000000000000000888, 0.05000000000000000278, -2.000000000000000888 ) ) ;
#7203 = CARTESIAN_POINT ( 'NONE',  ( -1.599999999999999201, 0.2030000000000000970, 0.6250000000000001110 ) ) ;
#7204 = ORIENTED_EDGE ( 'NONE', *, *, #2, .T. ) ;
#7205 = EDGE_CURVE ( 'NONE', #6524, #7494, #2213, .T. ) ;
#7206 = ORIENTED_EDGE ( 'NONE', *, *, #2259, .T. ) ;
#7207 = EDGE_CURVE ( 'NONE', #8142, #4548, #2243, .T. ) ;
#7208 = ORIENTED_EDGE ( 'NONE', *, *, #6795, .T. ) ;
#7209 = FACE_OUTER_BOUND ( 'NONE', #9134, .T. ) ;
#7210 = VERTEX_POINT ( 'NONE', #9505 ) ;
#7211 = EDGE_CURVE ( 'NONE', #8897, #4239, #9178, .T. ) ;
#7212 = VERTEX_POINT ( 'NONE', #8852 ) ;
#7213 = CARTESIAN_POINT ( 'NONE',  ( 1.999999999999994005, 0.1230000000000000954, -1.600000000000005862 ) ) ;
#7214 = ORIENTED_EDGE ( 'NONE', *, *, #4472, .F. ) ;
#7215 = EDGE_CURVE ( 'NONE', #9801, #4575, #5555, .T. ) ;
#7216 = CARTESIAN_POINT ( 'NONE',  ( -1.599999999999998979, 0.2030000000000000970, 1.899999999999999467 ) ) ;
#7217 = ADVANCED_FACE ( 'NONE', ( #9073 ), #791, .T. ) ;
#7218 = CARTESIAN_POINT ( 'NONE',  ( 0.3750000000000001110, 0.2030000000000000138, -2.000000000000000888 ) ) ;
#7219 = DIRECTION ( 'NONE',  ( 0.7071067811865513475, -0.000000000000000000, -0.7071067811865436870 ) ) ;
#7220 = AXIS2_PLACEMENT_3D ( 'NONE', #3252, #7735, #5303 ) ;
#7221 = ORIENTED_EDGE ( 'NONE', *, *, #1762, .T. ) ;
#7222 = CARTESIAN_POINT ( 'NONE',  ( -1.599999999999998979, 0.2030000000000000970, 1.899999999999999467 ) ) ;
#7223 = ORIENTED_EDGE ( 'NONE', *, *, #3937, .T. ) ;
#7224 = DIRECTION ( 'NONE',  ( -0.000000000000000000, -0.000000000000000000, 1.000000000000000000 ) ) ;
#7225 = CARTESIAN_POINT ( 'NONE',  ( 0.000000000000000000, 0.000000000000000000, 0.000000000000000000 ) ) ;
#7226 = VERTEX_POINT ( 'NONE', #4797 ) ;
#7227 = VECTOR ( 'NONE', #1491, 1000.000000000000000 ) ;
#7228 = EDGE_CURVE ( 'NONE', #2710, #5238, #5658, .T. ) ;
#7229 = VERTEX_POINT ( 'NONE', #8787 ) ;
#7230 = FACE_OUTER_BOUND ( 'NONE', #8737, .T. ) ;
#7231 = ORIENTED_EDGE ( 'NONE', *, *, #10420, .F. ) ;
#7232 = EDGE_CURVE ( 'NONE', #4, #608, #9249, .T. ) ;
#7233 = ORIENTED_EDGE ( 'NONE', *, *, #2135, .F. ) ;
#7234 = DIRECTION ( 'NONE',  ( -0.000000000000000000, 0.000000000000000000, -1.000000000000000000 ) ) ;
#7235 = MANIFOLD_SOLID_BREP ( 'LPattern4[6]', #1517 ) ;
#7236 = VECTOR ( 'NONE', #356, 1000.000000000000000 ) ;
#7237 = DIRECTION ( 'NONE',  ( 1.000000000000000000, 0.000000000000000000, 5.421010862427524142E-16 ) ) ;
#7238 = ORIENTED_EDGE ( 'NONE', *, *, #10443, .T. ) ;
#7239 = CARTESIAN_POINT ( 'NONE',  ( 1.999999999999999112, 0.000000000000000000, 0.1250000000000003331 ) ) ;
#7240 = EDGE_CURVE ( 'NONE', #7620, #220, #9282, .T. ) ;
#7241 = CARTESIAN_POINT ( 'NONE',  ( 0.3750000000000001110, 0.04999999999999999584, -1.600000000000000977 ) ) ;
#7242 = ORIENTED_EDGE ( 'NONE', *, *, #8840, .F. ) ;
#7243 = ADVANCED_FACE ( 'NONE', ( #2256 ), #5896, .T. ) ;
#7244 = CARTESIAN_POINT ( 'NONE',  ( -1.599999999999998979, 0.1230000000000000954, 1.729999999999999538 ) ) ;
#7245 = ORIENTED_EDGE ( 'NONE', *, *, #6840, .T. ) ;
#7246 = VECTOR ( 'NONE', #8383, 1000.000000000000000 ) ;
#7247 = CARTESIAN_POINT ( 'NONE',  ( 0.000000000000000000, 0.2030000000000000138, 0.000000000000000000 ) ) ;
#7248 = VERTEX_POINT ( 'NONE', #77 ) ;
#7249 = CARTESIAN_POINT ( 'NONE',  ( -1.599999999999998979, 0.2030000000000000138, 1.375000000000000222 ) ) ;
#7250 = DIRECTION ( 'NONE',  ( -0.000000000000000000, -0.000000000000000000, 1.000000000000000000 ) ) ;
#7251 = FACE_OUTER_BOUND ( 'NONE', #3789, .T. ) ;
#7252 = CARTESIAN_POINT ( 'NONE',  ( 1.599999999999999201, 0.2030000000000000138, 0.6250000000000001110 ) ) ;
#7253 = ORIENTED_EDGE ( 'NONE', *, *, #9613, .F. ) ;
#7254 = ORIENTED_EDGE ( 'NONE', *, *, #3053, .F. ) ;
#7255 = CIRCLE ( 'NONE', #2345, 0.1000000000000000472 ) ;
#7256 = FACE_OUTER_BOUND ( 'NONE', #369, .T. ) ;
#7257 = STYLED_ITEM ( 'NONE', ( #9810 ), #4320 ) ;
#7258 = VERTEX_POINT ( 'NONE', #152 ) ;
#7259 = DIRECTION ( 'NONE',  ( 1.047444401652940007E-14, 1.807003620809174632E-16, 1.000000000000000000 ) ) ;
#7260 = CARTESIAN_POINT ( 'NONE',  ( -0.3749999999999998890, 0.6746990566028302494, -1.600000000000000977 ) ) ;
#7261 = ORIENTED_EDGE ( 'NONE', *, *, #2941, .T. ) ;
#7262 = EDGE_CURVE ( 'NONE', #4607, #6013, #2340, .T. ) ;
#7263 = PLANE ( 'NONE',  #10229 ) ;
#7264 = ORIENTED_EDGE ( 'NONE', *, *, #787, .F. ) ;
#7265 = VECTOR ( 'NONE', #9468, 1000.000000000000114 ) ;
#7266 = PLANE ( 'NONE',  #5197 ) ;
#7267 = CARTESIAN_POINT ( 'NONE',  ( -1.599999999999998979, 0.2030000000000000138, 1.375000000000000222 ) ) ;
#7268 = ADVANCED_FACE ( 'NONE', ( #9126 ), #9809, .T. ) ;
#7269 = ORIENTED_EDGE ( 'NONE', *, *, #7189, .F. ) ;
#7270 = VECTOR ( 'NONE', #5524, 1000.000000000000000 ) ;
#7271 = VERTEX_POINT ( 'NONE', #2747 ) ;
#7272 = DIRECTION ( 'NONE',  ( 0.000000000000000000, 0.000000000000000000, -1.000000000000000000 ) ) ;
#7273 = PLANE ( 'NONE',  #6999 ) ;
#7274 = VERTEX_POINT ( 'NONE', #2671 ) ;
#7275 = CARTESIAN_POINT ( 'NONE',  ( -1.749999999999998890, 0.2030000000000000693, -1.899999999999999467 ) ) ;
#7276 = DIRECTION ( 'NONE',  ( 1.000000000000000000, 0.000000000000000000, -0.000000000000000000 ) ) ;
#7277 = CARTESIAN_POINT ( 'NONE',  ( 0.8750000000000005551, 0.2030000000000000138, 1.600000000000001421 ) ) ;
#7278 = DIRECTION ( 'NONE',  ( 0.000000000000000000, -1.000000000000000000, 0.000000000000000000 ) ) ;
#7279 = DIRECTION ( 'NONE',  ( -1.047444401652940007E-14, 3.614007241618349264E-16, -1.000000000000000000 ) ) ;
#7280 = DIRECTION ( 'NONE',  ( 0.000000000000000000, -0.000000000000000000, 1.000000000000000000 ) ) ;
#7281 = COLOUR_RGB ( '',0.7921568627450980005, 0.8196078431372548767, 0.9333333333333333481 ) ;
#7282 = FACE_OUTER_BOUND ( 'NONE', #3520, .T. ) ;
#7283 = PLANE ( 'NONE',  #565 ) ;
#7284 = ORIENTED_EDGE ( 'NONE', *, *, #42, .F. ) ;
#7285 = ORIENTED_EDGE ( 'NONE', *, *, #8584, .T. ) ;
#7286 = AXIS2_PLACEMENT_3D ( 'NONE', #7639, #9440, #8482 ) ;
#7287 = CARTESIAN_POINT ( 'NONE',  ( -1.599999999999998979, 0.1230000000000000954, -1.999999999999999556 ) ) ;
#7288 = ORIENTED_EDGE ( 'NONE', *, *, #3023, .T. ) ;
#7289 = LINE ( 'NONE', #169, #381 ) ;
#7290 = EDGE_CURVE ( 'NONE', #5199, #4608, #2292, .T. ) ;
#7291 = VERTEX_POINT ( 'NONE', #7365 ) ;
#7292 = AXIS2_PLACEMENT_3D ( 'NONE', #3424, #5629, #10025 ) ;
#7293 = VECTOR ( 'NONE', #6714, 1000.000000000000000 ) ;
#7294 = DIRECTION ( 'NONE',  ( -1.000000000000000000, 0.000000000000000000, -0.000000000000000000 ) ) ;
#7295 = VERTEX_POINT ( 'NONE', #4401 ) ;
#7296 = DIRECTION ( 'NONE',  ( 1.000000000000000000, 0.000000000000000000, 5.421010862427524142E-16 ) ) ;
#7297 = CARTESIAN_POINT ( 'NONE',  ( 1.599999999999998979, 0.6746990566028303604, 0.3750000000000001110 ) ) ;
#7298 = ORIENTED_EDGE ( 'NONE', *, *, #8027, .F. ) ;
#7299 = CARTESIAN_POINT ( 'NONE',  ( -1.999999999999999112, 0.2030000000000000138, -1.125000000000000000 ) ) ;
#7300 = LINE ( 'NONE', #2178, #3603 ) ;
#7301 = CARTESIAN_POINT ( 'NONE',  ( 1.899999999999999467, 0.000000000000000000, -6.633814543801951797E-15 ) ) ;
#7302 = CLOSED_SHELL ( 'NONE', ( #6588, #6318, #4291, #2939, #2503, #10551 ) ) ;
#7303 = CARTESIAN_POINT ( 'NONE',  ( -0.6249999999999998890, 0.2030000000000000138, -1.600000000000000977 ) ) ;
#7304 = ORIENTED_EDGE ( 'NONE', *, *, #4352, .T. ) ;
#7305 = DIRECTION ( 'NONE',  ( 0.000000000000000000, 1.000000000000000000, 0.000000000000000000 ) ) ;
#7306 = CARTESIAN_POINT ( 'NONE',  ( 0.8750000000000005551, 0.000000000000000000, 1.600000000000001421 ) ) ;
#7307 = MECHANICAL_DESIGN_GEOMETRIC_PRESENTATION_REPRESENTATION (  '', ( #9568 ), #3140 ) ;
#7308 = ORIENTED_EDGE ( 'NONE', *, *, #2810, .T. ) ;
#7309 = VECTOR ( 'NONE', #3372, 1000.000000000000000 ) ;
#7310 = ORIENTED_EDGE ( 'NONE', *, *, #9683, .F. ) ;
#7311 = EDGE_CURVE ( 'NONE', #826, #3234, #5793, .T. ) ;
#7312 = VECTOR ( 'NONE', #9232, 1000.000000000000000 ) ;
#7313 = EDGE_LOOP ( 'NONE', ( #1511, #675, #4315, #8544 ) ) ;
#7314 = ORIENTED_EDGE ( 'NONE', *, *, #4661, .T. ) ;
#7315 = ADVANCED_FACE ( 'NONE', ( #9165 ), #1006, .T. ) ;
#7316 = CARTESIAN_POINT ( 'NONE',  ( -1.599999999999999201, 0.000000000000000000, -1.375000000000000000 ) ) ;
#7317 = COLOUR_RGB ( '',0.7921568627450980005, 0.8196078431372548767, 0.9333333333333333481 ) ;
#7318 = ORIENTED_EDGE ( 'NONE', *, *, #2424, .F. ) ;
#7319 = CARTESIAN_POINT ( 'NONE',  ( 1.899999999999993472, 0.2030000000000000693, -1.750000000000005551 ) ) ;
#7320 = CARTESIAN_POINT ( 'NONE',  ( 1.599999999999998979, 0.2030000000000000138, -0.6249999999999998890 ) ) ;
#7321 = ORIENTED_EDGE ( 'NONE', *, *, #217, .F. ) ;
#7322 = DIRECTION ( 'NONE',  ( 0.000000000000000000, -0.000000000000000000, -1.000000000000000000 ) ) ;
#7323 = ORIENTED_EDGE ( 'NONE', *, *, #7099, .T. ) ;
#7324 = VECTOR ( 'NONE', #7951, 1000.000000000000000 ) ;
#7325 = EDGE_CURVE ( 'NONE', #8582, #388, #2036, .T. ) ;
#7326 = ORIENTED_EDGE ( 'NONE', *, *, #4111, .F. ) ;
#7327 = CARTESIAN_POINT ( 'NONE',  ( -1.729999999999981108, 0.2030000000000000693, 1.750000000000017097 ) ) ;
#7328 = CARTESIAN_POINT ( 'NONE',  ( 0.8750000000000001110, 0.2030000000000000138, -1.600000000000000977 ) ) ;
#7329 = PLANE ( 'NONE',  #6266 ) ;
#7330 = AXIS2_PLACEMENT_3D ( 'NONE', #2966, #7886, #6126 ) ;
#7331 = LINE ( 'NONE', #10140, #332 ) ;
#7332 = CARTESIAN_POINT ( 'NONE',  ( -1.599999999999998979, 0.2030000000000000138, -0.6249999999999998890 ) ) ;
#7333 = UNCERTAINTY_MEASURE_WITH_UNIT (LENGTH_MEASURE( 1.000000000000000082E-05 ), #7755, 'distance_accuracy_value', 'NONE');
#7334 = ORIENTED_EDGE ( 'NONE', *, *, #8819, .F. ) ;
#7335 = EDGE_CURVE ( 'NONE', #1684, #2554, #9343, .T. ) ;
#7336 = VERTEX_POINT ( 'NONE', #373 ) ;
#7337 = LINE ( 'NONE', #5702, #7358 ) ;
#7338 = LINE ( 'NONE', #1047, #435 ) ;
#7339 = ORIENTED_EDGE ( 'NONE', *, *, #7116, .T. ) ;
#7340 = CARTESIAN_POINT ( 'NONE',  ( -1.599999999999998979, 0.05000000000000023870, 0.3750000000000001110 ) ) ;
#7341 = PLANE ( 'NONE',  #5029 ) ;
#7342 = ADVANCED_FACE ( 'NONE', ( #2099 ), #10097, .F. ) ;
#7343 = CARTESIAN_POINT ( 'NONE',  ( -1.999999999999999112, 0.6746990566028303604, 1.375000000000000222 ) ) ;
#7344 = ORIENTED_EDGE ( 'NONE', *, *, #6451, .T. ) ;
#7345 = LINE ( 'NONE', #8691, #3738 ) ;
#7346 = CARTESIAN_POINT ( 'NONE',  ( 1.900000000000005684, 0.1230000000000000676, 1.749999999999992228 ) ) ;
#7347 = PLANE ( 'NONE',  #2201 ) ;
#7348 = VERTEX_POINT ( 'NONE', #4334 ) ;
#7349 = VERTEX_POINT ( 'NONE', #6742 ) ;
#7350 = DIRECTION ( 'NONE',  ( 1.000000000000000000, -0.000000000000000000, -0.000000000000000000 ) ) ;
#7351 = VERTEX_POINT ( 'NONE', #7582 ) ;
#7352 = CARTESIAN_POINT ( 'NONE',  ( -1.599999999999998979, 0.2030000000000000970, 1.729999999999999538 ) ) ;
#7353 = DIRECTION ( 'NONE',  ( -0.000000000000000000, -1.000000000000000000, -0.000000000000000000 ) ) ;
#7354 = DIRECTION ( 'NONE',  ( -1.000000000000000000, 0.000000000000000000, 8.673617379884037444E-16 ) ) ;
#7355 = EDGE_CURVE ( 'NONE', #1614, #2060, #5606, .T. ) ;
#7356 = CARTESIAN_POINT ( 'NONE',  ( 1.375000000000000666, 0.2030000000000000138, 1.600000000000001421 ) ) ;
#7357 = CARTESIAN_POINT ( 'NONE',  ( -0.1249999999999994588, 0.6746990566028302494, 1.600000000000001421 ) ) ;
#7358 = VECTOR ( 'NONE', #6536, 1000.000000000000000 ) ;
#7359 = VECTOR ( 'NONE', #980, 1000.000000000000000 ) ;
#7360 = PLANE ( 'NONE',  #6747 ) ;
#7361 = ORIENTED_EDGE ( 'NONE', *, *, #8854, .F. ) ;
#7362 = EDGE_CURVE ( 'NONE', #10317, #9679, #2126, .T. ) ;
#7363 = PRESENTATION_LAYER_ASSIGNMENT (  '', '', ( #10088 ) ) ;
#7364 = EDGE_CURVE ( 'NONE', #1750, #2490, #9212, .T. ) ;
#7365 = CARTESIAN_POINT ( 'NONE',  ( -1.999999999999999112, 0.000000000000000000, 1.375000000000000222 ) ) ;
#7366 = ORIENTED_EDGE ( 'NONE', *, *, #2869, .T. ) ;
#7367 = LINE ( 'NONE', #6372, #7176 ) ;
#7368 = ADVANCED_FACE ( 'NONE', ( #9595 ), #8297, .F. ) ;
#7369 = ORIENTED_EDGE ( 'NONE', *, *, #2831, .T. ) ;
#7370 = EDGE_CURVE ( 'NONE', #4246, #2452, #6044, .T. ) ;
#7371 = FACE_OUTER_BOUND ( 'NONE', #2546, .T. ) ;
#7372 = STYLED_ITEM ( 'NONE', ( #9265 ), #7235 ) ;
#7373 = VERTEX_POINT ( 'NONE', #816 ) ;
#7374 = PLANE ( 'NONE',  #4355 ) ;
#7375 = ORIENTED_EDGE ( 'NONE', *, *, #9345, .T. ) ;
#7376 = AXIS2_PLACEMENT_3D ( 'NONE', #2169, #6716, #7625 ) ;
#7377 = DIRECTION ( 'NONE',  ( -1.000000000000000000, -3.614007241618349264E-16, 0.000000000000000000 ) ) ;
#7378 = LINE ( 'NONE', #7662, #3517 ) ;
#7379 = PLANE ( 'NONE',  #8905 ) ;
#7380 = VECTOR ( 'NONE', #6429, 1000.000000000000000 ) ;
#7381 = ORIENTED_EDGE ( 'NONE', *, *, #1667, .F. ) ;
#7382 = CARTESIAN_POINT ( 'NONE',  ( -1.999999999999999112, 0.6746990566028303604, 1.375000000000000222 ) ) ;
#7383 = EDGE_CURVE ( 'NONE', #930, #7800, #2504, .T. ) ;
#7384 = DIRECTION ( 'NONE',  ( 0.000000000000000000, -0.000000000000000000, -1.000000000000000000 ) ) ;
#7385 = ORIENTED_EDGE ( 'NONE', *, *, #10177, .F. ) ;
#7386 = FACE_OUTER_BOUND ( 'NONE', #773, .T. ) ;
#7387 = AXIS2_PLACEMENT_3D ( 'NONE', #1438, #8687, #9700 ) ;
#7388 = ORIENTED_EDGE ( 'NONE', *, *, #1835, .F. ) ;
#7389 = ORIENTED_EDGE ( 'NONE', *, *, #7432, .F. ) ;
#7390 = EDGE_CURVE ( 'NONE', #388, #7761, #2638, .T. ) ;
#7391 = VERTEX_POINT ( 'NONE', #1217 ) ;
#7392 = DIRECTION ( 'NONE',  ( -0.000000000000000000, -1.000000000000000000, -0.000000000000000000 ) ) ;
#7393 = CARTESIAN_POINT ( 'NONE',  ( 1.899999999999993472, 0.2030000000000000693, -1.750000000000005551 ) ) ;
#7394 = LINE ( 'NONE', #7817, #7747 ) ;
#7395 = SURFACE_STYLE_USAGE ( .BOTH. , #5926 ) ;
#7396 = VECTOR ( 'NONE', #3856, 1000.000000000000000 ) ;
#7397 = ORIENTED_EDGE ( 'NONE', *, *, #4888, .F. ) ;
#7398 = CARTESIAN_POINT ( 'NONE',  ( 1.250000000000000000, 0.05000000000000000278, 0.000000000000000000 ) ) ;
#7399 = CARTESIAN_POINT ( 'NONE',  ( -1.729999999999982885, 0.1230000000000000954, 1.600000000000017186 ) ) ;
#7400 = PLANE ( 'NONE',  #6108 ) ;
#7401 = EDGE_LOOP ( 'NONE', ( #1646, #1191, #5160, #1626 ) ) ;
#7402 = VECTOR ( 'NONE', #94, 1000.000000000000000 ) ;
#7403 = EDGE_LOOP ( 'NONE', ( #6963, #3590, #2746, #9407 ) ) ;
#7404 = SURFACE_SIDE_STYLE ('',( #627 ) ) ;
#7405 = CARTESIAN_POINT ( 'NONE',  ( 2.000000000000000888, 0.05000000000000000278, -2.000000000000000888 ) ) ;
#7406 = DIRECTION ( 'NONE',  ( 0.000000000000000000, 0.000000000000000000, 1.000000000000000000 ) ) ;
#7407 = CARTESIAN_POINT ( 'NONE',  ( 0.000000000000000000, 0.2030000000000000138, 0.000000000000000000 ) ) ;
#7408 = AXIS2_PLACEMENT_3D ( 'NONE', #5841, #6690, #5571 ) ;
#7409 = ORIENTED_EDGE ( 'NONE', *, *, #7760, .F. ) ;
#7410 = ORIENTED_EDGE ( 'NONE', *, *, #6020, .T. ) ;
#7411 = EDGE_CURVE ( 'NONE', #7373, #6086, #9557, .T. ) ;
#7412 = ADVANCED_FACE ( 'NONE', ( #9577 ), #450, .F. ) ;
#7413 = LINE ( 'NONE', #378, #677 ) ;
#7414 = LINE ( 'NONE', #9233, #76 ) ;
#7415 = ORIENTED_EDGE ( 'NONE', *, *, #10428, .F. ) ;
#7416 = CARTESIAN_POINT ( 'NONE',  ( -1.599999999999998979, 0.2030000000000000138, 0.3750000000000001110 ) ) ;
#7417 = CARTESIAN_POINT ( 'NONE',  ( 2.000000000000000888, 0.05000000000000000278, -2.000000000000000888 ) ) ;
#7418 = VERTEX_POINT ( 'NONE', #10245 ) ;
#7419 = VECTOR ( 'NONE', #2318, 1000.000000000000000 ) ;
#7420 = DIRECTION ( 'NONE',  ( 1.000000000000000000, 0.000000000000000000, 0.000000000000000000 ) ) ;
#7421 = DIRECTION ( 'NONE',  ( 1.000000000000000000, 0.000000000000000000, 0.000000000000000000 ) ) ;
#7422 = ORIENTED_EDGE ( 'NONE', *, *, #9225, .T. ) ;
#7423 = LINE ( 'NONE', #46, #3600 ) ;
#7424 = ORIENTED_EDGE ( 'NONE', *, *, #4077, .F. ) ;
#7425 = DIRECTION ( 'NONE',  ( -3.785471652766324377E-30, 1.000000000000000000, -3.614007241618349757E-16 ) ) ;
#7426 = ORIENTED_EDGE ( 'NONE', *, *, #6334, .F. ) ;
#7427 = AXIS2_PLACEMENT_3D ( 'NONE', #2899, #6285, #4413 ) ;
#7428 = CARTESIAN_POINT ( 'NONE',  ( -1.499999999999999112, 0.8000000000000000444, -1.666666666666667407 ) ) ;
#7429 = DIRECTION ( 'NONE',  ( -8.673617379884037444E-16, 0.000000000000000000, -1.000000000000000000 ) ) ;
#7430 = PLANE ( 'NONE',  #7932 ) ;
#7431 = VECTOR ( 'NONE', #7032, 1000.000000000000000 ) ;
#7432 = EDGE_CURVE ( 'NONE', #6348, #630, #2562, .T. ) ;
#7433 = VECTOR ( 'NONE', #6286, 1000.000000000000000 ) ;
#7434 =( NAMED_UNIT ( * ) PLANE_ANGLE_UNIT ( ) SI_UNIT ( $, .RADIAN. ) );
#7435 = ORIENTED_EDGE ( 'NONE', *, *, #4514, .F. ) ;
#7436 = ADVANCED_FACE ( 'NONE', ( #6010 ), #8945, .T. ) ;
#7437 = DIRECTION ( 'NONE',  ( 1.807003620809174632E-16, -1.000000000000000000, 0.000000000000000000 ) ) ;
#7438 = ORIENTED_EDGE ( 'NONE', *, *, #105, .F. ) ;
#7439 = LINE ( 'NONE', #8613, #274 ) ;
#7440 = VERTEX_POINT ( 'NONE', #8877 ) ;
#7441 = VECTOR ( 'NONE', #6448, 1000.000000000000000 ) ;
#7442 = EDGE_LOOP ( 'NONE', ( #9119, #1916, #3420, #9254 ) ) ;
#7443 = DIRECTION ( 'NONE',  ( 0.000000000000000000, -1.000000000000000000, 0.000000000000000000 ) ) ;
#7444 = ORIENTED_EDGE ( 'NONE', *, *, #8400, .F. ) ;
#7445 = DIRECTION ( 'NONE',  ( -0.000000000000000000, 0.000000000000000000, -1.000000000000000000 ) ) ;
#7446 = AXIS2_PLACEMENT_3D ( 'NONE', #764, #1580, #9706 ) ;
#7447 = CARTESIAN_POINT ( 'NONE',  ( -1.499999999999999112, 0.6999999999999999556, -1.666666666666667407 ) ) ;
#7448 = LINE ( 'NONE', #7704, #3870 ) ;
#7449 = ORIENTED_EDGE ( 'NONE', *, *, #2146, .T. ) ;
#7450 = AXIS2_PLACEMENT_3D ( 'NONE', #2026, #1454, #2847 ) ;
#7451 = PLANE ( 'NONE',  #5993 ) ;
#7452 = CARTESIAN_POINT ( 'NONE',  ( 1.999999999999999112, 0.6746990566028303604, 1.375000000000000222 ) ) ;
#7453 = VERTEX_POINT ( 'NONE', #1291 ) ;
#7454 = FACE_OUTER_BOUND ( 'NONE', #6625, .T. ) ;
#7455 = ADVANCED_FACE ( 'NONE', ( #9429 ), #30, .T. ) ;
#7456 = ORIENTED_EDGE ( 'NONE', *, *, #6293, .T. ) ;
#7457 = FACE_OUTER_BOUND ( 'NONE', #8455, .T. ) ;
#7458 = ORIENTED_EDGE ( 'NONE', *, *, #4379, .T. ) ;
#7459 = EDGE_LOOP ( 'NONE', ( #132, #7568 ) ) ;
#7460 = VERTEX_POINT ( 'NONE', #9690 ) ;
#7461 = CARTESIAN_POINT ( 'NONE',  ( -0.3749999999999994449, 0.04999999999999969746, 2.000000000000000888 ) ) ;
#7462 = CARTESIAN_POINT ( 'NONE',  ( -1.499999999999999112, 0.6999999999999999556, -1.500000000000000666 ) ) ;
#7463 = DIRECTION ( 'NONE',  ( -0.000000000000000000, -0.000000000000000000, 1.000000000000000000 ) ) ;
#7464 = LINE ( 'NONE', #4822, #451 ) ;
#7465 = DIRECTION ( 'NONE',  ( 0.000000000000000000, 1.000000000000000000, 0.000000000000000000 ) ) ;
#7466 = VECTOR ( 'NONE', #6354, 1000.000000000000000 ) ;
#7467 = ORIENTED_EDGE ( 'NONE', *, *, #588, .T. ) ;
#7468 = EDGE_CURVE ( 'NONE', #3103, #9894, #5989, .T. ) ;
#7469 = CARTESIAN_POINT ( 'NONE',  ( 0.000000000000000000, 0.05000000000000000278, 0.8750000000000001110 ) ) ;
#7470 = CARTESIAN_POINT ( 'NONE',  ( 2.000000000000000888, 7.256854249492380227, 1.999999999999999112 ) ) ;
#7471 = UNCERTAINTY_MEASURE_WITH_UNIT (LENGTH_MEASURE( 1.000000000000000082E-05 ), #7777, 'distance_accuracy_value', 'NONE');
#7472 =( NAMED_UNIT ( * ) SI_UNIT ( $, .STERADIAN. ) SOLID_ANGLE_UNIT ( ) );
#7473 = EDGE_CURVE ( 'NONE', #4333, #3169, #5840, .T. ) ;
#7474 = DIRECTION ( 'NONE',  ( 1.000000000000000000, -0.000000000000000000, 0.000000000000000000 ) ) ;
#7475 = EDGE_LOOP ( 'NONE', ( #9187, #5730, #7221, #5240 ) ) ;
#7476 = LINE ( 'NONE', #6547, #7402 ) ;
#7477 = DIRECTION ( 'NONE',  ( -0.000000000000000000, -1.000000000000000000, -0.000000000000000000 ) ) ;
#7478 = VERTEX_POINT ( 'NONE', #2887 ) ;
#7479 = DIRECTION ( 'NONE',  ( 1.000000000000000000, 0.000000000000000000, -0.000000000000000000 ) ) ;
#7480 = DIRECTION ( 'NONE',  ( -1.000000000000000000, 0.000000000000000000, 0.000000000000000000 ) ) ;
#7481 = VECTOR ( 'NONE', #3459, 1000.000000000000000 ) ;
#7482 = EDGE_LOOP ( 'NONE', ( #6740, #5697, #10049, #3537 ) ) ;
#7483 = EDGE_LOOP ( 'NONE', ( #81, #8807, #6557, #9381 ) ) ;
#7484 = EDGE_LOOP ( 'NONE', ( #6799, #10422, #6165, #7269 ) ) ;
#7485 = FACE_OUTER_BOUND ( 'NONE', #10195, .T. ) ;
#7486 = ORIENTED_EDGE ( 'NONE', *, *, #3930, .F. ) ;
#7487 = DIRECTION ( 'NONE',  ( 0.000000000000000000, 0.000000000000000000, -1.000000000000000000 ) ) ;
#7488 = DIRECTION ( 'NONE',  ( 0.000000000000000000, -0.000000000000000000, 1.000000000000000000 ) ) ;
#7489 = DIRECTION ( 'NONE',  ( -1.000000000000000000, 0.000000000000000000, 3.491481338843133355E-15 ) ) ;
#7490 = ORIENTED_EDGE ( 'NONE', *, *, #2750, .F. ) ;
#7491 = VECTOR ( 'NONE', #3504, 1000.000000000000000 ) ;
#7492 = EDGE_CURVE ( 'NONE', #9756, #8099, #9410, .T. ) ;
#7493 = CARTESIAN_POINT ( 'NONE',  ( 1.375000000000000666, 0.6746990566028302494, 2.000000000000000888 ) ) ;
#7494 = VERTEX_POINT ( 'NONE', #6957 ) ;
#7495 = VECTOR ( 'NONE', #2105, 1000.000000000000000 ) ;
#7496 = ORIENTED_EDGE ( 'NONE', *, *, #8295, .F. ) ;
#7497 = EDGE_CURVE ( 'NONE', #8607, #4709, #2415, .T. ) ;
#7498 = VERTEX_POINT ( 'NONE', #3994 ) ;
#7499 = EDGE_LOOP ( 'NONE', ( #7444, #673, #1676, #2145 ) ) ;
#7500 = AXIS2_PLACEMENT_3D ( 'NONE', #5465, #767, #4012 ) ;
#7501 = CARTESIAN_POINT ( 'NONE',  ( -0.6249999999999994449, 0.04999999999999969746, 2.000000000000000888 ) ) ;
#7502 = ADVANCED_FACE ( 'NONE', ( #6029 ), #5377, .F. ) ;
#7503 = AXIS2_PLACEMENT_3D ( 'NONE', #4490, #2685, #5254 ) ;
#7504 = FILL_AREA_STYLE ('',( #9643 ) ) ;
#7505 = VECTOR ( 'NONE', #1840, 1000.000000000000000 ) ;
#7506 =( LENGTH_UNIT ( ) NAMED_UNIT ( * ) SI_UNIT ( .MILLI., .METRE. ) );
#7507 = ORIENTED_EDGE ( 'NONE', *, *, #4722, .T. ) ;
#7508 = EDGE_CURVE ( 'NONE', #229, #1215, #2600, .T. ) ;
#7509 = VERTEX_POINT ( 'NONE', #6196 ) ;
#7510 = PRESENTATION_STYLE_ASSIGNMENT (( #8750 ) ) ;
#7511 = ORIENTED_EDGE ( 'NONE', *, *, #5660, .F. ) ;
#7512 = VECTOR ( 'NONE', #9438, 1000.000000000000000 ) ;
#7513 = CARTESIAN_POINT ( 'NONE',  ( -1.599999999999998979, 0.6746990566028303604, -0.6249999999999998890 ) ) ;
#7514 = EDGE_LOOP ( 'NONE', ( #4155, #809, #6521, #7458 ) ) ;
#7515 = CARTESIAN_POINT ( 'NONE',  ( 1.375000000000000666, 0.2030000000000000138, 2.000000000000000888 ) ) ;
#7516 = ORIENTED_EDGE ( 'NONE', *, *, #795, .F. ) ;
#7517 = ORIENTED_EDGE ( 'NONE', *, *, #7003, .T. ) ;
#7518 = PLANE ( 'NONE',  #4785 ) ;
#7519 = FACE_OUTER_BOUND ( 'NONE', #3866, .T. ) ;
#7520 = FACE_OUTER_BOUND ( 'NONE', #1093, .T. ) ;
#7521 = AXIS2_PLACEMENT_3D ( 'NONE', #1485, #2455, #8307 ) ;
#7522 = ORIENTED_EDGE ( 'NONE', *, *, #7635, .T. ) ;
#7523 = CARTESIAN_POINT ( 'NONE',  ( 1.599999999999998979, 0.2030000000000000970, -1.999999999999999556 ) ) ;
#7524 = ADVANCED_FACE ( 'NONE', ( #2431 ), #7881, .F. ) ;
#7525 = CARTESIAN_POINT ( 'NONE',  ( 1.250000000000000000, 0.05000000000000000278, -1.149999999999999689 ) ) ;
#7526 = CARTESIAN_POINT ( 'NONE',  ( 1.599999999999998979, 0.000000000000000000, -1.125000000000000000 ) ) ;
#7527 = EDGE_CURVE ( 'NONE', #3995, #220, #9694, .T. ) ;
#7528 = CARTESIAN_POINT ( 'NONE',  ( -1.999999999999982681, 0.2030000000000000970, 1.600000000000020073 ) ) ;
#7529 = VERTEX_POINT ( 'NONE', #10445 ) ;
#7530 = AXIS2_PLACEMENT_3D ( 'NONE', #9137, #6907, #8513 ) ;
#7531 = ORIENTED_EDGE ( 'NONE', *, *, #10313, .T. ) ;
#7532 = LINE ( 'NONE', #8652, #4016 ) ;
#7533 = ORIENTED_EDGE ( 'NONE', *, *, #5712, .T. ) ;
#7534 = ORIENTED_EDGE ( 'NONE', *, *, #4969, .T. ) ;
#7535 = EDGE_LOOP ( 'NONE', ( #7381, #9198, #9815, #2058 ) ) ;
#7536 = CARTESIAN_POINT ( 'NONE',  ( 1.999999999999994005, 0.2030000000000000970, -1.600000000000005862 ) ) ;
#7537 = CARTESIAN_POINT ( 'NONE',  ( -0.3749999999999998890, 0.2030000000000000138, -1.600000000000000977 ) ) ;
#7538 = VECTOR ( 'NONE', #4479, 1000.000000000000000 ) ;
#7539 = CARTESIAN_POINT ( 'NONE',  ( 1.599999999999998979, 0.2030000000000000138, 0.3750000000000001110 ) ) ;
#7540 = LINE ( 'NONE', #6453, #4354 ) ;
#7541 = VERTEX_POINT ( 'NONE', #751 ) ;
#7542 = DIRECTION ( 'NONE',  ( 0.000000000000000000, 0.000000000000000000, 1.000000000000000000 ) ) ;
#7543 = CARTESIAN_POINT ( 'NONE',  ( -1.999999999999999112, 0.6746990566028303604, 0.3750000000000001110 ) ) ;
#7544 =( GEOMETRIC_REPRESENTATION_CONTEXT ( 3 ) GLOBAL_UNCERTAINTY_ASSIGNED_CONTEXT ( ( #5737 ) ) GLOBAL_UNIT_ASSIGNED_CONTEXT ( ( #896, #3851, #43 ) ) REPRESENTATION_CONTEXT ( 'NONE', 'WORKASPACE' ) );
#7545 = CARTESIAN_POINT ( 'NONE',  ( -1.124999999999999556, 0.6746990566028302494, 1.600000000000001421 ) ) ;
#7546 = ORIENTED_EDGE ( 'NONE', *, *, #1218, .T. ) ;
#7547 = VECTOR ( 'NONE', #6281, 1000.000000000000000 ) ;
#7548 = EDGE_CURVE ( 'NONE', #2087, #73, #2375, .T. ) ;
#7549 = DIRECTION ( 'NONE',  ( 1.000000000000000000, -0.000000000000000000, -3.491481338843133355E-15 ) ) ;
#7550 = ADVANCED_FACE ( 'NONE', ( #9632 ), #1175, .T. ) ;
#7551 = VERTEX_POINT ( 'NONE', #5850 ) ;
#7552 = PLANE ( 'NONE',  #8797 ) ;
#7553 = CARTESIAN_POINT ( 'NONE',  ( 3.388131789017198398E-16, 0.05000000000000000278, 0.6249999999999992228 ) ) ;
#7554 = CARTESIAN_POINT ( 'NONE',  ( -0.6249999999999998890, 0.6746990566028302494, -1.600000000000000977 ) ) ;
#7555 = VERTEX_POINT ( 'NONE', #3583 ) ;
#7556 = ORIENTED_EDGE ( 'NONE', *, *, #1201, .F. ) ;
#7557 = ORIENTED_EDGE ( 'NONE', *, *, #5559, .F. ) ;
#7558 = FACE_OUTER_BOUND ( 'NONE', #3620, .T. ) ;
#7559 = FACE_OUTER_BOUND ( 'NONE', #1814, .T. ) ;
#7560 = ORIENTED_EDGE ( 'NONE', *, *, #5312, .T. ) ;
#7561 = PLANE ( 'NONE',  #198 ) ;
#7562 = AXIS2_PLACEMENT_3D ( 'NONE', #10127, #559, #7845 ) ;
#7563 = DIRECTION ( 'NONE',  ( -0.000000000000000000, 0.000000000000000000, 1.000000000000000000 ) ) ;
#7564 = EDGE_LOOP ( 'NONE', ( #1900, #2005, #2025, #6949 ) ) ;
#7565 = VECTOR ( 'NONE', #4966, 1000.000000000000000 ) ;
#7566 = DIRECTION ( 'NONE',  ( -1.000000000000000000, -3.614007241618349757E-16, 0.000000000000000000 ) ) ;
#7567 = CARTESIAN_POINT ( 'NONE',  ( -0.1249999999999994588, 0.2030000000000000138, 2.000000000000000888 ) ) ;
#7568 = ORIENTED_EDGE ( 'NONE', *, *, #4048, .F. ) ;
#7569 = EDGE_CURVE ( 'NONE', #7682, #4473, #5893, .T. ) ;
#7570 = VECTOR ( 'NONE', #9817, 1000.000000000000000 ) ;
#7571 = ORIENTED_EDGE ( 'NONE', *, *, #1883, .T. ) ;
#7572 = ORIENTED_EDGE ( 'NONE', *, *, #4827, .F. ) ;
#7573 = CARTESIAN_POINT ( 'NONE',  ( 1.375000000000000222, 0.6746990566028302494, -2.000000000000000888 ) ) ;
#7574 = ORIENTED_EDGE ( 'NONE', *, *, #10268, .F. ) ;
#7575 = DIRECTION ( 'NONE',  ( -1.000000000000000000, 0.000000000000000000, -0.000000000000000000 ) ) ;
#7576 = PLANE ( 'NONE',  #9952 ) ;
#7577 = SURFACE_SIDE_STYLE ('',( #6775 ) ) ;
#7578 = LINE ( 'NONE', #7961, #4125 ) ;
#7579 = VECTOR ( 'NONE', #4867, 1000.000000000000000 ) ;
#7580 = DIRECTION ( 'NONE',  ( 0.7071067811865457964, 0.000000000000000000, 0.7071067811865493491 ) ) ;
#7581 = ORIENTED_EDGE ( 'NONE', *, *, #7262, .F. ) ;
#7582 = CARTESIAN_POINT ( 'NONE',  ( -1.999999999999982681, 0.1230000000000000954, 1.600000000000020073 ) ) ;
#7583 = ORIENTED_EDGE ( 'NONE', *, *, #6973, .F. ) ;
#7584 = SURFACE_STYLE_FILL_AREA ( #1876 ) ;
#7585 = EDGE_CURVE ( 'NONE', #1086, #2045, #6062, .T. ) ;
#7586 = EDGE_LOOP ( 'NONE', ( #10280, #2730, #9070, #5806 ) ) ;
#7587 = VECTOR ( 'NONE', #1686, 1000.000000000000000 ) ;
#7588 = DIRECTION ( 'NONE',  ( -1.000000000000000000, 0.000000000000000000, 0.000000000000000000 ) ) ;
#7589 = EDGE_LOOP ( 'NONE', ( #4856, #6932, #4750, #8830 ) ) ;
#7590 = DIRECTION ( 'NONE',  ( 1.000000000000000000, 0.000000000000000000, 0.000000000000000000 ) ) ;
#7591 = ORIENTED_EDGE ( 'NONE', *, *, #6973, .T. ) ;
#7592 = EDGE_CURVE ( 'NONE', #8900, #8764, #2579, .T. ) ;
#7593 = ORIENTED_EDGE ( 'NONE', *, *, #7184, .T. ) ;
#7594 = CARTESIAN_POINT ( 'NONE',  ( -1.124999999999999556, 0.2030000000000000138, 1.600000000000001421 ) ) ;
#7595 = ADVANCED_FACE ( 'NONE', ( #9517 ), #250, .T. ) ;
#7596 = LINE ( 'NONE', #1569, #529 ) ;
#7597 = DIRECTION ( 'NONE',  ( 0.000000000000000000, -1.000000000000000000, 0.000000000000000000 ) ) ;
#7598 = ORIENTED_EDGE ( 'NONE', *, *, #5253, .F. ) ;
#7599 = PLANE ( 'NONE',  #7427 ) ;
#7600 = CARTESIAN_POINT ( 'NONE',  ( -1.599999999999999201, 0.6746990566028303604, 0.6250000000000001110 ) ) ;
#7601 = DIRECTION ( 'NONE',  ( 0.000000000000000000, -0.000000000000000000, 1.000000000000000000 ) ) ;
#7602 = DIRECTION ( 'NONE',  ( 0.000000000000000000, -1.000000000000000000, 0.000000000000000000 ) ) ;
#7603 = CARTESIAN_POINT ( 'NONE',  ( 0.000000000000000000, 0.000000000000000000, 0.5000000000000000000 ) ) ;
#7604 = ORIENTED_EDGE ( 'NONE', *, *, #221, .T. ) ;
#7605 = ORIENTED_EDGE ( 'NONE', *, *, #4048, .T. ) ;
#7606 = EDGE_CURVE ( 'NONE', #7336, #7295, #9445, .T. ) ;
#7607 = EDGE_LOOP ( 'NONE', ( #10062, #2767, #3107, #7144 ) ) ;
#7608 = ORIENTED_EDGE ( 'NONE', *, *, #3788, .T. ) ;
#7609 = ORIENTED_EDGE ( 'NONE', *, *, #649, .T. ) ;
#7610 = EDGE_CURVE ( 'NONE', #3234, #786, #2466, .T. ) ;
#7611 = DIRECTION ( 'NONE',  ( 0.000000000000000000, 0.000000000000000000, -1.000000000000000000 ) ) ;
#7612 = VECTOR ( 'NONE', #7169, 1000.000000000000000 ) ;
#7613 = CARTESIAN_POINT ( 'NONE',  ( 1.599999999999998979, 0.2030000000000000970, -1.729999999999999538 ) ) ;
#7614 = ORIENTED_EDGE ( 'NONE', *, *, #5342, .T. ) ;
#7615 = CARTESIAN_POINT ( 'NONE',  ( -1.124999999999999556, 0.6746990566028302494, 2.000000000000000888 ) ) ;
#7616 = PLANE ( 'NONE',  #2867 ) ;
#7617 = ADVANCED_FACE ( 'NONE', ( #9534 ), #6085, .T. ) ;
#7618 = VERTEX_POINT ( 'NONE', #7537 ) ;
#7619 = CARTESIAN_POINT ( 'NONE',  ( -1.599999999999998979, 0.2030000000000000138, -1.125000000000000000 ) ) ;
#7620 = VERTEX_POINT ( 'NONE', #8393 ) ;
#7621 = DIRECTION ( 'NONE',  ( -1.000000000000000000, 0.000000000000000000, 1.084202172485504434E-16 ) ) ;
#7622 = DIRECTION ( 'NONE',  ( 0.000000000000000000, 0.000000000000000000, 1.000000000000000000 ) ) ;
#7623 = VECTOR ( 'NONE', #1599, 1000.000000000000000 ) ;
#7624 = CARTESIAN_POINT ( 'NONE',  ( -1.599999999999998979, 0.1230000000000000954, -1.999999999999999556 ) ) ;
#7625 = DIRECTION ( 'NONE',  ( 0.000000000000000000, 0.000000000000000000, 1.000000000000000000 ) ) ;
#7626 = VERTEX_POINT ( 'NONE', #2549 ) ;
#7627 = ORIENTED_EDGE ( 'NONE', *, *, #4227, .F. ) ;
#7628 = ORIENTED_EDGE ( 'NONE', *, *, #2713, .T. ) ;
#7629 = ADVANCED_FACE ( 'NONE', ( #2656 ), #9148, .F. ) ;
#7630 = LINE ( 'NONE', #10377, #618 ) ;
#7631 = VECTOR ( 'NONE', #5280, 1000.000000000000000 ) ;
#7632 = EDGE_CURVE ( 'NONE', #2616, #9863, #2618, .T. ) ;
#7633 = ORIENTED_EDGE ( 'NONE', *, *, #512, .F. ) ;
#7634 = CARTESIAN_POINT ( 'NONE',  ( -1.599999999999999201, 0.000000000000000000, -0.8749999999999998890 ) ) ;
#7635 = EDGE_CURVE ( 'NONE', #3649, #9756, #9657, .T. ) ;
#7636 = VERTEX_POINT ( 'NONE', #5073 ) ;
#7637 = VECTOR ( 'NONE', #3050, 1000.000000000000000 ) ;
#7638 = DIRECTION ( 'NONE',  ( -0.000000000000000000, -1.000000000000000000, -0.000000000000000000 ) ) ;
#7639 = CARTESIAN_POINT ( 'NONE',  ( 1.599999999999998979, 0.2030000000000000970, -1.899999999999999467 ) ) ;
#7640 = ADVANCED_FACE ( 'NONE', ( #9675 ), #9973, .F. ) ;
#7641 = CLOSED_SHELL ( 'NONE', ( #5671, #5755, #412, #5050, #7412, #739 ) ) ;
#7642 = LINE ( 'NONE', #6609, #633 ) ;
#7643 = EDGE_LOOP ( 'NONE', ( #3769, #7956, #7193, #5204 ) ) ;
#7644 = VERTEX_POINT ( 'NONE', #4148 ) ;
#7645 = EDGE_CURVE ( 'NONE', #1624, #1952, #2362, .T. ) ;
#7646 = CARTESIAN_POINT ( 'NONE',  ( 1.999999999999993561, 0.1230000000000000676, -1.750000000000005995 ) ) ;
#7647 = EDGE_LOOP ( 'NONE', ( #70, #5572, #10250, #3398 ) ) ;
#7648 = DIRECTION ( 'NONE',  ( -0.000000000000000000, -0.000000000000000000, -1.000000000000000000 ) ) ;
#7649 = CARTESIAN_POINT ( 'NONE',  ( -1.599999999999998979, 0.1230000000000000954, 1.899999999999999467 ) ) ;
#7650 = SURFACE_STYLE_FILL_AREA ( #1632 ) ;
#7651 = VECTOR ( 'NONE', #498, 1000.000000000000000 ) ;
#7652 = CARTESIAN_POINT ( 'NONE',  ( 0.1250000000000005551, 0.6746990566028302494, 1.600000000000001421 ) ) ;
#7653 = ORIENTED_EDGE ( 'NONE', *, *, #3782, .T. ) ;
#7654 = PRODUCT_DEFINITION_CONTEXT ( 'detailed design', #2952, 'design' ) ;
#7655 = ORIENTED_EDGE ( 'NONE', *, *, #8011, .T. ) ;
#7656 = LINE ( 'NONE', #5910, #7737 ) ;
#7657 = ORIENTED_EDGE ( 'NONE', *, *, #921, .T. ) ;
#7658 = FACE_OUTER_BOUND ( 'NONE', #4015, .T. ) ;
#7659 =( GEOMETRIC_REPRESENTATION_CONTEXT ( 3 ) GLOBAL_UNCERTAINTY_ASSIGNED_CONTEXT ( ( #5360 ) ) GLOBAL_UNIT_ASSIGNED_CONTEXT ( ( #288, #9795, #6591 ) ) REPRESENTATION_CONTEXT ( 'NONE', 'WORKASPACE' ) );
#7660 = STYLED_ITEM ( 'NONE', ( #2599 ), #8918 ) ;
#7661 = VERTEX_POINT ( 'NONE', #1888 ) ;
#7662 = CARTESIAN_POINT ( 'NONE',  ( 0.3750000000000001110, 0.2030000000000000138, -1.600000000000000977 ) ) ;
#7663 = VERTEX_POINT ( 'NONE', #3514 ) ;
#7664 = ORIENTED_EDGE ( 'NONE', *, *, #3415, .F. ) ;
#7665 = EDGE_CURVE ( 'NONE', #7054, #95, #9522, .T. ) ;
#7666 = CARTESIAN_POINT ( 'NONE',  ( -1.730000000000016191, 0.2030000000000000970, -1.599999999999980771 ) ) ;
#7667 = LINE ( 'NONE', #5978, #7710 ) ;
#7668 = CARTESIAN_POINT ( 'NONE',  ( -1.999999999999999112, 0.04999999999999991257, -1.125000000000000000 ) ) ;
#7669 = SURFACE_STYLE_FILL_AREA ( #1971 ) ;
#7670 = ORIENTED_EDGE ( 'NONE', *, *, #5795, .T. ) ;
#7671 = CARTESIAN_POINT ( 'NONE',  ( 1.125000000000000666, 0.2030000000000000138, 1.600000000000001421 ) ) ;
#7672 = PLANE ( 'NONE',  #9903 ) ;
#7673 = DIRECTION ( 'NONE',  ( 0.000000000000000000, 0.000000000000000000, -1.000000000000000000 ) ) ;
#7674 = CARTESIAN_POINT ( 'NONE',  ( -1.599999999999998979, 0.000000000000000000, -1.125000000000000000 ) ) ;
#7675 = DIRECTION ( 'NONE',  ( 1.261823884255441284E-30, 1.000000000000000000, 3.614007241618349757E-16 ) ) ;
#7676 = ORIENTED_EDGE ( 'NONE', *, *, #6600, .T. ) ;
#7677 = VECTOR ( 'NONE', #2484, 1000.000000000000000 ) ;
#7678 = ORIENTED_EDGE ( 'NONE', *, *, #5422, .T. ) ;
#7679 = LINE ( 'NONE', #3367, #4206 ) ;
#7680 = ORIENTED_EDGE ( 'NONE', *, *, #6034, .F. ) ;
#7681 = ORIENTED_EDGE ( 'NONE', *, *, #5550, .T. ) ;
#7682 = VERTEX_POINT ( 'NONE', #6556 ) ;
#7683 = AXIS2_PLACEMENT_3D ( 'NONE', #7452, #1815, #4887 ) ;
#7684 = CARTESIAN_POINT ( 'NONE',  ( 1.125000000000000666, 0.2030000000000000138, 1.600000000000001421 ) ) ;
#7685 =( GEOMETRIC_REPRESENTATION_CONTEXT ( 3 ) GLOBAL_UNCERTAINTY_ASSIGNED_CONTEXT ( ( #2368 ) ) GLOBAL_UNIT_ASSIGNED_CONTEXT ( ( #10162, #10301, #2317 ) ) REPRESENTATION_CONTEXT ( 'NONE', 'WORKASPACE' ) );
#7686 = ADVANCED_FACE ( 'NONE', ( #5863 ), #8248, .F. ) ;
#7687 = CARTESIAN_POINT ( 'NONE',  ( -1.149999999999999689, 3.738533905932738044, 1.149999999999999689 ) ) ;
#7688 = LINE ( 'NONE', #157, #474 ) ;
#7689 = CARTESIAN_POINT ( 'NONE',  ( -0.6249999999999998890, 0.2030000000000000970, -2.000000000000000888 ) ) ;
#7690 = EDGE_CURVE ( 'NONE', #9449, #7082, #9718, .T. ) ;
#7691 = ORIENTED_EDGE ( 'NONE', *, *, #5115, .T. ) ;
#7692 = CARTESIAN_POINT ( 'NONE',  ( -0.3749999999999998890, 0.2030000000000000138, -2.000000000000000888 ) ) ;
#7693 = AXIS2_PLACEMENT_3D ( 'NONE', #1222, #8881, #6960 ) ;
#7694 = CARTESIAN_POINT ( 'NONE',  ( -0.3749999999999998890, 0.6746990566028302494, -1.600000000000000977 ) ) ;
#7695 = DIRECTION ( 'NONE',  ( 1.000000000000000000, 0.000000000000000000, 0.000000000000000000 ) ) ;
#7696 = DIRECTION ( 'NONE',  ( -0.000000000000000000, -1.000000000000000000, -0.000000000000000000 ) ) ;
#7697 = VERTEX_POINT ( 'NONE', #4635 ) ;
#7698 = VECTOR ( 'NONE', #1578, 1000.000000000000000 ) ;
#7699 = DIRECTION ( 'NONE',  ( 0.000000000000000000, -1.000000000000000000, 0.000000000000000000 ) ) ;
#7700 = ORIENTED_EDGE ( 'NONE', *, *, #5915, .F. ) ;
#7701 = CARTESIAN_POINT ( 'NONE',  ( 1.599999999999998979, 0.6746990566028303604, -1.125000000000000000 ) ) ;
#7702 = PLANE ( 'NONE',  #1742 ) ;
#7703 = LINE ( 'NONE', #3806, #7495 ) ;
#7704 = CARTESIAN_POINT ( 'NONE',  ( 2.168404344971009361E-16, 0.05000000000000000278, -1.250000000000000000 ) ) ;
#7705 = CARTESIAN_POINT ( 'NONE',  ( -1.124999999999999556, 0.2030000000000000138, 2.000000000000000888 ) ) ;
#7706 = ORIENTED_EDGE ( 'NONE', *, *, #5325, .T. ) ;
#7707 = VERTEX_POINT ( 'NONE', #7053 ) ;
#7708 = ORIENTED_EDGE ( 'NONE', *, *, #7135, .F. ) ;
#7709 = AXIS2_PLACEMENT_3D ( 'NONE', #8191, #2412, #5463 ) ;
#7710 = VECTOR ( 'NONE', #2003, 1000.000000000000000 ) ;
#7711 = VECTOR ( 'NONE', #8594, 1000.000000000000000 ) ;
#7712 = ORIENTED_EDGE ( 'NONE', *, *, #7569, .T. ) ;
#7713 = EDGE_CURVE ( 'NONE', #2768, #1199, #9619, .T. ) ;
#7714 = DIRECTION ( 'NONE',  ( 0.000000000000000000, -1.000000000000000000, 0.000000000000000000 ) ) ;
#7715 = ADVANCED_FACE ( 'NONE', ( #2527 ), #7190, .F. ) ;
#7716 = DIRECTION ( 'NONE',  ( -5.421010862427524142E-16, 0.000000000000000000, 1.000000000000000000 ) ) ;
#7717 = VERTEX_POINT ( 'NONE', #10270 ) ;
#7718 = DIRECTION ( 'NONE',  ( 0.000000000000000000, -0.000000000000000000, 1.000000000000000000 ) ) ;
#7719 = VERTEX_POINT ( 'NONE', #5471 ) ;
#7720 = LINE ( 'NONE', #1415, #7512 ) ;
#7721 = VERTEX_POINT ( 'NONE', #398 ) ;
#7722 = VERTEX_POINT ( 'NONE', #7911 ) ;
#7723 = DIRECTION ( 'NONE',  ( 1.000000000000000000, 3.614007241618349264E-16, 0.000000000000000000 ) ) ;
#7724 = VERTEX_POINT ( 'NONE', #625 ) ;
#7725 = DIRECTION ( 'NONE',  ( 0.000000000000000000, 0.000000000000000000, 1.000000000000000000 ) ) ;
#7726 = CARTESIAN_POINT ( 'NONE',  ( -0.6249999999999998890, 0.000000000000000000, -1.600000000000000977 ) ) ;
#7727 = PRESENTATION_STYLE_ASSIGNMENT (( #7395 ) ) ;
#7728 = LINE ( 'NONE', #1263, #4252 ) ;
#7729 = MANIFOLD_SOLID_BREP ( 'Boss-Extrude4[1]', #8178 ) ;
#7730 = CARTESIAN_POINT ( 'NONE',  ( 0.8750000000000001110, 0.000000000000000000, -2.000000000000000888 ) ) ;
#7731 = ORIENTED_EDGE ( 'NONE', *, *, #659, .F. ) ;
#7732 = EDGE_CURVE ( 'NONE', #9100, #1949, #2380, .T. ) ;
#7733 = AXIS2_PLACEMENT_3D ( 'NONE', #1370, #6202, #7101 ) ;
#7734 = EDGE_CURVE ( 'NONE', #3374, #3693, #9450, .T. ) ;
#7735 = DIRECTION ( 'NONE',  ( 1.000000000000000000, 0.000000000000000000, 0.000000000000000000 ) ) ;
#7736 = EDGE_LOOP ( 'NONE', ( #5409, #5144, #8159, #1802 ) ) ;
#7737 = VECTOR ( 'NONE', #2903, 1000.000000000000000 ) ;
#7738 = ADVANCED_FACE ( 'NONE', ( #2398 ), #2093, .T. ) ;
#7739 = ORIENTED_EDGE ( 'NONE', *, *, #2117, .T. ) ;
#7740 = LINE ( 'NONE', #2177, #7570 ) ;
#7741 = DIRECTION ( 'NONE',  ( 0.000000000000000000, 1.000000000000000000, 0.000000000000000000 ) ) ;
#7742 = ORIENTED_EDGE ( 'NONE', *, *, #9702, .F. ) ;
#7743 = CARTESIAN_POINT ( 'NONE',  ( 0.000000000000000000, 0.2030000000000000138, 0.000000000000000000 ) ) ;
#7744 = ORIENTED_EDGE ( 'NONE', *, *, #443, .F. ) ;
#7745 = ORIENTED_EDGE ( 'NONE', *, *, #9376, .T. ) ;
#7746 = CARTESIAN_POINT ( 'NONE',  ( -1.729999999999981108, 0.1230000000000000676, 1.750000000000017097 ) ) ;
#7747 = VECTOR ( 'NONE', #8685, 1000.000000000000000 ) ;
#7748 = CARTESIAN_POINT ( 'NONE',  ( -0.8749999999999994449, 0.000000000000000000, 1.600000000000001421 ) ) ;
#7749 = LINE ( 'NONE', #9731, #4046 ) ;
#7750 = VERTEX_POINT ( 'NONE', #4773 ) ;
#7751 = DIRECTION ( 'NONE',  ( -1.000000000000000000, 0.000000000000000000, 0.000000000000000000 ) ) ;
#7752 = CARTESIAN_POINT ( 'NONE',  ( -1.900000000000016342, 0.2030000000000000970, -1.599999999999978995 ) ) ;
#7753 = CARTESIAN_POINT ( 'NONE',  ( 0.8750000000000001110, 0.000000000000000000, -1.600000000000000977 ) ) ;
#7754 = EDGE_CURVE ( 'NONE', #1630, #8764, #6148, .T. ) ;
#7755 =( LENGTH_UNIT ( ) NAMED_UNIT ( * ) SI_UNIT ( .MILLI., .METRE. ) );
#7756 = DIRECTION ( 'NONE',  ( 0.000000000000000000, 0.000000000000000000, 1.000000000000000000 ) ) ;
#7757 = DIRECTION ( 'NONE',  ( 0.000000000000000000, 1.000000000000000000, 0.000000000000000000 ) ) ;
#7758 = DIRECTION ( 'NONE',  ( 1.000000000000000000, 0.000000000000000000, -5.421010862427524142E-16 ) ) ;
#7759 = ORIENTED_EDGE ( 'NONE', *, *, #4050, .F. ) ;
#7760 = EDGE_CURVE ( 'NONE', #8008, #2071, #6032, .T. ) ;
#7761 = VERTEX_POINT ( 'NONE', #4503 ) ;
#7762 = VECTOR ( 'NONE', #161, 1000.000000000000000 ) ;
#7763 = ORIENTED_EDGE ( 'NONE', *, *, #1396, .F. ) ;
#7764 = EDGE_CURVE ( 'NONE', #8351, #5609, #2509, .T. ) ;
#7765 = ORIENTED_EDGE ( 'NONE', *, *, #1699, .F. ) ;
#7766 = EDGE_LOOP ( 'NONE', ( #2925, #944, #6720, #5721 ) ) ;
#7767 = DIRECTION ( 'NONE',  ( 1.000000000000000000, 0.000000000000000000, -5.421010862427524142E-16 ) ) ;
#7768 = DIRECTION ( 'NONE',  ( 1.000000000000000000, -0.000000000000000000, -0.000000000000000000 ) ) ;
#7769 = EDGE_CURVE ( 'NONE', #2248, #977, #9601, .T. ) ;
#7770 = FACE_OUTER_BOUND ( 'NONE', #3110, .T. ) ;
#7771 = FACE_OUTER_BOUND ( 'NONE', #2698, .T. ) ;
#7772 = ORIENTED_EDGE ( 'NONE', *, *, #3766, .T. ) ;
#7773 = DIRECTION ( 'NONE',  ( 0.000000000000000000, 1.000000000000000000, 0.000000000000000000 ) ) ;
#7774 = CARTESIAN_POINT ( 'NONE',  ( 1.999999999999999112, 0.000000000000000000, -0.1249999999999998890 ) ) ;
#7775 = EDGE_LOOP ( 'NONE', ( #7744, #2848, #918, #333, #10117, #283, #4076, #7763, #2007, #7389, #955, #7490, #4489, #7836, #4570, #429, #747, #501, #421, #808, #8833, #521, #4632, #4415, #8169, #8287, #3957, #7742, #830, #4130, #4099, #4052, #4360, #8644, #4399, #4798, #8370, #7948, #1552, #1183, #7888, #636, #4824, #5098, #8411, #1308, #1332, #4447, #712, #7298, #8426, #4540, #4386, #4870, #5035, #8206, #4124, #8119, #8266, #4138, #1328, #8226, #7664, #8300, #8504, #8193, #8521, #7960, #4949, #920, #5081, #935, #7839, #5013, #1420, #4264, #8140, #7557, #4340, #4470, #7574, #4406, #1168, #4229, #3724, #8046, #892, #8072, #4728, #8270, #956, #7002, #5196, #4561, #10307, #5224, #8052, #1461, #4624, #5211 ) ) ;
#7776 =( NAMED_UNIT ( * ) PLANE_ANGLE_UNIT ( ) SI_UNIT ( $, .RADIAN. ) );
#7777 =( LENGTH_UNIT ( ) NAMED_UNIT ( * ) SI_UNIT ( .MILLI., .METRE. ) );
#7778 = EDGE_CURVE ( 'NONE', #6120, #8131, #9753, .T. ) ;
#7779 = LINE ( 'NONE', #7925, #4188 ) ;
#7780 = DIRECTION ( 'NONE',  ( 0.000000000000000000, -1.000000000000000000, 0.000000000000000000 ) ) ;
#7781 = ORIENTED_EDGE ( 'NONE', *, *, #1816, .F. ) ;
#7782 = VERTEX_POINT ( 'NONE', #1322 ) ;
#7783 = VERTEX_POINT ( 'NONE', #2285 ) ;
#7784 = EDGE_CURVE ( 'NONE', #578, #6471, #6198, .T. ) ;
#7785 = ADVANCED_FACE ( 'NONE', ( #9766 ), #2916, .F. ) ;
#7786 = LINE ( 'NONE', #3493, #4232 ) ;
#7787 = FACE_OUTER_BOUND ( 'NONE', #4349, .T. ) ;
#7788 = AXIS2_PLACEMENT_3D ( 'NONE', #8586, #2922, #2224 ) ;
#7789 = ORIENTED_EDGE ( 'NONE', *, *, #5795, .F. ) ;
#7790 = CARTESIAN_POINT ( 'NONE',  ( 1.375000000000000222, 0.000000000000000000, -2.000000000000000888 ) ) ;
#7791 = PLANE ( 'NONE',  #8497 ) ;
#7792 = EDGE_CURVE ( 'NONE', #5012, #10175, #6182, .T. ) ;
#7793 = DIRECTION ( 'NONE',  ( -3.491481338843133355E-15, 0.000000000000000000, -1.000000000000000000 ) ) ;
#7794 = ORIENTED_EDGE ( 'NONE', *, *, #8729, .T. ) ;
#7795 = LINE ( 'NONE', #9336, #822 ) ;
#7796 = DIRECTION ( 'NONE',  ( 1.000000000000000000, -0.000000000000000000, 0.000000000000000000 ) ) ;
#7797 = CARTESIAN_POINT ( 'NONE',  ( 1.999999999999999112, 0.6746990566028303604, 0.8750000000000001110 ) ) ;
#7798 = LINE ( 'NONE', #715, #7623 ) ;
#7799 = VERTEX_POINT ( 'NONE', #5331 ) ;
#7800 = VERTEX_POINT ( 'NONE', #6152 ) ;
#7801 = ORIENTED_EDGE ( 'NONE', *, *, #6732, .T. ) ;
#7802 = CARTESIAN_POINT ( 'NONE',  ( -1.999999999999999112, 0.6746990566028303604, 0.3750000000000001110 ) ) ;
#7803 = FACE_OUTER_BOUND ( 'NONE', #2351, .T. ) ;
#7804 = LINE ( 'NONE', #5486, #4159 ) ;
#7805 = DIRECTION ( 'NONE',  ( 1.000000000000000000, -0.000000000000000000, -0.000000000000000000 ) ) ;
#7806 = ORIENTED_EDGE ( 'NONE', *, *, #10525, .T. ) ;
#7807 = AXIS2_PLACEMENT_3D ( 'NONE', #5711, #740, #3986 ) ;
#7808 = ADVANCED_FACE ( 'NONE', ( #2604, #5937, #5898 ), #2990, .F. ) ;
#7809 = AXIS2_PLACEMENT_3D ( 'NONE', #4606, #8675, #1363 ) ;
#7810 = CARTESIAN_POINT ( 'NONE',  ( -1.599999999999998979, 0.2030000000000000970, 1.999999999999999556 ) ) ;
#7811 = ORIENTED_EDGE ( 'NONE', *, *, #5325, .F. ) ;
#7812 = VECTOR ( 'NONE', #10528, 1000.000000000000000 ) ;
#7813 = EDGE_CURVE ( 'NONE', #3737, #5584, #2622, .T. ) ;
#7814 = LINE ( 'NONE', #7216, #4310 ) ;
#7815 = CARTESIAN_POINT ( 'NONE',  ( -0.8749999999999998890, 0.05000000000000000278, 0.000000000000000000 ) ) ;
#7816 = ORIENTED_EDGE ( 'NONE', *, *, #10069, .T. ) ;
#7817 = CARTESIAN_POINT ( 'NONE',  ( -1.730000000000017968, 0.2030000000000000693, -1.749999999999980682 ) ) ;
#7818 = ORIENTED_EDGE ( 'NONE', *, *, #1917, .T. ) ;
#7819 = ORIENTED_EDGE ( 'NONE', *, *, #2328, .T. ) ;
#7820 = PLANE ( 'NONE',  #6130 ) ;
#7821 = FACE_OUTER_BOUND ( 'NONE', #5361, .T. ) ;
#7822 = DIRECTION ( 'NONE',  ( 1.000000000000000000, -0.000000000000000000, -0.000000000000000000 ) ) ;
#7823 = LINE ( 'NONE', #643, #7631 ) ;
#7824 = ORIENTED_EDGE ( 'NONE', *, *, #10157, .T. ) ;
#7825 = DIRECTION ( 'NONE',  ( 0.000000000000000000, 0.000000000000000000, -1.000000000000000000 ) ) ;
#7826 = DIRECTION ( 'NONE',  ( 1.000000000000000000, 0.000000000000000000, 0.000000000000000000 ) ) ;
#7827 = DIRECTION ( 'NONE',  ( -5.421010862427524142E-16, 0.000000000000000000, 1.000000000000000000 ) ) ;
#7828 = DIRECTION ( 'NONE',  ( -0.000000000000000000, 0.000000000000000000, -1.000000000000000000 ) ) ;
#7829 = CARTESIAN_POINT ( 'NONE',  ( 2.000000000000000888, 0.8000000000000003775, 1.999999999999999112 ) ) ;
#7830 = DIRECTION ( 'NONE',  ( 0.000000000000000000, 0.000000000000000000, 1.000000000000000000 ) ) ;
#7831 = AXIS2_PLACEMENT_3D ( 'NONE', #10437, #8090, #6686 ) ;
#7832 = ORIENTED_EDGE ( 'NONE', *, *, #5286, .F. ) ;
#7833 = ADVANCED_FACE ( 'NONE', ( #2470 ), #7341, .T. ) ;
#7834 = EDGE_CURVE ( 'NONE', #1403, #8332, #9464, .T. ) ;
#7835 = VECTOR ( 'NONE', #5482, 1000.000000000000000 ) ;
#7836 = ORIENTED_EDGE ( 'NONE', *, *, #5166, .F. ) ;
#7837 = AXIS2_PLACEMENT_3D ( 'NONE', #3999, #6561, #4961 ) ;
#7838 = EDGE_LOOP ( 'NONE', ( #7844, #8186, #344, #9567 ) ) ;
#7839 = ORIENTED_EDGE ( 'NONE', *, *, #2374, .F. ) ;
#7840 = CARTESIAN_POINT ( 'NONE',  ( 0.8750000000000005551, 0.000000000000000000, 2.000000000000000888 ) ) ;
#7841 = CIRCLE ( 'NONE', #9221, 0.1666666666666667407 ) ;
#7842 = CARTESIAN_POINT ( 'NONE',  ( 2.000000000000005773, 0.1230000000000000676, 1.749999999999992006 ) ) ;
#7843 = LINE ( 'NONE', #68, #7579 ) ;
#7844 = ORIENTED_EDGE ( 'NONE', *, *, #4676, .F. ) ;
#7845 = DIRECTION ( 'NONE',  ( 0.000000000000000000, -0.000000000000000000, 1.000000000000000000 ) ) ;
#7846 = DIRECTION ( 'NONE',  ( 0.000000000000000000, -1.000000000000000000, 0.000000000000000000 ) ) ;
#7847 = CARTESIAN_POINT ( 'NONE',  ( 0.8750000000000001110, 0.2030000000000000138, -1.600000000000000977 ) ) ;
#7848 = ORIENTED_EDGE ( 'NONE', *, *, #8201, .T. ) ;
#7849 = LINE ( 'NONE', #7327, #594 ) ;
#7850 = AXIS2_PLACEMENT_3D ( 'NONE', #8824, #3128, #9547 ) ;
#7851 = CARTESIAN_POINT ( 'NONE',  ( 1.599999999999998979, 0.6746990566028303604, -1.125000000000000000 ) ) ;
#7852 = CARTESIAN_POINT ( 'NONE',  ( -1.599999999999999201, 0.000000000000000000, 1.125000000000000222 ) ) ;
#7853 = DIRECTION ( 'NONE',  ( 0.000000000000000000, -1.000000000000000000, 0.000000000000000000 ) ) ;
#7854 = LINE ( 'NONE', #8665, #7587 ) ;
#7855 = PLANE ( 'NONE',  #8800 ) ;
#7856 =( GEOMETRIC_REPRESENTATION_CONTEXT ( 3 ) GLOBAL_UNCERTAINTY_ASSIGNED_CONTEXT ( ( #1995 ) ) GLOBAL_UNIT_ASSIGNED_CONTEXT ( ( #4529, #2799, #5225 ) ) REPRESENTATION_CONTEXT ( 'NONE', 'WORKASPACE' ) );
#7857 = ORIENTED_EDGE ( 'NONE', *, *, #221, .F. ) ;
#7858 = EDGE_LOOP ( 'NONE', ( #3558, #4501, #7254, #7801 ) ) ;
#7859 = EDGE_CURVE ( 'NONE', #507, #436, #9538, .T. ) ;
#7860 = ORIENTED_EDGE ( 'NONE', *, *, #1956, .F. ) ;
#7861 = LINE ( 'NONE', #7141, #836 ) ;
#7862 = ORIENTED_EDGE ( 'NONE', *, *, #5853, .T. ) ;
#7863 = FILL_AREA_STYLE_COLOUR ( '', #2053 ) ;
#7864 = DIRECTION ( 'NONE',  ( -1.000000000000000000, 0.000000000000000000, 0.000000000000000000 ) ) ;
#7865 = ORIENTED_EDGE ( 'NONE', *, *, #9055, .T. ) ;
#7866 = COLOUR_RGB ( '',0.7921568627450980005, 0.8196078431372548767, 0.9333333333333333481 ) ;
#7867 = CARTESIAN_POINT ( 'NONE',  ( -0.6249999999999998890, 0.6746990566028302494, -2.000000000000000888 ) ) ;
#7868 = CARTESIAN_POINT ( 'NONE',  ( 0.8750000000000001110, 0.2030000000000000138, -1.600000000000000977 ) ) ;
#7869 = VECTOR ( 'NONE', #10217, 1000.000000000000000 ) ;
#7870 = EDGE_CURVE ( 'NONE', #4313, #8622, #2547, .T. ) ;
#7871 = VERTEX_POINT ( 'NONE', #8899 ) ;
#7872 = EDGE_LOOP ( 'NONE', ( #6923, #6046, #6370, #6284 ) ) ;
#7873 = DIRECTION ( 'NONE',  ( 0.000000000000000000, 0.000000000000000000, -1.000000000000000000 ) ) ;
#7874 = ORIENTED_EDGE ( 'NONE', *, *, #10032, .F. ) ;
#7875 = DIRECTION ( 'NONE',  ( -8.673617379884037444E-16, 0.000000000000000000, -1.000000000000000000 ) ) ;
#7876 = EDGE_CURVE ( 'NONE', #6532, #9754, #9736, .T. ) ;
#7877 = ADVANCED_FACE ( 'NONE', ( #9434 ), #1775, .T. ) ;
#7878 = LINE ( 'NONE', #8139, #4319 ) ;
#7879 = CARTESIAN_POINT ( 'NONE',  ( 1.899999999999993916, 0.2030000000000000970, -1.600000000000005418 ) ) ;
#7880 = ORIENTED_EDGE ( 'NONE', *, *, #603, .T. ) ;
#7881 = PLANE ( 'NONE',  #9124 ) ;
#7882 = EDGE_LOOP ( 'NONE', ( #9535, #10312, #3314, #10089 ) ) ;
#7883 = VECTOR ( 'NONE', #5411, 1000.000000000000000 ) ;
#7884 = CARTESIAN_POINT ( 'NONE',  ( 0.1250000000000000555, 0.2030000000000000138, -2.000000000000000888 ) ) ;
#7885 = ORIENTED_EDGE ( 'NONE', *, *, #3917, .F. ) ;
#7886 = DIRECTION ( 'NONE',  ( 0.000000000000000000, 0.000000000000000000, 1.000000000000000000 ) ) ;
#7887 = ORIENTED_EDGE ( 'NONE', *, *, #3105, .T. ) ;
#7888 = ORIENTED_EDGE ( 'NONE', *, *, #6844, .F. ) ;
#7889 = DIRECTION ( 'NONE',  ( 0.000000000000000000, 0.000000000000000000, -1.000000000000000000 ) ) ;
#7890 = FACE_BOUND ( 'NONE', #5488, .T. ) ;
#7891 = CARTESIAN_POINT ( 'NONE',  ( 1.599999999999999201, 0.05000000000000023870, 0.6250000000000001110 ) ) ;
#7892 = FACE_OUTER_BOUND ( 'NONE', #8599, .T. ) ;
#7893 = EDGE_CURVE ( 'NONE', #6433, #8008, #9416, .T. ) ;
#7894 = ORIENTED_EDGE ( 'NONE', *, *, #4593, .T. ) ;
#7895 = CARTESIAN_POINT ( 'NONE',  ( -1.999999999999999112, 0.04999999999999991257, 1.375000000000000222 ) ) ;
#7896 = DIRECTION ( 'NONE',  ( 1.000000000000000000, 0.000000000000000000, 5.421010862427524142E-16 ) ) ;
#7897 = ADVANCED_FACE ( 'NONE', ( #2418 ), #5674, .F. ) ;
#7898 = CARTESIAN_POINT ( 'NONE',  ( -1.749999999999998890, 0.2030000000000000693, -1.999999999999999556 ) ) ;
#7899 = DIRECTION ( 'NONE',  ( -0.000000000000000000, -1.000000000000000000, -0.000000000000000000 ) ) ;
#7900 = EDGE_CURVE ( 'NONE', #7799, #9831, #5973, .T. ) ;
#7901 = ORIENTED_EDGE ( 'NONE', *, *, #5578, .T. ) ;
#7902 = SURFACE_STYLE_FILL_AREA ( #66 ) ;
#7903 = EDGE_CURVE ( 'NONE', #8596, #5631, #6371, .T. ) ;
#7904 = LINE ( 'NONE', #5656, #4873 ) ;
#7905 = ORIENTED_EDGE ( 'NONE', *, *, #1673, .T. ) ;
#7906 = VERTEX_POINT ( 'NONE', #10473 ) ;
#7907 = EDGE_CURVE ( 'NONE', #7271, #7920, #2989, .T. ) ;
#7908 = ORIENTED_EDGE ( 'NONE', *, *, #1265, .T. ) ;
#7909 = AXIS2_PLACEMENT_3D ( 'NONE', #961, #1824, #3446 ) ;
#7910 = PLANE ( 'NONE',  #5567 ) ;
#7911 = CARTESIAN_POINT ( 'NONE',  ( -0.3749999999999998890, 0.04999999999999999584, -1.600000000000000977 ) ) ;
#7912 = VECTOR ( 'NONE', #481, 1000.000000000000000 ) ;
#7913 = AXIS2_PLACEMENT_3D ( 'NONE', #1408, #8407, #4584 ) ;
#7914 =( NAMED_UNIT ( * ) PLANE_ANGLE_UNIT ( ) SI_UNIT ( $, .RADIAN. ) );
#7915 = FACE_OUTER_BOUND ( 'NONE', #3611, .T. ) ;
#7916 = EDGE_LOOP ( 'NONE', ( #9167, #2525, #9855, #3300 ) ) ;
#7917 = PLANE ( 'NONE',  #8479 ) ;
#7918 = CARTESIAN_POINT ( 'NONE',  ( 1.375000000000000222, 0.000000000000000000, -1.600000000000000977 ) ) ;
#7919 = DIRECTION ( 'NONE',  ( 1.000000000000000000, 0.000000000000000000, 0.000000000000000000 ) ) ;
#7920 = VERTEX_POINT ( 'NONE', #6509 ) ;
#7921 = EDGE_CURVE ( 'NONE', #7391, #2944, #6482, .T. ) ;
#7922 = ADVANCED_FACE ( 'NONE', ( #3100 ), #2569, .F. ) ;
#7923 = DIRECTION ( 'NONE',  ( 0.000000000000000000, 1.000000000000000000, 0.000000000000000000 ) ) ;
#7924 = CARTESIAN_POINT ( 'NONE',  ( 1.599999999999998979, 0.1230000000000000954, 1.999999999999999556 ) ) ;
#7925 = CARTESIAN_POINT ( 'NONE',  ( -1.599999999999998979, 0.1230000000000000954, 1.999999999999999556 ) ) ;
#7926 = DIRECTION ( 'NONE',  ( 0.000000000000000000, 0.000000000000000000, 1.000000000000000000 ) ) ;
#7927 = CARTESIAN_POINT ( 'NONE',  ( -1.599999999999999201, 0.2030000000000000138, 0.6250000000000001110 ) ) ;
#7928 = LINE ( 'NONE', #6964, #7997 ) ;
#7929 = AXIS2_PLACEMENT_3D ( 'NONE', #6132, #10453, #7322 ) ;
#7930 = DIRECTION ( 'NONE',  ( -0.000000000000000000, 0.000000000000000000, -1.000000000000000000 ) ) ;
#7931 = DIRECTION ( 'NONE',  ( 0.000000000000000000, -1.000000000000000000, 0.000000000000000000 ) ) ;
#7932 = AXIS2_PLACEMENT_3D ( 'NONE', #1730, #5756, #6594 ) ;
#7933 = VERTEX_POINT ( 'NONE', #8348 ) ;
#7934 = EDGE_LOOP ( 'NONE', ( #7857, #4171, #4224, #1061 ) ) ;
#7935 = ORIENTED_EDGE ( 'NONE', *, *, #8907, .T. ) ;
#7936 = EDGE_CURVE ( 'NONE', #4958, #6550, #9861, .T. ) ;
#7937 = VECTOR ( 'NONE', #7124, 1000.000000000000000 ) ;
#7938 = ORIENTED_EDGE ( 'NONE', *, *, #1303, .T. ) ;
#7939 = DIRECTION ( 'NONE',  ( 0.000000000000000000, 0.000000000000000000, 1.000000000000000000 ) ) ;
#7940 = ORIENTED_EDGE ( 'NONE', *, *, #5789, .T. ) ;
#7941 = VECTOR ( 'NONE', #8403, 1000.000000000000000 ) ;
#7942 = CARTESIAN_POINT ( 'NONE',  ( 1.250000000000000000, 0.000000000000000000, -1.149999999999999689 ) ) ;
#7943 = DIRECTION ( 'NONE',  ( 5.421010862427524142E-16, 0.000000000000000000, 1.000000000000000000 ) ) ;
#7944 = VECTOR ( 'NONE', #5902, 1000.000000000000000 ) ;
#7945 = ORIENTED_EDGE ( 'NONE', *, *, #9252, .F. ) ;
#7946 = VERTEX_POINT ( 'NONE', #5095 ) ;
#7947 = PLANE ( 'NONE',  #2419 ) ;
#7948 = ORIENTED_EDGE ( 'NONE', *, *, #8170, .F. ) ;
#7949 = AXIS2_PLACEMENT_3D ( 'NONE', #8444, #7602, #1092 ) ;
#7950 =( NAMED_UNIT ( * ) PLANE_ANGLE_UNIT ( ) SI_UNIT ( $, .RADIAN. ) );
#7951 = DIRECTION ( 'NONE',  ( 1.000000000000000000, -0.000000000000000000, -0.000000000000000000 ) ) ;
#7952 = LINE ( 'NONE', #2028, #924 ) ;
#7953 = EDGE_CURVE ( 'NONE', #846, #8099, #9878, .T. ) ;
#7954 = FACE_OUTER_BOUND ( 'NONE', #4660, .T. ) ;
#7955 = CARTESIAN_POINT ( 'NONE',  ( -0.1249999999999998890, 0.2030000000000000138, -1.600000000000000977 ) ) ;
#7956 = ORIENTED_EDGE ( 'NONE', *, *, #7205, .T. ) ;
#7957 = VERTEX_POINT ( 'NONE', #986 ) ;
#7958 = VECTOR ( 'NONE', #5344, 1000.000000000000000 ) ;
#7959 = CIRCLE ( 'NONE', #1257, 0.1666666666666667407 ) ;
#7960 = ORIENTED_EDGE ( 'NONE', *, *, #4343, .F. ) ;
#7961 = CARTESIAN_POINT ( 'NONE',  ( -1.999999999999999112, 0.6746990566028303604, -0.6249999999999998890 ) ) ;
#7962 = VERTEX_POINT ( 'NONE', #1053 ) ;
#7963 = CLOSED_SHELL ( 'NONE', ( #2668, #1767, #9520, #3541, #4162, #5798 ) ) ;
#7964 = CARTESIAN_POINT ( 'NONE',  ( -1.749999999999998890, 0.2030000000000000693, 1.729999999999999538 ) ) ;
#7965 = ADVANCED_FACE ( 'NONE', ( #3065 ), #7561, .F. ) ;
#7966 = AXIS2_PLACEMENT_3D ( 'NONE', #3028, #4463, #7725 ) ;
#7967 = CARTESIAN_POINT ( 'NONE',  ( 1.999999999999993561, 0.2030000000000000693, -1.750000000000005995 ) ) ;
#7968 = ORIENTED_EDGE ( 'NONE', *, *, #2374, .T. ) ;
#7969 = EDGE_CURVE ( 'NONE', #5269, #4043, #6553, .T. ) ;
#7970 = CARTESIAN_POINT ( 'NONE',  ( 1.729999999999993543, 0.1230000000000000676, -1.750000000000005107 ) ) ;
#7971 = PLANE ( 'NONE',  #5469 ) ;
#7972 = DIRECTION ( 'NONE',  ( 1.000000000000000000, -0.000000000000000000, -0.000000000000000000 ) ) ;
#7973 = PLANE ( 'NONE',  #6070 ) ;
#7974 = ORIENTED_EDGE ( 'NONE', *, *, #2106, .F. ) ;
#7975 = LINE ( 'NONE', #571, #7958 ) ;
#7976 = FACE_OUTER_BOUND ( 'NONE', #1111, .T. ) ;
#7977 = ORIENTED_EDGE ( 'NONE', *, *, #3053, .T. ) ;
#7978 = EDGE_LOOP ( 'NONE', ( #1772, #1449, #5392, #1223 ) ) ;
#7979 = VERTEX_POINT ( 'NONE', #8538 ) ;
#7980 = CARTESIAN_POINT ( 'NONE',  ( -1.999999999999999112, 0.2029999999999996252, -1.599999999999978106 ) ) ;
#7981 = DIRECTION ( 'NONE',  ( 1.000000000000000000, 0.000000000000000000, -5.421010862427524142E-16 ) ) ;
#7982 = LINE ( 'NONE', #6465, #959 ) ;
#7983 = VECTOR ( 'NONE', #3665, 1000.000000000000000 ) ;
#7984 = ORIENTED_EDGE ( 'NONE', *, *, #8268, .T. ) ;
#7985 = AXIS2_PLACEMENT_3D ( 'NONE', #8111, #4762, #1512 ) ;
#7986 = PLANE ( 'NONE',  #2085 ) ;
#7987 = DIRECTION ( 'NONE',  ( 8.673617379884037444E-16, 0.000000000000000000, -1.000000000000000000 ) ) ;
#7988 = CARTESIAN_POINT ( 'NONE',  ( -1.599999999999998979, 0.1230000000000000954, 1.899999999999999467 ) ) ;
#7989 = ADVANCED_FACE ( 'NONE', ( #6337 ), #3604, .T. ) ;
#7990 = EDGE_CURVE ( 'NONE', #9048, #1272, #10115, .T. ) ;
#7991 = ORIENTED_EDGE ( 'NONE', *, *, #7585, .F. ) ;
#7992 = LINE ( 'NONE', #6375, #1020 ) ;
#7993 = DIRECTION ( 'NONE',  ( -0.000000000000000000, -1.000000000000000000, -0.000000000000000000 ) ) ;
#7994 =( NAMED_UNIT ( * ) PLANE_ANGLE_UNIT ( ) SI_UNIT ( $, .RADIAN. ) );
#7995 = DIRECTION ( 'NONE',  ( -0.000000000000000000, -0.000000000000000000, 1.000000000000000000 ) ) ;
#7996 = DIRECTION ( 'NONE',  ( -0.000000000000000000, -1.000000000000000000, -0.000000000000000000 ) ) ;
#7997 = VECTOR ( 'NONE', #5245, 1000.000000000000000 ) ;
#7998 = DIRECTION ( 'NONE',  ( 0.000000000000000000, -0.000000000000000000, -1.000000000000000000 ) ) ;
#7999 = CARTESIAN_POINT ( 'NONE',  ( -0.8749999999999994449, 0.05000000000000000278, 0.000000000000000000 ) ) ;
#8000 = CLOSED_SHELL ( 'NONE', ( #1182, #3010, #7073, #4316, #5107, #3582 ) ) ;
#8001 = EDGE_LOOP ( 'NONE', ( #2039, #10271, #5511, #6310 ) ) ;
#8002 = CLOSED_SHELL ( 'NONE', ( #10399, #2548, #8054, #7785, #5439, #309 ) ) ;
#8003 = PRESENTATION_STYLE_ASSIGNMENT (( #10272 ) ) ;
#8004 = SURFACE_STYLE_FILL_AREA ( #4446 ) ;
#8005 = ORIENTED_EDGE ( 'NONE', *, *, #3484, .T. ) ;
#8006 = CARTESIAN_POINT ( 'NONE',  ( 0.000000000000000000, 0.05000000000000000278, 1.600000000000001421 ) ) ;
#8007 = EDGE_CURVE ( 'NONE', #3201, #5678, #9892, .T. ) ;
#8008 = VERTEX_POINT ( 'NONE', #280 ) ;
#8009 = FACE_OUTER_BOUND ( 'NONE', #3452, .T. ) ;
#8010 = DIRECTION ( 'NONE',  ( -3.491481338843133355E-15, -1.807003620809174632E-16, -1.000000000000000000 ) ) ;
#8011 = EDGE_CURVE ( 'NONE', #5584, #7291, #10131, .T. ) ;
#8012 = DIRECTION ( 'NONE',  ( 0.000000000000000000, 0.000000000000000000, -1.000000000000000000 ) ) ;
#8013 = LINE ( 'NONE', #4687, #8229 ) ;
#8014 = ORIENTED_EDGE ( 'NONE', *, *, #9277, .F. ) ;
#8015 = LINE ( 'NONE', #10433, #995 ) ;
#8016 = CARTESIAN_POINT ( 'NONE',  ( -1.749999999999998890, 0.2030000000000000693, 1.999999999999999556 ) ) ;
#8017 = VERTEX_POINT ( 'NONE', #10227 ) ;
#8018 = UNCERTAINTY_MEASURE_WITH_UNIT (LENGTH_MEASURE( 1.000000000000000082E-05 ), #2301, 'distance_accuracy_value', 'NONE');
#8019 = CARTESIAN_POINT ( 'NONE',  ( 1.599999999999998979, 0.6746990566028303604, -0.1249999999999998890 ) ) ;
#8020 = SURFACE_SIDE_STYLE ('',( #5135 ) ) ;
#8021 = LINE ( 'NONE', #9482, #7912 ) ;
#8022 = VECTOR ( 'NONE', #2439, 1000.000000000000000 ) ;
#8023 = CARTESIAN_POINT ( 'NONE',  ( 1.375000000000000666, 0.2030000000000000138, 1.600000000000001421 ) ) ;
#8024 = ORIENTED_EDGE ( 'NONE', *, *, #6861, .F. ) ;
#8025 = EDGE_LOOP ( 'NONE', ( #8728, #2296, #7261, #5676 ) ) ;
#8026 = VECTOR ( 'NONE', #9491, 1000.000000000000000 ) ;
#8027 = EDGE_CURVE ( 'NONE', #2775, #4932, #10095, .T. ) ;
#8028 = VECTOR ( 'NONE', #7172, 1000.000000000000000 ) ;
#8029 = ADVANCED_FACE ( 'NONE', ( #9911 ), #6796, .T. ) ;
#8030 = EDGE_LOOP ( 'NONE', ( #7242, #8367, #9512, #3072 ) ) ;
#8031 = ORIENTED_EDGE ( 'NONE', *, *, #5553, .T. ) ;
#8032 = ORIENTED_EDGE ( 'NONE', *, *, #420, .F. ) ;
#8033 = EDGE_CURVE ( 'NONE', #9346, #1725, #2894, .T. ) ;
#8034 = DIRECTION ( 'NONE',  ( -8.673617379884037444E-16, 0.000000000000000000, 1.000000000000000000 ) ) ;
#8035 = AXIS2_PLACEMENT_3D ( 'NONE', #1649, #10324, #9708 ) ;
#8036 = DIRECTION ( 'NONE',  ( 1.000000000000000000, 0.000000000000000000, -1.047444401652940007E-14 ) ) ;
#8037 = LINE ( 'NONE', #9654, #8022 ) ;
#8038 = MANIFOLD_SOLID_BREP ( 'LPattern3[6]', #8703 ) ;
#8039 = AXIS2_PLACEMENT_3D ( 'NONE', #3707, #5061, #5191 ) ;
#8040 = ORIENTED_EDGE ( 'NONE', *, *, #9507, .T. ) ;
#8041 = CARTESIAN_POINT ( 'NONE',  ( -0.1249999999999994588, 0.04999999999999969746, 2.000000000000000888 ) ) ;
#8042 = CARTESIAN_POINT ( 'NONE',  ( -1.599999999999998979, 0.6746990566028303604, 0.8750000000000001110 ) ) ;
#8043 = DIRECTION ( 'NONE',  ( 0.000000000000000000, 0.000000000000000000, -1.000000000000000000 ) ) ;
#8044 = EDGE_CURVE ( 'NONE', #2087, #2768, #3114, .T. ) ;
#8045 = CARTESIAN_POINT ( 'NONE',  ( -1.499999999999999112, 0.8000000000000000444, -1.500000000000000666 ) ) ;
#8046 = ORIENTED_EDGE ( 'NONE', *, *, #2173, .F. ) ;
#8047 = VECTOR ( 'NONE', #4863, 1000.000000000000000 ) ;
#8048 = VECTOR ( 'NONE', #3189, 1000.000000000000000 ) ;
#8049 = ORIENTED_EDGE ( 'NONE', *, *, #9244, .F. ) ;
#8050 = LINE ( 'NONE', #7829, #1025 ) ;
#8051 = AXIS2_PLACEMENT_3D ( 'NONE', #2558, #5083, #6427 ) ;
#8052 = ORIENTED_EDGE ( 'NONE', *, *, #4872, .F. ) ;
#8053 = CARTESIAN_POINT ( 'NONE',  ( -0.6249999999999994449, 0.6746990566028302494, 1.600000000000001421 ) ) ;
#8054 = ADVANCED_FACE ( 'NONE', ( #3009 ), #7791, .F. ) ;
#8055 = DIRECTION ( 'NONE',  ( -1.000000000000000000, -0.000000000000000000, -5.421010862427523156E-16 ) ) ;
#8056 = ADVANCED_FACE ( 'NONE', ( #9807 ), #1884, .T. ) ;
#8057 = FACE_OUTER_BOUND ( 'NONE', #222, .T. ) ;
#8058 = ORIENTED_EDGE ( 'NONE', *, *, #9507, .F. ) ;
#8059 = CARTESIAN_POINT ( 'NONE',  ( 2.000000000000005329, 0.1230000000000000954, 1.599999999999992095 ) ) ;
#8060 = PRESENTATION_LAYER_ASSIGNMENT (  '', '', ( #3213 ) ) ;
#8061 = ORIENTED_EDGE ( 'NONE', *, *, #8963, .F. ) ;
#8062 = VECTOR ( 'NONE', #413, 1000.000000000000000 ) ;
#8063 = DIRECTION ( 'NONE',  ( -0.000000000000000000, 0.000000000000000000, -1.000000000000000000 ) ) ;
#8064 = EDGE_CURVE ( 'NONE', #5012, #8878, #9964, .T. ) ;
#8065 = CARTESIAN_POINT ( 'NONE',  ( -1.999999999999999112, 0.2030000000000000693, 1.600000000000020073 ) ) ;
#8066 = DIRECTION ( 'NONE',  ( 1.000000000000000000, -0.000000000000000000, 0.000000000000000000 ) ) ;
#8067 = CARTESIAN_POINT ( 'NONE',  ( -0.6249999999999994449, 0.6746990566028302494, 1.600000000000001421 ) ) ;
#8068 = CARTESIAN_POINT ( 'NONE',  ( -1.599999999999998979, 0.6746990566028303604, 1.375000000000000222 ) ) ;
#8069 = AXIS2_PLACEMENT_3D ( 'NONE', #1748, #2538, #2691 ) ;
#8070 = CARTESIAN_POINT ( 'NONE',  ( -2.000000000000016431, 0.1230000000000000954, -1.599999999999977884 ) ) ;
#8071 = DIRECTION ( 'NONE',  ( -0.000000000000000000, -1.000000000000000000, -0.000000000000000000 ) ) ;
#8072 = ORIENTED_EDGE ( 'NONE', *, *, #3885, .F. ) ;
#8073 = VECTOR ( 'NONE', #240, 1000.000000000000000 ) ;
#8074 = ORIENTED_EDGE ( 'NONE', *, *, #5079, .T. ) ;
#8075 = LINE ( 'NONE', #5402, #1082 ) ;
#8076 = EDGE_LOOP ( 'NONE', ( #9872, #2257, #129, #6871 ) ) ;
#8077 = FILL_AREA_STYLE_COLOUR ( '', #8572 ) ;
#8078 = ADVANCED_FACE ( 'NONE', ( #6518 ), #2545, .F. ) ;
#8079 = STYLED_ITEM ( 'NONE', ( #8950 ), #3913 ) ;
#8080 = ORIENTED_EDGE ( 'NONE', *, *, #8428, .F. ) ;
#8081 = LINE ( 'NONE', #143, #8132 ) ;
#8082 = CARTESIAN_POINT ( 'NONE',  ( 1.599999999999999201, 0.000000000000000000, -0.8749999999999998890 ) ) ;
#8083 = EDGE_CURVE ( 'NONE', #10369, #5388, #6444, .T. ) ;
#8084 = PLANE ( 'NONE',  #9197 ) ;
#8085 = ORIENTED_EDGE ( 'NONE', *, *, #1238, .T. ) ;
#8086 = VERTEX_POINT ( 'NONE', #3317 ) ;
#8087 = CARTESIAN_POINT ( 'NONE',  ( 1.999999999999999112, 0.6746990566028303604, -1.125000000000000000 ) ) ;
#8088 = VERTEX_POINT ( 'NONE', #6485 ) ;
#8089 = AXIS2_PLACEMENT_3D ( 'NONE', #8915, #4116, #10486 ) ;
#8090 = DIRECTION ( 'NONE',  ( 0.000000000000000000, 1.000000000000000000, 0.000000000000000000 ) ) ;
#8091 = CARTESIAN_POINT ( 'NONE',  ( -1.599999999999999201, 0.05000000000000023870, -0.3749999999999998890 ) ) ;
#8092 = DIRECTION ( 'NONE',  ( 0.000000000000000000, -1.000000000000000000, -0.000000000000000000 ) ) ;
#8093 = ORIENTED_EDGE ( 'NONE', *, *, #2657, .F. ) ;
#8094 = ORIENTED_EDGE ( 'NONE', *, *, #7184, .F. ) ;
#8095 = AXIS2_PLACEMENT_3D ( 'NONE', #829, #1647, #3264 ) ;
#8096 = DIRECTION ( 'NONE',  ( -1.000000000000000000, 0.000000000000000000, 3.491481338843133355E-15 ) ) ;
#8097 = LINE ( 'NONE', #8182, #1075 ) ;
#8098 = CARTESIAN_POINT ( 'NONE',  ( 1.599999999999999201, 0.6746990566028303604, -0.8749999999999998890 ) ) ;
#8099 = VERTEX_POINT ( 'NONE', #5848 ) ;
#8100 = CARTESIAN_POINT ( 'NONE',  ( 1.375000000000000222, 0.2030000000000000970, -2.000000000000000888 ) ) ;
#8101 = ORIENTED_EDGE ( 'NONE', *, *, #10530, .T. ) ;
#8102 = EDGE_CURVE ( 'NONE', #4100, #2696, #10150, .T. ) ;
#8103 = ORIENTED_EDGE ( 'NONE', *, *, #7207, .F. ) ;
#8104 = CARTESIAN_POINT ( 'NONE',  ( 0.1250000000000001110, 0.6746990566028302494, -2.000000000000000888 ) ) ;
#8105 = CARTESIAN_POINT ( 'NONE',  ( 1.899999999999993916, 0.1230000000000000954, -1.600000000000005418 ) ) ;
#8106 = ORIENTED_EDGE ( 'NONE', *, *, #8501, .T. ) ;
#8107 = CARTESIAN_POINT ( 'NONE',  ( 2.000000000000005773, 0.2030000000000000693, 1.749999999999992006 ) ) ;
#8108 = CARTESIAN_POINT ( 'NONE',  ( 0.8750000000000005551, 0.6746990566028302494, 1.600000000000001421 ) ) ;
#8109 = CARTESIAN_POINT ( 'NONE',  ( 0.5000000000000000000, 0.2030000000000000138, 0.000000000000000000 ) ) ;
#8110 = DIRECTION ( 'NONE',  ( -8.673617379884037444E-16, 0.000000000000000000, -1.000000000000000000 ) ) ;
#8111 = CARTESIAN_POINT ( 'NONE',  ( 1.000000000000000000, 0.2030000000000000138, 0.000000000000000000 ) ) ;
#8112 = CARTESIAN_POINT ( 'NONE',  ( -1.599999999999998979, 0.2030000000000000138, 1.375000000000000222 ) ) ;
#8113 = ORIENTED_EDGE ( 'NONE', *, *, #9969, .F. ) ;
#8114 = LINE ( 'NONE', #4442, #912 ) ;
#8115 = CARTESIAN_POINT ( 'NONE',  ( -1.599999999999998979, 0.1230000000000000954, 1.899999999999999467 ) ) ;
#8116 = VECTOR ( 'NONE', #9462, 1000.000000000000000 ) ;
#8117 = ADVANCED_FACE ( 'NONE', ( #6303 ), #8874, .F. ) ;
#8118 = EDGE_CURVE ( 'NONE', #7274, #10134, #9845, .T. ) ;
#8119 = ORIENTED_EDGE ( 'NONE', *, *, #7468, .F. ) ;
#8120 = ORIENTED_EDGE ( 'NONE', *, *, #2884, .F. ) ;
#8121 = ORIENTED_EDGE ( 'NONE', *, *, #4331, .T. ) ;
#8122 = PLANE ( 'NONE',  #9029 ) ;
#8123 = EDGE_CURVE ( 'NONE', #9100, #1413, #2951, .T. ) ;
#8124 = CARTESIAN_POINT ( 'NONE',  ( 0.6250000000000001110, 0.2030000000000000138, -1.600000000000000977 ) ) ;
#8125 = VECTOR ( 'NONE', #7055, 1000.000000000000000 ) ;
#8126 = COLOUR_RGB ( '',0.7921568627450980005, 0.8196078431372548767, 0.9333333333333333481 ) ;
#8127 = ORIENTED_EDGE ( 'NONE', *, *, #2510, .T. ) ;
#8128 = CARTESIAN_POINT ( 'NONE',  ( 0.1250000000000001110, 0.000000000000000000, -1.600000000000000977 ) ) ;
#8129 = DIRECTION ( 'NONE',  ( -1.000000000000000000, 0.000000000000000000, 5.421010862427524142E-16 ) ) ;
#8130 = DIRECTION ( 'NONE',  ( -8.673617379884037444E-16, 0.000000000000000000, -1.000000000000000000 ) ) ;
#8131 = VERTEX_POINT ( 'NONE', #958 ) ;
#8132 = VECTOR ( 'NONE', #5168, 1000.000000000000000 ) ;
#8133 = CARTESIAN_POINT ( 'NONE',  ( -1.749999999999998890, 0.1230000000000000676, -1.899999999999999467 ) ) ;
#8134 = DIRECTION ( 'NONE',  ( 1.000000000000000000, 0.000000000000000000, -0.000000000000000000 ) ) ;
#8135 = DIRECTION ( 'NONE',  ( -1.000000000000000000, 0.000000000000000000, 0.000000000000000000 ) ) ;
#8136 =( NAMED_UNIT ( * ) SI_UNIT ( $, .STERADIAN. ) SOLID_ANGLE_UNIT ( ) );
#8137 = CARTESIAN_POINT ( 'NONE',  ( 1.125000000000000666, 0.05000000000000000278, 0.000000000000000000 ) ) ;
#8138 = DIRECTION ( 'NONE',  ( 0.000000000000000000, -0.000000000000000000, -1.000000000000000000 ) ) ;
#8139 = CARTESIAN_POINT ( 'NONE',  ( 2.000000000000005329, 0.2030000000000000970, 1.599999999999992095 ) ) ;
#8140 = ORIENTED_EDGE ( 'NONE', *, *, #1906, .F. ) ;
#8141 = EDGE_LOOP ( 'NONE', ( #7208, #1176, #5122, #9819 ) ) ;
#8142 = VERTEX_POINT ( 'NONE', #175 ) ;
#8143 = DIRECTION ( 'NONE',  ( -0.000000000000000000, -1.000000000000000000, -0.000000000000000000 ) ) ;
#8144 = EDGE_CURVE ( 'NONE', #9123, #5205, #6503, .T. ) ;
#8145 = VECTOR ( 'NONE', #499, 1000.000000000000000 ) ;
#8146 = EDGE_CURVE ( 'NONE', #7933, #3632, #3029, .T. ) ;
#8147 = VERTEX_POINT ( 'NONE', #9971 ) ;
#8148 = DIRECTION ( 'NONE',  ( 0.000000000000000000, -1.000000000000000000, 0.000000000000000000 ) ) ;
#8149 = CARTESIAN_POINT ( 'NONE',  ( -0.6249999999999998890, 0.2030000000000000138, -1.600000000000000977 ) ) ;
#8150 = ORIENTED_EDGE ( 'NONE', *, *, #10466, .F. ) ;
#8151 = LINE ( 'NONE', #714, #7883 ) ;
#8152 = CARTESIAN_POINT ( 'NONE',  ( 1.599999999999998979, 0.2030000000000000970, -1.125000000000000000 ) ) ;
#8153 = CARTESIAN_POINT ( 'NONE',  ( 1.599999999999999201, 0.2030000000000000138, -1.375000000000000000 ) ) ;
#8154 = LINE ( 'NONE', #5057, #8247 ) ;
#8155 = PLANE ( 'NONE',  #744 ) ;
#8156 = ORIENTED_EDGE ( 'NONE', *, *, #8659, .F. ) ;
#8157 = VERTEX_POINT ( 'NONE', #812 ) ;
#8158 = DIRECTION ( 'NONE',  ( -1.000000000000000000, 0.000000000000000000, 3.491481338843133355E-15 ) ) ;
#8159 = ORIENTED_EDGE ( 'NONE', *, *, #2051, .T. ) ;
#8160 = ADVANCED_BREP_SHAPE_REPRESENTATION ( 'FE1.1s-BQFN24B', ( #3012, #1450, #433, #5043, #2927, #10136, #8834, #6314, #10224, #8038, #5188, #4690, #2154, #5916, #7162, #522, #6397, #9661, #1801, #7235, #3913, #4320, #9828, #5116, #2529, #8918, #115, #7729, #4241, #1293, #1377, #906, #9349, #4769, #3385, #10226 ), #7685 ) ;
#8161 = PLANE ( 'NONE',  #9697 ) ;
#8162 = DIRECTION ( 'NONE',  ( 0.000000000000000000, -0.000000000000000000, 1.000000000000000000 ) ) ;
#8163 = LINE ( 'NONE', #5722, #4513 ) ;
#8164 = LINE ( 'NONE', #6172, #4422 ) ;
#8165 = DIRECTION ( 'NONE',  ( 0.000000000000000000, -0.000000000000000000, 1.000000000000000000 ) ) ;
#8166 = EDGE_LOOP ( 'NONE', ( #7187, #360, #9052, #2116 ) ) ;
#8167 = EDGE_CURVE ( 'NONE', #5388, #5602, #6466, .T. ) ;
#8168 = ADVANCED_FACE ( 'NONE', ( #10058 ), #4953, .F. ) ;
#8169 = ORIENTED_EDGE ( 'NONE', *, *, #1400, .F. ) ;
#8170 = EDGE_CURVE ( 'NONE', #5895, #2572, #10076, .T. ) ;
#8171 = LINE ( 'NONE', #1598, #4603 ) ;
#8172 = DIRECTION ( 'NONE',  ( -8.673617379884037444E-16, 0.000000000000000000, -1.000000000000000000 ) ) ;
#8173 = SURFACE_STYLE_FILL_AREA ( #3702 ) ;
#8174 = DIRECTION ( 'NONE',  ( 0.000000000000000000, -1.000000000000000000, 0.000000000000000000 ) ) ;
#8175 = AXIS2_PLACEMENT_3D ( 'NONE', #7139, #5686, #4114 ) ;
#8176 = ORIENTED_EDGE ( 'NONE', *, *, #10014, .T. ) ;
#8177 = CARTESIAN_POINT ( 'NONE',  ( 0.1250000000000000555, 0.2030000000000000138, -1.600000000000000977 ) ) ;
#8178 = CLOSED_SHELL ( 'NONE', ( #8888, #6857, #3376, #1068, #7243, #1852 ) ) ;
#8179 = ORIENTED_EDGE ( 'NONE', *, *, #2535, .F. ) ;
#8180 = DIRECTION ( 'NONE',  ( 0.000000000000000000, -1.000000000000000000, 0.000000000000000000 ) ) ;
#8181 = EDGE_CURVE ( 'NONE', #2132, #5844, #1707, .T. ) ;
#8182 = CARTESIAN_POINT ( 'NONE',  ( -0.8749999999999998890, 0.2030000000000000138, -2.000000000000000888 ) ) ;
#8183 = FACE_OUTER_BOUND ( 'NONE', #736, .T. ) ;
#8184 = CARTESIAN_POINT ( 'NONE',  ( 0.000000000000000000, 0.2030000000000000138, 0.000000000000000000 ) ) ;
#8185 = VECTOR ( 'NONE', #3959, 1000.000000000000000 ) ;
#8186 = ORIENTED_EDGE ( 'NONE', *, *, #6657, .F. ) ;
#8187 = DIRECTION ( 'NONE',  ( 0.000000000000000000, -0.000000000000000000, -1.000000000000000000 ) ) ;
#8188 = CARTESIAN_POINT ( 'NONE',  ( -1.999999999999999112, 0.2030000000000000138, 0.3750000000000001110 ) ) ;
#8189 = CARTESIAN_POINT ( 'NONE',  ( 1.125000000000000222, 0.04999999999999999584, -1.600000000000000977 ) ) ;
#8190 = PLANE ( 'NONE',  #6991 ) ;
#8191 = CARTESIAN_POINT ( 'NONE',  ( 1.149999999999999911, 3.738533905932738044, 1.150000000000000133 ) ) ;
#8192 = CARTESIAN_POINT ( 'NONE',  ( -1.599999999999998979, 0.2030000000000000138, 0.8750000000000001110 ) ) ;
#8193 = ORIENTED_EDGE ( 'NONE', *, *, #6811, .F. ) ;
#8194 = FACE_OUTER_BOUND ( 'NONE', #5923, .T. ) ;
#8195 = ORIENTED_EDGE ( 'NONE', *, *, #569, .F. ) ;
#8196 = ORIENTED_EDGE ( 'NONE', *, *, #3671, .T. ) ;
#8197 = ORIENTED_EDGE ( 'NONE', *, *, #569, .T. ) ;
#8198 = AXIS2_PLACEMENT_3D ( 'NONE', #7301, #8158, #8998 ) ;
#8199 = DIRECTION ( 'NONE',  ( 0.000000000000000000, 0.000000000000000000, -1.000000000000000000 ) ) ;
#8200 = FACE_OUTER_BOUND ( 'NONE', #2425, .T. ) ;
#8201 = EDGE_CURVE ( 'NONE', #3714, #3820, #1735, .T. ) ;
#8202 = ORIENTED_EDGE ( 'NONE', *, *, #4941, .F. ) ;
#8203 = DIRECTION ( 'NONE',  ( -5.421010862427524142E-16, 0.000000000000000000, 1.000000000000000000 ) ) ;
#8204 = DIRECTION ( 'NONE',  ( 0.000000000000000000, 1.000000000000000000, 0.000000000000000000 ) ) ;
#8205 =( NAMED_UNIT ( * ) SI_UNIT ( $, .STERADIAN. ) SOLID_ANGLE_UNIT ( ) );
#8206 = ORIENTED_EDGE ( 'NONE', *, *, #5220, .F. ) ;
#8207 = DIRECTION ( 'NONE',  ( 1.000000000000000000, 0.000000000000000000, -5.421010862427524142E-16 ) ) ;
#8208 = DIRECTION ( 'NONE',  ( -3.614007241618349264E-16, 1.000000000000000000, 0.000000000000000000 ) ) ;
#8209 = DIRECTION ( 'NONE',  ( -0.000000000000000000, -1.000000000000000000, -0.000000000000000000 ) ) ;
#8210 = VECTOR ( 'NONE', #10450, 1000.000000000000000 ) ;
#8211 = ADVANCED_FACE ( 'NONE', ( #1925 ), #4068, .F. ) ;
#8212 = PLANE ( 'NONE',  #9272 ) ;
#8213 = SURFACE_SIDE_STYLE ('',( #4497 ) ) ;
#8214 = ORIENTED_EDGE ( 'NONE', *, *, #7834, .T. ) ;
#8215 = ORIENTED_EDGE ( 'NONE', *, *, #9039, .F. ) ;
#8216 = VERTEX_POINT ( 'NONE', #2700 ) ;
#8217 = DIRECTION ( 'NONE',  ( -0.000000000000000000, -1.000000000000000000, -0.000000000000000000 ) ) ;
#8218 = AXIS2_PLACEMENT_3D ( 'NONE', #8427, #10481, #2664 ) ;
#8219 = VECTOR ( 'NONE', #8621, 1000.000000000000000 ) ;
#8220 = AXIS2_PLACEMENT_3D ( 'NONE', #7159, #1556, #3030 ) ;
#8221 = VERTEX_POINT ( 'NONE', #9146 ) ;
#8222 = CARTESIAN_POINT ( 'NONE',  ( 0.1250000000000001110, 0.6746990566028302494, -1.600000000000000977 ) ) ;
#8223 = EDGE_CURVE ( 'NONE', #2217, #7274, #8928, .T. ) ;
#8224 = AXIS2_PLACEMENT_3D ( 'NONE', #1269, #10073, #276 ) ;
#8225 = DIRECTION ( 'NONE',  ( -5.421010862427524142E-16, 0.000000000000000000, 1.000000000000000000 ) ) ;
#8226 = ORIENTED_EDGE ( 'NONE', *, *, #4496, .F. ) ;
#8227 = LINE ( 'NONE', #7701, #4633 ) ;
#8228 = CARTESIAN_POINT ( 'NONE',  ( 1.730000000000005533, 0.2030000000000000693, 1.749999999999992895 ) ) ;
#8229 = VECTOR ( 'NONE', #891, 1000.000000000000000 ) ;
#8230 = CARTESIAN_POINT ( 'NONE',  ( 1.599999999999999201, 0.6746990566028303604, 1.125000000000000222 ) ) ;
#8231 = ORIENTED_EDGE ( 'NONE', *, *, #3904, .T. ) ;
#8232 = VECTOR ( 'NONE', #10259, 1000.000000000000000 ) ;
#8233 = DIRECTION ( 'NONE',  ( 0.000000000000000000, -1.000000000000000000, 0.000000000000000000 ) ) ;
#8234 = ORIENTED_EDGE ( 'NONE', *, *, #2018, .T. ) ;
#8235 = PLANE ( 'NONE',  #7831 ) ;
#8236 = ADVANCED_FACE ( 'NONE', ( #5332 ), #9477, .T. ) ;
#8237 = DIRECTION ( 'NONE',  ( 0.000000000000000000, -1.000000000000000000, 0.000000000000000000 ) ) ;
#8238 = VECTOR ( 'NONE', #2824, 1000.000000000000000 ) ;
#8239 = FACE_OUTER_BOUND ( 'NONE', #8325, .T. ) ;
#8240 = CARTESIAN_POINT ( 'NONE',  ( 0.000000000000000000, 0.2030000000000000138, 0.000000000000000000 ) ) ;
#8241 = ORIENTED_EDGE ( 'NONE', *, *, #7079, .T. ) ;
#8242 = PRESENTATION_LAYER_ASSIGNMENT (  '', '', ( #9568 ) ) ;
#8243 = EDGE_CURVE ( 'NONE', #8596, #5012, #1721, .T. ) ;
#8244 = ORIENTED_EDGE ( 'NONE', *, *, #10394, .F. ) ;
#8245 = LINE ( 'NONE', #3075, #4361 ) ;
#8246 = CARTESIAN_POINT ( 'NONE',  ( -0.8749999999999994449, 0.2030000000000000138, 1.600000000000001421 ) ) ;
#8247 = VECTOR ( 'NONE', #9128, 1000.000000000000000 ) ;
#8248 = PLANE ( 'NONE',  #873 ) ;
#8249 = EDGE_LOOP ( 'NONE', ( #9823, #7048, #3513, #6067 ) ) ;
#8250 = DIRECTION ( 'NONE',  ( 0.000000000000000000, -1.000000000000000000, 0.000000000000000000 ) ) ;
#8251 = PRESENTATION_STYLE_ASSIGNMENT (( #1094 ) ) ;
#8252 = ORIENTED_EDGE ( 'NONE', *, *, #9761, .F. ) ;
#8253 = DIRECTION ( 'NONE',  ( 0.000000000000000000, 0.000000000000000000, 1.000000000000000000 ) ) ;
#8254 = LINE ( 'NONE', #7469, #1224 ) ;
#8255 = SURFACE_SIDE_STYLE ('',( #6651 ) ) ;
#8256 = FACE_OUTER_BOUND ( 'NONE', #8488, .T. ) ;
#8257 = VERTEX_POINT ( 'NONE', #8518 ) ;
#8258 = CARTESIAN_POINT ( 'NONE',  ( 0.000000000000000000, 0.000000000000000000, 2.500000000000000000 ) ) ;
#8259 = CARTESIAN_POINT ( 'NONE',  ( -1.999999999999999112, 0.04999999999999991257, -0.8749999999999996669 ) ) ;
#8260 = AXIS2_PLACEMENT_3D ( 'NONE', #9963, #4882, #4943 ) ;
#8261 = ADVANCED_FACE ( 'NONE', ( #8774 ), #2774, .F. ) ;
#8262 =( NAMED_UNIT ( * ) PLANE_ANGLE_UNIT ( ) SI_UNIT ( $, .RADIAN. ) );
#8263 = CARTESIAN_POINT ( 'NONE',  ( -1.124999999999999556, 0.000000000000000000, 2.000000000000000888 ) ) ;
#8264 = CARTESIAN_POINT ( 'NONE',  ( -1.599999999999998979, 0.05000000000000023870, 0.8750000000000001110 ) ) ;
#8265 = FILL_AREA_STYLE_COLOUR ( '', #286 ) ;
#8266 = ORIENTED_EDGE ( 'NONE', *, *, #6136, .F. ) ;
#8267 = FACE_OUTER_BOUND ( 'NONE', #8289, .T. ) ;
#8268 = EDGE_CURVE ( 'NONE', #8952, #3771, #8940, .T. ) ;
#8269 = COLOUR_RGB ( '',0.7921568627450980005, 0.8196078431372548767, 0.9333333333333333481 ) ;
#8270 = ORIENTED_EDGE ( 'NONE', *, *, #257, .F. ) ;
#8271 = VERTEX_POINT ( 'NONE', #477 ) ;
#8272 = CARTESIAN_POINT ( 'NONE',  ( -1.999999999999999112, 0.2030000000000000138, 1.375000000000000222 ) ) ;
#8273 = LINE ( 'NONE', #7319, #4765 ) ;
#8274 = VERTEX_POINT ( 'NONE', #6074 ) ;
#8275 = DIRECTION ( 'NONE',  ( 1.000000000000000000, -0.000000000000000000, 0.000000000000000000 ) ) ;
#8276 = DIRECTION ( 'NONE',  ( -0.000000000000000000, -1.000000000000000000, -0.000000000000000000 ) ) ;
#8277 = DIRECTION ( 'NONE',  ( 0.000000000000000000, -1.000000000000000000, 0.000000000000000000 ) ) ;
#8278 = EDGE_CURVE ( 'NONE', #1279, #5205, #1846, .T. ) ;
#8279 = ORIENTED_EDGE ( 'NONE', *, *, #1956, .T. ) ;
#8280 = VECTOR ( 'NONE', #2434, 1000.000000000000000 ) ;
#8281 = CARTESIAN_POINT ( 'NONE',  ( -1.125000000000000000, 0.6746990566028302494, -2.000000000000000888 ) ) ;
#8282 = CARTESIAN_POINT ( 'NONE',  ( -1.599999999999998979, 0.2030000000000000138, 0.3750000000000001110 ) ) ;
#8283 = CARTESIAN_POINT ( 'NONE',  ( 1.125000000000000222, 0.000000000000000000, -1.600000000000000977 ) ) ;
#8284 = EDGE_CURVE ( 'NONE', #4608, #8354, #1749, .T. ) ;
#8285 = VECTOR ( 'NONE', #1180, 1000.000000000000000 ) ;
#8286 = CARTESIAN_POINT ( 'NONE',  ( 0.1250000000000005551, 0.000000000000000000, 1.600000000000001421 ) ) ;
#8287 = ORIENTED_EDGE ( 'NONE', *, *, #6312, .F. ) ;
#8288 = FACE_OUTER_BOUND ( 'NONE', #3934, .T. ) ;
#8289 = EDGE_LOOP ( 'NONE', ( #7885, #4136, #7198, #1120 ) ) ;
#8290 = SURFACE_SIDE_STYLE ('',( #2561 ) ) ;
#8291 = EDGE_CURVE ( 'NONE', #5871, #6724, #8827, .T. ) ;
#8292 = UNCERTAINTY_MEASURE_WITH_UNIT (LENGTH_MEASURE( 1.000000000000000082E-05 ), #3651, 'distance_accuracy_value', 'NONE');
#8293 = VECTOR ( 'NONE', #2598, 1000.000000000000000 ) ;
#8294 = VECTOR ( 'NONE', #2721, 1000.000000000000000 ) ;
#8295 = EDGE_CURVE ( 'NONE', #6527, #5269, #1674, .T. ) ;
#8296 = ORIENTED_EDGE ( 'NONE', *, *, #8083, .F. ) ;
#8297 = PLANE ( 'NONE',  #8760 ) ;
#8298 = EDGE_CURVE ( 'NONE', #4055, #5018, #5137, .T. ) ;
#8299 = CARTESIAN_POINT ( 'NONE',  ( 0.6250000000000001110, 0.2030000000000000138, -1.600000000000000977 ) ) ;
#8300 = ORIENTED_EDGE ( 'NONE', *, *, #361, .F. ) ;
#8301 = FACE_OUTER_BOUND ( 'NONE', #4398, .T. ) ;
#8302 = PLANE ( 'NONE',  #1993 ) ;
#8303 = LINE ( 'NONE', #7060, #1448 ) ;
#8304 = CARTESIAN_POINT ( 'NONE',  ( -0.3749999999999998890, 0.6746990566028302494, -2.000000000000000888 ) ) ;
#8305 = ADVANCED_FACE ( 'NONE', ( #9007 ), #7910, .F. ) ;
#8306 = ORIENTED_EDGE ( 'NONE', *, *, #2106, .T. ) ;
#8307 = DIRECTION ( 'NONE',  ( 0.000000000000000000, -0.000000000000000000, 1.000000000000000000 ) ) ;
#8308 = EDGE_CURVE ( 'NONE', #8088, #7663, #8681, .T. ) ;
#8309 = VERTEX_POINT ( 'NONE', #5201 ) ;
#8310 = CARTESIAN_POINT ( 'NONE',  ( -1.599999999999998979, 0.1230000000000000954, 1.899999999999999467 ) ) ;
#8311 = LINE ( 'NONE', #6605, #1488 ) ;
#8312 = EDGE_CURVE ( 'NONE', #1297, #2679, #5440, .T. ) ;
#8313 = PLANE ( 'NONE',  #8914 ) ;
#8314 = ORIENTED_EDGE ( 'NONE', *, *, #3966, .F. ) ;
#8315 = STYLED_ITEM ( 'NONE', ( #10105 ), #5116 ) ;
#8316 = VERTEX_POINT ( 'NONE', #7840 ) ;
#8317 = VECTOR ( 'NONE', #3121, 1000.000000000000000 ) ;
#8318 = EDGE_CURVE ( 'NONE', #5914, #2882, #5157, .T. ) ;
#8319 = CARTESIAN_POINT ( 'NONE',  ( -1.599999999999998979, 0.6746990566028303604, 1.375000000000000222 ) ) ;
#8320 = DIRECTION ( 'NONE',  ( 0.000000000000000000, 1.000000000000000000, 0.000000000000000000 ) ) ;
#8321 = SURFACE_STYLE_FILL_AREA ( #6368 ) ;
#8322 = EDGE_LOOP ( 'NONE', ( #4210, #656, #4846, #8279 ) ) ;
#8323 = DIRECTION ( 'NONE',  ( 0.000000000000000000, 0.000000000000000000, -1.000000000000000000 ) ) ;
#8324 = LINE ( 'NONE', #10039, #8345 ) ;
#8325 = EDGE_LOOP ( 'NONE', ( #936, #1150, #7706, #5305 ) ) ;
#8326 = CARTESIAN_POINT ( 'NONE',  ( -1.599999999999998979, 0.2030000000000000970, 1.375000000000000222 ) ) ;
#8327 = DIRECTION ( 'NONE',  ( 1.000000000000000000, 0.000000000000000000, 0.000000000000000000 ) ) ;
#8328 = ADVANCED_FACE ( 'NONE', ( #5234 ), #2846, .F. ) ;
#8329 = LINE ( 'NONE', #8557, #1423 ) ;
#8330 = DIRECTION ( 'NONE',  ( 0.000000000000000000, 0.000000000000000000, 1.000000000000000000 ) ) ;
#8331 = LINE ( 'NONE', #852, #8416 ) ;
#8332 = VERTEX_POINT ( 'NONE', #8452 ) ;
#8333 = DIRECTION ( 'NONE',  ( 0.000000000000000000, 0.000000000000000000, 1.000000000000000000 ) ) ;
#8334 = CARTESIAN_POINT ( 'NONE',  ( 0.6249999999999998890, 0.2030000000000000693, -2.000000000000000888 ) ) ;
#8335 = DIRECTION ( 'NONE',  ( -1.000000000000000000, -0.000000000000000000, 1.047444401652940007E-14 ) ) ;
#8336 = CARTESIAN_POINT ( 'NONE',  ( -1.999999999999999112, 0.000000000000000000, -0.1249999999999998890 ) ) ;
#8337 = DIRECTION ( 'NONE',  ( -0.000000000000000000, -1.000000000000000000, -0.000000000000000000 ) ) ;
#8338 = AXIS2_PLACEMENT_3D ( 'NONE', #9540, #6968, #7825 ) ;
#8339 = ORIENTED_EDGE ( 'NONE', *, *, #624, .F. ) ;
#8340 = LINE ( 'NONE', #4084, #8433 ) ;
#8341 = AXIS2_PLACEMENT_3D ( 'NONE', #3081, #9428, #2167 ) ;
#8342 = EDGE_CURVE ( 'NONE', #5609, #2001, #8695, .T. ) ;
#8343 = VECTOR ( 'NONE', #3451, 1000.000000000000000 ) ;
#8344 = EDGE_LOOP ( 'NONE', ( #4248, #1388, #1045, #8197 ) ) ;
#8345 = VECTOR ( 'NONE', #3641, 1000.000000000000000 ) ;
#8346 = ORIENTED_EDGE ( 'NONE', *, *, #396, .T. ) ;
#8347 = CARTESIAN_POINT ( 'NONE',  ( 1.900000000000005240, 0.1230000000000000954, 1.599999999999992317 ) ) ;
#8348 = CARTESIAN_POINT ( 'NONE',  ( -1.599999999999998979, 0.2030000000000000970, 0.8750000000000001110 ) ) ;
#8349 = VECTOR ( 'NONE', #4992, 1000.000000000000000 ) ;
#8350 = LINE ( 'NONE', #8979, #4818 ) ;
#8351 = VERTEX_POINT ( 'NONE', #6150 ) ;
#8352 = CARTESIAN_POINT ( 'NONE',  ( -0.1249999999999998890, 0.6746990566028302494, -1.600000000000000977 ) ) ;
#8353 = ADVANCED_FACE ( 'NONE', ( #5371 ), #6768, .T. ) ;
#8354 = VERTEX_POINT ( 'NONE', #4425 ) ;
#8355 = FACE_OUTER_BOUND ( 'NONE', #1562, .T. ) ;
#8356 = CARTESIAN_POINT ( 'NONE',  ( 0.3750000000000001110, 0.2030000000000000138, -1.600000000000000977 ) ) ;
#8357 = AXIS2_PLACEMENT_3D ( 'NONE', #2187, #7090, #3616 ) ;
#8358 = DIRECTION ( 'NONE',  ( -1.000000000000000000, 0.000000000000000000, 0.000000000000000000 ) ) ;
#8359 = PLANE ( 'NONE',  #969 ) ;
#8360 = ORIENTED_EDGE ( 'NONE', *, *, #6699, .F. ) ;
#8361 = CARTESIAN_POINT ( 'NONE',  ( 1.375000000000000666, 0.2030000000000000138, 1.600000000000001421 ) ) ;
#8362 = LINE ( 'NONE', #2273, #1261 ) ;
#8363 = EDGE_CURVE ( 'NONE', #4289, #2775, #5246, .T. ) ;
#8364 = VERTEX_POINT ( 'NONE', #10120 ) ;
#8365 = LINE ( 'NONE', #4225, #4713 ) ;
#8366 = LINE ( 'NONE', #5886, #8512 ) ;
#8367 = ORIENTED_EDGE ( 'NONE', *, *, #8083, .T. ) ;
#8368 = DIRECTION ( 'NONE',  ( 0.000000000000000000, -1.000000000000000000, 0.000000000000000000 ) ) ;
#8369 = PLANE ( 'NONE',  #591 ) ;
#8370 = ORIENTED_EDGE ( 'NONE', *, *, #2936, .F. ) ;
#8371 = LINE ( 'NONE', #2901, #1581 ) ;
#8372 = DIRECTION ( 'NONE',  ( 1.000000000000000000, -0.000000000000000000, -0.000000000000000000 ) ) ;
#8373 = LINE ( 'NONE', #4297, #1495 ) ;
#8374 = FILL_AREA_STYLE_COLOUR ( '', #8269 ) ;
#8375 = AXIS2_PLACEMENT_3D ( 'NONE', #9358, #6927, #5866 ) ;
#8376 = ORIENTED_EDGE ( 'NONE', *, *, #1523, .F. ) ;
#8377 = CYLINDRICAL_SURFACE ( 'NONE', #7709, 0.1000000000000000472 ) ;
#8378 = FILL_AREA_STYLE ('',( #5983 ) ) ;
#8379 = VERTEX_POINT ( 'NONE', #3064 ) ;
#8380 = MECHANICAL_DESIGN_GEOMETRIC_PRESENTATION_REPRESENTATION (  '', ( #8838 ), #7856 ) ;
#8381 = CARTESIAN_POINT ( 'NONE',  ( 1.999999999999999112, 0.000000000000000000, 0.3750000000000001110 ) ) ;
#8382 = EDGE_CURVE ( 'NONE', #3759, #5520, #1979, .T. ) ;
#8383 = DIRECTION ( 'NONE',  ( 1.000000000000000000, 0.000000000000000000, 0.000000000000000000 ) ) ;
#8384 = VECTOR ( 'NONE', #1931, 1000.000000000000000 ) ;
#8385 = FACE_OUTER_BOUND ( 'NONE', #635, .T. ) ;
#8386 = DIRECTION ( 'NONE',  ( 1.000000000000000000, -0.000000000000000000, -3.491481338843133355E-15 ) ) ;
#8387 = ORIENTED_EDGE ( 'NONE', *, *, #8167, .T. ) ;
#8388 = VERTEX_POINT ( 'NONE', #7340 ) ;
#8389 = VECTOR ( 'NONE', #2583, 1000.000000000000000 ) ;
#8390 = DIRECTION ( 'NONE',  ( 0.000000000000000000, -1.000000000000000000, 0.000000000000000000 ) ) ;
#8391 = DIRECTION ( 'NONE',  ( 0.000000000000000000, -0.000000000000000000, -1.000000000000000000 ) ) ;
#8392 = ADVANCED_FACE ( 'NONE', ( #5184 ), #3940, .T. ) ;
#8393 = CARTESIAN_POINT ( 'NONE',  ( -1.749999999999998890, 0.2030000000000000693, 1.899999999999999467 ) ) ;
#8394 = ORIENTED_EDGE ( 'NONE', *, *, #4746, .F. ) ;
#8395 = EDGE_CURVE ( 'NONE', #7061, #6552, #8792, .T. ) ;
#8396 = CARTESIAN_POINT ( 'NONE',  ( -1.599999999999999201, 0.000000000000000000, -0.3749999999999998890 ) ) ;
#8397 = FACE_OUTER_BOUND ( 'NONE', #3413, .T. ) ;
#8398 = FILL_AREA_STYLE_COLOUR ( '', #6602 ) ;
#8399 = LINE ( 'NONE', #1212, #1342 ) ;
#8400 = EDGE_CURVE ( 'NONE', #1347, #3737, #5453, .T. ) ;
#8401 = VERTEX_POINT ( 'NONE', #7980 ) ;
#8402 = CARTESIAN_POINT ( 'NONE',  ( -1.124999999999999556, 0.6746990566028302494, 1.600000000000001421 ) ) ;
#8403 = DIRECTION ( 'NONE',  ( 1.000000000000000000, -3.614007241618349264E-16, -0.000000000000000000 ) ) ;
#8404 = DIRECTION ( 'NONE',  ( -1.000000000000000000, -0.000000000000000000, 1.047444401652940007E-14 ) ) ;
#8405 = DIRECTION ( 'NONE',  ( 0.000000000000000000, 0.000000000000000000, 1.000000000000000000 ) ) ;
#8406 = CARTESIAN_POINT ( 'NONE',  ( -1.375000000000000000, 0.6746990566028302494, -1.600000000000000977 ) ) ;
#8407 = DIRECTION ( 'NONE',  ( 0.000000000000000000, 1.000000000000000000, 0.000000000000000000 ) ) ;
#8408 = ORIENTED_EDGE ( 'NONE', *, *, #835, .F. ) ;
#8409 = VECTOR ( 'NONE', #10350, 1000.000000000000000 ) ;
#8410 = FACE_OUTER_BOUND ( 'NONE', #765, .T. ) ;
#8411 = ORIENTED_EDGE ( 'NONE', *, *, #1518, .F. ) ;
#8412 = DIRECTION ( 'NONE',  ( -0.000000000000000000, -1.000000000000000000, -0.000000000000000000 ) ) ;
#8413 = DIRECTION ( 'NONE',  ( 1.000000000000000000, -0.000000000000000000, 0.000000000000000000 ) ) ;
#8414 = ADVANCED_FACE ( 'NONE', ( #5171 ), #2347, .F. ) ;
#8415 = LINE ( 'NONE', #6200, #4892 ) ;
#8416 = VECTOR ( 'NONE', #7853, 1000.000000000000000 ) ;
#8417 = VERTEX_POINT ( 'NONE', #4913 ) ;
#8418 = EDGE_CURVE ( 'NONE', #300, #8850, #8872, .T. ) ;
#8419 = EDGE_LOOP ( 'NONE', ( #10180, #7206, #3716, #3181 ) ) ;
#8420 = EDGE_CURVE ( 'NONE', #4740, #578, #5262, .T. ) ;
#8421 = VECTOR ( 'NONE', #1857, 1000.000000000000000 ) ;
#8422 = CARTESIAN_POINT ( 'NONE',  ( 1.999999999999999112, 0.2030000000000000138, 0.3750000000000001110 ) ) ;
#8423 = DIRECTION ( 'NONE',  ( 1.000000000000000000, 0.000000000000000000, 0.000000000000000000 ) ) ;
#8424 = VECTOR ( 'NONE', #5272, 1000.000000000000000 ) ;
#8425 = EDGE_CURVE ( 'NONE', #9449, #5199, #8738, .T. ) ;
#8426 = ORIENTED_EDGE ( 'NONE', *, *, #8363, .F. ) ;
#8427 = CARTESIAN_POINT ( 'NONE',  ( 1.729999999999993987, 0.2030000000000000970, -1.600000000000004974 ) ) ;
#8428 = EDGE_CURVE ( 'NONE', #2491, #5538, #1797, .T. ) ;
#8429 = LINE ( 'NONE', #6050, #1266 ) ;
#8430 = CARTESIAN_POINT ( 'NONE',  ( -1.599999999999999201, 0.2030000000000000138, -1.375000000000000000 ) ) ;
#8431 = ADVANCED_FACE ( 'NONE', ( #1818 ), #5532, .T. ) ;
#8432 = EDGE_LOOP ( 'NONE', ( #7058, #211, #2630, #7223 ) ) ;
#8433 = VECTOR ( 'NONE', #4903, 1000.000000000000000 ) ;
#8434 = DIRECTION ( 'NONE',  ( 0.000000000000000000, 1.000000000000000000, 0.000000000000000000 ) ) ;
#8435 = FACE_OUTER_BOUND ( 'NONE', #3536, .T. ) ;
#8436 = CARTESIAN_POINT ( 'NONE',  ( -1.499999999999999112, 0.8000000000000000444, -1.500000000000000666 ) ) ;
#8437 = ORIENTED_EDGE ( 'NONE', *, *, #8562, .T. ) ;
#8438 =( NAMED_UNIT ( * ) SI_UNIT ( $, .STERADIAN. ) SOLID_ANGLE_UNIT ( ) );
#8439 = AXIS2_PLACEMENT_3D ( 'NONE', #6107, #1918, #10364 ) ;
#8440 = STYLED_ITEM ( 'NONE', ( #4747 ), #10136 ) ;
#8441 = DIRECTION ( 'NONE',  ( -1.807003620809174878E-16, -1.000000000000000000, 0.000000000000000000 ) ) ;
#8442 = CARTESIAN_POINT ( 'NONE',  ( 0.6250000000000001110, 0.2030000000000000138, -1.600000000000000977 ) ) ;
#8443 = DIRECTION ( 'NONE',  ( 0.000000000000000000, 1.000000000000000000, 0.000000000000000000 ) ) ;
#8444 = CARTESIAN_POINT ( 'NONE',  ( 0.000000000000000000, 0.2030000000000000138, 0.000000000000000000 ) ) ;
#8445 = LINE ( 'NONE', #5976, #4732 ) ;
#8446 = CARTESIAN_POINT ( 'NONE',  ( 1.375000000000000222, 0.2030000000000000138, -1.600000000000000977 ) ) ;
#8447 = EDGE_CURVE ( 'NONE', #9827, #9679, #5352, .T. ) ;
#8448 = LINE ( 'NONE', #1536, #4951 ) ;
#8449 = DIRECTION ( 'NONE',  ( 0.000000000000000000, -1.000000000000000000, 0.000000000000000000 ) ) ;
#8450 = VERTEX_POINT ( 'NONE', #1584 ) ;
#8451 = VECTOR ( 'NONE', #998, 1000.000000000000000 ) ;
#8452 = CARTESIAN_POINT ( 'NONE',  ( 1.899999999999993472, 0.2030000000000000693, -1.750000000000005551 ) ) ;
#8453 = VECTOR ( 'NONE', #2552, 1000.000000000000000 ) ;
#8454 = DIRECTION ( 'NONE',  ( -1.000000000000000000, 0.000000000000000000, -0.000000000000000000 ) ) ;
#8455 = EDGE_LOOP ( 'NONE', ( #9961, #3739, #4169, #9519 ) ) ;
#8456 = CARTESIAN_POINT ( 'NONE',  ( 1.999999999999999112, 0.6746990566028303604, 1.125000000000000444 ) ) ;
#8457 = CARTESIAN_POINT ( 'NONE',  ( 1.375000000000000666, 0.2030000000000000138, 1.600000000000001421 ) ) ;
#8458 = CARTESIAN_POINT ( 'NONE',  ( -1.999999999999999112, 0.2030000000000000693, 0.8750000000000001110 ) ) ;
#8459 = PLANE ( 'NONE',  #989 ) ;
#8460 = AXIS2_PLACEMENT_3D ( 'NONE', #5041, #4183, #290 ) ;
#8461 = VECTOR ( 'NONE', #4078, 1000.000000000000000 ) ;
#8462 = FACE_OUTER_BOUND ( 'NONE', #2192, .T. ) ;
#8463 = DIRECTION ( 'NONE',  ( 0.000000000000000000, -0.000000000000000000, -1.000000000000000000 ) ) ;
#8464 = EDGE_CURVE ( 'NONE', #9355, #7551, #5298, .T. ) ;
#8465 = DIRECTION ( 'NONE',  ( -0.000000000000000000, -1.000000000000000000, 0.000000000000000000 ) ) ;
#8466 = CARTESIAN_POINT ( 'NONE',  ( -0.6249999999999994449, 0.04999999999999999584, 1.600000000000001421 ) ) ;
#8467 = CARTESIAN_POINT ( 'NONE',  ( -1.999999999999999112, 0.8000000000000003775, 1.999999999999999556 ) ) ;
#8468 = CARTESIAN_POINT ( 'NONE',  ( -1.599999999999998979, 0.2030000000000000970, -1.899999999999999467 ) ) ;
#8469 = SURFACE_STYLE_USAGE ( .BOTH. , #7000 ) ;
#8470 = EDGE_LOOP ( 'NONE', ( #9152, #3605, #3781, #6002 ) ) ;
#8471 = LINE ( 'NONE', #5885, #8545 ) ;
#8472 = LINE ( 'NONE', #10379, #5198 ) ;
#8473 = ADVANCED_FACE ( 'NONE', ( #1946 ), #8898, .F. ) ;
#8474 = ORIENTED_EDGE ( 'NONE', *, *, #871, .F. ) ;
#8475 = DIRECTION ( 'NONE',  ( -1.000000000000000000, 0.000000000000000000, 8.673617379884037444E-16 ) ) ;
#8476 = CARTESIAN_POINT ( 'NONE',  ( 1.599999999999999201, 0.2030000000000000138, -1.375000000000000000 ) ) ;
#8477 = LINE ( 'NONE', #7513, #8384 ) ;
#8478 = LINE ( 'NONE', #3005, #1605 ) ;
#8479 = AXIS2_PLACEMENT_3D ( 'NONE', #7615, #4506, #629 ) ;
#8480 = DIRECTION ( 'NONE',  ( -1.892735826383162188E-30, -1.000000000000000000, -1.807003620809174878E-16 ) ) ;
#8481 = CARTESIAN_POINT ( 'NONE',  ( 1.599999999999998979, 0.2030000000000000138, 0.8750000000000001110 ) ) ;
#8482 = DIRECTION ( 'NONE',  ( 0.000000000000000000, 0.000000000000000000, 1.000000000000000000 ) ) ;
#8483 = EDGE_CURVE ( 'NONE', #1871, #9062, #8976, .T. ) ;
#8484 = ORIENTED_EDGE ( 'NONE', *, *, #5679, .T. ) ;
#8485 = LINE ( 'NONE', #3778, #8317 ) ;
#8486 = CARTESIAN_POINT ( 'NONE',  ( -1.749999999999998890, 0.1230000000000000676, -1.999999999999999556 ) ) ;
#8487 = DIRECTION ( 'NONE',  ( 8.673617379884037444E-16, 0.000000000000000000, -1.000000000000000000 ) ) ;
#8488 = EDGE_LOOP ( 'NONE', ( #6096, #9745, #4715, #6965 ) ) ;
#8489 = DIRECTION ( 'NONE',  ( 0.000000000000000000, -1.000000000000000000, 0.000000000000000000 ) ) ;
#8490 = DIRECTION ( 'NONE',  ( -1.000000000000000000, 0.000000000000000000, 0.000000000000000000 ) ) ;
#8491 = ADVANCED_FACE ( 'NONE', ( #1832 ), #8122, .T. ) ;
#8492 = VECTOR ( 'NONE', #3256, 1000.000000000000000 ) ;
#8493 = VECTOR ( 'NONE', #5962, 1000.000000000000000 ) ;
#8494 = DIRECTION ( 'NONE',  ( -1.000000000000000000, 0.000000000000000000, 1.084202172485504681E-16 ) ) ;
#8495 = EDGE_CURVE ( 'NONE', #7258, #10393, #8859, .T. ) ;
#8496 = CARTESIAN_POINT ( 'NONE',  ( 0.8750000000000001110, 0.2030000000000000138, -2.000000000000000888 ) ) ;
#8497 = AXIS2_PLACEMENT_3D ( 'NONE', #8602, #5782, #5071 ) ;
#8498 = ORIENTED_EDGE ( 'NONE', *, *, #4132, .F. ) ;
#8499 = LINE ( 'NONE', #6634, #1494 ) ;
#8500 = DIRECTION ( 'NONE',  ( 0.000000000000000000, -0.000000000000000000, 1.000000000000000000 ) ) ;
#8501 = EDGE_CURVE ( 'NONE', #8354, #8850, #9361, .T. ) ;
#8502 = VECTOR ( 'NONE', #9222, 1000.000000000000000 ) ;
#8503 = DIRECTION ( 'NONE',  ( -1.000000000000000000, 0.000000000000000000, -0.000000000000000000 ) ) ;
#8504 = ORIENTED_EDGE ( 'NONE', *, *, #8722, .F. ) ;
#8505 = DIRECTION ( 'NONE',  ( 0.000000000000000000, 0.000000000000000000, 1.000000000000000000 ) ) ;
#8506 = DIRECTION ( 'NONE',  ( 1.000000000000000000, -1.807003620809174878E-16, 0.000000000000000000 ) ) ;
#8507 = CARTESIAN_POINT ( 'NONE',  ( -1.900000000000016565, 0.1230000000000000954, -1.599999999999978995 ) ) ;
#8508 = PLANE ( 'NONE',  #7151 ) ;
#8509 = CARTESIAN_POINT ( 'NONE',  ( 1.599999999999999201, 0.2030000000000000138, -1.375000000000000000 ) ) ;
#8510 = LINE ( 'NONE', #4128, #8349 ) ;
#8511 = CARTESIAN_POINT ( 'NONE',  ( 2.000000000000000000, 0.000000000000000000, 0.000000000000000000 ) ) ;
#8512 = VECTOR ( 'NONE', #9250, 1000.000000000000000 ) ;
#8513 = DIRECTION ( 'NONE',  ( 0.000000000000000000, 0.000000000000000000, -1.000000000000000000 ) ) ;
#8514 = ADVANCED_FACE ( 'NONE', ( #2160 ), #1654, .F. ) ;
#8515 = EDGE_CURVE ( 'NONE', #667, #4530, #9093, .T. ) ;
#8516 = VERTEX_POINT ( 'NONE', #10190 ) ;
#8517 = LINE ( 'NONE', #8107, #5049 ) ;
#8518 = CARTESIAN_POINT ( 'NONE',  ( 1.599999999999998979, 0.2030000000000000970, -1.899999999999999467 ) ) ;
#8519 = EDGE_CURVE ( 'NONE', #3771, #156, #2242, .T. ) ;
#8520 = LINE ( 'NONE', #7195, #1687 ) ;
#8521 = ORIENTED_EDGE ( 'NONE', *, *, #78, .F. ) ;
#8522 = PLANE ( 'NONE',  #2089 ) ;
#8523 = CARTESIAN_POINT ( 'NONE',  ( 1.149999999999999911, 0.000000000000000000, -1.249999999999999778 ) ) ;
#8524 = CARTESIAN_POINT ( 'NONE',  ( 1.999999999999999112, 0.000000000000000000, -0.8749999999999996669 ) ) ;
#8525 = VECTOR ( 'NONE', #470, 1000.000000000000000 ) ;
#8526 = FACE_OUTER_BOUND ( 'NONE', #2416, .T. ) ;
#8527 =( NAMED_UNIT ( * ) PLANE_ANGLE_UNIT ( ) SI_UNIT ( $, .RADIAN. ) );
#8528 = FACE_OUTER_BOUND ( 'NONE', #2906, .T. ) ;
#8529 = CARTESIAN_POINT ( 'NONE',  ( -1.999999999999999112, 0.04999999999999991257, 0.3750000000000001110 ) ) ;
#8530 = PLANE ( 'NONE',  #2827 ) ;
#8531 = DIRECTION ( 'NONE',  ( 0.000000000000000000, -1.000000000000000000, 0.000000000000000000 ) ) ;
#8532 = ORIENTED_EDGE ( 'NONE', *, *, #1015, .T. ) ;
#8533 = VECTOR ( 'NONE', #1506, 1000.000000000000000 ) ;
#8534 = FACE_OUTER_BOUND ( 'NONE', #1072, .T. ) ;
#8535 = EDGE_LOOP ( 'NONE', ( #3895, #9887, #4324, #410 ) ) ;
#8536 = EDGE_CURVE ( 'NONE', #3813, #9123, #5641, .T. ) ;
#8537 = DIRECTION ( 'NONE',  ( -1.000000000000000000, 0.000000000000000000, -0.000000000000000000 ) ) ;
#8538 = CARTESIAN_POINT ( 'NONE',  ( 1.999999999999999112, 0.2030000000000000970, -0.1249999999999998890 ) ) ;
#8539 = FACE_BOUND ( 'NONE', #2373, .T. ) ;
#8540 = VECTOR ( 'NONE', #5141, 1000.000000000000000 ) ;
#8541 = EDGE_CURVE ( 'NONE', #1476, #6248, #2227, .T. ) ;
#8542 = DIRECTION ( 'NONE',  ( -0.000000000000000000, -1.000000000000000000, -0.000000000000000000 ) ) ;
#8543 = CARTESIAN_POINT ( 'NONE',  ( 2.000000000000000888, 0.05000000000000000278, 1.999999999999999112 ) ) ;
#8544 = ORIENTED_EDGE ( 'NONE', *, *, #2931, .T. ) ;
#8545 = VECTOR ( 'NONE', #923, 1000.000000000000000 ) ;
#8546 = EDGE_CURVE ( 'NONE', #5678, #4208, #5742, .T. ) ;
#8547 = CARTESIAN_POINT ( 'NONE',  ( -0.1249999999999998890, 0.2030000000000000138, -2.000000000000000888 ) ) ;
#8548 = ADVANCED_FACE ( 'NONE', ( #9193 ), #4625, .F. ) ;
#8549 = ORIENTED_EDGE ( 'NONE', *, *, #8680, .T. ) ;
#8550 = CARTESIAN_POINT ( 'NONE',  ( -1.599999999999998979, 0.2030000000000000138, 1.375000000000000222 ) ) ;
#8551 = AXIS2_PLACEMENT_3D ( 'NONE', #7462, #8320, #1028 ) ;
#8552 = FACE_OUTER_BOUND ( 'NONE', #3359, .T. ) ;
#8553 = VECTOR ( 'NONE', #8412, 1000.000000000000000 ) ;
#8554 = LINE ( 'NONE', #6307, #1300 ) ;
#8555 = CARTESIAN_POINT ( 'NONE',  ( 1.730000000000005089, 0.2030000000000000970, 1.599999999999992983 ) ) ;
#8556 = ORIENTED_EDGE ( 'NONE', *, *, #4481, .T. ) ;
#8557 = CARTESIAN_POINT ( 'NONE',  ( 4.743384504624087815E-16, 0.05000000000000000278, -0.8750000000000007772 ) ) ;
#8558 = PRESENTATION_LAYER_ASSIGNMENT (  '', '', ( #7257 ) ) ;
#8559 = ORIENTED_EDGE ( 'NONE', *, *, #9395, .F. ) ;
#8560 = LINE ( 'NONE', #1787, #8451 ) ;
#8561 = DIRECTION ( 'NONE',  ( 0.000000000000000000, 1.000000000000000000, 0.000000000000000000 ) ) ;
#8562 = EDGE_CURVE ( 'NONE', #9954, #10341, #9301, .T. ) ;
#8563 = DIRECTION ( 'NONE',  ( 0.000000000000000000, 0.000000000000000000, 1.000000000000000000 ) ) ;
#8564 = ORIENTED_EDGE ( 'NONE', *, *, #2022, .T. ) ;
#8565 = CARTESIAN_POINT ( 'NONE',  ( 0.3750000000000001110, 0.2030000000000000138, -1.600000000000000977 ) ) ;
#8566 = PLANE ( 'NONE',  #3083 ) ;
#8567 = DIRECTION ( 'NONE',  ( 0.000000000000000000, 0.000000000000000000, -1.000000000000000000 ) ) ;
#8568 = ADVANCED_FACE ( 'NONE', ( #2176 ), #3640, .T. ) ;
#8569 = LINE ( 'NONE', #7045, #1690 ) ;
#8570 = DIRECTION ( 'NONE',  ( -1.000000000000000000, -1.807003620809174632E-16, 0.000000000000000000 ) ) ;
#8572 = COLOUR_RGB ( '',0.7921568627450980005, 0.8196078431372548767, 0.9333333333333333481 ) ;
#8571 = PLANE ( 'NONE',  #1804 ) ;
#8573 = CARTESIAN_POINT ( 'NONE',  ( -1.599999999999998979, 0.1230000000000000954, 1.899999999999999467 ) ) ;
#8574 = VECTOR ( 'NONE', #2234, 1000.000000000000000 ) ;
#8575 = PRESENTATION_STYLE_ASSIGNMENT (( #3832 ) ) ;
#8576 = ORIENTED_EDGE ( 'NONE', *, *, #1757, .T. ) ;
#8577 = ORIENTED_EDGE ( 'NONE', *, *, #10111, .T. ) ;
#8578 = LINE ( 'NONE', #6901, #1329 ) ;
#8579 = PRESENTATION_LAYER_ASSIGNMENT (  '', '', ( #297 ) ) ;
#8580 = DIRECTION ( 'NONE',  ( -0.000000000000000000, 0.000000000000000000, -1.000000000000000000 ) ) ;
#8581 = DIRECTION ( 'NONE',  ( 5.421010862427524142E-16, -0.000000000000000000, 1.000000000000000000 ) ) ;
#8582 = VERTEX_POINT ( 'NONE', #9337 ) ;
#8583 = DIRECTION ( 'NONE',  ( 0.000000000000000000, 0.000000000000000000, -1.000000000000000000 ) ) ;
#8584 = EDGE_CURVE ( 'NONE', #7957, #1751, #2277, .T. ) ;
#8585 = CARTESIAN_POINT ( 'NONE',  ( 1.599999999999998979, 0.2030000000000001803, -2.000000000000000888 ) ) ;
#8586 = CARTESIAN_POINT ( 'NONE',  ( 1.500000000000000000, 0.2030000000000000138, 0.000000000000000000 ) ) ;
#8587 = CARTESIAN_POINT ( 'NONE',  ( 1.599999999999998979, 0.2030000000000000138, -0.6249999999999998890 ) ) ;
#8588 = SURFACE_STYLE_FILL_AREA ( #9207 ) ;
#8589 = PRESENTATION_STYLE_ASSIGNMENT (( #2372 ) ) ;
#8590 = LINE ( 'NONE', #4325, #1473 ) ;
#8591 = ADVANCED_FACE ( 'NONE', ( #9281 ), #8571, .T. ) ;
#8592 = PLANE ( 'NONE',  #3742 ) ;
#8593 = ORIENTED_EDGE ( 'NONE', *, *, #1447, .T. ) ;
#8594 = DIRECTION ( 'NONE',  ( 0.000000000000000000, 0.000000000000000000, -1.000000000000000000 ) ) ;
#8595 = CARTESIAN_POINT ( 'NONE',  ( 0.8750000000000001110, 0.2030000000000000138, -2.000000000000000888 ) ) ;
#8596 = VERTEX_POINT ( 'NONE', #2272 ) ;
#8597 = VECTOR ( 'NONE', #2786, 1000.000000000000000 ) ;
#8598 = AXIS2_PLACEMENT_3D ( 'NONE', #7129, #10208, #487 ) ;
#8599 = EDGE_LOOP ( 'NONE', ( #5064, #8306, #1398, #7593 ) ) ;
#8600 = DIRECTION ( 'NONE',  ( -1.000000000000000000, 0.000000000000000000, 0.000000000000000000 ) ) ;
#8601 = EDGE_CURVE ( 'NONE', #6733, #3668, #9177, .T. ) ;
#8602 = CARTESIAN_POINT ( 'NONE',  ( -1.599999999999998979, 0.6746990566028303604, -1.125000000000000000 ) ) ;
#8603 = VECTOR ( 'NONE', #7250, 1000.000000000000000 ) ;
#8604 = LINE ( 'NONE', #3091, #8873 ) ;
#8605 = VECTOR ( 'NONE', #6188, 1000.000000000000000 ) ;
#8606 = DIRECTION ( 'NONE',  ( -1.000000000000000000, 0.000000000000000000, -0.000000000000000000 ) ) ;
#8607 = VERTEX_POINT ( 'NONE', #3711 ) ;
#8608 = ORIENTED_EDGE ( 'NONE', *, *, #1937, .T. ) ;
#8609 = FACE_OUTER_BOUND ( 'NONE', #4060, .T. ) ;
#8610 = DIRECTION ( 'NONE',  ( 0.000000000000000000, -1.000000000000000000, 0.000000000000000000 ) ) ;
#8611 = DIRECTION ( 'NONE',  ( 1.000000000000000000, -0.000000000000000000, 0.000000000000000000 ) ) ;
#8612 = VERTEX_POINT ( 'NONE', #6282 ) ;
#8613 = CARTESIAN_POINT ( 'NONE',  ( -0.1249999999999994588, 0.2030000000000000138, 1.600000000000001421 ) ) ;
#8614 = PLANE ( 'NONE',  #7131 ) ;
#8615 = EDGE_CURVE ( 'NONE', #7089, #6433, #5554, .T. ) ;
#8616 = PRESENTATION_LAYER_ASSIGNMENT (  '', '', ( #1010 ) ) ;
#8617 = VECTOR ( 'NONE', #8043, 1000.000000000000000 ) ;
#8618 = FACE_OUTER_BOUND ( 'NONE', #4013, .T. ) ;
#8619 = EDGE_CURVE ( 'NONE', #156, #9827, #5675, .T. ) ;
#8620 = ORIENTED_EDGE ( 'NONE', *, *, #3539, .T. ) ;
#8621 = DIRECTION ( 'NONE',  ( 1.000000000000000000, -0.000000000000000000, -0.000000000000000000 ) ) ;
#8622 = VERTEX_POINT ( 'NONE', #3785 ) ;
#8623 = LINE ( 'NONE', #3511, #5327 ) ;
#8624 = CARTESIAN_POINT ( 'NONE',  ( 0.8750000000000005551, 0.2030000000000000138, 1.600000000000001421 ) ) ;
#8625 =( NAMED_UNIT ( * ) SI_UNIT ( $, .STERADIAN. ) SOLID_ANGLE_UNIT ( ) );
#8626 = ADVANCED_FACE ( 'NONE', ( #5772 ), #4494, .F. ) ;
#8627 = ORIENTED_EDGE ( 'NONE', *, *, #7585, .T. ) ;
#8628 = DIRECTION ( 'NONE',  ( 0.000000000000000000, -1.000000000000000000, 0.000000000000000000 ) ) ;
#8629 = DIRECTION ( 'NONE',  ( -0.000000000000000000, -0.000000000000000000, 1.000000000000000000 ) ) ;
#8630 = CARTESIAN_POINT ( 'NONE',  ( 2.000000000000000888, 0.2030000000000000693, -1.600000000000005862 ) ) ;
#8631 = EDGE_CURVE ( 'NONE', #9825, #5504, #5605, .T. ) ;
#8632 = VECTOR ( 'NONE', #9404, 1000.000000000000000 ) ;
#8633 = CARTESIAN_POINT ( 'NONE',  ( 1.375000000000000222, 0.2030000000000000138, -2.000000000000000888 ) ) ;
#8635 = LINE ( 'NONE', #3388, #8977 ) ;
#8634 = DIRECTION ( 'NONE',  ( 0.000000000000000000, 1.000000000000000000, 0.000000000000000000 ) ) ;
#8636 = CARTESIAN_POINT ( 'NONE',  ( -0.1249999999999994588, 0.6746990566028302494, 2.000000000000000888 ) ) ;
#8637 = VECTOR ( 'NONE', #9572, 1000.000000000000000 ) ;
#8638 = DIRECTION ( 'NONE',  ( 0.000000000000000000, -3.614007241618349757E-16, 1.000000000000000000 ) ) ;
#8639 = EDGE_CURVE ( 'NONE', #2452, #10341, #5709, .T. ) ;
#8640 = ORIENTED_EDGE ( 'NONE', *, *, #62, .T. ) ;
#8641 = VERTEX_POINT ( 'NONE', #4761 ) ;
#8642 = EDGE_CURVE ( 'NONE', #2092, #4758, #9061, .T. ) ;
#8643 = DIRECTION ( 'NONE',  ( 0.000000000000000000, 0.000000000000000000, -1.000000000000000000 ) ) ;
#8644 = ORIENTED_EDGE ( 'NONE', *, *, #8584, .F. ) ;
#8645 = DIRECTION ( 'NONE',  ( 1.000000000000000000, 0.000000000000000000, 1.734723475976807587E-16 ) ) ;
#8646 = PLANE ( 'NONE',  #8598 ) ;
#8647 = ADVANCED_FACE ( 'NONE', ( #9235 ), #6352, .T. ) ;
#8648 = VECTOR ( 'NONE', #9762, 1000.000000000000000 ) ;
#8649 = VECTOR ( 'NONE', #2741, 1000.000000000000000 ) ;
#8650 = DIRECTION ( 'NONE',  ( -1.000000000000000000, -1.807003620809174632E-16, 0.000000000000000000 ) ) ;
#8651 = DIRECTION ( 'NONE',  ( 0.000000000000000000, -1.000000000000000000, 0.000000000000000000 ) ) ;
#8652 = CARTESIAN_POINT ( 'NONE',  ( 1.749999999999998890, 0.2030000000000000693, 1.899999999999999467 ) ) ;
#8653 = CARTESIAN_POINT ( 'NONE',  ( -0.8749999999999998890, 0.2030000000000000138, -1.600000000000000977 ) ) ;
#8654 = EDGE_CURVE ( 'NONE', #8221, #3965, #9143, .T. ) ;
#8655 = ORIENTED_EDGE ( 'NONE', *, *, #8546, .T. ) ;
#8656 = CARTESIAN_POINT ( 'NONE',  ( 1.250000000000000000, 0.2030000000000000693, 1.150000000000000355 ) ) ;
#8657 = ORIENTED_EDGE ( 'NONE', *, *, #9418, .T. ) ;
#8658 = LINE ( 'NONE', #1708, #1972 ) ;
#8659 = EDGE_CURVE ( 'NONE', #6316, #6554, #2143, .T. ) ;
#8660 = ORIENTED_EDGE ( 'NONE', *, *, #4050, .T. ) ;
#8661 = AXIS2_PLACEMENT_3D ( 'NONE', #4534, #4456, #2055 ) ;
#8662 = FILL_AREA_STYLE ('',( #7863 ) ) ;
#8663 = EDGE_CURVE ( 'NONE', #3599, #384, #2125, .T. ) ;
#8664 = COLOUR_RGB ( '',0.7921568627450980005, 0.8196078431372548767, 0.9333333333333333481 ) ;
#8665 = CARTESIAN_POINT ( 'NONE',  ( -1.999999999999999112, 0.6746990566028303604, 0.3750000000000001110 ) ) ;
#8666 = PLANE ( 'NONE',  #1478 ) ;
#8667 = ADVANCED_FACE ( 'NONE', ( #2035 ), #117, .F. ) ;
#8668 = ORIENTED_EDGE ( 'NONE', *, *, #7062, .T. ) ;
#8669 = EDGE_LOOP ( 'NONE', ( #5491, #9490, #1323, #7074 ) ) ;
#8670 = FACE_OUTER_BOUND ( 'NONE', #5274, .T. ) ;
#8671 = PLANE ( 'NONE',  #9925 ) ;
#8672 = CARTESIAN_POINT ( 'NONE',  ( 1.375000000000000222, 0.2030000000000000138, -1.600000000000000977 ) ) ;
#8673 =( NAMED_UNIT ( * ) PLANE_ANGLE_UNIT ( ) SI_UNIT ( $, .RADIAN. ) );
#8674 = CLOSED_SHELL ( 'NONE', ( #109, #10050, #9037, #3943, #9995, #1504 ) ) ;
#8675 = DIRECTION ( 'NONE',  ( 1.000000000000000000, 0.000000000000000000, 0.000000000000000000 ) ) ;
#8676 = FACE_OUTER_BOUND ( 'NONE', #9149, .T. ) ;
#8677 = AXIS2_PLACEMENT_3D ( 'NONE', #1281, #1355, #4462 ) ;
#8678 = AXIS2_PLACEMENT_3D ( 'NONE', #1794, #9049, #2512 ) ;
#8679 = VECTOR ( 'NONE', #9028, 1000.000000000000000 ) ;
#8680 = EDGE_CURVE ( 'NONE', #9837, #4246, #2291, .T. ) ;
#8681 = LINE ( 'NONE', #3793, #1763 ) ;
#8682 = ORIENTED_EDGE ( 'NONE', *, *, #7325, .T. ) ;
#8683 = EDGE_LOOP ( 'NONE', ( #2526, #5701, #172, #9480 ) ) ;
#8684 = FACE_OUTER_BOUND ( 'NONE', #6273, .T. ) ;
#8685 = DIRECTION ( 'NONE',  ( -1.000000000000000000, 0.000000000000000000, 1.047444401652940007E-14 ) ) ;
#8686 = EDGE_LOOP ( 'NONE', ( #749, #1582, #1482, #472 ) ) ;
#8687 = DIRECTION ( 'NONE',  ( -0.000000000000000000, -1.000000000000000000, 0.000000000000000000 ) ) ;
#8688 = LINE ( 'NONE', #7543, #8285 ) ;
#8689 = DIRECTION ( 'NONE',  ( 0.000000000000000000, 0.000000000000000000, -1.000000000000000000 ) ) ;
#8690 = CARTESIAN_POINT ( 'NONE',  ( 1.999999999999999112, 0.2030000000000000970, -1.125000000000000000 ) ) ;
#8691 = CARTESIAN_POINT ( 'NONE',  ( 0.3750000000000001110, 0.000000000000000000, -2.000000000000000888 ) ) ;
#8692 = DIRECTION ( 'NONE',  ( -0.000000000000000000, -0.000000000000000000, 1.000000000000000000 ) ) ;
#8693 = CARTESIAN_POINT ( 'NONE',  ( 1.999999999999999112, 0.04999999999999991257, 0.1250000000000003331 ) ) ;
#8694 = STYLED_ITEM ( 'NONE', ( #5719 ), #1801 ) ;
#8695 = LINE ( 'NONE', #6219, #8755 ) ;
#8696 = EDGE_CURVE ( 'NONE', #5466, #4776, #2017, .T. ) ;
#8697 = ORIENTED_EDGE ( 'NONE', *, *, #7468, .T. ) ;
#8698 = ORIENTED_EDGE ( 'NONE', *, *, #2516, .F. ) ;
#8699 = FACE_OUTER_BOUND ( 'NONE', #7647, .T. ) ;
#8700 = ADVANCED_FACE ( 'NONE', ( #2193 ), #6572, .T. ) ;
#8701 = CARTESIAN_POINT ( 'NONE',  ( 0.8750000000000005551, 0.05000000000000000278, 0.000000000000000000 ) ) ;
#8702 = ADVANCED_FACE ( 'NONE', ( #2212 ), #264, .F. ) ;
#8703 = CLOSED_SHELL ( 'NONE', ( #5026, #1115, #9183, #6676, #3457, #4881 ) ) ;
#8704 = CARTESIAN_POINT ( 'NONE',  ( 0.000000000000000000, 0.8000000000000000444, 0.000000000000000000 ) ) ;
#8705 =( LENGTH_UNIT ( ) NAMED_UNIT ( * ) SI_UNIT ( .MILLI., .METRE. ) );
#8706 = VECTOR ( 'NONE', #3950, 1000.000000000000000 ) ;
#8707 = CARTESIAN_POINT ( 'NONE',  ( -1.124999999999999556, 0.05000000000000000278, 0.000000000000000000 ) ) ;
#8708 = DIRECTION ( 'NONE',  ( 0.000000000000000000, 1.000000000000000000, 0.000000000000000000 ) ) ;
#8709 = FACE_OUTER_BOUND ( 'NONE', #1529, .T. ) ;
#8710 = DIRECTION ( 'NONE',  ( 0.000000000000000000, -1.000000000000000000, 0.000000000000000000 ) ) ;
#8711 = VECTOR ( 'NONE', #1240, 1000.000000000000000 ) ;
#8712 =( GEOMETRIC_REPRESENTATION_CONTEXT ( 3 ) GLOBAL_UNCERTAINTY_ASSIGNED_CONTEXT ( ( #5999 ) ) GLOBAL_UNIT_ASSIGNED_CONTEXT ( ( #5313, #6128, #8625 ) ) REPRESENTATION_CONTEXT ( 'NONE', 'WORKASPACE' ) );
#8713 = CARTESIAN_POINT ( 'NONE',  ( -1.599999999999998979, 0.000000000000000000, -0.1249999999999998890 ) ) ;
#8714 = PLANE ( 'NONE',  #3463 ) ;
#8715 = DIRECTION ( 'NONE',  ( 0.000000000000000000, 0.000000000000000000, 1.000000000000000000 ) ) ;
#8716 = CARTESIAN_POINT ( 'NONE',  ( 1.599999999999999201, 0.000000000000000000, 1.125000000000000222 ) ) ;
#8717 = CARTESIAN_POINT ( 'NONE',  ( 1.899999999999993916, 0.1230000000000000954, -1.600000000000005640 ) ) ;
#8718 = ORIENTED_EDGE ( 'NONE', *, *, #7215, .F. ) ;
#8719 = DIRECTION ( 'NONE',  ( 0.000000000000000000, -1.000000000000000000, 0.000000000000000000 ) ) ;
#8720 = EDGE_LOOP ( 'NONE', ( #536, #4691, #3944, #7945 ) ) ;
#8721 = LINE ( 'NONE', #6830, #9036 ) ;
#8722 = EDGE_CURVE ( 'NONE', #39, #7229, #5725, .T. ) ;
#8723 = EDGE_LOOP ( 'NONE', ( #919, #7781, #4069, #7438 ) ) ;
#8724 = DIRECTION ( 'NONE',  ( -1.000000000000000000, 0.000000000000000000, 0.000000000000000000 ) ) ;
#8725 = VECTOR ( 'NONE', #1961, 1000.000000000000000 ) ;
#8726 = ORIENTED_EDGE ( 'NONE', *, *, #1303, .F. ) ;
#8727 = VECTOR ( 'NONE', #623, 1000.000000000000000 ) ;
#8728 = ORIENTED_EDGE ( 'NONE', *, *, #10153, .T. ) ;
#8729 = EDGE_CURVE ( 'NONE', #9185, #2371, #9248, .T. ) ;
#8730 = VERTEX_POINT ( 'NONE', #7328 ) ;
#8731 = AXIS2_PLACEMENT_3D ( 'NONE', #3321, #6558, #9905 ) ;
#8732 = CARTESIAN_POINT ( 'NONE',  ( 0.3750000000000005551, 0.2030000000000000138, 1.600000000000001421 ) ) ;
#8733 = EDGE_CURVE ( 'NONE', #710, #1936, #9264, .T. ) ;
#8734 = ORIENTED_EDGE ( 'NONE', *, *, #5996, .F. ) ;
#8735 = DIRECTION ( 'NONE',  ( 1.000000000000000000, -0.000000000000000000, -0.000000000000000000 ) ) ;
#8736 = LINE ( 'NONE', #405, #5178 ) ;
#8737 = EDGE_LOOP ( 'NONE', ( #5219, #2360, #3048, #8 ) ) ;
#8738 = LINE ( 'NONE', #8761, #5221 ) ;
#8739 = EDGE_LOOP ( 'NONE', ( #8176, #8376, #4062, #4102 ) ) ;
#8740 = ORIENTED_EDGE ( 'NONE', *, *, #6699, .T. ) ;
#8741 = CARTESIAN_POINT ( 'NONE',  ( -0.3749999999999994449, 0.04999999999999999584, 1.600000000000001421 ) ) ;
#8742 = DIRECTION ( 'NONE',  ( -1.000000000000000000, 0.000000000000000000, 0.000000000000000000 ) ) ;
#8743 = EDGE_LOOP ( 'NONE', ( #524, #2947, #6673, #6818 ) ) ;
#8744 = CARTESIAN_POINT ( 'NONE',  ( 1.599999999999998535, 0.05000000000000000278, 1.387778780781444887E-15 ) ) ;
#8745 = EDGE_CURVE ( 'NONE', #2000, #6443, #2083, .T. ) ;
#8746 = CARTESIAN_POINT ( 'NONE',  ( 1.000000000000000000, 0.2030000000000000138, 0.000000000000000000 ) ) ;
#8747 = FACE_OUTER_BOUND ( 'NONE', #1809, .T. ) ;
#8748 = DIRECTION ( 'NONE',  ( 8.673617379884037444E-16, 0.000000000000000000, 1.000000000000000000 ) ) ;
#8749 = ORIENTED_EDGE ( 'NONE', *, *, #9757, .T. ) ;
#8750 = SURFACE_STYLE_USAGE ( .BOTH. , #7404 ) ;
#8751 = CARTESIAN_POINT ( 'NONE',  ( 1.599999999999998979, 0.6746990566028303604, -0.6249999999999998890 ) ) ;
#8752 = EDGE_CURVE ( 'NONE', #1352, #9734, #5569, .T. ) ;
#8753 = DIRECTION ( 'NONE',  ( 1.000000000000000000, -3.614007241618349264E-16, -0.000000000000000000 ) ) ;
#8754 = EDGE_CURVE ( 'NONE', #8612, #7750, #2307, .T. ) ;
#8755 = VECTOR ( 'NONE', #3721, 1000.000000000000000 ) ;
#8756 = ORIENTED_EDGE ( 'NONE', *, *, #10169, .T. ) ;
#8757 = ADVANCED_FACE ( 'NONE', ( #5809 ), #5593, .T. ) ;
#8758 = EDGE_LOOP ( 'NONE', ( #3164, #1898, #3676, #2427 ) ) ;
#8759 = EDGE_CURVE ( 'NONE', #9967, #4607, #9342, .T. ) ;
#8760 = AXIS2_PLACEMENT_3D ( 'NONE', #9053, #1799, #2593 ) ;
#8761 = CARTESIAN_POINT ( 'NONE',  ( 1.599999999999998979, 0.2030000000000000970, 1.899999999999999467 ) ) ;
#8762 = UNCERTAINTY_MEASURE_WITH_UNIT (LENGTH_MEASURE( 1.000000000000000082E-05 ), #5407, 'distance_accuracy_value', 'NONE');
#8763 = DIRECTION ( 'NONE',  ( -0.000000000000000000, -0.000000000000000000, -1.000000000000000000 ) ) ;
#8764 = VERTEX_POINT ( 'NONE', #6498 ) ;
#8765 = MECHANICAL_DESIGN_GEOMETRIC_PRESENTATION_REPRESENTATION (  '', ( #9260 ), #4477 ) ;
#8766 = CARTESIAN_POINT ( 'NONE',  ( 1.900000000000005684, 0.2030000000000000693, 1.749999999999992450 ) ) ;
#8767 = FACE_OUTER_BOUND ( 'NONE', #9909, .T. ) ;
#8768 = CARTESIAN_POINT ( 'NONE',  ( 1.599999999999998979, 0.2030000000000000970, -1.999999999999999556 ) ) ;
#8769 = EDGE_CURVE ( 'NONE', #630, #6458, #2339, .T. ) ;
#8770 = CARTESIAN_POINT ( 'NONE',  ( 1.999999999999999112, 0.04999999999999991257, 1.125000000000000444 ) ) ;
#8771 = ORIENTED_EDGE ( 'NONE', *, *, #8395, .T. ) ;
#8772 = EDGE_CURVE ( 'NONE', #2491, #1347, #5503, .T. ) ;
#8773 = SURFACE_STYLE_USAGE ( .BOTH. , #1532 ) ;
#8774 = FACE_OUTER_BOUND ( 'NONE', #7134, .T. ) ;
#8775 = CARTESIAN_POINT ( 'NONE',  ( 1.599999999999999201, 0.2030000000000000138, -0.8749999999999998890 ) ) ;
#8776 = DIRECTION ( 'NONE',  ( 1.000000000000000000, 0.000000000000000000, -0.000000000000000000 ) ) ;
#8777 = CARTESIAN_POINT ( 'NONE',  ( 0.3750000000000005551, 0.04999999999999999584, 1.600000000000001421 ) ) ;
#8778 = DIRECTION ( 'NONE',  ( 0.000000000000000000, -1.000000000000000000, 0.000000000000000000 ) ) ;
#8779 = ORIENTED_EDGE ( 'NONE', *, *, #9658, .F. ) ;
#8780 = CARTESIAN_POINT ( 'NONE',  ( 0.000000000000000000, 0.000000000000000000, 1.500000000000000000 ) ) ;
#8781 = AXIS2_PLACEMENT_3D ( 'NONE', #9484, #1325, #6082 ) ;
#8782 =( NAMED_UNIT ( * ) SI_UNIT ( $, .STERADIAN. ) SOLID_ANGLE_UNIT ( ) );
#8783 = ORIENTED_EDGE ( 'NONE', *, *, #491, .F. ) ;
#8784 = EDGE_CURVE ( 'NONE', #2321, #8271, #6117, .T. ) ;
#8785 = ADVANCED_FACE ( 'NONE', ( #6028 ), #8190, .T. ) ;
#8786 = VERTEX_POINT ( 'NONE', #5733 ) ;
#8787 = CARTESIAN_POINT ( 'NONE',  ( -1.125000000000000222, 0.05000000000000000278, -2.000000000000000444 ) ) ;
#8788 = LINE ( 'NONE', #9934, #5347 ) ;
#8789 = ADVANCED_FACE ( 'NONE', ( #6162 ), #8714, .F. ) ;
#8790 = ORIENTED_EDGE ( 'NONE', *, *, #3766, .F. ) ;
#8791 = DIRECTION ( 'NONE',  ( 0.000000000000000000, 1.000000000000000000, 0.000000000000000000 ) ) ;
#8792 = LINE ( 'NONE', #4845, #5203 ) ;
#8793 = FACE_OUTER_BOUND ( 'NONE', #377, .T. ) ;
#8794 = ORIENTED_EDGE ( 'NONE', *, *, #42, .T. ) ;
#8795 = VERTEX_POINT ( 'NONE', #339 ) ;
#8796 = CARTESIAN_POINT ( 'NONE',  ( 1.250000000000000000, 3.738533905932738044, -1.249999999999999778 ) ) ;
#8797 = AXIS2_PLACEMENT_3D ( 'NONE', #116, #9087, #4304 ) ;
#8798 = CARTESIAN_POINT ( 'NONE',  ( -1.374999999999999556, 0.2030000000000000138, 1.600000000000001421 ) ) ;
#8799 = PRODUCT_CONTEXT ( 'NONE', #2188, 'mechanical' ) ;
#8800 = AXIS2_PLACEMENT_3D ( 'NONE', #5348, #7069, #4720 ) ;
#8801 = EDGE_LOOP ( 'NONE', ( #8924, #6077, #9735, #3746 ) ) ;
#8802 = CARTESIAN_POINT ( 'NONE',  ( -1.250000000000000000, 0.2030000000000000693, -0.9500000000000000666 ) ) ;
#8803 = EDGE_CURVE ( 'NONE', #6527, #7551, #2392, .T. ) ;
#8804 = PLANE ( 'NONE',  #1345 ) ;
#8805 = LINE ( 'NONE', #7085, #1793 ) ;
#8806 = ADVANCED_FACE ( 'NONE', ( #2676 ), #6859, .F. ) ;
#8807 = ORIENTED_EDGE ( 'NONE', *, *, #5767, .F. ) ;
#8808 = VECTOR ( 'NONE', #5998, 1000.000000000000000 ) ;
#8809 = VECTOR ( 'NONE', #2644, 1000.000000000000000 ) ;
#8810 = ORIENTED_EDGE ( 'NONE', *, *, #3297, .F. ) ;
#8811 = ORIENTED_EDGE ( 'NONE', *, *, #9500, .F. ) ;
#8812 = CARTESIAN_POINT ( 'NONE',  ( -2.000000000000016431, 0.2030000000000000970, -1.599999999999977884 ) ) ;
#8813 = CARTESIAN_POINT ( 'NONE',  ( -0.6249999999999996669, 0.2030000000000000693, 1.999999999999999556 ) ) ;
#8814 = CARTESIAN_POINT ( 'NONE',  ( 0.000000000000000000, 0.000000000000000000, -1.999999999999999556 ) ) ;
#8815 = AXIS2_PLACEMENT_3D ( 'NONE', #10080, #1983, #5228 ) ;
#8816 = ORIENTED_EDGE ( 'NONE', *, *, #5929, .F. ) ;
#8817 = EDGE_LOOP ( 'NONE', ( #5396, #1826, #6985, #7339 ) ) ;
#8818 = FACE_OUTER_BOUND ( 'NONE', #8470, .T. ) ;
#8819 = EDGE_CURVE ( 'NONE', #3112, #7089, #2465, .T. ) ;
#8820 = CARTESIAN_POINT ( 'NONE',  ( 1.599999999999998979, 0.05000000000000023870, -0.1249999999999998890 ) ) ;
#8821 = ORIENTED_EDGE ( 'NONE', *, *, #10371, .T. ) ;
#8822 = CARTESIAN_POINT ( 'NONE',  ( -1.999999999999999112, 0.2030000000000000693, 1.375000000000000000 ) ) ;
#8823 = DIRECTION ( 'NONE',  ( -0.000000000000000000, 0.000000000000000000, -1.000000000000000000 ) ) ;
#8824 = CARTESIAN_POINT ( 'NONE',  ( 1.599999999999998979, 0.1230000000000000954, 1.899999999999999467 ) ) ;
#8825 = AXIS2_PLACEMENT_3D ( 'NONE', #5309, #5179, #819 ) ;
#8826 = DIRECTION ( 'NONE',  ( 0.000000000000000000, 1.000000000000000000, 0.000000000000000000 ) ) ;
#8827 = LINE ( 'NONE', #1389, #8711 ) ;
#8828 = LINE ( 'NONE', #6935, #5401 ) ;
#8829 = ORIENTED_EDGE ( 'NONE', *, *, #929, .T. ) ;
#8830 = ORIENTED_EDGE ( 'NONE', *, *, #3408, .T. ) ;
#8831 = DIRECTION ( 'NONE',  ( -1.000000000000000000, 0.000000000000000000, 0.000000000000000000 ) ) ;
#8832 = ORIENTED_EDGE ( 'NONE', *, *, #2051, .F. ) ;
#8833 = ORIENTED_EDGE ( 'NONE', *, *, #7228, .F. ) ;
#8834 = MANIFOLD_SOLID_BREP ( 'LPattern3[3]', #6153 ) ;
#8835 = STYLED_ITEM ( 'NONE', ( #1219 ), #906 ) ;
#8836 = PLANE ( 'NONE',  #3479 ) ;
#8837 = DIRECTION ( 'NONE',  ( -5.421010862427524142E-16, 0.000000000000000000, 1.000000000000000000 ) ) ;
#8838 = STYLED_ITEM ( 'NONE', ( #6410 ), #8038 ) ;
#8839 = ORIENTED_EDGE ( 'NONE', *, *, #8123, .F. ) ;
#8840 = EDGE_CURVE ( 'NONE', #10369, #1920, #6211, .T. ) ;
#8841 = CARTESIAN_POINT ( 'NONE',  ( 1.599999999999998979, 0.2030000000000000138, 1.375000000000000222 ) ) ;
#8842 = CARTESIAN_POINT ( 'NONE',  ( 0.000000000000000000, 0.05000000000000000278, 1.600000000000001421 ) ) ;
#8843 = VECTOR ( 'NONE', #6507, 1000.000000000000000 ) ;
#8844 = LINE ( 'NONE', #1052, #1541 ) ;
#8845 = CARTESIAN_POINT ( 'NONE',  ( -1.899999999999982814, 0.2030000000000000970, 1.600000000000018963 ) ) ;
#8846 = VERTEX_POINT ( 'NONE', #1968 ) ;
#8847 = ADVANCED_FACE ( 'NONE', ( #6009 ), #8530, .T. ) ;
#8848 = PLANE ( 'NONE',  #3085 ) ;
#8849 = DIRECTION ( 'NONE',  ( -0.000000000000000000, 0.000000000000000000, -1.000000000000000000 ) ) ;
#8850 = VERTEX_POINT ( 'NONE', #4372 ) ;
#8851 = EDGE_LOOP ( 'NONE', ( #4671, #7935, #1230, #1497 ) ) ;
#8852 = CARTESIAN_POINT ( 'NONE',  ( 1.375000000000000666, 0.000000000000000000, 2.000000000000000888 ) ) ;
#8853 = LINE ( 'NONE', #6441, #9024 ) ;
#8854 = EDGE_CURVE ( 'NONE', #3507, #6757, #5932, .T. ) ;
#8855 = ORIENTED_EDGE ( 'NONE', *, *, #8619, .F. ) ;
#8856 = CARTESIAN_POINT ( 'NONE',  ( 1.125000000000000222, 0.2030000000000000138, -2.000000000000000888 ) ) ;
#8857 = EDGE_CURVE ( 'NONE', #8157, #786, #2637, .T. ) ;
#8858 = CARTESIAN_POINT ( 'NONE',  ( -1.599999999999998979, 0.2030000000000000970, -0.1249999999999998890 ) ) ;
#8859 = LINE ( 'NONE', #7416, #1879 ) ;
#8860 = FACE_OUTER_BOUND ( 'NONE', #4172, .T. ) ;
#8861 = ORIENTED_EDGE ( 'NONE', *, *, #5924, .T. ) ;
#8862 = VERTEX_POINT ( 'NONE', #8466 ) ;
#8863 = DIRECTION ( 'NONE',  ( -0.000000000000000000, 1.000000000000000000, -0.000000000000000000 ) ) ;
#8864 = DIRECTION ( 'NONE',  ( -1.000000000000000000, 0.000000000000000000, 1.047444401652940007E-14 ) ) ;
#8865 = LINE ( 'NONE', #1752, #5478 ) ;
#8866 = ADVANCED_FACE ( 'NONE', ( #6194 ), #5345, .F. ) ;
#8867 = ORIENTED_EDGE ( 'NONE', *, *, #6721, .F. ) ;
#8868 = CARTESIAN_POINT ( 'NONE',  ( 1.999999999999999112, 0.2030000000000000970, -1.125000000000000000 ) ) ;
#8869 = DIRECTION ( 'NONE',  ( 0.000000000000000000, -1.000000000000000000, 0.000000000000000000 ) ) ;
#8870 = FACE_OUTER_BOUND ( 'NONE', #1031, .T. ) ;
#8871 = ORIENTED_EDGE ( 'NONE', *, *, #5382, .T. ) ;
#8872 = LINE ( 'NONE', #9035, #8960 ) ;
#8873 = VECTOR ( 'NONE', #7076, 1000.000000000000000 ) ;
#8874 = PLANE ( 'NONE',  #2225 ) ;
#8875 = EDGE_CURVE ( 'NONE', #2602, #977, #9749, .T. ) ;
#8876 = ORIENTED_EDGE ( 'NONE', *, *, #748, .F. ) ;
#8877 = CARTESIAN_POINT ( 'NONE',  ( 1.999999999999999112, 0.2030000000000000970, 0.6250000000000003331 ) ) ;
#8878 = VERTEX_POINT ( 'NONE', #414 ) ;
#8879 = DIRECTION ( 'NONE',  ( 0.000000000000000000, 1.000000000000000000, 0.000000000000000000 ) ) ;
#8880 = EDGE_CURVE ( 'NONE', #7626, #9501, #2735, .T. ) ;
#8881 = DIRECTION ( 'NONE',  ( -3.614007241618349757E-16, 1.000000000000000000, 0.000000000000000000 ) ) ;
#8882 = CARTESIAN_POINT ( 'NONE',  ( -1.599999999999998979, 0.2030000000000000970, -1.125000000000000000 ) ) ;
#8883 = VECTOR ( 'NONE', #3327, 1000.000000000000000 ) ;
#8884 = VERTEX_POINT ( 'NONE', #10064 ) ;
#8885 = AXIS2_PLACEMENT_3D ( 'NONE', #8045, #9625, #5526 ) ;
#8886 = COLOUR_RGB ( '',0.7921568627450980005, 0.8196078431372548767, 0.9333333333333333481 ) ;
#8887 = DIRECTION ( 'NONE',  ( 0.000000000000000000, -0.000000000000000000, 1.000000000000000000 ) ) ;
#8888 = ADVANCED_FACE ( 'NONE', ( #2354 ), #638, .T. ) ;
#8889 = ORIENTED_EDGE ( 'NONE', *, *, #7527, .F. ) ;
#8890 = FILL_AREA_STYLE ('',( #9773 ) ) ;
#8891 = CARTESIAN_POINT ( 'NONE',  ( 1.999999999999999112, 0.6746990566028303604, -0.6249999999999998890 ) ) ;
#8892 = EDGE_CURVE ( 'NONE', #7663, #4426, #6228, .T. ) ;
#8893 = SURFACE_SIDE_STYLE ('',( #359 ) ) ;
#8894 = VECTOR ( 'NONE', #8831, 1000.000000000000000 ) ;
#8895 = LINE ( 'NONE', #5223, #8553 ) ;
#8896 = ORIENTED_EDGE ( 'NONE', *, *, #6815, .F. ) ;
#8897 = VERTEX_POINT ( 'NONE', #5412 ) ;
#8898 = PLANE ( 'NONE',  #1327 ) ;
#8899 = CARTESIAN_POINT ( 'NONE',  ( -2.000000000000016431, 0.2030000000000000970, -1.599999999999977884 ) ) ;
#8900 = VERTEX_POINT ( 'NONE', #7924 ) ;
#8901 = CARTESIAN_POINT ( 'NONE',  ( -1.999999999999982681, 0.2030000000000000970, 1.600000000000020073 ) ) ;
#8902 = LINE ( 'NONE', #1132, #5230 ) ;
#8903 = DIRECTION ( 'NONE',  ( 0.000000000000000000, -1.000000000000000000, -0.000000000000000000 ) ) ;
#8904 = PLANE ( 'NONE',  #4392 ) ;
#8905 = AXIS2_PLACEMENT_3D ( 'NONE', #8935, #9820, #945 ) ;
#8906 = EDGE_LOOP ( 'NONE', ( #6707, #5776, #10121, #6367 ) ) ;
#8907 = EDGE_CURVE ( 'NONE', #9837, #7109, #9533, .T. ) ;
#8908 = CARTESIAN_POINT ( 'NONE',  ( -1.999999999999999112, 0.2030000000000000138, 0.1250000000000003331 ) ) ;
#8909 = VECTOR ( 'NONE', #3249, 1000.000000000000000 ) ;
#8910 = VECTOR ( 'NONE', #5655, 1000.000000000000000 ) ;
#8911 = SURFACE_SIDE_STYLE ('',( #7902 ) ) ;
#8912 = CARTESIAN_POINT ( 'NONE',  ( -1.250000000000000000, 0.000000000000000000, 1.149999999999999911 ) ) ;
#8913 = CARTESIAN_POINT ( 'NONE',  ( 1.730000000000005533, 0.2030000000000000693, 1.749999999999992895 ) ) ;
#8914 = AXIS2_PLACEMENT_3D ( 'NONE', #8240, #5002, #7384 ) ;
#8915 = CARTESIAN_POINT ( 'NONE',  ( -1.374999999999999556, 0.2030000000000000138, 1.600000000000001421 ) ) ;
#8916 = ORIENTED_EDGE ( 'NONE', *, *, #99, .T. ) ;
#8917 = CARTESIAN_POINT ( 'NONE',  ( -0.1249999999999998890, 0.2030000000000000138, -1.600000000000000977 ) ) ;
#8918 = MANIFOLD_SOLID_BREP ( 'LPattern4[10]', #576 ) ;
#8919 = PLANE ( 'NONE',  #5938 ) ;
#8920 = ORIENTED_EDGE ( 'NONE', *, *, #5509, .F. ) ;
#8921 = PLANE ( 'NONE',  #8678 ) ;
#8922 = VECTOR ( 'NONE', #2269, 1000.000000000000000 ) ;
#8923 = ORIENTED_EDGE ( 'NONE', *, *, #4303, .T. ) ;
#8924 = ORIENTED_EDGE ( 'NONE', *, *, #2370, .F. ) ;
#8925 = CARTESIAN_POINT ( 'NONE',  ( 1.599999999999999201, 0.6746990566028303604, 1.125000000000000222 ) ) ;
#8926 = PRESENTATION_LAYER_ASSIGNMENT (  '', '', ( #8079 ) ) ;
#8927 = DIRECTION ( 'NONE',  ( -1.000000000000000000, 0.000000000000000000, 5.421010862427524142E-16 ) ) ;
#8928 = LINE ( 'NONE', #249, #1910 ) ;
#8929 = VECTOR ( 'NONE', #9977, 1000.000000000000000 ) ;
#8930 = EDGE_CURVE ( 'NONE', #7906, #3103, #2617, .T. ) ;
#8931 = ORIENTED_EDGE ( 'NONE', *, *, #140, .F. ) ;
#8932 = CARTESIAN_POINT ( 'NONE',  ( 2.000000000000005773, 0.1230000000000000676, 1.749999999999992006 ) ) ;
#8933 = ADVANCED_FACE ( 'NONE', ( #9594 ), #8921, .T. ) ;
#8934 = ORIENTED_EDGE ( 'NONE', *, *, #7921, .F. ) ;
#8935 = CARTESIAN_POINT ( 'NONE',  ( -1.599999999999999201, 0.6746990566028303604, -0.8749999999999998890 ) ) ;
#8936 = LINE ( 'NONE', #7970, #1919 ) ;
#8937 = ORIENTED_EDGE ( 'NONE', *, *, #4190, .T. ) ;
#8938 = VECTOR ( 'NONE', #7919, 1000.000000000000000 ) ;
#8939 = ORIENTED_EDGE ( 'NONE', *, *, #3147, .T. ) ;
#8940 = LINE ( 'NONE', #10329, #1895 ) ;
#8941 = LINE ( 'NONE', #3015, #1947 ) ;
#8942 =( GEOMETRIC_REPRESENTATION_CONTEXT ( 3 ) GLOBAL_UNCERTAINTY_ASSIGNED_CONTEXT ( ( #3557 ) ) GLOBAL_UNIT_ASSIGNED_CONTEXT ( ( #3830, #7950, #10366 ) ) REPRESENTATION_CONTEXT ( 'NONE', 'WORKASPACE' ) );
#8943 = DIRECTION ( 'NONE',  ( 1.047444401652940007E-14, -1.807003620809174632E-16, 1.000000000000000000 ) ) ;
#8944 = VERTEX_POINT ( 'NONE', #5046 ) ;
#8945 = PLANE ( 'NONE',  #1046 ) ;
#8946 = VERTEX_POINT ( 'NONE', #4869 ) ;
#8947 =( NAMED_UNIT ( * ) PLANE_ANGLE_UNIT ( ) SI_UNIT ( $, .RADIAN. ) );
#8948 = EDGE_CURVE ( 'NONE', #8131, #911, #9693, .T. ) ;
#8949 = PLANE ( 'NONE',  #58 ) ;
#8950 = PRESENTATION_STYLE_ASSIGNMENT (( #4694 ) ) ;
#8951 = ADVANCED_FACE ( 'NONE', ( #6084 ), #2365, .F. ) ;
#8952 = VERTEX_POINT ( 'NONE', #1860 ) ;
#8953 = DIRECTION ( 'NONE',  ( 0.000000000000000000, 0.000000000000000000, 1.000000000000000000 ) ) ;
#8954 = DIRECTION ( 'NONE',  ( -0.000000000000000000, 0.000000000000000000, 1.000000000000000000 ) ) ;
#8955 = ORIENTED_EDGE ( 'NONE', *, *, #1412, .F. ) ;
#8956 = DIRECTION ( 'NONE',  ( -0.000000000000000000, 0.000000000000000000, -1.000000000000000000 ) ) ;
#8957 = CARTESIAN_POINT ( 'NONE',  ( 0.000000000000000000, 0.000000000000000000, 1.000000000000000000 ) ) ;
#8958 = CARTESIAN_POINT ( 'NONE',  ( 1.599999999999998979, 0.1230000000000000954, 1.999999999999999556 ) ) ;
#8959 = DIRECTION ( 'NONE',  ( 1.000000000000000000, 0.000000000000000000, -5.421010862427524142E-16 ) ) ;
#8960 = VECTOR ( 'NONE', #3135, 1000.000000000000000 ) ;
#8961 = LINE ( 'NONE', #1346, #8809 ) ;
#8962 = ORIENTED_EDGE ( 'NONE', *, *, #4308, .T. ) ;
#8963 = EDGE_CURVE ( 'NONE', #6976, #9779, #9611, .T. ) ;
#8964 = ORIENTED_EDGE ( 'NONE', *, *, #6675, .F. ) ;
#8965 = MECHANICAL_DESIGN_GEOMETRIC_PRESENTATION_REPRESENTATION (  '', ( #5508 ), #5872 ) ;
#8966 = DIRECTION ( 'NONE',  ( -1.000000000000000000, 0.000000000000000000, -0.000000000000000000 ) ) ;
#8967 = EDGE_CURVE ( 'NONE', #7351, #4278, #2697, .T. ) ;
#8968 = CARTESIAN_POINT ( 'NONE',  ( 1.899999999999993472, 0.2030000000000000693, -1.750000000000005551 ) ) ;
#8969 = LINE ( 'NONE', #4831, #1951 ) ;
#8970 = EDGE_LOOP ( 'NONE', ( #7865, #4454, #4654, #8214 ) ) ;
#8971 = DIRECTION ( 'NONE',  ( 1.000000000000000000, 0.000000000000000000, 5.421010862427524142E-16 ) ) ;
#8972 = CARTESIAN_POINT ( 'NONE',  ( -1.599999999999998979, 0.000000000000000000, 1.375000000000000222 ) ) ;
#8973 = ADVANCED_FACE ( 'NONE', ( #2825 ), #7283, .F. ) ;
#8974 = ORIENTED_EDGE ( 'NONE', *, *, #2403, .T. ) ;
#8975 = CARTESIAN_POINT ( 'NONE',  ( 0.3750000000000005551, 0.2030000000000000138, 1.600000000000001421 ) ) ;
#8976 = LINE ( 'NONE', #53, #8894 ) ;
#8977 = VECTOR ( 'NONE', #9078, 1000.000000000000000 ) ;
#8978 = DIRECTION ( 'NONE',  ( -1.000000000000000000, 0.000000000000000000, 0.000000000000000000 ) ) ;
#8979 = CARTESIAN_POINT ( 'NONE',  ( -1.599999999999998979, 0.2030000000000000138, -1.125000000000000000 ) ) ;
#8980 = ORIENTED_EDGE ( 'NONE', *, *, #9252, .T. ) ;
#8981 = DIRECTION ( 'NONE',  ( 3.491481338843133355E-15, -3.614007241618349264E-16, 1.000000000000000000 ) ) ;
#8982 = SURFACE_STYLE_USAGE ( .BOTH. , #8213 ) ;
#8983 = ORIENTED_EDGE ( 'NONE', *, *, #2027, .F. ) ;
#8984 = DIRECTION ( 'NONE',  ( -0.000000000000000000, -0.000000000000000000, -1.000000000000000000 ) ) ;
#8985 = EDGE_CURVE ( 'NONE', #9346, #4592, #2965, .T. ) ;
#8986 = VECTOR ( 'NONE', #3049, 1000.000000000000000 ) ;
#8987 = EDGE_LOOP ( 'NONE', ( #7231, #4192, #2937, #508 ) ) ;
#8988 = EDGE_CURVE ( 'NONE', #4615, #4332, #6495, .T. ) ;
#8989 = DIRECTION ( 'NONE',  ( 0.000000000000000000, 0.000000000000000000, -1.000000000000000000 ) ) ;
#8990 = ORIENTED_EDGE ( 'NONE', *, *, #3816, .F. ) ;
#8991 = CARTESIAN_POINT ( 'NONE',  ( -1.375000000000000000, 0.04999999999999999584, -1.600000000000000977 ) ) ;
#8992 = DIRECTION ( 'NONE',  ( -0.000000000000000000, 1.000000000000000000, -0.000000000000000000 ) ) ;
#8993 = VECTOR ( 'NONE', #2396, 1000.000000000000000 ) ;
#8994 = VECTOR ( 'NONE', #9366, 1000.000000000000000 ) ;
#8995 = ORIENTED_EDGE ( 'NONE', *, *, #7099, .F. ) ;
#8996 = CARTESIAN_POINT ( 'NONE',  ( 1.599999999999998979, 0.2030000000000000970, 1.999999999999999556 ) ) ;
#8997 = ORIENTED_EDGE ( 'NONE', *, *, #62, .F. ) ;
#8998 = DIRECTION ( 'NONE',  ( 3.491481338843133355E-15, 0.000000000000000000, 1.000000000000000000 ) ) ;
#8999 = DIRECTION ( 'NONE',  ( -0.000000000000000000, 1.000000000000000000, -0.000000000000000000 ) ) ;
#9000 = VECTOR ( 'NONE', #1441, 1000.000000000000000 ) ;
#9001 = ORIENTED_EDGE ( 'NONE', *, *, #99, .F. ) ;
#9002 = CARTESIAN_POINT ( 'NONE',  ( -2.000000000000017764, 0.2030000000000000693, -1.749999999999978018 ) ) ;
#9003 = COLOUR_RGB ( '',0.7921568627450980005, 0.8196078431372548767, 0.9333333333333333481 ) ;
#9004 = EDGE_CURVE ( 'NONE', #10175, #2515, #10033, .T. ) ;
#9005 = ORIENTED_EDGE ( 'NONE', *, *, #7734, .F. ) ;
#9006 = EDGE_CURVE ( 'NONE', #4575, #4545, #2863, .T. ) ;
#9007 = FACE_OUTER_BOUND ( 'NONE', #4748, .T. ) ;
#9008 = DIRECTION ( 'NONE',  ( 1.000000000000000000, 0.000000000000000000, 0.000000000000000000 ) ) ;
#9009 = FACE_OUTER_BOUND ( 'NONE', #2737, .T. ) ;
#9010 = CARTESIAN_POINT ( 'NONE',  ( -1.899999999999982814, 0.2030000000000000970, 1.600000000000018963 ) ) ;
#9011 = ORIENTED_EDGE ( 'NONE', *, *, #4837, .T. ) ;
#9012 = ADVANCED_FACE ( 'NONE', ( #6369 ), #5891, .F. ) ;
#9013 = CARTESIAN_POINT ( 'NONE',  ( 1.599999999999998979, 0.6746990566028303604, 1.375000000000000222 ) ) ;
#9014 = PRESENTATION_LAYER_ASSIGNMENT (  '', '', ( #8315 ) ) ;
#9015 = ORIENTED_EDGE ( 'NONE', *, *, #1762, .F. ) ;
#9016 = CARTESIAN_POINT ( 'NONE',  ( 1.599999999999999201, 0.2030000000000000138, 0.6250000000000001110 ) ) ;
#9017 = PLANE ( 'NONE',  #6774 ) ;
#9018 = EDGE_CURVE ( 'NONE', #7551, #4043, #10125, .T. ) ;
#9019 = UNCERTAINTY_MEASURE_WITH_UNIT (LENGTH_MEASURE( 1.000000000000000082E-05 ), #10425, 'distance_accuracy_value', 'NONE');
#9020 = ORIENTED_EDGE ( 'NONE', *, *, #5170, .T. ) ;
#9021 = SURFACE_STYLE_USAGE ( .BOTH. , #10059 ) ;
#9022 = EDGE_LOOP ( 'NONE', ( #9032, #296, #3530, #8876 ) ) ;
#9023 = PLANE ( 'NONE',  #2707 ) ;
#9024 = VECTOR ( 'NONE', #7421, 1000.000000000000000 ) ;
#9025 = CARTESIAN_POINT ( 'NONE',  ( -1.899999999999981259, 0.2030000000000000693, 1.750000000000018874 ) ) ;
#9026 = ORIENTED_EDGE ( 'NONE', *, *, #5399, .F. ) ;
#9027 = CARTESIAN_POINT ( 'NONE',  ( 0.000000000000000000, 0.05000000000000000278, 1.375000000000000222 ) ) ;
#9028 = DIRECTION ( 'NONE',  ( -8.673617379884035472E-16, -0.000000000000000000, 1.000000000000000000 ) ) ;
#9029 = AXIS2_PLACEMENT_3D ( 'NONE', #10397, #700, #10470 ) ;
#9030 =( NAMED_UNIT ( * ) PLANE_ANGLE_UNIT ( ) SI_UNIT ( $, .RADIAN. ) );
#9031 = VECTOR ( 'NONE', #5323, 1000.000000000000000 ) ;
#9032 = ORIENTED_EDGE ( 'NONE', *, *, #4006, .F. ) ;
#9033 = ORIENTED_EDGE ( 'NONE', *, *, #6541, .T. ) ;
#9034 =( GEOMETRIC_REPRESENTATION_CONTEXT ( 3 ) GLOBAL_UNCERTAINTY_ASSIGNED_CONTEXT ( ( #38 ) ) GLOBAL_UNIT_ASSIGNED_CONTEXT ( ( #1227, #6966, #8438 ) ) REPRESENTATION_CONTEXT ( 'NONE', 'WORKASPACE' ) );
#9035 = CARTESIAN_POINT ( 'NONE',  ( 1.599999999999998979, 0.1230000000000000954, 1.999999999999999556 ) ) ;
#9036 = VECTOR ( 'NONE', #1508, 1000.000000000000000 ) ;
#9037 = ADVANCED_FACE ( 'NONE', ( #6390 ), #7360, .F. ) ;
#9038 = ORIENTED_EDGE ( 'NONE', *, *, #1543, .F. ) ;
#9039 = EDGE_CURVE ( 'NONE', #6087, #3581, #3022, .T. ) ;
#9040 = DIRECTION ( 'NONE',  ( 0.000000000000000000, 0.000000000000000000, -1.000000000000000000 ) ) ;
#9041 = ORIENTED_EDGE ( 'NONE', *, *, #9452, .T. ) ;
#9042 = DIRECTION ( 'NONE',  ( -1.000000000000000000, 0.000000000000000000, 5.421010862427523156E-16 ) ) ;
#9043 = VECTOR ( 'NONE', #2411, 1000.000000000000000 ) ;
#9044 =( LENGTH_UNIT ( ) NAMED_UNIT ( * ) SI_UNIT ( .MILLI., .METRE. ) );
#9045 = DIRECTION ( 'NONE',  ( 0.000000000000000000, 0.000000000000000000, -1.000000000000000000 ) ) ;
#9046 = VERTEX_POINT ( 'NONE', #72 ) ;
#9047 = DIRECTION ( 'NONE',  ( -8.673617379884035472E-16, 0.000000000000000000, -1.000000000000000000 ) ) ;
#9048 = VERTEX_POINT ( 'NONE', #7022 ) ;
#9049 = DIRECTION ( 'NONE',  ( 1.892735826383162188E-30, -1.000000000000000000, 1.807003620809174632E-16 ) ) ;
#9050 = AXIS2_PLACEMENT_3D ( 'NONE', #9832, #5070, #3380 ) ;
#9051 = FACE_OUTER_BOUND ( 'NONE', #4281, .T. ) ;
#9052 = ORIENTED_EDGE ( 'NONE', *, *, #2027, .T. ) ;
#9053 = CARTESIAN_POINT ( 'NONE',  ( 1.599999999999998979, 0.6746990566028303604, 0.8750000000000001110 ) ) ;
#9054 = LINE ( 'NONE', #3212, #2047 ) ;
#9055 = EDGE_CURVE ( 'NONE', #8332, #7460, #9997, .T. ) ;
#9056 = ADVANCED_FACE ( 'NONE', ( #6462 ), #9318, .F. ) ;
#9057 = ORIENTED_EDGE ( 'NONE', *, *, #10126, .T. ) ;
#9058 = CARTESIAN_POINT ( 'NONE',  ( 0.3750000000000001110, 0.2030000000000000138, -1.600000000000000977 ) ) ;
#9059 = AXIS2_PLACEMENT_3D ( 'NONE', #9729, #9495, #2166 ) ;
#9060 = CARTESIAN_POINT ( 'NONE',  ( 0.6250000000000005551, 0.2030000000000000138, 1.600000000000001421 ) ) ;
#9061 = LINE ( 'NONE', #7179, #5624 ) ;
#9062 = VERTEX_POINT ( 'NONE', #523 ) ;
#9063 = ORIENTED_EDGE ( 'NONE', *, *, #2173, .T. ) ;
#9064 = SURFACE_STYLE_USAGE ( .BOTH. , #3097 ) ;
#9065 = CARTESIAN_POINT ( 'NONE',  ( 0.3750000000000001110, 0.04999999999999969746, -2.000000000000000888 ) ) ;
#9066 = ORIENTED_EDGE ( 'NONE', *, *, #3810, .T. ) ;
#9067 = DIRECTION ( 'NONE',  ( -1.000000000000000000, 0.000000000000000000, -0.000000000000000000 ) ) ;
#9068 = CARTESIAN_POINT ( 'NONE',  ( -1.599999999999999201, 0.6746990566028303604, 0.1250000000000001110 ) ) ;
#9069 = STYLED_ITEM ( 'NONE', ( #8251 ), #115 ) ;
#9070 = ORIENTED_EDGE ( 'NONE', *, *, #7734, .T. ) ;
#9071 = EDGE_CURVE ( 'NONE', #8612, #1624, #9959, .T. ) ;
#9072 = VECTOR ( 'NONE', #2209, 1000.000000000000000 ) ;
#9073 = FACE_OUTER_BOUND ( 'NONE', #6530, .T. ) ;
#9074 = DIRECTION ( 'NONE',  ( 0.000000000000000000, 0.000000000000000000, -1.000000000000000000 ) ) ;
#9075 = ORIENTED_EDGE ( 'NONE', *, *, #8892, .T. ) ;
#9076 = CARTESIAN_POINT ( 'NONE',  ( 1.250000000000000000, 0.2030000000000000693, 1.150000000000000133 ) ) ;
#9077 = EDGE_LOOP ( 'NONE', ( #9778, #9586, #3709, #9171 ) ) ;
#9078 = DIRECTION ( 'NONE',  ( -0.000000000000000000, 0.000000000000000000, 1.000000000000000000 ) ) ;
#9079 = CARTESIAN_POINT ( 'NONE',  ( -0.6249999999999998890, 0.2030000000000000138, -1.600000000000000977 ) ) ;
#9080 = EDGE_LOOP ( 'NONE', ( #1579, #8811, #8698, #1842 ) ) ;
#9081 = FILL_AREA_STYLE ('',( #9846 ) ) ;
#9082 = CARTESIAN_POINT ( 'NONE',  ( -1.999999999999999112, 0.04999999999999991257, 0.6250000000000003331 ) ) ;
#9083 = FACE_OUTER_BOUND ( 'NONE', #1169, .T. ) ;
#9084 = DIRECTION ( 'NONE',  ( 0.000000000000000000, -1.000000000000000000, 0.000000000000000000 ) ) ;
#9085 = EDGE_CURVE ( 'NONE', #3965, #882, #6335, .T. ) ;
#9086 = ORIENTED_EDGE ( 'NONE', *, *, #4681, .T. ) ;
#9087 = DIRECTION ( 'NONE',  ( -0.000000000000000000, 0.000000000000000000, 1.000000000000000000 ) ) ;
#9088 = CARTESIAN_POINT ( 'NONE',  ( 2.000000000000000888, 0.05000000000000000278, 1.999999999999999112 ) ) ;
#9089 = CARTESIAN_POINT ( 'NONE',  ( 1.749999999999998890, 0.2030000000000000693, -1.899999999999999467 ) ) ;
#9090 = AXIS2_PLACEMENT_3D ( 'NONE', #2260, #2892, #6414 ) ;
#9091 = DIRECTION ( 'NONE',  ( 0.000000000000000000, 0.000000000000000000, -1.000000000000000000 ) ) ;
#9092 = EDGE_CURVE ( 'NONE', #3032, #6550, #3113, .T. ) ;
#9093 = CIRCLE ( 'NONE', #5208, 0.1666666666666667407 ) ;
#9094 = ORIENTED_EDGE ( 'NONE', *, *, #6178, .T. ) ;
#9095 = ADVANCED_FACE ( 'NONE', ( #10018 ), #8614, .T. ) ;
#9096 = ORIENTED_EDGE ( 'NONE', *, *, #4111, .T. ) ;
#9097 = DIRECTION ( 'NONE',  ( 0.000000000000000000, 0.000000000000000000, 1.000000000000000000 ) ) ;
#9098 = DIRECTION ( 'NONE',  ( 0.000000000000000000, 0.000000000000000000, -1.000000000000000000 ) ) ;
#9099 = VECTOR ( 'NONE', #9084, 1000.000000000000000 ) ;
#9100 = VERTEX_POINT ( 'NONE', #6954 ) ;
#9101 = VECTOR ( 'NONE', #3475, 1000.000000000000000 ) ;
#9102 = CARTESIAN_POINT ( 'NONE',  ( 0.3750000000000005551, 0.2030000000000000693, 1.999999999999999112 ) ) ;
#9103 = DIRECTION ( 'NONE',  ( -1.000000000000000000, 0.000000000000000000, -0.000000000000000000 ) ) ;
#9104 = ORIENTED_EDGE ( 'NONE', *, *, #5186, .F. ) ;
#9105 = EDGE_CURVE ( 'NONE', #1766, #3112, #6516, .T. ) ;
#9106 = CARTESIAN_POINT ( 'NONE',  ( -1.749999999999998890, 0.1230000000000000676, -1.899999999999999467 ) ) ;
#9107 = VECTOR ( 'NONE', #8404, 1000.000000000000000 ) ;
#9108 = VECTOR ( 'NONE', #6817, 1000.000000000000000 ) ;
#9109 = CARTESIAN_POINT ( 'NONE',  ( 0.000000000000000000, 0.05000000000000000278, -1.600000000000000977 ) ) ;
#9110 = DIRECTION ( 'NONE',  ( -1.047444401652940007E-14, 3.614007241618349264E-16, -1.000000000000000000 ) ) ;
#9111 = EDGE_CURVE ( 'NONE', #1985, #7782, #6317, .T. ) ;
#9112 = ORIENTED_EDGE ( 'NONE', *, *, #784, .T. ) ;
#9113 = DIRECTION ( 'NONE',  ( 0.000000000000000000, 1.000000000000000000, 0.000000000000000000 ) ) ;
#9114 = ORIENTED_EDGE ( 'NONE', *, *, #10014, .F. ) ;
#9115 = DIRECTION ( 'NONE',  ( 0.000000000000000000, 1.000000000000000000, 0.000000000000000000 ) ) ;
#9116 = EDGE_CURVE ( 'NONE', #7719, #7391, #2793, .T. ) ;
#9117 = LINE ( 'NONE', #7619, #5829 ) ;
#9118 = ADVANCED_FACE ( 'NONE', ( #3041 ), #10305, .T. ) ;
#9119 = ORIENTED_EDGE ( 'NONE', *, *, #2797, .F. ) ;
#9120 = EDGE_CURVE ( 'NONE', #3092, #6845, #10054, .T. ) ;
#9121 = CARTESIAN_POINT ( 'NONE',  ( 2.000000000000000888, 0.8000000000000003775, -2.000000000000000888 ) ) ;
#9122 = LINE ( 'NONE', #2179, #2202 ) ;
#9123 = VERTEX_POINT ( 'NONE', #1990 ) ;
#9124 = AXIS2_PLACEMENT_3D ( 'NONE', #2959, #9608, #4821 ) ;
#9125 = VECTOR ( 'NONE', #10388, 1000.000000000000000 ) ;
#9126 = FACE_OUTER_BOUND ( 'NONE', #4061, .T. ) ;
#9127 = ORIENTED_EDGE ( 'NONE', *, *, #929, .F. ) ;
#9128 = DIRECTION ( 'NONE',  ( -0.000000000000000000, -1.000000000000000000, -0.000000000000000000 ) ) ;
#9129 = EDGE_LOOP ( 'NONE', ( #3992, #728, #4591, #8014 ) ) ;
#9130 = CARTESIAN_POINT ( 'NONE',  ( 1.149999999999999911, 3.738533905932738044, -1.149999999999999689 ) ) ;
#9131 = EDGE_CURVE ( 'NONE', #9475, #6743, #9856, .T. ) ;
#9132 = DIRECTION ( 'NONE',  ( 0.000000000000000000, -1.000000000000000000, 0.000000000000000000 ) ) ;
#9133 = LINE ( 'NONE', #9914, #5883 ) ;
#9134 = EDGE_LOOP ( 'NONE', ( #7627, #7533, #730, #6608 ) ) ;
#9135 = DIRECTION ( 'NONE',  ( 0.000000000000000000, -0.000000000000000000, 1.000000000000000000 ) ) ;
#9136 = EDGE_CURVE ( 'NONE', #3985, #193, #6479, .T. ) ;
#9137 = CARTESIAN_POINT ( 'NONE',  ( -1.999999999999999112, 0.6746990566028303604, -0.6249999999999998890 ) ) ;
#9138 = COLOUR_RGB ( '',0.7921568627450980005, 0.8196078431372548767, 0.9333333333333333481 ) ;
#9139 = AXIS2_PLACEMENT_3D ( 'NONE', #8352, #9933, #1416 ) ;
#9140 = ADVANCED_FACE ( 'NONE', ( #6531 ), #2191, .F. ) ;
#9141 = ORIENTED_EDGE ( 'NONE', *, *, #9436, .T. ) ;
#9142 = EDGE_CURVE ( 'NONE', #6086, #8607, #2771, .T. ) ;
#9143 = LINE ( 'NONE', #9918, #9211 ) ;
#9144 = CARTESIAN_POINT ( 'NONE',  ( 1.599999999999998979, 0.000000000000000000, -0.1249999999999998890 ) ) ;
#9145 = VECTOR ( 'NONE', #932, 1000.000000000000000 ) ;
#9146 = CARTESIAN_POINT ( 'NONE',  ( -1.999999999999999112, 0.2030000000000000970, -0.6249999999999998890 ) ) ;
#9147 = ORIENTED_EDGE ( 'NONE', *, *, #4702, .T. ) ;
#9148 = PLANE ( 'NONE',  #7909 ) ;
#9149 = EDGE_LOOP ( 'NONE', ( #5419, #6581, #7163, #5982 ) ) ;
#9150 = DIRECTION ( 'NONE',  ( -1.000000000000000000, 0.000000000000000000, 5.421010862427523156E-16 ) ) ;
#9151 = LINE ( 'NONE', #114, #2237 ) ;
#9152 = ORIENTED_EDGE ( 'NONE', *, *, #8298, .T. ) ;
#9153 =( LENGTH_UNIT ( ) NAMED_UNIT ( * ) SI_UNIT ( .MILLI., .METRE. ) );
#9154 = DIRECTION ( 'NONE',  ( 0.000000000000000000, -0.000000000000000000, 1.000000000000000000 ) ) ;
#9155 = LINE ( 'NONE', #3653, #2331 ) ;
#9156 = PLANE ( 'NONE',  #5091 ) ;
#9157 = ORIENTED_EDGE ( 'NONE', *, *, #5817, .F. ) ;
#9158 = DIRECTION ( 'NONE',  ( 1.000000000000000000, 0.000000000000000000, 1.734723475976807587E-16 ) ) ;
#9159 = CARTESIAN_POINT ( 'NONE',  ( 1.125000000000000222, 0.2030000000000000138, -1.600000000000000977 ) ) ;
#9160 = CARTESIAN_POINT ( 'NONE',  ( -1.125000000000000000, 0.2030000000000000970, -2.000000000000000888 ) ) ;
#9161 = PRESENTATION_LAYER_ASSIGNMENT (  '', '', ( #2956 ) ) ;
#9162 = AXIS2_PLACEMENT_3D ( 'NONE', #928, #3293, #4931 ) ;
#9163 = PLANE ( 'NONE',  #1829 ) ;
#9164 = VECTOR ( 'NONE', #8634, 1000.000000000000000 ) ;
#9165 = FACE_OUTER_BOUND ( 'NONE', #6893, .T. ) ;
#9166 = EDGE_CURVE ( 'NONE', #10056, #9528, #6424, .T. ) ;
#9167 = ORIENTED_EDGE ( 'NONE', *, *, #4437, .F. ) ;
#9168 = VERTEX_POINT ( 'NONE', #9255 ) ;
#9169 = CARTESIAN_POINT ( 'NONE',  ( 0.000000000000000000, 0.2030000000000000138, 0.000000000000000000 ) ) ;
#9170 = VECTOR ( 'NONE', #2335, 1000.000000000000000 ) ;
#9171 = ORIENTED_EDGE ( 'NONE', *, *, #534, .T. ) ;
#9172 = CARTESIAN_POINT ( 'NONE',  ( -0.8749999999999994449, 0.000000000000000000, 2.000000000000000888 ) ) ;
#9173 = CIRCLE ( 'NONE', #8815, 0.1666666666666667407 ) ;
#9174 = DIRECTION ( 'NONE',  ( 0.000000000000000000, 0.000000000000000000, -1.000000000000000000 ) ) ;
#9175 = ORIENTED_EDGE ( 'NONE', *, *, #5874, .T. ) ;
#9176 = CARTESIAN_POINT ( 'NONE',  ( -0.6249999999999998890, 0.05000000000000000278, 0.000000000000000000 ) ) ;
#9177 = LINE ( 'NONE', #1443, #2111 ) ;
#9178 = LINE ( 'NONE', #6387, #5773 ) ;
#9179 = AXIS2_PLACEMENT_3D ( 'NONE', #2275, #10034, #3129 ) ;
#9180 = DIRECTION ( 'NONE',  ( -8.673617379884035472E-16, 0.000000000000000000, -1.000000000000000000 ) ) ;
#9181 = DIRECTION ( 'NONE',  ( 0.000000000000000000, -0.000000000000000000, 1.000000000000000000 ) ) ;
#9182 = ORIENTED_EDGE ( 'NONE', *, *, #8930, .T. ) ;
#9183 = ADVANCED_FACE ( 'NONE', ( #2948 ), #2743, .F. ) ;
#9184 = CARTESIAN_POINT ( 'NONE',  ( 1.125000000000000222, 0.2030000000000000138, -1.600000000000000977 ) ) ;
#9185 = VERTEX_POINT ( 'NONE', #5237 ) ;
#9186 = EDGE_CURVE ( 'NONE', #526, #10094, #9874, .T. ) ;
#9187 = ORIENTED_EDGE ( 'NONE', *, *, #5235, .F. ) ;
#9188 = CARTESIAN_POINT ( 'NONE',  ( 1.729999999999993987, 0.1230000000000000954, -1.600000000000004974 ) ) ;
#9189 = LINE ( 'NONE', #3727, #5920 ) ;
#9190 = ORIENTED_EDGE ( 'NONE', *, *, #9131, .T. ) ;
#9191 = CARTESIAN_POINT ( 'NONE',  ( -1.499999999999999112, 0.6999999999999999556, -1.666666666666667407 ) ) ;
#9192 = CARTESIAN_POINT ( 'NONE',  ( 0.3750000000000001110, 0.6746990566028302494, -2.000000000000000888 ) ) ;
#9193 = FACE_OUTER_BOUND ( 'NONE', #5341, .T. ) ;
#9194 = VECTOR ( 'NONE', #8724, 1000.000000000000000 ) ;
#9195 = ORIENTED_EDGE ( 'NONE', *, *, #8144, .T. ) ;
#9196 = DIRECTION ( 'NONE',  ( -1.000000000000000000, 0.000000000000000000, 1.047444401652940007E-14 ) ) ;
#9197 = AXIS2_PLACEMENT_3D ( 'NONE', #1807, #9885, #943 ) ;
#9198 = ORIENTED_EDGE ( 'NONE', *, *, #9722, .F. ) ;
#9199 = PLANE ( 'NONE',  #9391 ) ;
#9200 = DIRECTION ( 'NONE',  ( -0.000000000000000000, 0.000000000000000000, -1.000000000000000000 ) ) ;
#9201 = EDGE_CURVE ( 'NONE', #2045, #6316, #6570, .T. ) ;
#9202 = DIRECTION ( 'NONE',  ( -1.047444401652940007E-14, -3.614007241618349264E-16, -1.000000000000000000 ) ) ;
#9203 = PLANE ( 'NONE',  #2845 ) ;
#9204 = ADVANCED_FACE ( 'NONE', ( #2878 ), #3906, .T. ) ;
#9205 = VERTEX_POINT ( 'NONE', #3373 ) ;
#9206 = DIRECTION ( 'NONE',  ( -1.000000000000000000, 0.000000000000000000, 0.000000000000000000 ) ) ;
#9207 = FILL_AREA_STYLE ('',( #3505 ) ) ;
#9208 = FILL_AREA_STYLE_COLOUR ( '', #6910 ) ;
#9209 = VECTOR ( 'NONE', #10431, 1000.000000000000000 ) ;
#9210 = ORIENTED_EDGE ( 'NONE', *, *, #2259, .F. ) ;
#9211 = VECTOR ( 'NONE', #190, 1000.000000000000000 ) ;
#9212 = LINE ( 'NONE', #3360, #9379 ) ;
#9213 = CARTESIAN_POINT ( 'NONE',  ( 0.3750000000000001110, 0.6746990566028302494, -1.600000000000000977 ) ) ;
#9214 = ORIENTED_EDGE ( 'NONE', *, *, #5156, .T. ) ;
#9215 = DIRECTION ( 'NONE',  ( -0.000000000000000000, 1.000000000000000000, -0.000000000000000000 ) ) ;
#9216 = ORIENTED_EDGE ( 'NONE', *, *, #8495, .F. ) ;
#9217 = CARTESIAN_POINT ( 'NONE',  ( -1.900000000000017675, 0.1230000000000000676, -1.749999999999978906 ) ) ;
#9218 = EDGE_CURVE ( 'NONE', #3190, #4296, #3096, .T. ) ;
#9219 = DIRECTION ( 'NONE',  ( 1.000000000000000000, 0.000000000000000000, -0.000000000000000000 ) ) ;
#9220 = CARTESIAN_POINT ( 'NONE',  ( 1.375000000000000222, 0.6746990566028302494, -2.000000000000000888 ) ) ;
#9221 = AXIS2_PLACEMENT_3D ( 'NONE', #1032, #7465, #963 ) ;
#9222 = DIRECTION ( 'NONE',  ( 0.000000000000000000, -1.000000000000000000, 0.000000000000000000 ) ) ;
#9223 = VERTEX_POINT ( 'NONE', #6549 ) ;
#9224 = PLANE ( 'NONE',  #4486 ) ;
#9225 = EDGE_CURVE ( 'NONE', #95, #4313, #6587, .T. ) ;
#9226 = FACE_OUTER_BOUND ( 'NONE', #2406, .T. ) ;
#9227 = CARTESIAN_POINT ( 'NONE',  ( -0.1249999999999994588, 0.000000000000000000, 2.000000000000000888 ) ) ;
#9228 = ADVANCED_FACE ( 'NONE', ( #6263 ), #8313, .F. ) ;
#9229 = ORIENTED_EDGE ( 'NONE', *, *, #4681, .F. ) ;
#9230 = CARTESIAN_POINT ( 'NONE',  ( -0.6249999999999998890, 0.000000000000000000, -2.000000000000000888 ) ) ;
#9231 = CARTESIAN_POINT ( 'NONE',  ( 0.3750000000000001110, 0.2030000000000000138, -1.600000000000000977 ) ) ;
#9232 = DIRECTION ( 'NONE',  ( -0.000000000000000000, 0.000000000000000000, 1.000000000000000000 ) ) ;
#9233 = CARTESIAN_POINT ( 'NONE',  ( -6.776263578034364502E-17, 0.05000000000000000278, 0.1249999999999992506 ) ) ;
#9234 = DIRECTION ( 'NONE',  ( 0.000000000000000000, 1.000000000000000000, 0.000000000000000000 ) ) ;
#9235 = FACE_OUTER_BOUND ( 'NONE', #3481, .T. ) ;
#9236 = ORIENTED_EDGE ( 'NONE', *, *, #1432, .F. ) ;
#9237 = ORIENTED_EDGE ( 'NONE', *, *, #2222, .F. ) ;
#9238 = DIRECTION ( 'NONE',  ( 8.673617379884037444E-16, 0.000000000000000000, 1.000000000000000000 ) ) ;
#9239 = FILL_AREA_STYLE_COLOUR ( '', #9928 ) ;
#9240 = ORIENTED_EDGE ( 'NONE', *, *, #8752, .T. ) ;
#9241 = CARTESIAN_POINT ( 'NONE',  ( -1.999999999999999112, 0.6746990566028303604, -1.374999999999999778 ) ) ;
#9242 = SURFACE_STYLE_FILL_AREA ( #483 ) ;
#9243 = DIRECTION ( 'NONE',  ( -3.614007241618349757E-16, 1.000000000000000000, 0.000000000000000000 ) ) ;
#9244 = EDGE_CURVE ( 'NONE', #5450, #9754, #9942, .T. ) ;
#9245 = DIRECTION ( 'NONE',  ( 0.000000000000000000, -1.000000000000000000, 0.000000000000000000 ) ) ;
#9246 = ORIENTED_EDGE ( 'NONE', *, *, #3516, .T. ) ;
#9247 = EDGE_CURVE ( 'NONE', #10514, #6552, #10146, .T. ) ;
#9248 = LINE ( 'NONE', #8263, #5759 ) ;
#9249 = LINE ( 'NONE', #3968, #5726 ) ;
#9250 = DIRECTION ( 'NONE',  ( -0.000000000000000000, -0.000000000000000000, -1.000000000000000000 ) ) ;
#9251 = ORIENTED_EDGE ( 'NONE', *, *, #8892, .F. ) ;
#9252 = EDGE_CURVE ( 'NONE', #6078, #6506, #2753, .T. ) ;
#9253 = CARTESIAN_POINT ( 'NONE',  ( -0.3749999999999994449, 0.000000000000000000, 2.000000000000000888 ) ) ;
#9254 = ORIENTED_EDGE ( 'NONE', *, *, #588, .F. ) ;
#9255 = CARTESIAN_POINT ( 'NONE',  ( 2.000000000000000888, 0.2030000000000000693, -0.8749999999999998890 ) ) ;
#9256 = EDGE_CURVE ( 'NONE', #10393, #7962, #2809, .T. ) ;
#9257 = AXIS2_PLACEMENT_3D ( 'NONE', #1544, #1475, #861 ) ;
#9258 = LINE ( 'NONE', #336, #9099 ) ;
#9259 = CARTESIAN_POINT ( 'NONE',  ( -1.999999999999999112, 0.6746990566028303604, -0.1249999999999998890 ) ) ;
#9260 = STYLED_ITEM ( 'NONE', ( #4766 ), #10224 ) ;
#9261 = ORIENTED_EDGE ( 'NONE', *, *, #8447, .T. ) ;
#9262 = CARTESIAN_POINT ( 'NONE',  ( 1.125000000000000666, 0.2030000000000000138, 1.600000000000001421 ) ) ;
#9263 = CARTESIAN_POINT ( 'NONE',  ( -1.999999999999999112, 0.05000000000000000278, 1.999999999999999556 ) ) ;
#9264 = LINE ( 'NONE', #4967, #5792 ) ;
#9265 = PRESENTATION_STYLE_ASSIGNMENT (( #1736 ) ) ;
#9266 = EDGE_CURVE ( 'NONE', #7933, #248, #9782, .T. ) ;
#9267 = ORIENTED_EDGE ( 'NONE', *, *, #5953, .T. ) ;
#9268 = SURFACE_SIDE_STYLE ('',( #8173 ) ) ;
#9269 = ADVANCED_FACE ( 'NONE', ( #6638 ), #4063, .T. ) ;
#9270 = ORIENTED_EDGE ( 'NONE', *, *, #346, .T. ) ;
#9271 = DIRECTION ( 'NONE',  ( 0.000000000000000000, 0.000000000000000000, -1.000000000000000000 ) ) ;
#9272 = AXIS2_PLACEMENT_3D ( 'NONE', #9871, #2438, #9652 ) ;
#9273 = DIRECTION ( 'NONE',  ( 0.000000000000000000, -1.807003620809174878E-16, -1.000000000000000000 ) ) ;
#9274 = CARTESIAN_POINT ( 'NONE',  ( 1.125000000000000666, 0.000000000000000000, 1.600000000000001421 ) ) ;
#9275 = VECTOR ( 'NONE', #263, 1000.000000000000000 ) ;
#9276 = CARTESIAN_POINT ( 'NONE',  ( 7.453889935837849886E-16, 0.05000000000000000278, -1.375000000000000888 ) ) ;
#9277 = EDGE_CURVE ( 'NONE', #2778, #7644, #3368, .T. ) ;
#9278 = CARTESIAN_POINT ( 'NONE',  ( -0.6249999999999994449, 0.2030000000000000138, 1.600000000000001421 ) ) ;
#9279 = FACE_OUTER_BOUND ( 'NONE', #10539, .T. ) ;
#9280 = ORIENTED_EDGE ( 'NONE', *, *, #7900, .F. ) ;
#9281 = FACE_OUTER_BOUND ( 'NONE', #7872, .T. ) ;
#9282 = LINE ( 'NONE', #5698, #9362 ) ;
#9283 = ORIENTED_EDGE ( 'NONE', *, *, #726, .F. ) ;
#9284 = CARTESIAN_POINT ( 'NONE',  ( -1.999999999999999112, 7.256854249492380227, -2.000000000000000444 ) ) ;
#9285 = ORIENTED_EDGE ( 'NONE', *, *, #8064, .F. ) ;
#9286 = FILL_AREA_STYLE ('',( #2992 ) ) ;
#9287 = DIRECTION ( 'NONE',  ( 0.000000000000000000, 0.000000000000000000, 1.000000000000000000 ) ) ;
#9288 = CARTESIAN_POINT ( 'NONE',  ( -1.125000000000000000, 0.2030000000000000138, -1.600000000000000977 ) ) ;
#9289 = AXIS2_PLACEMENT_3D ( 'NONE', #7137, #4716, #1404 ) ;
#9290 = FACE_BOUND ( 'NONE', #10515, .T. ) ;
#9291 = ADVANCED_FACE ( 'NONE', ( #6620 ), #1622, .F. ) ;
#9292 =( GEOMETRIC_REPRESENTATION_CONTEXT ( 3 ) GLOBAL_UNCERTAINTY_ASSIGNED_CONTEXT ( ( #6805 ) ) GLOBAL_UNIT_ASSIGNED_CONTEXT ( ( #6641, #9030, #4445 ) ) REPRESENTATION_CONTEXT ( 'NONE', 'WORKASPACE' ) );
#9293 =( NAMED_UNIT ( * ) SI_UNIT ( $, .STERADIAN. ) SOLID_ANGLE_UNIT ( ) );
#9294 = LINE ( 'NONE', #6105, #2304 ) ;
#9295 = EDGE_CURVE ( 'NONE', #6660, #4851, #3291, .T. ) ;
#9296 = DIRECTION ( 'NONE',  ( -1.000000000000000000, 0.000000000000000000, 0.000000000000000000 ) ) ;
#9297 = ORIENTED_EDGE ( 'NONE', *, *, #6463, .F. ) ;
#9298 = DIRECTION ( 'NONE',  ( 0.000000000000000000, -0.000000000000000000, -1.000000000000000000 ) ) ;
#9299 = DIRECTION ( 'NONE',  ( -1.000000000000000000, -3.614007241618349264E-16, 0.000000000000000000 ) ) ;
#9300 = DIRECTION ( 'NONE',  ( 0.000000000000000000, 1.000000000000000000, 0.000000000000000000 ) ) ;
#9301 = LINE ( 'NONE', #5462, #5517 ) ;
#9302 = ORIENTED_EDGE ( 'NONE', *, *, #3630, .T. ) ;
#9303 = ORIENTED_EDGE ( 'NONE', *, *, #6343, .T. ) ;
#9304 = DIRECTION ( 'NONE',  ( 0.000000000000000000, 0.000000000000000000, -1.000000000000000000 ) ) ;
#9305 = FACE_BOUND ( 'NONE', #8801, .T. ) ;
#9306 =( GEOMETRIC_REPRESENTATION_CONTEXT ( 3 ) GLOBAL_UNCERTAINTY_ASSIGNED_CONTEXT ( ( #858 ) ) GLOBAL_UNIT_ASSIGNED_CONTEXT ( ( #5037, #1058, #8205 ) ) REPRESENTATION_CONTEXT ( 'NONE', 'WORKASPACE' ) );
#9307 = CARTESIAN_POINT ( 'NONE',  ( 0.3750000000000005551, 0.6746990566028302494, 1.600000000000001421 ) ) ;
#9308 = LINE ( 'NONE', #3824, #9406 ) ;
#9309 = PLANE ( 'NONE',  #5727 ) ;
#9310 = ADVANCED_FACE ( 'NONE', ( #10403 ), #8804, .T. ) ;
#9311 = ORIENTED_EDGE ( 'NONE', *, *, #9247, .F. ) ;
#9312 = EDGE_CURVE ( 'NONE', #384, #248, #3353, .T. ) ;
#9313 = DIRECTION ( 'NONE',  ( 0.000000000000000000, -0.000000000000000000, 1.000000000000000000 ) ) ;
#9314 = VECTOR ( 'NONE', #45, 1000.000000000000000 ) ;
#9315 = CARTESIAN_POINT ( 'NONE',  ( -1.149999999999999689, 3.738533905932738044, 1.249999999999999778 ) ) ;
#9316 = ORIENTED_EDGE ( 'NONE', *, *, #3745, .T. ) ;
#9317 = ORIENTED_EDGE ( 'NONE', *, *, #5918, .T. ) ;
#9318 = PLANE ( 'NONE',  #5218 ) ;
#9319 = DIRECTION ( 'NONE',  ( 1.000000000000000000, 0.000000000000000000, -3.491481338843133355E-15 ) ) ;
#9320 = VECTOR ( 'NONE', #3540, 1000.000000000000000 ) ;
#9321 = AXIS2_PLACEMENT_3D ( 'NONE', #1405, #7276, #6171 ) ;
#9322 = ORIENTED_EDGE ( 'NONE', *, *, #1463, .F. ) ;
#9323 = DIRECTION ( 'NONE',  ( 1.000000000000000000, 0.000000000000000000, -5.421010862427524142E-16 ) ) ;
#9324 = AXIS2_PLACEMENT_3D ( 'NONE', #3795, #4174, #9785 ) ;
#9325 = DIRECTION ( 'NONE',  ( -1.000000000000000000, 0.000000000000000000, 0.000000000000000000 ) ) ;
#9326 = EDGE_CURVE ( 'NONE', #28, #1977, #6763, .T. ) ;
#9327 = VECTOR ( 'NONE', #5799, 1000.000000000000000 ) ;
#9328 = VECTOR ( 'NONE', #8494, 1000.000000000000000 ) ;
#9329 = ORIENTED_EDGE ( 'NONE', *, *, #1539, .T. ) ;
#9330 = ORIENTED_EDGE ( 'NONE', *, *, #8363, .T. ) ;
#9331 = CARTESIAN_POINT ( 'NONE',  ( 1.125000000000000222, 0.04999999999999969746, -2.000000000000000888 ) ) ;
#9332 = CARTESIAN_POINT ( 'NONE',  ( -1.599999999999998979, 0.05000000000000023870, -0.6249999999999998890 ) ) ;
#9333 = DIRECTION ( 'NONE',  ( 1.000000000000000000, -0.000000000000000000, -3.491481338843133355E-15 ) ) ;
#9334 = CARTESIAN_POINT ( 'NONE',  ( -1.599999999999998979, 0.000000000000000000, 0.3750000000000001110 ) ) ;
#9335 = LINE ( 'NONE', #2556, #5750 ) ;
#9336 = CARTESIAN_POINT ( 'NONE',  ( -1.999999999999999112, 0.6746990566028303604, 0.6250000000000003331 ) ) ;
#9337 = CARTESIAN_POINT ( 'NONE',  ( -1.999999999999999112, 0.2030000000000000970, -0.1249999999999998890 ) ) ;
#9338 = CARTESIAN_POINT ( 'NONE',  ( -0.6249999999999998890, 0.2030000000000000138, -2.000000000000000888 ) ) ;
#9339 = VECTOR ( 'NONE', #2945, 1000.000000000000000 ) ;
#9340 = ORIENTED_EDGE ( 'NONE', *, *, #530, .F. ) ;
#9341 = EDGE_CURVE ( 'NONE', #8316, #9816, #6890, .T. ) ;
#9342 = LINE ( 'NONE', #900, #2323 ) ;
#9343 = LINE ( 'NONE', #2445, #9108 ) ;
#9344 = CARTESIAN_POINT ( 'NONE',  ( 0.000000000000000000, 0.2030000000000000138, 0.000000000000000000 ) ) ;
#9345 = EDGE_CURVE ( 'NONE', #2778, #3888, #3384, .T. ) ;
#9346 = VERTEX_POINT ( 'NONE', #3243 ) ;
#9347 = ADVANCED_FACE ( 'NONE', ( #10185 ), #5714, .T. ) ;
#9348 = EDGE_LOOP ( 'NONE', ( #9655, #6886, #9555, #6260 ) ) ;
#9349 = MANIFOLD_SOLID_BREP ( 'CirPattern2[4]', #260 ) ;
#9350 = PLANE ( 'NONE',  #5616 ) ;
#9351 = CARTESIAN_POINT ( 'NONE',  ( 1.599999999999998979, 0.05000000000000023870, -0.6249999999999998890 ) ) ;
#9352 = LINE ( 'NONE', #4440, #9384 ) ;
#9353 = FACE_OUTER_BOUND ( 'NONE', #8419, .T. ) ;
#9354 = PLANE ( 'NONE',  #4613 ) ;
#9355 = VERTEX_POINT ( 'NONE', #1312 ) ;
#9356 = DIRECTION ( 'NONE',  ( 0.000000000000000000, 0.000000000000000000, 1.000000000000000000 ) ) ;
#9357 = DIRECTION ( 'NONE',  ( -1.000000000000000000, 0.000000000000000000, 1.047444401652940007E-14 ) ) ;
#9358 = CARTESIAN_POINT ( 'NONE',  ( 1.749999999999998890, 0.2030000000000000693, -1.729999999999999538 ) ) ;
#9359 = PLANE ( 'NONE',  #158 ) ;
#9360 = CARTESIAN_POINT ( 'NONE',  ( -1.749999999999998890, 0.2030000000000000693, -1.729999999999999538 ) ) ;
#9361 = LINE ( 'NONE', #9714, #5489 ) ;
#9362 = VECTOR ( 'NONE', #6529, 1000.000000000000000 ) ;
#9363 = ORIENTED_EDGE ( 'NONE', *, *, #5654, .T. ) ;
#9364 = ORIENTED_EDGE ( 'NONE', *, *, #83, .F. ) ;
#9365 = EDGE_CURVE ( 'NONE', #28, #1663, #3417, .T. ) ;
#9366 = DIRECTION ( 'NONE',  ( -1.000000000000000000, 0.000000000000000000, 0.000000000000000000 ) ) ;
#9367 = CARTESIAN_POINT ( 'NONE',  ( 1.599999999999999201, 0.6746990566028303604, -0.8749999999999998890 ) ) ;
#9368 = LINE ( 'NONE', #2038, #5612 ) ;
#9369 = EDGE_CURVE ( 'NONE', #73, #366, #10454, .T. ) ;
#9370 = DIRECTION ( 'NONE',  ( -0.000000000000000000, -0.000000000000000000, 1.000000000000000000 ) ) ;
#9371 = VECTOR ( 'NONE', #3751, 1000.000000000000000 ) ;
#9372 = CARTESIAN_POINT ( 'NONE',  ( 1.250000000000000000, 0.2030000000000000693, -1.249999999999999778 ) ) ;
#9373 = DIRECTION ( 'NONE',  ( 0.000000000000000000, -1.000000000000000000, 0.000000000000000000 ) ) ;
#9374 = AXIS2_PLACEMENT_3D ( 'NONE', #2289, #10128, #2996 ) ;
#9375 = ORIENTED_EDGE ( 'NONE', *, *, #9590, .T. ) ;
#9376 = EDGE_CURVE ( 'NONE', #8379, #1086, #6801, .T. ) ;
#9377 = CARTESIAN_POINT ( 'NONE',  ( 0.1250000000000005551, 0.000000000000000000, 1.600000000000001421 ) ) ;
#9378 = COLOUR_RGB ( '',0.7921568627450980005, 0.8196078431372548767, 0.9333333333333333481 ) ;
#9379 = VECTOR ( 'NONE', #4195, 1000.000000000000000 ) ;
#9380 = ORIENTED_EDGE ( 'NONE', *, *, #4394, .T. ) ;
#9381 = ORIENTED_EDGE ( 'NONE', *, *, #322, .T. ) ;
#9382 = DIRECTION ( 'NONE',  ( -0.000000000000000000, 0.000000000000000000, -1.000000000000000000 ) ) ;
#9383 = AXIS2_PLACEMENT_3D ( 'NONE', #4098, #908, #9403 ) ;
#9384 = VECTOR ( 'NONE', #4160, 1000.000000000000000 ) ;
#9385 = DIRECTION ( 'NONE',  ( -0.000000000000000000, 1.000000000000000000, -0.000000000000000000 ) ) ;
#9386 = VECTOR ( 'NONE', #2114, 1000.000000000000000 ) ;
#9387 = VERTEX_POINT ( 'NONE', #1233 ) ;
#9388 = ADVANCED_FACE ( 'NONE', ( #6944 ), #5256, .T. ) ;
#9389 = VERTEX_POINT ( 'NONE', #1945 ) ;
#9390 = PLANE ( 'NONE',  #4908 ) ;
#9391 = AXIS2_PLACEMENT_3D ( 'NONE', #6897, #460, #5905 ) ;
#9392 = CARTESIAN_POINT ( 'NONE',  ( 1.125000000000000222, 0.2030000000000000138, -1.600000000000000977 ) ) ;
#9393 = VECTOR ( 'NONE', #3330, 1000.000000000000000 ) ;
#9394 = VECTOR ( 'NONE', #3768, 1000.000000000000000 ) ;
#9395 = EDGE_CURVE ( 'NONE', #4480, #9423, #10167, .T. ) ;
#9396 = ORIENTED_EDGE ( 'NONE', *, *, #6066, .F. ) ;
#9397 = ORIENTED_EDGE ( 'NONE', *, *, #1310, .T. ) ;
#9398 = AXIS2_PLACEMENT_3D ( 'NONE', #9278, #7830, #10042 ) ;
#9399 = CARTESIAN_POINT ( 'NONE',  ( 0.000000000000000000, 0.000000000000000000, 2.500000000000000000 ) ) ;
#9400 = CARTESIAN_POINT ( 'NONE',  ( -0.1249999999999994588, 0.2030000000000000138, 1.600000000000001421 ) ) ;
#9401 = FACE_OUTER_BOUND ( 'NONE', #9129, .T. ) ;
#9402 = DIRECTION ( 'NONE',  ( 0.000000000000000000, 0.000000000000000000, -1.000000000000000000 ) ) ;
#9403 = DIRECTION ( 'NONE',  ( 0.000000000000000000, 0.000000000000000000, -1.000000000000000000 ) ) ;
#9404 = DIRECTION ( 'NONE',  ( -1.000000000000000000, 0.000000000000000000, 0.000000000000000000 ) ) ;
#9405 = DIRECTION ( 'NONE',  ( -1.000000000000000000, 0.000000000000000000, 0.000000000000000000 ) ) ;
#9406 = VECTOR ( 'NONE', #4459, 1000.000000000000000 ) ;
#9407 = ORIENTED_EDGE ( 'NONE', *, *, #5146, .T. ) ;
#9408 = ORIENTED_EDGE ( 'NONE', *, *, #7362, .F. ) ;
#9409 = VECTOR ( 'NONE', #7066, 1000.000000000000000 ) ;
#9410 = LINE ( 'NONE', #4072, #9460 ) ;
#9411 = AXIS2_PLACEMENT_3D ( 'NONE', #8108, #8887, #1507 ) ;
#9412 = DIRECTION ( 'NONE',  ( 0.000000000000000000, 0.000000000000000000, 1.000000000000000000 ) ) ;
#9413 = ORIENTED_EDGE ( 'NONE', *, *, #10546, .F. ) ;
#9414 = DIRECTION ( 'NONE',  ( 5.421010862427524142E-16, -0.000000000000000000, 1.000000000000000000 ) ) ;
#9415 = ORIENTED_EDGE ( 'NONE', *, *, #3399, .T. ) ;
#9416 = LINE ( 'NONE', #131, #6123 ) ;
#9417 = DIRECTION ( 'NONE',  ( -0.000000000000000000, -1.000000000000000000, -0.000000000000000000 ) ) ;
#9418 = EDGE_CURVE ( 'NONE', #5946, #6504, #6674, .T. ) ;
#9419 = PLANE ( 'NONE',  #37 ) ;
#9420 = DIRECTION ( 'NONE',  ( -0.000000000000000000, 0.000000000000000000, -1.000000000000000000 ) ) ;
#9421 = FACE_OUTER_BOUND ( 'NONE', #2196, .T. ) ;
#9422 = LINE ( 'NONE', #8457, #5901 ) ;
#9423 = VERTEX_POINT ( 'NONE', #2016 ) ;
#9424 = ORIENTED_EDGE ( 'NONE', *, *, #3342, .T. ) ;
#9425 = DIRECTION ( 'NONE',  ( 0.000000000000000000, -0.000000000000000000, 1.000000000000000000 ) ) ;
#9426 = CARTESIAN_POINT ( 'NONE',  ( 1.599999999999998979, 0.6746990566028303604, 0.8750000000000001110 ) ) ;
#9427 = PLANE ( 'NONE',  #9854 ) ;
#9428 = DIRECTION ( 'NONE',  ( 0.000000000000000000, 1.000000000000000000, 0.000000000000000000 ) ) ;
#9429 = FACE_OUTER_BOUND ( 'NONE', #583, .T. ) ;
#9430 = ORIENTED_EDGE ( 'NONE', *, *, #3062, .T. ) ;
#9431 = ADVANCED_FACE ( 'NONE', ( #10336 ), #1096, .F. ) ;
#9432 = AXIS2_PLACEMENT_3D ( 'NONE', #9930, #7716, #206 ) ;
#9433 = ORIENTED_EDGE ( 'NONE', *, *, #1906, .T. ) ;
#9434 = FACE_OUTER_BOUND ( 'NONE', #1545, .T. ) ;
#9435 = SURFACE_SIDE_STYLE ('',( #5570 ) ) ;
#9436 = EDGE_CURVE ( 'NONE', #7541, #4810, #6711, .T. ) ;
#9437 = LINE ( 'NONE', #8188, #5681 ) ;
#9438 = DIRECTION ( 'NONE',  ( 0.000000000000000000, -1.000000000000000000, 0.000000000000000000 ) ) ;
#9439 = VECTOR ( 'NONE', #9287, 1000.000000000000000 ) ;
#9440 = DIRECTION ( 'NONE',  ( -1.000000000000000000, 0.000000000000000000, 0.000000000000000000 ) ) ;
#9441 = EDGE_LOOP ( 'NONE', ( #2640, #7449, #553, #7467 ) ) ;
#9442 = ORIENTED_EDGE ( 'NONE', *, *, #654, .F. ) ;
#9443 = CARTESIAN_POINT ( 'NONE',  ( -0.1249999999999994588, 0.6746990566028302494, 2.000000000000000888 ) ) ;
#9444 = VECTOR ( 'NONE', #9357, 1000.000000000000000 ) ;
#9445 = LINE ( 'NONE', #4428, #5933 ) ;
#9446 = DIRECTION ( 'NONE',  ( -1.000000000000000000, 0.000000000000000000, 0.000000000000000000 ) ) ;
#9447 = VERTEX_POINT ( 'NONE', #5913 ) ;
#9448 = DIRECTION ( 'NONE',  ( -1.000000000000000000, 0.000000000000000000, 0.000000000000000000 ) ) ;
#9449 = VERTEX_POINT ( 'NONE', #1817 ) ;
#9450 = LINE ( 'NONE', #555, #2661 ) ;
#9451 = DIRECTION ( 'NONE',  ( 1.000000000000000000, 0.000000000000000000, 0.000000000000000000 ) ) ;
#9452 = EDGE_CURVE ( 'NONE', #5302, #5895, #6819, .T. ) ;
#9453 = ADVANCED_FACE ( 'NONE', ( #6959 ), #6975, .T. ) ;
#9454 = EDGE_CURVE ( 'NONE', #6701, #7132, #3430, .T. ) ;
#9455 = VECTOR ( 'NONE', #9245, 1000.000000000000000 ) ;
#9456 = ORIENTED_EDGE ( 'NONE', *, *, #7056, .F. ) ;
#9457 = EDGE_LOOP ( 'NONE', ( #10411, #7560, #10155, #9627 ) ) ;
#9458 = CARTESIAN_POINT ( 'NONE',  ( 1.999999999999999112, 0.6746990566028303604, 0.1250000000000003331 ) ) ;
#9459 = VECTOR ( 'NONE', #7621, 1000.000000000000000 ) ;
#9460 = VECTOR ( 'NONE', #3184, 1000.000000000000000 ) ;
#9461 = ORIENTED_EDGE ( 'NONE', *, *, #1432, .T. ) ;
#9462 = DIRECTION ( 'NONE',  ( 0.000000000000000000, 0.000000000000000000, -1.000000000000000000 ) ) ;
#9463 = ORIENTED_EDGE ( 'NONE', *, *, #1147, .F. ) ;
#9464 = LINE ( 'NONE', #8968, #5956 ) ;
#9465 = CARTESIAN_POINT ( 'NONE',  ( 2.000000000000000888, 0.05000000000000000278, 1.999999999999999112 ) ) ;
#9466 = EDGE_CURVE ( 'NONE', #489, #7962, #10355, .T. ) ;
#9467 = FACE_OUTER_BOUND ( 'NONE', #4204, .T. ) ;
#9468 = DIRECTION ( 'NONE',  ( 0.7071067811865492381, -0.000000000000000000, -0.7071067811865457964 ) ) ;
#9469 = CARTESIAN_POINT ( 'NONE',  ( 1.999999999999999112, 0.6746990566028303604, 1.125000000000000444 ) ) ;
#9470 = DIRECTION ( 'NONE',  ( 0.000000000000000000, -1.000000000000000000, 0.000000000000000000 ) ) ;
#9471 = VECTOR ( 'NONE', #10404, 1000.000000000000000 ) ;
#9472 = EDGE_CURVE ( 'NONE', #7274, #7248, #10223, .T. ) ;
#9473 = ORIENTED_EDGE ( 'NONE', *, *, #6213, .F. ) ;
#9474 = ADVANCED_FACE ( 'NONE', ( #10494 ), #5063, .F. ) ;
#9475 = VERTEX_POINT ( 'NONE', #10261 ) ;
#9476 = VECTOR ( 'NONE', #9836, 1000.000000000000000 ) ;
#9477 = PLANE ( 'NONE',  #407 ) ;
#9478 = EDGE_LOOP ( 'NONE', ( #3879, #9569, #6345, #5925 ) ) ;
#9479 =( NAMED_UNIT ( * ) SI_UNIT ( $, .STERADIAN. ) SOLID_ANGLE_UNIT ( ) );
#9480 = ORIENTED_EDGE ( 'NONE', *, *, #120, .F. ) ;
#9481 = VECTOR ( 'NONE', #3470, 1000.000000000000000 ) ;
#9482 = CARTESIAN_POINT ( 'NONE',  ( -1.250000000000000000, 3.738533905932738044, 1.149999999999999911 ) ) ;
#9483 = CARTESIAN_POINT ( 'NONE',  ( -1.599999999999998979, 0.2030000000000000970, -0.6249999999999998890 ) ) ;
#9484 = CARTESIAN_POINT ( 'NONE',  ( -1.125000000000000000, 0.6746990566028302494, -1.600000000000000977 ) ) ;
#9485 = SURFACE_SIDE_STYLE ('',( #8321 ) ) ;
#9486 = FACE_OUTER_BOUND ( 'NONE', #3308, .T. ) ;
#9487 = LINE ( 'NONE', #5537, #9665 ) ;
#9488 = DIRECTION ( 'NONE',  ( 0.000000000000000000, -0.000000000000000000, -1.000000000000000000 ) ) ;
#9489 = ORIENTED_EDGE ( 'NONE', *, *, #8201, .F. ) ;
#9490 = ORIENTED_EDGE ( 'NONE', *, *, #1732, .F. ) ;
#9491 = DIRECTION ( 'NONE',  ( -8.673617379884035472E-16, 0.000000000000000000, -1.000000000000000000 ) ) ;
#9492 = DIRECTION ( 'NONE',  ( -0.000000000000000000, -1.000000000000000000, -0.000000000000000000 ) ) ;
#9493 = SURFACE_STYLE_USAGE ( .BOTH. , #9648 ) ;
#9494 = DIRECTION ( 'NONE',  ( -1.000000000000000000, 0.000000000000000000, 1.047444401652940007E-14 ) ) ;
#9495 = DIRECTION ( 'NONE',  ( -1.000000000000000000, 0.000000000000000000, 0.000000000000000000 ) ) ;
#9496 = EDGE_CURVE ( 'NONE', #7620, #6491, #3204, .T. ) ;
#9497 = VECTOR ( 'NONE', #3499, 1000.000000000000000 ) ;
#9498 = CARTESIAN_POINT ( 'NONE',  ( -1.899999999999982592, 0.2030000000000000970, 1.600000000000018963 ) ) ;
#9499 = VECTOR ( 'NONE', #2702, 1000.000000000000000 ) ;
#9500 = EDGE_CURVE ( 'NONE', #6129, #4246, #6694, .T. ) ;
#9501 = VERTEX_POINT ( 'NONE', #4627 ) ;
#9502 = EDGE_LOOP ( 'NONE', ( #805, #8532, #865, #1251 ) ) ;
#9503 = VECTOR ( 'NONE', #5261, 1000.000000000000000 ) ;
#9504 = AXIS2_PLACEMENT_3D ( 'NONE', #485, #6849, #4508 ) ;
#9505 = CARTESIAN_POINT ( 'NONE',  ( 1.599999999999998979, 0.000000000000000000, -1.125000000000000000 ) ) ;
#9506 = LINE ( 'NONE', #9724, #5997 ) ;
#9507 = EDGE_CURVE ( 'NONE', #3965, #4730, #3237, .T. ) ;
#9508 = LINE ( 'NONE', #510, #2496 ) ;
#9509 = PLANE ( 'NONE',  #3396 ) ;
#9510 = PLANE ( 'NONE',  #2442 ) ;
#9511 = ORIENTED_EDGE ( 'NONE', *, *, #3762, .T. ) ;
#9512 = ORIENTED_EDGE ( 'NONE', *, *, #654, .T. ) ;
#9513 = VECTOR ( 'NONE', #1505, 1000.000000000000000 ) ;
#9514 = CARTESIAN_POINT ( 'NONE',  ( 1.749999999999998890, 0.1230000000000000676, -1.899999999999999467 ) ) ;
#9515 = AXIS2_PLACEMENT_3D ( 'NONE', #4170, #2494, #2284 ) ;
#9516 = VECTOR ( 'NONE', #9492, 1000.000000000000000 ) ;
#9517 = FACE_OUTER_BOUND ( 'NONE', #5190, .T. ) ;
#9518 = UNCERTAINTY_MEASURE_WITH_UNIT (LENGTH_MEASURE( 1.000000000000000082E-05 ), #4266, 'distance_accuracy_value', 'NONE');
#9519 = ORIENTED_EDGE ( 'NONE', *, *, #1029, .F. ) ;
#9520 = ADVANCED_FACE ( 'NONE', ( #3270 ), #3130, .F. ) ;
#9521 = ORIENTED_EDGE ( 'NONE', *, *, #3904, .F. ) ;
#9522 = LINE ( 'NONE', #4362, #6049 ) ;
#9523 = DIRECTION ( 'NONE',  ( -1.000000000000000000, 0.000000000000000000, 0.000000000000000000 ) ) ;
#9524 = STYLED_ITEM ( 'NONE', ( #6402 ), #5043 ) ;
#9525 = VECTOR ( 'NONE', #7350, 1000.000000000000000 ) ;
#9526 = VECTOR ( 'NONE', #1274, 1000.000000000000000 ) ;
#9527 = EDGE_CURVE ( 'NONE', #9062, #1751, #3253, .T. ) ;
#9528 = VERTEX_POINT ( 'NONE', #3055 ) ;
#9529 = ORIENTED_EDGE ( 'NONE', *, *, #2734, .T. ) ;
#9530 = VECTOR ( 'NONE', #1159, 1000.000000000000000 ) ;
#9531 = ORIENTED_EDGE ( 'NONE', *, *, #9225, .F. ) ;
#9532 = PLANE ( 'NONE',  #80 ) ;
#9533 = LINE ( 'NONE', #1468, #2655 ) ;
#9534 = FACE_OUTER_BOUND ( 'NONE', #10221, .T. ) ;
#9535 = ORIENTED_EDGE ( 'NONE', *, *, #2366, .F. ) ;
#9536 = CARTESIAN_POINT ( 'NONE',  ( 1.749999999999998890, 0.1230000000000000676, -1.899999999999999467 ) ) ;
#9537 = ORIENTED_EDGE ( 'NONE', *, *, #2018, .F. ) ;
#9538 = LINE ( 'NONE', #3275, #9682 ) ;
#9539 = CARTESIAN_POINT ( 'NONE',  ( 1.599999999999998979, 0.2030000000000000970, 1.899999999999999467 ) ) ;
#9540 = CARTESIAN_POINT ( 'NONE',  ( 1.125000000000000666, 0.6746990566028302494, 1.600000000000001421 ) ) ;
#9541 = DIRECTION ( 'NONE',  ( -0.000000000000000000, -1.000000000000000000, -0.000000000000000000 ) ) ;
#9542 = CARTESIAN_POINT ( 'NONE',  ( 2.000000000000000888, 0.2030000000000000693, 1.125000000000000222 ) ) ;
#9543 = SURFACE_STYLE_FILL_AREA ( #570 ) ;
#9544 = ADVANCED_FACE ( 'NONE', ( #7520 ), #10531, .F. ) ;
#9545 = DIRECTION ( 'NONE',  ( 0.000000000000000000, 1.000000000000000000, 0.000000000000000000 ) ) ;
#9546 = CARTESIAN_POINT ( 'NONE',  ( -1.999999999999982681, 0.1230000000000000954, 1.600000000000020073 ) ) ;
#9547 = DIRECTION ( 'NONE',  ( 1.000000000000000000, -1.807003620809174878E-16, 0.000000000000000000 ) ) ;
#9548 = CARTESIAN_POINT ( 'NONE',  ( 1.599999999999998979, 0.6746990566028303604, -0.1249999999999998890 ) ) ;
#9549 = AXIS2_PLACEMENT_3D ( 'NONE', #4581, #10216, #4031 ) ;
#9550 = FACE_OUTER_BOUND ( 'NONE', #2972, .T. ) ;
#9551 = ORIENTED_EDGE ( 'NONE', *, *, #2313, .T. ) ;
#9552 = ORIENTED_EDGE ( 'NONE', *, *, #9472, .T. ) ;
#9553 = EDGE_CURVE ( 'NONE', #2911, #1750, #265, .T. ) ;
#9554 = LINE ( 'NONE', #10524, #10051 ) ;
#9555 = ORIENTED_EDGE ( 'NONE', *, *, #9369, .T. ) ;
#9556 = VECTOR ( 'NONE', #10283, 1000.000000000000000 ) ;
#9557 = LINE ( 'NONE', #6412, #6101 ) ;
#9558 = CARTESIAN_POINT ( 'NONE',  ( -1.599999999999998979, 0.6746990566028303604, 1.375000000000000222 ) ) ;
#9559 = ORIENTED_EDGE ( 'NONE', *, *, #3187, .F. ) ;
#9560 = DIRECTION ( 'NONE',  ( 0.000000000000000000, 0.000000000000000000, 1.000000000000000000 ) ) ;
#9561 = ORIENTED_EDGE ( 'NONE', *, *, #2755, .T. ) ;
#9562 = CARTESIAN_POINT ( 'NONE',  ( 1.599999999999999201, 0.000000000000000000, -0.3749999999999998890 ) ) ;
#9563 =( NAMED_UNIT ( * ) SI_UNIT ( $, .STERADIAN. ) SOLID_ANGLE_UNIT ( ) );
#9564 = CIRCLE ( 'NONE', #4244, 0.1000000000000000472 ) ;
#9565 = LINE ( 'NONE', #3586, #9830 ) ;
#9566 = CARTESIAN_POINT ( 'NONE',  ( -1.599999999999999201, 0.2030000000000000138, 0.1250000000000001110 ) ) ;
#9567 = ORIENTED_EDGE ( 'NONE', *, *, #3199, .T. ) ;
#9568 = STYLED_ITEM ( 'NONE', ( #92 ), #433 ) ;
#9569 = ORIENTED_EDGE ( 'NONE', *, *, #6389, .F. ) ;
#9570 = FILL_AREA_STYLE_COLOUR ( '', #3686 ) ;
#9571 = PLANE ( 'NONE',  #2266 ) ;
#9572 = DIRECTION ( 'NONE',  ( -1.000000000000000000, 0.000000000000000000, 5.421010862427524142E-16 ) ) ;
#9573 = CYLINDRICAL_SURFACE ( 'NONE', #4742, 0.1000000000000000472 ) ;
#9574 = CARTESIAN_POINT ( 'NONE',  ( 0.1250000000000001110, 0.6746990566028302494, -1.600000000000000977 ) ) ;
#9575 = EDGE_LOOP ( 'NONE', ( #7171, #9433, #1746, #5652, #10246, #7968, #2784, #6166, #1958, #7507, #1724, #9552, #6791, #4767, #4862, #7191, #10548, #1821, #1984, #6207, #8556, #51, #2711, #6311, #9141, #4321, #7385, #293 ) ) ;
#9576 = EDGE_CURVE ( 'NONE', #6896, #7933, #7065, .T. ) ;
#9577 = FACE_OUTER_BOUND ( 'NONE', #7934, .T. ) ;
#9578 = EDGE_LOOP ( 'NONE', ( #3527, #10160, #2195, #6246 ) ) ;
#9579 = ORIENTED_EDGE ( 'NONE', *, *, #6889, .F. ) ;
#9580 = VECTOR ( 'NONE', #7463, 1000.000000000000000 ) ;
#9581 = CARTESIAN_POINT ( 'NONE',  ( -0.9499999999999979572, 3.738533905932738044, -1.250000000000000222 ) ) ;
#9582 = VECTOR ( 'NONE', #10342, 1000.000000000000000 ) ;
#9583 = FACE_OUTER_BOUND ( 'NONE', #5493, .T. ) ;
#9584 = DIRECTION ( 'NONE',  ( -0.000000000000000000, -1.000000000000000000, -0.000000000000000000 ) ) ;
#9585 = DIRECTION ( 'NONE',  ( -1.000000000000000000, 0.000000000000000000, -0.000000000000000000 ) ) ;
#9586 = ORIENTED_EDGE ( 'NONE', *, *, #7527, .T. ) ;
#9587 = ORIENTED_EDGE ( 'NONE', *, *, #8642, .F. ) ;
#9588 = ADVANCED_FACE ( 'NONE', ( #7282 ), #10540, .T. ) ;
#9589 = FACE_OUTER_BOUND ( 'NONE', #2542, .T. ) ;
#9590 = EDGE_CURVE ( 'NONE', #3693, #1476, #3948, .T. ) ;
#9591 = ORIENTED_EDGE ( 'NONE', *, *, #4768, .F. ) ;
#9592 = AXIS2_PLACEMENT_3D ( 'NONE', #5311, #10447, #1701 ) ;
#9593 =( NAMED_UNIT ( * ) SI_UNIT ( $, .STERADIAN. ) SOLID_ANGLE_UNIT ( ) );
#9594 = FACE_OUTER_BOUND ( 'NONE', #4393, .T. ) ;
#9595 = FACE_OUTER_BOUND ( 'NONE', #278, .T. ) ;
#9596 = CARTESIAN_POINT ( 'NONE',  ( 2.000000000000000888, 0.05000000000000000278, 1.999999999999999112 ) ) ;
#9597 = EDGE_CURVE ( 'NONE', #5584, #2491, #394, .T. ) ;
#9598 = ORIENTED_EDGE ( 'NONE', *, *, #9071, .F. ) ;
#9599 = CARTESIAN_POINT ( 'NONE',  ( -2.000000000000017764, 0.2030000000000000693, -1.749999999999978018 ) ) ;
#9600 = ORIENTED_EDGE ( 'NONE', *, *, #6675, .T. ) ;
#9601 = LINE ( 'NONE', #6984, #5879 ) ;
#9602 = DIRECTION ( 'NONE',  ( 3.491481338843133355E-15, -3.614007241618349264E-16, 1.000000000000000000 ) ) ;
#9603 = FACE_OUTER_BOUND ( 'NONE', #2497, .T. ) ;
#9604 = VECTOR ( 'NONE', #3749, 1000.000000000000000 ) ;
#9605 = ORIENTED_EDGE ( 'NONE', *, *, #3419, .T. ) ;
#9606 = ORIENTED_EDGE ( 'NONE', *, *, #3821, .T. ) ;
#9607 = FACE_OUTER_BOUND ( 'NONE', #821, .T. ) ;
#9608 = DIRECTION ( 'NONE',  ( 1.000000000000000000, 0.000000000000000000, 0.000000000000000000 ) ) ;
#9609 = ORIENTED_EDGE ( 'NONE', *, *, #3377, .F. ) ;
#9610 = PLANE ( 'NONE',  #486 ) ;
#9611 = LINE ( 'NONE', #5623, #9674 ) ;
#9612 = VECTOR ( 'NONE', #9215, 1000.000000000000000 ) ;
#9613 = EDGE_CURVE ( 'NONE', #7440, #1766, #5, .T. ) ;
#9614 = CARTESIAN_POINT ( 'NONE',  ( 0.3750000000000005551, 0.2030000000000000138, 2.000000000000000888 ) ) ;
#9615 = VERTEX_POINT ( 'NONE', #550 ) ;
#9616 = CARTESIAN_POINT ( 'NONE',  ( -1.900000000000016565, 0.2030000000000000970, -1.599999999999978995 ) ) ;
#9617 = ADVANCED_FACE ( 'NONE', ( #475 ), #2338, .F. ) ;
#9618 = EDGE_LOOP ( 'NONE', ( #4630, #5109, #2723, #5936 ) ) ;
#9619 = LINE ( 'NONE', #8701, #9503 ) ;
#9620 = CARTESIAN_POINT ( 'NONE',  ( 1.500000000000000000, 0.000000000000000000, 0.000000000000000000 ) ) ;
#9621 = EDGE_CURVE ( 'NONE', #7109, #9954, #10526, .T. ) ;
#9622 = DIRECTION ( 'NONE',  ( 0.000000000000000000, -0.000000000000000000, 1.000000000000000000 ) ) ;
#9623 = DIRECTION ( 'NONE',  ( 1.000000000000000000, 0.000000000000000000, -0.000000000000000000 ) ) ;
#9624 = EDGE_CURVE ( 'NONE', #2594, #2312, #7086, .T. ) ;
#9625 = DIRECTION ( 'NONE',  ( -0.000000000000000000, -1.000000000000000000, -0.000000000000000000 ) ) ;
#9626 = FACE_OUTER_BOUND ( 'NONE', #6158, .T. ) ;
#9627 = ORIENTED_EDGE ( 'NONE', *, *, #112, .T. ) ;
#9628 = ORIENTED_EDGE ( 'NONE', *, *, #8696, .F. ) ;
#9629 = VECTOR ( 'NONE', #3118, 1000.000000000000000 ) ;
#9630 = VERTEX_POINT ( 'NONE', #3266 ) ;
#9631 = AXIS2_PLACEMENT_3D ( 'NONE', #223, #5113, #5176 ) ;
#9632 = FACE_OUTER_BOUND ( 'NONE', #7123, .T. ) ;
#9633 = ORIENTED_EDGE ( 'NONE', *, *, #464, .T. ) ;
#9634 = CARTESIAN_POINT ( 'NONE',  ( 1.599999999999998979, 0.2030000000000000970, -1.729999999999999538 ) ) ;
#9635 = EDGE_LOOP ( 'NONE', ( #4002, #8150, #1220, #8660 ) ) ;
#9636 = DIRECTION ( 'NONE',  ( 0.000000000000000000, -1.000000000000000000, 0.000000000000000000 ) ) ;
#9637 = DIRECTION ( 'NONE',  ( 0.000000000000000000, 0.000000000000000000, 1.000000000000000000 ) ) ;
#9638 = CARTESIAN_POINT ( 'NONE',  ( 1.599999999999999201, 0.000000000000000000, -0.8749999999999998890 ) ) ;
#9639 = FACE_OUTER_BOUND ( 'NONE', #3324, .T. ) ;
#9640 = ADVANCED_FACE ( 'NONE', ( #7256 ), #7973, .T. ) ;
#9641 = EDGE_CURVE ( 'NONE', #2312, #9672, #7049, .T. ) ;
#9642 = FACE_OUTER_BOUND ( 'NONE', #7401, .T. ) ;
#9643 = FILL_AREA_STYLE_COLOUR ( '', #7023 ) ;
#9644 = DIRECTION ( 'NONE',  ( 1.000000000000000000, -0.000000000000000000, 0.000000000000000000 ) ) ;
#9645 = EDGE_LOOP ( 'NONE', ( #6195, #3303, #57, #2659 ) ) ;
#9646 = ORIENTED_EDGE ( 'NONE', *, *, #127, .F. ) ;
#9647 = DIRECTION ( 'NONE',  ( 0.000000000000000000, -1.000000000000000000, 0.000000000000000000 ) ) ;
#9648 = SURFACE_SIDE_STYLE ('',( #237 ) ) ;
#9649 = DIRECTION ( 'NONE',  ( -0.000000000000000000, -0.000000000000000000, 1.000000000000000000 ) ) ;
#9650 = CARTESIAN_POINT ( 'NONE',  ( 1.149999999999999911, 0.000000000000000000, 1.149999999999999911 ) ) ;
#9651 = VECTOR ( 'NONE', #4411, 1000.000000000000000 ) ;
#9652 = DIRECTION ( 'NONE',  ( 0.000000000000000000, 0.000000000000000000, 1.000000000000000000 ) ) ;
#9653 = AXIS2_PLACEMENT_3D ( 'NONE', #8068, #1600, #2078 ) ;
#9654 = CARTESIAN_POINT ( 'NONE',  ( 1.599999999999998979, 0.2030000000000000970, 1.899999999999999467 ) ) ;
#9655 = ORIENTED_EDGE ( 'NONE', *, *, #2850, .T. ) ;
#9656 = COLOUR_RGB ( '',0.7921568627450980005, 0.8196078431372548767, 0.9333333333333333481 ) ;
#9657 = LINE ( 'NONE', #4292, #6163 ) ;
#9658 = EDGE_CURVE ( 'NONE', #8786, #28, #3850, .T. ) ;
#9659 = ORIENTED_EDGE ( 'NONE', *, *, #1551, .T. ) ;
#9660 = ORIENTED_EDGE ( 'NONE', *, *, #8418, .F. ) ;
#9661 = MANIFOLD_SOLID_BREP ( 'LPattern4[4]', #722 ) ;
#9662 = CARTESIAN_POINT ( 'NONE',  ( 1.375000000000000666, 0.000000000000000000, 1.600000000000001421 ) ) ;
#9663 = VECTOR ( 'NONE', #64, 1000.000000000000000 ) ;
#9664 = UNCERTAINTY_MEASURE_WITH_UNIT (LENGTH_MEASURE( 1.000000000000000082E-05 ), #6018, 'distance_accuracy_value', 'NONE');
#9665 = VECTOR ( 'NONE', #9636, 1000.000000000000000 ) ;
#9666 = DIRECTION ( 'NONE',  ( 3.491481338843133355E-15, 0.000000000000000000, 1.000000000000000000 ) ) ;
#9667 = DIRECTION ( 'NONE',  ( -8.673617379884035472E-16, -0.000000000000000000, 1.000000000000000000 ) ) ;
#9668 = VERTEX_POINT ( 'NONE', #8693 ) ;
#9669 = VERTEX_POINT ( 'NONE', #9160 ) ;
#9670 = DIRECTION ( 'NONE',  ( 0.000000000000000000, 0.000000000000000000, 1.000000000000000000 ) ) ;
#9671 = LINE ( 'NONE', #8565, #9530 ) ;
#9672 = VERTEX_POINT ( 'NONE', #8468 ) ;
#9673 = DIRECTION ( 'NONE',  ( 0.000000000000000000, -1.000000000000000000, 0.000000000000000000 ) ) ;
#9674 = VECTOR ( 'NONE', #216, 1000.000000000000000 ) ;
#9675 = FACE_OUTER_BOUND ( 'NONE', #7858, .T. ) ;
#9676 = AXIS2_PLACEMENT_3D ( 'NONE', #10282, #2359, #10412 ) ;
#9677 = AXIS2_PLACEMENT_3D ( 'NONE', #7092, #1427, #4542 ) ;
#9678 = CARTESIAN_POINT ( 'NONE',  ( 1.999999999999999112, 0.2030000000000000970, 0.8750000000000001110 ) ) ;
#9679 = VERTEX_POINT ( 'NONE', #3333 ) ;
#9680 = CARTESIAN_POINT ( 'NONE',  ( -0.1249999999999998890, 0.2030000000000000138, -1.600000000000000977 ) ) ;
#9681 = ORIENTED_EDGE ( 'NONE', *, *, #1757, .F. ) ;
#9682 = VECTOR ( 'NONE', #1656, 1000.000000000000000 ) ;
#9683 = EDGE_CURVE ( 'NONE', #391, #7295, #7448, .T. ) ;
#9684 = DIRECTION ( 'NONE',  ( 0.000000000000000000, -0.000000000000000000, -1.000000000000000000 ) ) ;
#9685 = LINE ( 'NONE', #6373, #9772 ) ;
#9686 = LINE ( 'NONE', #2287, #9471 ) ;
#9687 = VERTEX_POINT ( 'NONE', #4970 ) ;
#9688 = ORIENTED_EDGE ( 'NONE', *, *, #7079, .F. ) ;
#9689 = ADVANCED_FACE ( 'NONE', ( #3799 ), #9989, .T. ) ;
#9690 = CARTESIAN_POINT ( 'NONE',  ( 1.899999999999993916, 0.2030000000000000970, -1.600000000000005418 ) ) ;
#9691 = ORIENTED_EDGE ( 'NONE', *, *, #10542, .F. ) ;
#9692 = PLANE ( 'NONE',  #9090 ) ;
#9693 = LINE ( 'NONE', #3354, #2578 ) ;
#9694 = LINE ( 'NONE', #7810, #9394 ) ;
#9695 = ORIENTED_EDGE ( 'NONE', *, *, #6585, .T. ) ;
#9696 = DIRECTION ( 'NONE',  ( 0.000000000000000000, -1.000000000000000000, 0.000000000000000000 ) ) ;
#9697 = AXIS2_PLACEMENT_3D ( 'NONE', #8019, #3432, #2533 ) ;
#9698 = ORIENTED_EDGE ( 'NONE', *, *, #5509, .T. ) ;
#9699 = SURFACE_STYLE_FILL_AREA ( #1244 ) ;
#9700 = DIRECTION ( 'NONE',  ( 0.000000000000000000, 0.000000000000000000, -1.000000000000000000 ) ) ;
#9701 = DIRECTION ( 'NONE',  ( 1.000000000000000000, 0.000000000000000000, -0.000000000000000000 ) ) ;
#9702 = EDGE_CURVE ( 'NONE', #8862, #10398, #3550, .T. ) ;
#9703 = DIRECTION ( 'NONE',  ( 1.000000000000000000, 0.000000000000000000, -3.491481338843133355E-15 ) ) ;
#9704 = LINE ( 'NONE', #3545, #2684 ) ;
#9705 = CARTESIAN_POINT ( 'NONE',  ( 0.1250000000000001110, 0.2030000000000000138, -1.600000000000000977 ) ) ;
#9706 = DIRECTION ( 'NONE',  ( 0.000000000000000000, -0.000000000000000000, 1.000000000000000000 ) ) ;
#9707 = AXIS2_PLACEMENT_3D ( 'NONE', #4450, #7487, #5092 ) ;
#9708 = DIRECTION ( 'NONE',  ( 0.000000000000000000, 0.000000000000000000, 1.000000000000000000 ) ) ;
#9709 = LINE ( 'NONE', #913, #6271 ) ;
#9710 = DIRECTION ( 'NONE',  ( 1.000000000000000000, 1.807003620809174632E-16, -0.000000000000000000 ) ) ;
#9711 = ORIENTED_EDGE ( 'NONE', *, *, #5654, .F. ) ;
#9712 = ORIENTED_EDGE ( 'NONE', *, *, #7953, .T. ) ;
#9713 = EDGE_LOOP ( 'NONE', ( #8241, #9424, #11, #3244 ) ) ;
#9714 = CARTESIAN_POINT ( 'NONE',  ( 1.749999999999998890, 0.1230000000000000676, 1.899999999999999467 ) ) ;
#9715 = ORIENTED_EDGE ( 'NONE', *, *, #3933, .F. ) ;
#9716 = CARTESIAN_POINT ( 'NONE',  ( 1.599999999999998979, 0.2030000000000000138, -0.1249999999999998890 ) ) ;
#9717 = ORIENTED_EDGE ( 'NONE', *, *, #3645, .T. ) ;
#9718 = LINE ( 'NONE', #6624, #9580 ) ;
#9719 = AXIS2_PLACEMENT_3D ( 'NONE', #8511, #1309, #4564 ) ;
#9720 = CARTESIAN_POINT ( 'NONE',  ( -1.729999999999982885, 0.2030000000000000970, 1.600000000000017186 ) ) ;
#9721 = VECTOR ( 'NONE', #5296, 1000.000000000000000 ) ;
#9722 = EDGE_CURVE ( 'NONE', #1295, #3985, #7028, .T. ) ;
#9723 = FACE_OUTER_BOUND ( 'NONE', #7313, .T. ) ;
#9724 = CARTESIAN_POINT ( 'NONE',  ( 1.375000000000000666, 0.6746990566028302494, 1.600000000000001421 ) ) ;
#9725 = ORIENTED_EDGE ( 'NONE', *, *, #4904, .T. ) ;
#9726 = ORIENTED_EDGE ( 'NONE', *, *, #5186, .T. ) ;
#9727 = DIRECTION ( 'NONE',  ( 0.000000000000000000, 0.000000000000000000, -1.000000000000000000 ) ) ;
#9728 = DIRECTION ( 'NONE',  ( 1.000000000000000000, -0.000000000000000000, -0.000000000000000000 ) ) ;
#9729 = CARTESIAN_POINT ( 'NONE',  ( 1.999999999999999112, 0.6746990566028303604, -0.1249999999999998890 ) ) ;
#9730 = VECTOR ( 'NONE', #8628, 1000.000000000000000 ) ;
#9731 = CARTESIAN_POINT ( 'NONE',  ( 1.999999999999994005, 0.2030000000000000970, -1.600000000000005862 ) ) ;
#9732 = ORIENTED_EDGE ( 'NONE', *, *, #7290, .F. ) ;
#9733 = CARTESIAN_POINT ( 'NONE',  ( -1.749999999999998890, 0.2030000000000000693, -1.999999999999999556 ) ) ;
#9734 = VERTEX_POINT ( 'NONE', #904 ) ;
#9735 = ORIENTED_EDGE ( 'NONE', *, *, #6795, .F. ) ;
#9736 = LINE ( 'NONE', #4019, #2758 ) ;
#9737 = EDGE_CURVE ( 'NONE', #6724, #1973, #3924, .T. ) ;
#9738 = ADVANCED_FACE ( 'NONE', ( #3532 ), #1715, .F. ) ;
#9739 = AXIS2_PLACEMENT_3D ( 'NONE', #8228, #9666, #10498 ) ;
#9740 = DIRECTION ( 'NONE',  ( 1.000000000000000000, 0.000000000000000000, 5.421010862427524142E-16 ) ) ;
#9741 = FACE_OUTER_BOUND ( 'NONE', #1930, .T. ) ;
#9742 = EDGE_CURVE ( 'NONE', #5337, #9387, #7338, .T. ) ;
#9743 = DIRECTION ( 'NONE',  ( 1.000000000000000000, -0.000000000000000000, -3.491481338843133355E-15 ) ) ;
#9744 = ORIENTED_EDGE ( 'NONE', *, *, #8495, .T. ) ;
#9745 = ORIENTED_EDGE ( 'NONE', *, *, #383, .F. ) ;
#9746 = CARTESIAN_POINT ( 'NONE',  ( -1.499999999999999112, 0.8000000000000000444, -1.333333333333333925 ) ) ;
#9747 = FACE_OUTER_BOUND ( 'NONE', #2821, .T. ) ;
#9748 = EDGE_LOOP ( 'NONE', ( #9157, #7806, #2343, #5432 ) ) ;
#9749 = LINE ( 'NONE', #9231, #2430 ) ;
#9750 = CARTESIAN_POINT ( 'NONE',  ( 1.599999999999998979, 0.2030000000000000138, -1.125000000000000000 ) ) ;
#9751 = ORIENTED_EDGE ( 'NONE', *, *, #6038, .T. ) ;
#9752 = ORIENTED_EDGE ( 'NONE', *, *, #5382, .F. ) ;
#9753 = LINE ( 'NONE', #478, #6088 ) ;
#9754 = VERTEX_POINT ( 'NONE', #3461 ) ;
#9755 = CARTESIAN_POINT ( 'NONE',  ( 1.599999999999998979, 0.2030000000000000970, -1.899999999999999467 ) ) ;
#9756 = VERTEX_POINT ( 'NONE', #6574 ) ;
#9757 = EDGE_CURVE ( 'NONE', #5257, #1949, #375, .T. ) ;
#9758 = LINE ( 'NONE', #382, #2482 ) ;
#9759 = CLOSED_SHELL ( 'NONE', ( #2281, #4467, #456, #3435, #2832, #1243 ) ) ;
#9760 = VECTOR ( 'NONE', #6017, 1000.000000000000000 ) ;
#9761 = EDGE_CURVE ( 'NONE', #10452, #5946, #3891, .T. ) ;
#9762 = DIRECTION ( 'NONE',  ( -0.000000000000000000, -1.000000000000000000, -0.000000000000000000 ) ) ;
#9763 = ORIENTED_EDGE ( 'NONE', *, *, #6425, .T. ) ;
#9764 = DIRECTION ( 'NONE',  ( 8.673617379884037444E-16, 0.000000000000000000, 1.000000000000000000 ) ) ;
#9765 = ORIENTED_EDGE ( 'NONE', *, *, #9839, .T. ) ;
#9766 = FACE_OUTER_BOUND ( 'NONE', #2581, .T. ) ;
#9767 = DIRECTION ( 'NONE',  ( 0.000000000000000000, 1.000000000000000000, 0.000000000000000000 ) ) ;
#9768 = MECHANICAL_DESIGN_GEOMETRIC_PRESENTATION_REPRESENTATION (  '', ( #10088 ), #1672 ) ;
#9769 = EDGE_CURVE ( 'NONE', #2964, #5301, #4007, .T. ) ;
#9770 = DIRECTION ( 'NONE',  ( 0.000000000000000000, -1.000000000000000000, 0.000000000000000000 ) ) ;
#9771 = CARTESIAN_POINT ( 'NONE',  ( 1.599999999999999201, 0.2030000000000000138, 1.125000000000000222 ) ) ;
#9772 = VECTOR ( 'NONE', #6995, 1000.000000000000000 ) ;
#9773 = FILL_AREA_STYLE_COLOUR ( '', #7866 ) ;
#9774 = DIRECTION ( 'NONE',  ( 0.000000000000000000, -1.000000000000000000, 0.000000000000000000 ) ) ;
#9775 = PLANE ( 'NONE',  #8095 ) ;
#9776 = EDGE_CURVE ( 'NONE', #4245, #2378, #40, .T. ) ;
#9777 = VECTOR ( 'NONE', #10476, 1000.000000000000000 ) ;
#9778 = ORIENTED_EDGE ( 'NONE', *, *, #5929, .T. ) ;
#9779 = VERTEX_POINT ( 'NONE', #3397 ) ;
#9780 = FACE_OUTER_BOUND ( 'NONE', #7484, .T. ) ;
#9781 = ORIENTED_EDGE ( 'NONE', *, *, #4006, .T. ) ;
#9782 = LINE ( 'NONE', #4890, #6878 ) ;
#9783 = CARTESIAN_POINT ( 'NONE',  ( 1.999999999999994005, 0.2030000000000000970, -1.600000000000005862 ) ) ;
#9784 = ORIENTED_EDGE ( 'NONE', *, *, #4458, .T. ) ;
#9785 = DIRECTION ( 'NONE',  ( 0.000000000000000000, 0.000000000000000000, -1.000000000000000000 ) ) ;
#9786 = ORIENTED_EDGE ( 'NONE', *, *, #6199, .T. ) ;
#9787 = EDGE_CURVE ( 'NONE', #7663, #5425, #3584, .T. ) ;
#9788 = DIRECTION ( 'NONE',  ( -0.000000000000000000, -1.000000000000000000, -0.000000000000000000 ) ) ;
#9789 = DIRECTION ( 'NONE',  ( 1.000000000000000000, 0.000000000000000000, 0.000000000000000000 ) ) ;
#9790 = DIRECTION ( 'NONE',  ( 8.673617379884037444E-16, 0.000000000000000000, -1.000000000000000000 ) ) ;
#9791 = AXIS2_PLACEMENT_3D ( 'NONE', #1137, #5104, #5684 ) ;
#9792 = VECTOR ( 'NONE', #2229, 1000.000000000000000 ) ;
#9793 = LINE ( 'NONE', #5677, #2782 ) ;
#9794 = EDGE_CURVE ( 'NONE', #3796, #9668, #7414, .T. ) ;
#9795 =( NAMED_UNIT ( * ) PLANE_ANGLE_UNIT ( ) SI_UNIT ( $, .RADIAN. ) );
#9796 = VERTEX_POINT ( 'NONE', #4238 ) ;
#9797 = ORIENTED_EDGE ( 'NONE', *, *, #6861, .T. ) ;
#9798 = DIRECTION ( 'NONE',  ( 0.000000000000000000, 0.000000000000000000, -1.000000000000000000 ) ) ;
#9799 = PLANE ( 'NONE',  #1953 ) ;
#9800 = CARTESIAN_POINT ( 'NONE',  ( -1.599999999999998979, 0.1230000000000000954, -1.899999999999999467 ) ) ;
#9801 = VERTEX_POINT ( 'NONE', #7624 ) ;
#9802 = VECTOR ( 'NONE', #9523, 1000.000000000000000 ) ;
#9803 = DIRECTION ( 'NONE',  ( -0.000000000000000000, -0.000000000000000000, 1.000000000000000000 ) ) ;
#9804 = ORIENTED_EDGE ( 'NONE', *, *, #4268, .F. ) ;
#9805 = ADVANCED_FACE ( 'NONE', ( #323 ), #3529, .T. ) ;
#9806 = EDGE_LOOP ( 'NONE', ( #2842, #3621, #7091, #3477 ) ) ;
#9807 = FACE_OUTER_BOUND ( 'NONE', #6576, .T. ) ;
#9808 = EDGE_LOOP ( 'NONE', ( #5590, #63, #9303, #10244 ) ) ;
#9809 = PLANE ( 'NONE',  #5931 ) ;
#9810 = PRESENTATION_STYLE_ASSIGNMENT (( #2357 ) ) ;
#9811 = PLANE ( 'NONE',  #7292 ) ;
#9812 = AXIS2_PLACEMENT_3D ( 'NONE', #8746, #7108, #6421 ) ;
#9813 = CARTESIAN_POINT ( 'NONE',  ( -1.149999999999999689, 0.2030000000000000693, 1.149999999999999689 ) ) ;
#9814 = MECHANICAL_DESIGN_GEOMETRIC_PRESENTATION_REPRESENTATION (  '', ( #701 ), #9292 ) ;
#9815 = ORIENTED_EDGE ( 'NONE', *, *, #3523, .F. ) ;
#9816 = VERTEX_POINT ( 'NONE', #4165 ) ;
#9817 = DIRECTION ( 'NONE',  ( 1.000000000000000000, -0.000000000000000000, -0.000000000000000000 ) ) ;
#9818 = LINE ( 'NONE', #233, #6192 ) ;
#9819 = ORIENTED_EDGE ( 'NONE', *, *, #4587, .T. ) ;
#9820 = DIRECTION ( 'NONE',  ( 5.421010862427524142E-16, -0.000000000000000000, 1.000000000000000000 ) ) ;
#9821 = VECTOR ( 'NONE', #4189, 1000.000000000000000 ) ;
#9822 = DIRECTION ( 'NONE',  ( -0.000000000000000000, -1.000000000000000000, -0.000000000000000000 ) ) ;
#9823 = ORIENTED_EDGE ( 'NONE', *, *, #2651, .F. ) ;
#9824 = DIRECTION ( 'NONE',  ( 1.000000000000000000, -0.000000000000000000, 0.000000000000000000 ) ) ;
#9825 = VERTEX_POINT ( 'NONE', #4374 ) ;
#9826 = VECTOR ( 'NONE', #2468, 1000.000000000000000 ) ;
#9827 = VERTEX_POINT ( 'NONE', #5943 ) ;
#9828 = MANIFOLD_SOLID_BREP ( 'LPattern4[7]', #7178 ) ;
#9829 = ADVANCED_FACE ( 'NONE', ( #7771 ), #719, .T. ) ;
#9830 = VECTOR ( 'NONE', #6847, 1000.000000000000000 ) ;
#9831 = VERTEX_POINT ( 'NONE', #6998 ) ;
#9832 = CARTESIAN_POINT ( 'NONE',  ( 1.599999999999999201, 0.6746990566028303604, 0.1250000000000001110 ) ) ;
#9833 = AXIS2_PLACEMENT_3D ( 'NONE', #5680, #2652, #10543 ) ;
#9834 = ORIENTED_EDGE ( 'NONE', *, *, #5529, .T. ) ;
#9835 = VECTOR ( 'NONE', #4752, 1000.000000000000000 ) ;
#9836 = DIRECTION ( 'NONE',  ( 1.000000000000000000, -1.807003620809174632E-16, 0.000000000000000000 ) ) ;
#9837 = VERTEX_POINT ( 'NONE', #9498 ) ;
#9838 = CARTESIAN_POINT ( 'NONE',  ( 1.749999999999998890, 0.2030000000000000693, 1.999999999999999556 ) ) ;
#9839 = EDGE_CURVE ( 'NONE', #2559, #5876, #4086, .T. ) ;
#9840 = VECTOR ( 'NONE', #3761, 1000.000000000000000 ) ;
#9841 = CARTESIAN_POINT ( 'NONE',  ( 1.599999999999998979, 0.6746990566028303604, 0.3750000000000001110 ) ) ;
#9842 = ORIENTED_EDGE ( 'NONE', *, *, #10373, .T. ) ;
#9843 = CARTESIAN_POINT ( 'NONE',  ( -0.3749999999999994449, 0.2030000000000000138, 2.000000000000000888 ) ) ;
#9844 = ORIENTED_EDGE ( 'NONE', *, *, #5399, .T. ) ;
#9845 = LINE ( 'NONE', #1102, #6430 ) ;
#9846 = FILL_AREA_STYLE_COLOUR ( '', #6420 ) ;
#9847 = ORIENTED_EDGE ( 'NONE', *, *, #8295, .T. ) ;
#9848 = CARTESIAN_POINT ( 'NONE',  ( -1.599999999999998979, 0.1230000000000000954, 1.999999999999999556 ) ) ;
#9849 = CARTESIAN_POINT ( 'NONE',  ( 2.000000000000000888, 0.05000000000000000278, 1.999999999999999112 ) ) ;
#9850 = DIRECTION ( 'NONE',  ( 1.000000000000000000, -0.000000000000000000, 0.000000000000000000 ) ) ;
#9851 = FACE_OUTER_BOUND ( 'NONE', #3918, .T. ) ;
#9852 = VERTEX_POINT ( 'NONE', #10285 ) ;
#9853 = LINE ( 'NONE', #1575, #6041 ) ;
#9854 = AXIS2_PLACEMENT_3D ( 'NONE', #8067, #1335, #8776 ) ;
#9855 = ORIENTED_EDGE ( 'NONE', *, *, #3745, .F. ) ;
#9856 = LINE ( 'NONE', #5374, #10092 ) ;
#9857 = DIRECTION ( 'NONE',  ( -1.000000000000000000, 0.000000000000000000, 5.421010862427523156E-16 ) ) ;
#9858 = EDGE_CURVE ( 'NONE', #5871, #1885, #7728, .T. ) ;
#9859 = ORIENTED_EDGE ( 'NONE', *, *, #3788, .F. ) ;
#9860 = DIRECTION ( 'NONE',  ( 1.000000000000000000, 0.000000000000000000, 0.000000000000000000 ) ) ;
#9861 = LINE ( 'NONE', #9927, #6621 ) ;
#9862 = CARTESIAN_POINT ( 'NONE',  ( -0.3749999999999998890, 0.000000000000000000, -1.600000000000000977 ) ) ;
#9863 = VERTEX_POINT ( 'NONE', #8656 ) ;
#9864 = CARTESIAN_POINT ( 'NONE',  ( 2.000000000000000888, 0.05000000000000000278, 1.999999999999999112 ) ) ;
#9865 = VECTOR ( 'NONE', #10084, 1000.000000000000000 ) ;
#9866 = VECTOR ( 'NONE', #6187, 1000.000000000000000 ) ;
#9867 = EDGE_LOOP ( 'NONE', ( #5862, #1050 ) ) ;
#9868 = CARTESIAN_POINT ( 'NONE',  ( -1.125000000000000000, 0.2030000000000000138, -1.600000000000000977 ) ) ;
#9869 = ADVANCED_FACE ( 'NONE', ( #815 ), #417, .T. ) ;
#9870 = CIRCLE ( 'NONE', #7387, 0.1000000000000000472 ) ;
#9871 = CARTESIAN_POINT ( 'NONE',  ( 0.8750000000000005551, 0.6746990566028302494, 1.600000000000001421 ) ) ;
#9872 = ORIENTED_EDGE ( 'NONE', *, *, #5784, .F. ) ;
#9873 = CARTESIAN_POINT ( 'NONE',  ( -0.3749999999999994449, 0.2030000000000000138, 1.600000000000001421 ) ) ;
#9874 = LINE ( 'NONE', #2816, #2909 ) ;
#9875 = CARTESIAN_POINT ( 'NONE',  ( -1.599999999999999201, 0.6746990566028303604, -1.375000000000000000 ) ) ;
#9876 = EDGE_CURVE ( 'NONE', #6392, #9816, #642, .T. ) ;
#9877 = VERTEX_POINT ( 'NONE', #10141 ) ;
#9878 = LINE ( 'NONE', #8124, #2866 ) ;
#9879 = EDGE_CURVE ( 'NONE', #479, #7478, #717, .T. ) ;
#9880 = ORIENTED_EDGE ( 'NONE', *, *, #9105, .T. ) ;
#9881 =( NAMED_UNIT ( * ) PLANE_ANGLE_UNIT ( ) SI_UNIT ( $, .RADIAN. ) );
#9882 = PRESENTATION_STYLE_ASSIGNMENT (( #9064 ) ) ;
#9883 = VECTOR ( 'NONE', #4207, 1000.000000000000000 ) ;
#9884 = ORIENTED_EDGE ( 'NONE', *, *, #5810, .F. ) ;
#9885 = DIRECTION ( 'NONE',  ( -1.734723475976807587E-16, 0.000000000000000000, 1.000000000000000000 ) ) ;
#9886 = VECTOR ( 'NONE', #5455, 1000.000000000000000 ) ;
#9887 = ORIENTED_EDGE ( 'NONE', *, *, #1280, .T. ) ;
#9888 = VECTOR ( 'NONE', #6403, 1000.000000000000000 ) ;
#9889 = EDGE_LOOP ( 'NONE', ( #674, #509, #7765, #299 ) ) ;
#9890 = ADVANCED_FACE ( 'NONE', ( #7915 ), #7855, .T. ) ;
#9891 = CARTESIAN_POINT ( 'NONE',  ( 1.599999999999998979, 0.000000000000000000, -0.6249999999999998890 ) ) ;
#9892 = LINE ( 'NONE', #1198, #6589 ) ;
#9893 = DIRECTION ( 'NONE',  ( -0.000000000000000000, 0.000000000000000000, -1.000000000000000000 ) ) ;
#9894 = VERTEX_POINT ( 'NONE', #10349 ) ;
#9895 = EDGE_CURVE ( 'NONE', #4263, #1642, #552, .T. ) ;
#9896 = VECTOR ( 'NONE', #4669, 1000.000000000000000 ) ;
#9897 = EDGE_CURVE ( 'NONE', #2132, #3813, #7804, .T. ) ;
#9898 = CYLINDRICAL_SURFACE ( 'NONE', #7966, 0.1666666666666667407 ) ;
#9899 = CARTESIAN_POINT ( 'NONE',  ( 1.999999999999994005, 0.1230000000000000954, -1.600000000000005862 ) ) ;
#9900 = DIRECTION ( 'NONE',  ( -1.000000000000000000, 0.000000000000000000, -0.000000000000000000 ) ) ;
#9901 = ORIENTED_EDGE ( 'NONE', *, *, #5683, .F. ) ;
#9902 = DIRECTION ( 'NONE',  ( 0.000000000000000000, -1.000000000000000000, 0.000000000000000000 ) ) ;
#9903 = AXIS2_PLACEMENT_3D ( 'NONE', #8507, #236, #9273 ) ;
#9904 = ORIENTED_EDGE ( 'NONE', *, *, #6309, .F. ) ;
#9905 = DIRECTION ( 'NONE',  ( 0.000000000000000000, -0.000000000000000000, 1.000000000000000000 ) ) ;
#9906 = VECTOR ( 'NONE', #9803, 1000.000000000000000 ) ;
#9907 = PLANE ( 'NONE',  #4538 ) ;
#9908 = EDGE_CURVE ( 'NONE', #156, #10317, #7861, .T. ) ;
#9909 = EDGE_LOOP ( 'NONE', ( #2115, #5825, #6970, #2889 ) ) ;
#9910 = CARTESIAN_POINT ( 'NONE',  ( -1.250000000000000000, 0.05000000000000000278, -0.9500000000000013989 ) ) ;
#9911 = FACE_OUTER_BOUND ( 'NONE', #6324, .T. ) ;
#9912 = DIRECTION ( 'NONE',  ( 1.000000000000000000, 0.000000000000000000, -1.047444401652940007E-14 ) ) ;
#9913 = EDGE_LOOP ( 'NONE', ( #4279, #3160, #3902, #3138 ) ) ;
#9914 = CARTESIAN_POINT ( 'NONE',  ( 1.599999999999998979, 0.2030000000000000970, 1.999999999999999556 ) ) ;
#9915 = VECTOR ( 'NONE', #7157, 1000.000000000000000 ) ;
#9916 = ADVANCED_FACE ( 'NONE', ( #661 ), #9359, .T. ) ;
#9917 = CARTESIAN_POINT ( 'NONE',  ( -1.900000000000016565, 0.2030000000000000970, -1.599999999999978995 ) ) ;
#9918 = CARTESIAN_POINT ( 'NONE',  ( -1.599999999999998979, 0.2030000000000000138, -0.6249999999999998890 ) ) ;
#9919 = DIRECTION ( 'NONE',  ( -0.000000000000000000, -1.000000000000000000, -0.000000000000000000 ) ) ;
#9920 = DIRECTION ( 'NONE',  ( 0.000000000000000000, 0.000000000000000000, -1.000000000000000000 ) ) ;
#9921 = LINE ( 'NONE', #4059, #2905 ) ;
#9922 = EDGE_LOOP ( 'NONE', ( #3231, #5536, #2888, #9461 ) ) ;
#9923 = EDGE_LOOP ( 'NONE', ( #1130, #7571, #4377, #7375 ) ) ;
#9924 = VECTOR ( 'NONE', #10168, 1000.000000000000000 ) ;
#9925 = AXIS2_PLACEMENT_3D ( 'NONE', #9443, #1421, #3828 ) ;
#9926 = ORIENTED_EDGE ( 'NONE', *, *, #9992, .F. ) ;
#9927 = CARTESIAN_POINT ( 'NONE',  ( -3.388131789017198398E-16, 0.05000000000000000278, 0.6249999999999992228 ) ) ;
#9928 = COLOUR_RGB ( '',0.7921568627450980005, 0.8196078431372548767, 0.9333333333333333481 ) ;
#9929 = EDGE_CURVE ( 'NONE', #10056, #9475, #7823, .T. ) ;
#9930 = CARTESIAN_POINT ( 'NONE',  ( 1.599999999999999201, 0.6746990566028303604, -1.375000000000000000 ) ) ;
#9931 = VERTEX_POINT ( 'NONE', #7202 ) ;
#9932 = MECHANICAL_DESIGN_GEOMETRIC_PRESENTATION_REPRESENTATION (  '', ( #3222 ), #7005 ) ;
#9933 = DIRECTION ( 'NONE',  ( 0.000000000000000000, 0.000000000000000000, -1.000000000000000000 ) ) ;
#9934 = CARTESIAN_POINT ( 'NONE',  ( 1.599999999999999201, 0.6746990566028303604, -1.375000000000000000 ) ) ;
#9935 = LINE ( 'NONE', #6186, #10215 ) ;
#9936 = DIRECTION ( 'NONE',  ( -0.000000000000000000, -0.000000000000000000, -1.000000000000000000 ) ) ;
#9937 = EDGE_LOOP ( 'NONE', ( #6012, #3548, #7605, #9859 ) ) ;
#9938 = CARTESIAN_POINT ( 'NONE',  ( 0.000000000000000000, 0.2030000000000000138, 0.000000000000000000 ) ) ;
#9939 = VECTOR ( 'NONE', #3522, 1000.000000000000000 ) ;
#9940 = CLOSED_SHELL ( 'NONE', ( #1929, #1610, #7629, #7715, #5351, #9869 ) ) ;
#9941 = CARTESIAN_POINT ( 'NONE',  ( -1.999999999999981348, 0.2030000000000000693, 1.750000000000019984 ) ) ;
#9942 = LINE ( 'NONE', #4739, #6279 ) ;
#9943 = CARTESIAN_POINT ( 'NONE',  ( -1.999999999999982681, 0.1230000000000000954, 1.600000000000020073 ) ) ;
#9944 = ORIENTED_EDGE ( 'NONE', *, *, #8875, .F. ) ;
#9945 = PRESENTATION_LAYER_ASSIGNMENT (  '', '', ( #10209 ) ) ;
#9946 = VECTOR ( 'NONE', #7714, 1000.000000000000000 ) ;
#9947 = VERTEX_POINT ( 'NONE', #6092 ) ;
#9948 = CARTESIAN_POINT ( 'NONE',  ( -1.599999999999998979, 0.1230000000000000954, 1.729999999999999538 ) ) ;
#9949 = EDGE_CURVE ( 'NONE', #6356, #1985, #885, .T. ) ;
#9950 = FACE_OUTER_BOUND ( 'NONE', #447, .T. ) ;
#9951 = CARTESIAN_POINT ( 'NONE',  ( -1.599999999999999201, 0.6746990566028303604, -0.3749999999999998890 ) ) ;
#9952 = AXIS2_PLACEMENT_3D ( 'NONE', #2663, #7354, #4258 ) ;
#9953 = DIRECTION ( 'NONE',  ( -0.000000000000000000, -1.000000000000000000, -0.000000000000000000 ) ) ;
#9954 = VERTEX_POINT ( 'NONE', #10417 ) ;
#9955 = DIRECTION ( 'NONE',  ( 1.047444401652940007E-14, 0.000000000000000000, 1.000000000000000000 ) ) ;
#9956 = ADVANCED_FACE ( 'NONE', ( #7787 ), #1537, .F. ) ;
#9957 = ORIENTED_EDGE ( 'NONE', *, *, #3166, .T. ) ;
#9958 = CARTESIAN_POINT ( 'NONE',  ( -1.999999999999999112, 0.2030000000000000138, -1.125000000000000000 ) ) ;
#9959 = LINE ( 'NONE', #6883, #2985 ) ;
#9960 = CARTESIAN_POINT ( 'NONE',  ( -1.599999999999999201, 0.2030000000000000970, 1.125000000000000222 ) ) ;
#9961 = ORIENTED_EDGE ( 'NONE', *, *, #201, .F. ) ;
#9962 = PLANE ( 'NONE',  #7807 ) ;
#9963 = CARTESIAN_POINT ( 'NONE',  ( 1.000000000000000000, 0.000000000000000000, 0.000000000000000000 ) ) ;
#9964 = LINE ( 'NONE', #4820, #9826 ) ;
#9965 = DIRECTION ( 'NONE',  ( -0.000000000000000000, -1.000000000000000000, -0.000000000000000000 ) ) ;
#9966 = AXIS2_PLACEMENT_3D ( 'NONE', #4803, #1481, #2246 ) ;
#9967 = VERTEX_POINT ( 'NONE', #5551 ) ;
#9968 = LINE ( 'NONE', #1616, #3090 ) ;
#9969 = EDGE_CURVE ( 'NONE', #125, #2000, #619, .T. ) ;
#9970 = VECTOR ( 'NONE', #10161, 1000.000000000000000 ) ;
#9971 = CARTESIAN_POINT ( 'NONE',  ( 1.999999999999999112, 0.04999999999999991257, -0.8749999999999996669 ) ) ;
#9972 = ORIENTED_EDGE ( 'NONE', *, *, #3839, .T. ) ;
#9973 = PLANE ( 'NONE',  #3145 ) ;
#9974 = ORIENTED_EDGE ( 'NONE', *, *, #8772, .T. ) ;
#9975 = DIRECTION ( 'NONE',  ( -0.000000000000000000, 0.000000000000000000, -1.000000000000000000 ) ) ;
#9976 = VECTOR ( 'NONE', #3619, 1000.000000000000000 ) ;
#9977 = DIRECTION ( 'NONE',  ( 1.000000000000000000, 0.000000000000000000, -3.491481338843133355E-15 ) ) ;
#9978 = ORIENTED_EDGE ( 'NONE', *, *, #282, .F. ) ;
#9979 = CARTESIAN_POINT ( 'NONE',  ( 2.000000000000005329, 0.2030000000000000970, 1.599999999999992095 ) ) ;
#9980 = ADVANCED_FACE ( 'NONE', ( #769 ), #8848, .T. ) ;
#9981 = VECTOR ( 'NONE', #4145, 1000.000000000000000 ) ;
#9982 = CARTESIAN_POINT ( 'NONE',  ( -1.250000000000000000, 0.05000000000000000278, 0.000000000000000000 ) ) ;
#9983 = VERTEX_POINT ( 'NONE', #854 ) ;
#9984 = CARTESIAN_POINT ( 'NONE',  ( 1.149999999999999911, 0.05000000000000100198, 1.250000000000000222 ) ) ;
#9985 = EDGE_CURVE ( 'NONE', #9877, #6336, #7540, .T. ) ;
#9986 = LINE ( 'NONE', #7088, #6684 ) ;
#9987 = DIRECTION ( 'NONE',  ( 0.000000000000000000, 0.000000000000000000, -1.000000000000000000 ) ) ;
#9988 = CARTESIAN_POINT ( 'NONE',  ( 1.749999999999998890, 0.2030000000000000693, 1.899999999999999467 ) ) ;
#9989 = PLANE ( 'NONE',  #2662 ) ;
#9990 = CARTESIAN_POINT ( 'NONE',  ( 1.999999999999999112, 0.6746990566028303604, 0.1250000000000003331 ) ) ;
#9991 = FACE_OUTER_BOUND ( 'NONE', #7838, .T. ) ;
#9992 = EDGE_CURVE ( 'NONE', #5991, #2001, #4369, .T. ) ;
#9993 = EDGE_LOOP ( 'NONE', ( #6487, #7670, #10308, #9322 ) ) ;
#9994 = LINE ( 'NONE', #4231, #2946 ) ;
#9995 = ADVANCED_FACE ( 'NONE', ( #4214 ), #8212, .F. ) ;
#9996 = ORIENTED_EDGE ( 'NONE', *, *, #1318, .T. ) ;
#9997 = LINE ( 'NONE', #7879, #9976 ) ;
#9998 = PLANE ( 'NONE',  #3555 ) ;
#9999 = ORIENTED_EDGE ( 'NONE', *, *, #4858, .F. ) ;
#10000 = CARTESIAN_POINT ( 'NONE',  ( 1.730000000000005089, 0.1230000000000000954, 1.599999999999992983 ) ) ;
#10001 = VECTOR ( 'NONE', #8943, 1000.000000000000000 ) ;
#10002 = ORIENTED_EDGE ( 'NONE', *, *, #7893, .F. ) ;
#10003 = CARTESIAN_POINT ( 'NONE',  ( -1.999999999999999112, 0.6746990566028303604, -0.1249999999999998890 ) ) ;
#10004 = DIRECTION ( 'NONE',  ( -1.000000000000000000, 0.000000000000000000, -5.421010862427524142E-16 ) ) ;
#10005 = ORIENTED_EDGE ( 'NONE', *, *, #8654, .F. ) ;
#10006 = VECTOR ( 'NONE', #6327, 1000.000000000000000 ) ;
#10007 = ADVANCED_FACE ( 'NONE', ( #678 ), #7430, .T. ) ;
#10008 = EDGE_CURVE ( 'NONE', #3872, #10369, #4197, .T. ) ;
#10009 = VECTOR ( 'NONE', #1357, 1000.000000000000000 ) ;
#10010 = DIRECTION ( 'NONE',  ( 0.000000000000000000, -0.000000000000000000, 1.000000000000000000 ) ) ;
#10011 = ORIENTED_EDGE ( 'NONE', *, *, #3163, .T. ) ;
#10012 = CARTESIAN_POINT ( 'NONE',  ( 0.8750000000000001110, 0.2030000000000000138, -1.600000000000000977 ) ) ;
#10013 = CARTESIAN_POINT ( 'NONE',  ( -1.999999999999982681, 0.2030000000000000970, 1.600000000000020073 ) ) ;
#10014 = EDGE_CURVE ( 'NONE', #1663, #7096, #7878, .T. ) ;
#10015 = VECTOR ( 'NONE', #1112, 1000.000000000000000 ) ;
#10016 = EDGE_LOOP ( 'NONE', ( #289, #1213, #142, #6664 ) ) ;
#10017 = CARTESIAN_POINT ( 'NONE',  ( -1.599999999999998979, 0.05000000000000023870, 1.375000000000000222 ) ) ;
#10018 = FACE_OUTER_BOUND ( 'NONE', #3296, .T. ) ;
#10019 = CARTESIAN_POINT ( 'NONE',  ( 0.6250000000000005551, 0.6746990566028302494, 1.600000000000001421 ) ) ;
#10020 = VERTEX_POINT ( 'NONE', #7356 ) ;
#10021 = VECTOR ( 'NONE', #3535, 1000.000000000000000 ) ;
#10022 = VERTEX_POINT ( 'NONE', #4929 ) ;
#10023 = ORIENTED_EDGE ( 'NONE', *, *, #4888, .T. ) ;
#10024 = FACE_OUTER_BOUND ( 'NONE', #3984, .T. ) ;
#10025 = DIRECTION ( 'NONE',  ( -1.047444401652940007E-14, 0.000000000000000000, -1.000000000000000000 ) ) ;
#10026 = FACE_OUTER_BOUND ( 'NONE', #9806, .T. ) ;
#10027 = ORIENTED_EDGE ( 'NONE', *, *, #1886, .F. ) ;
#10028 = CARTESIAN_POINT ( 'NONE',  ( 0.8750000000000001110, 0.2030000000000000138, -2.000000000000000888 ) ) ;
#10029 = LINE ( 'NONE', #1894, #6671 ) ;
#10030 = EDGE_LOOP ( 'NONE', ( #9609, #6513, #10491, #5644 ) ) ;
#10031 = DIRECTION ( 'NONE',  ( 0.000000000000000000, 0.000000000000000000, -1.000000000000000000 ) ) ;
#10032 = EDGE_CURVE ( 'NONE', #4548, #6504, #735, .T. ) ;
#10033 = LINE ( 'NONE', #6667, #6442 ) ;
#10034 = DIRECTION ( 'NONE',  ( 3.491481338843133355E-15, 0.000000000000000000, 1.000000000000000000 ) ) ;
#10035 = DIRECTION ( 'NONE',  ( 0.000000000000000000, -0.000000000000000000, 1.000000000000000000 ) ) ;
#10036 = ORIENTED_EDGE ( 'NONE', *, *, #6364, .T. ) ;
#10037 = PLANE ( 'NONE',  #4764 ) ;
#10038 = DIRECTION ( 'NONE',  ( 0.000000000000000000, -1.000000000000000000, 0.000000000000000000 ) ) ;
#10039 = CARTESIAN_POINT ( 'NONE',  ( -1.999999999999999112, 0.2030000000000000138, -0.6249999999999998890 ) ) ;
#10040 = VECTOR ( 'NONE', #6698, 1000.000000000000000 ) ;
#10041 = EDGE_CURVE ( 'NONE', #4615, #3941, #7843, .T. ) ;
#10042 = DIRECTION ( 'NONE',  ( 1.000000000000000000, 0.000000000000000000, -0.000000000000000000 ) ) ;
#10043 = EDGE_LOOP ( 'NONE', ( #1099, #4262, #3088, #3067, #994, #4166, #689, #746 ) ) ;
#10044 = ORIENTED_EDGE ( 'NONE', *, *, #10164, .F. ) ;
#10045 = FACE_OUTER_BOUND ( 'NONE', #9578, .T. ) ;
#10046 = VECTOR ( 'NONE', #9446, 1000.000000000000000 ) ;
#10047 = EDGE_CURVE ( 'NONE', #4740, #839, #4403, .T. ) ;
#10048 = CARTESIAN_POINT ( 'NONE',  ( 0.000000000000000000, 0.000000000000000000, 0.000000000000000000 ) ) ;
#10049 = ORIENTED_EDGE ( 'NONE', *, *, #2205, .F. ) ;
#10050 = ADVANCED_FACE ( 'NONE', ( #4336 ), #1602, .F. ) ;
#10051 = VECTOR ( 'NONE', #6346, 1000.000000000000000 ) ;
#10052 = ORIENTED_EDGE ( 'NONE', *, *, #2886, .F. ) ;
#10053 = DIRECTION ( 'NONE',  ( 0.000000000000000000, 0.000000000000000000, -1.000000000000000000 ) ) ;
#10054 = LINE ( 'NONE', #8550, #6350 ) ;
#10055 = CARTESIAN_POINT ( 'NONE',  ( -1.374999999999999556, 0.000000000000000000, 1.600000000000001421 ) ) ;
#10056 = VERTEX_POINT ( 'NONE', #5621 ) ;
#10057 = CARTESIAN_POINT ( 'NONE',  ( -1.499999999999999112, 0.8000000000000000444, -1.333333333333333925 ) ) ;
#10058 = FACE_OUTER_BOUND ( 'NONE', #7459, .T. ) ;
#10059 = SURFACE_SIDE_STYLE ('',( #6492 ) ) ;
#10060 = VERTEX_POINT ( 'NONE', #9800 ) ;
#10061 = CARTESIAN_POINT ( 'NONE',  ( -1.499999999999999112, 0.6999999999999999556, -1.500000000000000666 ) ) ;
#10062 = ORIENTED_EDGE ( 'NONE', *, *, #4984, .F. ) ;
#10063 = LINE ( 'NONE', #1688, #6542 ) ;
#10064 = CARTESIAN_POINT ( 'NONE',  ( -1.149999999999999689, 0.2030000000000000693, 1.249999999999999778 ) ) ;
#10065 = CARTESIAN_POINT ( 'NONE',  ( -1.149999999999999911, 0.2030000000000000693, 1.249999999999999778 ) ) ;
#10066 = AXIS2_PLACEMENT_3D ( 'NONE', #1939, #2076, #2834 ) ;
#10067 = VECTOR ( 'NONE', #2054, 1000.000000000000000 ) ;
#10068 = ORIENTED_EDGE ( 'NONE', *, *, #6234, .T. ) ;
#10069 = EDGE_CURVE ( 'NONE', #8846, #3714, #7749, .T. ) ;
#10070 = LINE ( 'NONE', #334, #3001 ) ;
#10071 = EDGE_LOOP ( 'NONE', ( #7681, #9847, #3428, #525 ) ) ;
#10072 = VECTOR ( 'NONE', #3033, 1000.000000000000000 ) ;
#10073 = DIRECTION ( 'NONE',  ( 1.000000000000000000, 0.000000000000000000, 0.000000000000000000 ) ) ;
#10074 = ORIENTED_EDGE ( 'NONE', *, *, #6066, .T. ) ;
#10075 = ADVANCED_FACE ( 'NONE', ( #7892 ), #6240, .F. ) ;
#10076 = LINE ( 'NONE', #2620, #8993 ) ;
#10077 = DIRECTION ( 'NONE',  ( 1.000000000000000000, 0.000000000000000000, 0.000000000000000000 ) ) ;
#10078 = ORIENTED_EDGE ( 'NONE', *, *, #4326, .T. ) ;
#10079 = DIRECTION ( 'NONE',  ( 0.000000000000000000, 1.000000000000000000, 0.000000000000000000 ) ) ;
#10080 = CARTESIAN_POINT ( 'NONE',  ( -1.499999999999999112, 0.8000000000000000444, -1.500000000000000666 ) ) ;
#10081 = ORIENTED_EDGE ( 'NONE', *, *, #6844, .T. ) ;
#10082 = VECTOR ( 'NONE', #7873, 1000.000000000000000 ) ;
#10083 = VECTOR ( 'NONE', #5639, 1000.000000000000000 ) ;
#10084 = DIRECTION ( 'NONE',  ( -0.000000000000000000, -0.000000000000000000, -1.000000000000000000 ) ) ;
#10085 = MECHANICAL_DESIGN_GEOMETRIC_PRESENTATION_REPRESENTATION (  '', ( #3857 ), #9306 ) ;
#10086 = ORIENTED_EDGE ( 'NONE', *, *, #4537, .T. ) ;
#10087 = DIRECTION ( 'NONE',  ( 1.000000000000000000, 0.000000000000000000, 5.421010862427524142E-16 ) ) ;
#10088 = STYLED_ITEM ( 'NONE', ( #8575 ), #8160 ) ;
#10089 = ORIENTED_EDGE ( 'NONE', *, *, #4793, .F. ) ;
#10090 = DIRECTION ( 'NONE',  ( 3.614007241618349757E-16, 1.000000000000000000, -0.000000000000000000 ) ) ;
#10091 = EDGE_CURVE ( 'NONE', #2371, #543, #4285, .T. ) ;
#10092 = VECTOR ( 'NONE', #7805, 1000.000000000000000 ) ;
#10093 = CARTESIAN_POINT ( 'NONE',  ( 1.599999999999998979, 0.2030000000000000138, 0.8750000000000001110 ) ) ;
#10094 = VERTEX_POINT ( 'NONE', #7203 ) ;
#10095 = LINE ( 'NONE', #1978, #2881 ) ;
#10096 = ORIENTED_EDGE ( 'NONE', *, *, #5550, .F. ) ;
#10097 = PLANE ( 'NONE',  #2523 ) ;
#10098 = ORIENTED_EDGE ( 'NONE', *, *, #9131, .F. ) ;
#10099 = LINE ( 'NONE', #4057, #6577 ) ;
#10100 = ADVANCED_FACE ( 'NONE', ( #7559 ), #3292, .F. ) ;
#10101 = FACE_OUTER_BOUND ( 'NONE', #9937, .T. ) ;
#10102 = CARTESIAN_POINT ( 'NONE',  ( -0.1249999999999998890, 0.2030000000000000138, -1.600000000000000977 ) ) ;
#10103 = ORIENTED_EDGE ( 'NONE', *, *, #3701, .F. ) ;
#10104 = DIRECTION ( 'NONE',  ( 0.000000000000000000, 0.000000000000000000, 1.000000000000000000 ) ) ;
#10105 = PRESENTATION_STYLE_ASSIGNMENT (( #9021 ) ) ;
#10106 = STYLED_ITEM ( 'NONE', ( #3755 ), #522 ) ;
#10107 = ORIENTED_EDGE ( 'NONE', *, *, #1051, .T. ) ;
#10108 = CARTESIAN_POINT ( 'NONE',  ( -1.599999999999998979, 0.2030000000000000138, -0.1249999999999998890 ) ) ;
#10109 = VECTOR ( 'NONE', #8735, 1000.000000000000000 ) ;
#10110 = CARTESIAN_POINT ( 'NONE',  ( -0.1249999999999994588, 0.000000000000000000, 2.000000000000000888 ) ) ;
#10111 = EDGE_CURVE ( 'NONE', #2865, #467, #589, .T. ) ;
#10112 = CARTESIAN_POINT ( 'NONE',  ( 1.375000000000000666, 0.2030000000000000138, 2.000000000000000888 ) ) ;
#10113 = CARTESIAN_POINT ( 'NONE',  ( -1.599999999999998979, 0.6746990566028303604, 0.8750000000000001110 ) ) ;
#10114 = CARTESIAN_POINT ( 'NONE',  ( 0.000000000000000000, 0.05000000000000000278, -1.600000000000000977 ) ) ;
#10115 = LINE ( 'NONE', #9367, #2914 ) ;
#10116 =( NAMED_UNIT ( * ) PLANE_ANGLE_UNIT ( ) SI_UNIT ( $, .RADIAN. ) );
#10117 = ORIENTED_EDGE ( 'NONE', *, *, #6178, .F. ) ;
#10118 = EDGE_LOOP ( 'NONE', ( #3694, #5335, #6027, #7145 ) ) ;
#10119 = LINE ( 'NONE', #15, #3108 ) ;
#10120 = CARTESIAN_POINT ( 'NONE',  ( 1.149999999999999911, 0.05000000000000000278, 1.250000000000000222 ) ) ;
#10121 = ORIENTED_EDGE ( 'NONE', *, *, #726, .T. ) ;
#10122 = DIRECTION ( 'NONE',  ( -1.000000000000000000, 0.000000000000000000, 8.673617379884037444E-16 ) ) ;
#10123 = VERTEX_POINT ( 'NONE', #3084 ) ;
#10124 = CARTESIAN_POINT ( 'NONE',  ( 1.125000000000000222, 0.05000000000000000278, 0.000000000000000000 ) ) ;
#10125 = LINE ( 'NONE', #5693, #9906 ) ;
#10126 = EDGE_CURVE ( 'NONE', #6762, #9528, #4515, .T. ) ;
#10127 = CARTESIAN_POINT ( 'NONE',  ( 0.000000000000000000, 0.2030000000000000138, 0.000000000000000000 ) ) ;
#10128 = DIRECTION ( 'NONE',  ( 0.000000000000000000, 1.000000000000000000, 0.000000000000000000 ) ) ;
#10129 = AXIS2_PLACEMENT_3D ( 'NONE', #7743, #8561, #8500 ) ;
#10130 = CARTESIAN_POINT ( 'NONE',  ( -1.999999999999999112, 0.05000000000000000278, 1.999999999999999556 ) ) ;
#10131 = LINE ( 'NONE', #505, #10021 ) ;
#10132 = CARTESIAN_POINT ( 'NONE',  ( -0.3749999999999994449, 0.6746990566028302494, 1.600000000000001421 ) ) ;
#10133 = EDGE_CURVE ( 'NONE', #5199, #10231, #8037, .T. ) ;
#10134 = VERTEX_POINT ( 'NONE', #785 ) ;
#10135 = CARTESIAN_POINT ( 'NONE',  ( -1.124999999999999556, 0.6746990566028302494, 2.000000000000000888 ) ) ;
#10136 = MANIFOLD_SOLID_BREP ( 'LPattern3[2]', #703 ) ;
#10137 = ORIENTED_EDGE ( 'NONE', *, *, #8663, .T. ) ;
#10138 = LINE ( 'NONE', #10299, #6413 ) ;
#10139 = DIRECTION ( 'NONE',  ( 1.000000000000000000, -0.000000000000000000, 8.673617379884037444E-16 ) ) ;
#10140 = CARTESIAN_POINT ( 'NONE',  ( 0.000000000000000000, 0.05000000000000000278, 0.3750000000000001110 ) ) ;
#10141 = CARTESIAN_POINT ( 'NONE',  ( -1.599999999999998979, 0.000000000000000000, -1.125000000000000000 ) ) ;
#10142 = LINE ( 'NONE', #3756, #2998 ) ;
#10143 = ORIENTED_EDGE ( 'NONE', *, *, #5365, .T. ) ;
#10144 = ADVANCED_FACE ( 'NONE', ( #8057 ), #8919, .T. ) ;
#10145 = ORIENTED_EDGE ( 'NONE', *, *, #8631, .T. ) ;
#10146 = LINE ( 'NONE', #3310, #3134 ) ;
#10147 = CARTESIAN_POINT ( 'NONE',  ( -0.3749999999999998890, 0.05000000000000000278, 0.000000000000000000 ) ) ;
#10148 = CARTESIAN_POINT ( 'NONE',  ( 1.599999999999998979, 0.6746990566028303604, 0.8750000000000001110 ) ) ;
#10149 = EDGE_CURVE ( 'NONE', #2217, #5889, #4547, .T. ) ;
#10150 = LINE ( 'NONE', #5579, #6321 ) ;
#10151 = VERTEX_POINT ( 'NONE', #1471 ) ;
#10152 = DIRECTION ( 'NONE',  ( 1.000000000000000000, 0.000000000000000000, -0.000000000000000000 ) ) ;
#10153 = EDGE_CURVE ( 'NONE', #5238, #205, #1084, .T. ) ;
#10154 = DIRECTION ( 'NONE',  ( 0.000000000000000000, -0.000000000000000000, -1.000000000000000000 ) ) ;
#10155 = ORIENTED_EDGE ( 'NONE', *, *, #5833, .T. ) ;
#10156 = FACE_OUTER_BOUND ( 'NONE', #3153, .T. ) ;
#10157 = EDGE_CURVE ( 'NONE', #7717, #8516, #1242, .T. ) ;
#10158 = VECTOR ( 'NONE', #4277, 1000.000000000000000 ) ;
#10159 = DIRECTION ( 'NONE',  ( 0.000000000000000000, -1.000000000000000000, 0.000000000000000000 ) ) ;
#10160 = ORIENTED_EDGE ( 'NONE', *, *, #8930, .F. ) ;
#10161 = DIRECTION ( 'NONE',  ( 0.000000000000000000, -1.000000000000000000, 0.000000000000000000 ) ) ;
#10162 =( LENGTH_UNIT ( ) NAMED_UNIT ( * ) SI_UNIT ( .MILLI., .METRE. ) );
#10163 = LINE ( 'NONE', #1706, #6437 ) ;
#10164 = EDGE_CURVE ( 'NONE', #6823, #9100, #1016, .T. ) ;
#10165 = ORIENTED_EDGE ( 'NONE', *, *, #6293, .F. ) ;
#10166 = DIRECTION ( 'NONE',  ( 0.000000000000000000, -1.000000000000000000, 0.000000000000000000 ) ) ;
#10167 = LINE ( 'NONE', #5130, #3185 ) ;
#10168 = DIRECTION ( 'NONE',  ( 0.000000000000000000, -1.000000000000000000, 0.000000000000000000 ) ) ;
#10169 = EDGE_CURVE ( 'NONE', #1871, #1861, #4665, .T. ) ;
#10170 = AXIS2_PLACEMENT_3D ( 'NONE', #9948, #7437, #3559 ) ;
#10171 = ADVANCED_FACE ( 'NONE', ( #8256 ), #1194, .F. ) ;
#10172 = VECTOR ( 'NONE', #631, 1000.000000000000000 ) ;
#10173 = ORIENTED_EDGE ( 'NONE', *, *, #1193, .F. ) ;
#10174 = CARTESIAN_POINT ( 'NONE',  ( -1.599999999999998979, 0.000000000000000000, -0.1249999999999998890 ) ) ;
#10175 = VERTEX_POINT ( 'NONE', #4522 ) ;
#10176 = LINE ( 'NONE', #7447, #3120 ) ;
#10177 = EDGE_CURVE ( 'NONE', #6855, #3649, #1067, .T. ) ;
#10178 = DIRECTION ( 'NONE',  ( 0.000000000000000000, -0.000000000000000000, 1.000000000000000000 ) ) ;
#10179 = DIRECTION ( 'NONE',  ( -1.000000000000000000, 0.000000000000000000, 3.491481338843133355E-15 ) ) ;
#10180 = ORIENTED_EDGE ( 'NONE', *, *, #1417, .F. ) ;
#10181 = EDGE_CURVE ( 'NONE', #4644, #6736, #1267, .T. ) ;
#10182 = FACE_OUTER_BOUND ( 'NONE', #5794, .T. ) ;
#10183 = ORIENTED_EDGE ( 'NONE', *, *, #4959, .T. ) ;
#10184 = CARTESIAN_POINT ( 'NONE',  ( -1.599999999999999201, 0.2030000000000000970, -0.3749999999999998890 ) ) ;
#10185 = FACE_OUTER_BOUND ( 'NONE', #4527, .T. ) ;
#10186 = DIRECTION ( 'NONE',  ( 1.000000000000000000, 0.000000000000000000, -0.000000000000000000 ) ) ;
#10187 = CARTESIAN_POINT ( 'NONE',  ( -1.599999999999998535, 0.05000000000000000278, 1.387778780781444887E-15 ) ) ;
#10188 = CARTESIAN_POINT ( 'NONE',  ( 0.000000000000000000, 0.2030000000000000138, 0.000000000000000000 ) ) ;
#10189 = CARTESIAN_POINT ( 'NONE',  ( -1.099999999999996980, -0.000000000000000000, -1.100000000000002531 ) ) ;
#10190 = CARTESIAN_POINT ( 'NONE',  ( -1.124999999999999556, 0.2030000000000000138, 2.000000000000000888 ) ) ;
#10191 = PLANE ( 'NONE',  #5027 ) ;
#10192 = VECTOR ( 'NONE', #8276, 1000.000000000000000 ) ;
#10193 = EDGE_CURVE ( 'NONE', #2312, #4545, #1049, .T. ) ;
#10194 = DIRECTION ( 'NONE',  ( 1.000000000000000000, 0.000000000000000000, 0.000000000000000000 ) ) ;
#10195 = EDGE_LOOP ( 'NONE', ( #7253, #794, #3601, #4137 ) ) ;
#10196 = ORIENTED_EDGE ( 'NONE', *, *, #2046, .T. ) ;
#10197 = LINE ( 'NONE', #1873, #3179 ) ;
#10198 = ADVANCED_FACE ( 'NONE', ( #8239 ), #4376, .F. ) ;
#10199 = LINE ( 'NONE', #6398, #2856 ) ;
#10200 = DIRECTION ( 'NONE',  ( -1.000000000000000000, 0.000000000000000000, 0.000000000000000000 ) ) ;
#10201 = ORIENTED_EDGE ( 'NONE', *, *, #4357, .T. ) ;
#10202 = LINE ( 'NONE', #1038, #6548 ) ;
#10203 = DIRECTION ( 'NONE',  ( 0.000000000000000000, 0.000000000000000000, -1.000000000000000000 ) ) ;
#10204 = ORIENTED_EDGE ( 'NONE', *, *, #8223, .F. ) ;
#10205 = DIRECTION ( 'NONE',  ( -1.000000000000000000, 0.000000000000000000, 3.491481338843133355E-15 ) ) ;
#10206 = VECTOR ( 'NONE', #4565, 1000.000000000000000 ) ;
#10207 = DIRECTION ( 'NONE',  ( -0.000000000000000000, 1.000000000000000000, -0.000000000000000000 ) ) ;
#10208 = DIRECTION ( 'NONE',  ( 1.000000000000000000, 0.000000000000000000, -1.047444401652940007E-14 ) ) ;
#10209 = STYLED_ITEM ( 'NONE', ( #3993 ), #2927 ) ;
#10210 = VECTOR ( 'NONE', #3280, 1000.000000000000000 ) ;
#10211 = EDGE_LOOP ( 'NONE', ( #306, #2690, #5468, #5637 ) ) ;
#10212 = EDGE_CURVE ( 'NONE', #7295, #1134, #4567, .T. ) ;
#10213 = CARTESIAN_POINT ( 'NONE',  ( 0.000000000000000000, 0.2030000000000000138, 0.000000000000000000 ) ) ;
#10214 = ORIENTED_EDGE ( 'NONE', *, *, #10164, .T. ) ;
#10215 = VECTOR ( 'NONE', #518, 1000.000000000000000 ) ;
#10216 = DIRECTION ( 'NONE',  ( 1.000000000000000000, 0.000000000000000000, 0.000000000000000000 ) ) ;
#10217 = DIRECTION ( 'NONE',  ( 0.000000000000000000, 0.000000000000000000, 1.000000000000000000 ) ) ;
#10218 = CARTESIAN_POINT ( 'NONE',  ( -0.8749999999999994449, 0.6746990566028302494, 2.000000000000000888 ) ) ;
#10219 = DIRECTION ( 'NONE',  ( 0.000000000000000000, 0.000000000000000000, -1.000000000000000000 ) ) ;
#10220 = FACE_OUTER_BOUND ( 'NONE', #4187, .T. ) ;
#10221 = EDGE_LOOP ( 'NONE', ( #7700, #6214, #3628, #2358 ) ) ;
#10222 = ORIENTED_EDGE ( 'NONE', *, *, #302, .T. ) ;
#10223 = LINE ( 'NONE', #9338, #10475 ) ;
#10224 = MANIFOLD_SOLID_BREP ( 'LPattern3[5]', #1493 ) ;
#10225 = DIRECTION ( 'NONE',  ( -0.000000000000000000, 0.000000000000000000, -1.000000000000000000 ) ) ;
#10226 = AXIS2_PLACEMENT_3D ( 'NONE', #6257, #5370, #519 ) ;
#10227 = CARTESIAN_POINT ( 'NONE',  ( 1.599999999999998979, 0.000000000000000000, 1.375000000000000222 ) ) ;
#10228 = VECTOR ( 'NONE', #2805, 1000.000000000000000 ) ;
#10229 = AXIS2_PLACEMENT_3D ( 'NONE', #7343, #8275, #9040 ) ;
#10230 = DIRECTION ( 'NONE',  ( -0.000000000000000000, -1.000000000000000000, -0.000000000000000000 ) ) ;
#10231 = VERTEX_POINT ( 'NONE', #5415 ) ;
#10232 = CARTESIAN_POINT ( 'NONE',  ( -1.999999999999999112, 0.2030000000000000138, -0.3749999999999996669 ) ) ;
#10233 = EDGE_LOOP ( 'NONE', ( #1597, #5077, #8474, #8346, #1988, #1152, #1697, #8032, #1239, #5174, #1769, #1717, #8074, #1121, #5664, #5139, #6841, #6804, #3573, #5598, #9066, #3258, #5718, #9033, #269, #7238, #5561, #9317 ) ) ;
#10234 = EDGE_CURVE ( 'NONE', #8351, #3404, #8164, .T. ) ;
#10235 = AXIS2_PLACEMENT_3D ( 'NONE', #5764, #3562, #7294 ) ;
#10236 = LINE ( 'NONE', #8547, #6489 ) ;
#10237 = CARTESIAN_POINT ( 'NONE',  ( -1.499999999999999112, 0.8000000000000000444, -1.666666666666667407 ) ) ;
#10238 = ORIENTED_EDGE ( 'NONE', *, *, #1083, .T. ) ;
#10239 = ADVANCED_FACE ( 'NONE', ( #4439 ), #3156, .T. ) ;
#10240 = LINE ( 'NONE', #4788, #10451 ) ;
#10241 = ORIENTED_EDGE ( 'NONE', *, *, #1547, .T. ) ;
#10242 = DIRECTION ( 'NONE',  ( 0.000000000000000000, 0.000000000000000000, 1.000000000000000000 ) ) ;
#10243 = FACE_OUTER_BOUND ( 'NONE', #2508, .T. ) ;
#10244 = ORIENTED_EDGE ( 'NONE', *, *, #2222, .T. ) ;
#10245 = CARTESIAN_POINT ( 'NONE',  ( -1.999999999999999112, 0.8000000000000020428, 1.999999999999999556 ) ) ;
#10246 = ORIENTED_EDGE ( 'NONE', *, *, #8754, .T. ) ;
#10247 = AXIS2_PLACEMENT_3D ( 'NONE', #6161, #1591, #2853 ) ;
#10248 = CARTESIAN_POINT ( 'NONE',  ( 1.250000000000000000, 0.2030000000000000693, -1.149999999999999689 ) ) ;
#10249 = EDGE_CURVE ( 'NONE', #4932, #8309, #1140, .T. ) ;
#10250 = ORIENTED_EDGE ( 'NONE', *, *, #10335, .F. ) ;
#10251 = FACE_OUTER_BOUND ( 'NONE', #1069, .T. ) ;
#10252 = ORIENTED_EDGE ( 'NONE', *, *, #7859, .F. ) ;
#10253 = PLANE ( 'NONE',  #5948 ) ;
#10254 = VECTOR ( 'NONE', #10194, 1000.000000000000000 ) ;
#10255 = DIRECTION ( 'NONE',  ( 0.000000000000000000, 1.000000000000000000, 0.000000000000000000 ) ) ;
#10256 = ADVANCED_FACE ( 'NONE', ( #7954 ), #10550, .T. ) ;
#10257 = CARTESIAN_POINT ( 'NONE',  ( -1.899999999999982592, 0.1230000000000000954, 1.600000000000018963 ) ) ;
#10258 = DIRECTION ( 'NONE',  ( 0.000000000000000000, 1.000000000000000000, 0.000000000000000000 ) ) ;
#10259 = DIRECTION ( 'NONE',  ( -8.673617379884037444E-16, 0.000000000000000000, 1.000000000000000000 ) ) ;
#10260 = FACE_OUTER_BOUND ( 'NONE', #7775, .T. ) ;
#10261 = CARTESIAN_POINT ( 'NONE',  ( -0.8749999999999994449, 0.2030000000000000138, 2.000000000000000888 ) ) ;
#10262 = EDGE_LOOP ( 'NONE', ( #6363, #6277, #10536, #10448 ) ) ;
#10263 = EDGE_LOOP ( 'NONE', ( #9094, #3133, #9363, #6603 ) ) ;
#10264 = EDGE_CURVE ( 'NONE', #7349, #1845, #926, .T. ) ;
#10265 = VECTOR ( 'NONE', #5771, 1000.000000000000000 ) ;
#10266 = DIRECTION ( 'NONE',  ( -1.000000000000000000, 0.000000000000000000, 0.000000000000000000 ) ) ;
#10267 = ORIENTED_EDGE ( 'NONE', *, *, #1083, .F. ) ;
#10268 = EDGE_CURVE ( 'NONE', #4810, #3649, #1424, .T. ) ;
#10269 = LINE ( 'NONE', #2857, #6974 ) ;
#10270 = CARTESIAN_POINT ( 'NONE',  ( -1.374999999999999556, 0.2030000000000000138, 2.000000000000000888 ) ) ;
#10271 = ORIENTED_EDGE ( 'NONE', *, *, #9092, .F. ) ;
#10272 = SURFACE_STYLE_USAGE ( .BOTH. , #558 ) ;
#10273 = VECTOR ( 'NONE', #4910, 1000.000000000000000 ) ;
#10274 = DIRECTION ( 'NONE',  ( 0.000000000000000000, -1.000000000000000000, 0.000000000000000000 ) ) ;
#10275 = CARTESIAN_POINT ( 'NONE',  ( 1.599999999999998979, 0.6746990566028303604, -0.1249999999999998890 ) ) ;
#10276 = DIRECTION ( 'NONE',  ( -1.000000000000000000, 0.000000000000000000, 0.000000000000000000 ) ) ;
#10277 = LINE ( 'NONE', #4920, #3387 ) ;
#10278 = EDGE_LOOP ( 'NONE', ( #1151, #763, #7811, #5467 ) ) ;
#10279 = FILL_AREA_STYLE_COLOUR ( '', #6125 ) ;
#10280 = ORIENTED_EDGE ( 'NONE', *, *, #3897, .T. ) ;
#10281 = ADVANCED_FACE ( 'NONE', ( #4782 ), #4928, .F. ) ;
#10282 = CARTESIAN_POINT ( 'NONE',  ( 0.000000000000000000, 0.2030000000000000138, 0.000000000000000000 ) ) ;
#10283 = DIRECTION ( 'NONE',  ( -0.000000000000000000, -1.000000000000000000, -0.000000000000000000 ) ) ;
#10284 = PLANE ( 'NONE',  #9059 ) ;
#10285 = CARTESIAN_POINT ( 'NONE',  ( -0.8749999999999998890, 0.2030000000000000138, -1.600000000000000977 ) ) ;
#10286 = ORIENTED_EDGE ( 'NONE', *, *, #2941, .F. ) ;
#10287 = LINE ( 'NONE', #8442, #6939 ) ;
#10288 = ORIENTED_EDGE ( 'NONE', *, *, #2348, .T. ) ;
#10289 = EDGE_CURVE ( 'NONE', #1614, #6336, #1542, .T. ) ;
#10290 = DIRECTION ( 'NONE',  ( -1.000000000000000000, -1.807003620809174632E-16, 0.000000000000000000 ) ) ;
#10291 = VECTOR ( 'NONE', #5206, 1000.000000000000000 ) ;
#10292 = EDGE_CURVE ( 'NONE', #4278, #5252, #8554, .T. ) ;
#10293 = CARTESIAN_POINT ( 'NONE',  ( 0.000000000000000000, 0.2030000000000000138, 0.000000000000000000 ) ) ;
#10294 = ORIENTED_EDGE ( 'NONE', *, *, #4922, .F. ) ;
#10295 = PLANE ( 'NONE',  #4868 ) ;
#10296 = EDGE_CURVE ( 'NONE', #7373, #2717, #8448, .T. ) ;
#10297 = ORIENTED_EDGE ( 'NONE', *, *, #3315, .T. ) ;
#10298 = EDGE_CURVE ( 'NONE', #2515, #4498, #8331, .T. ) ;
#10299 = CARTESIAN_POINT ( 'NONE',  ( 0.000000000000000000, 0.05000000000000000278, -1.600000000000000977 ) ) ;
#10300 = VERTEX_POINT ( 'NONE', #8070 ) ;
#10301 =( NAMED_UNIT ( * ) PLANE_ANGLE_UNIT ( ) SI_UNIT ( $, .RADIAN. ) );
#10302 = LINE ( 'NONE', #4432, #3285 ) ;
#10303 = VERTEX_POINT ( 'NONE', #4718 ) ;
#10304 = PRESENTATION_STYLE_ASSIGNMENT (( #473 ) ) ;
#10305 = PLANE ( 'NONE',  #7809 ) ;
#10306 = VECTOR ( 'NONE', #6989, 1000.000000000000000 ) ;
#10307 = ORIENTED_EDGE ( 'NONE', *, *, #9742, .F. ) ;
#10308 = ORIENTED_EDGE ( 'NONE', *, *, #4514, .T. ) ;
#10309 = STYLED_ITEM ( 'NONE', ( #9882 ), #4690 ) ;
#10310 = VECTOR ( 'NONE', #6445, 1000.000000000000000 ) ;
#10311 = DIRECTION ( 'NONE',  ( 0.000000000000000000, -1.000000000000000000, 0.000000000000000000 ) ) ;
#10312 = ORIENTED_EDGE ( 'NONE', *, *, #3630, .F. ) ;
#10313 = EDGE_CURVE ( 'NONE', #9852, #775, #1574, .T. ) ;
#10314 = DIRECTION ( 'NONE',  ( 1.000000000000000000, -0.000000000000000000, -0.000000000000000000 ) ) ;
#10315 = ADVANCED_FACE ( 'NONE', ( #8462 ), #10284, .F. ) ;
#10316 = COLOUR_RGB ( '',0.7921568627450980005, 0.8196078431372548767, 0.9333333333333333481 ) ;
#10317 = VERTEX_POINT ( 'NONE', #8717 ) ;
#10318 = VECTOR ( 'NONE', #9965, 1000.000000000000000 ) ;
#10319 = CARTESIAN_POINT ( 'NONE',  ( -1.999999999999999112, 0.000000000000000000, 0.8750000000000001110 ) ) ;
#10320 = CARTESIAN_POINT ( 'NONE',  ( 1.749999999999998890, 0.2030000000000000693, -1.999999999999999556 ) ) ;
#10321 = CARTESIAN_POINT ( 'NONE',  ( 1.899999999999993916, 0.2030000000000000970, -1.600000000000005640 ) ) ;
#10322 = CARTESIAN_POINT ( 'NONE',  ( 0.6250000000000005551, 0.000000000000000000, 1.600000000000001421 ) ) ;
#10323 = FACE_OUTER_BOUND ( 'NONE', #6537, .T. ) ;
#10324 = DIRECTION ( 'NONE',  ( -1.000000000000000000, 0.000000000000000000, 0.000000000000000000 ) ) ;
#10325 = VERTEX_POINT ( 'NONE', #4789 ) ;
#10326 = ORIENTED_EDGE ( 'NONE', *, *, #512, .T. ) ;
#10327 = VECTOR ( 'NONE', #8489, 1000.000000000000000 ) ;
#10328 = AXIS2_PLACEMENT_3D ( 'NONE', #7545, #9154, #9701 ) ;
#10329 = CARTESIAN_POINT ( 'NONE',  ( 1.899999999999993472, 0.2030000000000000693, -1.750000000000005773 ) ) ;
#10330 = UNCERTAINTY_MEASURE_WITH_UNIT (LENGTH_MEASURE( 1.000000000000000082E-05 ), #33, 'distance_accuracy_value', 'NONE');
#10331 = ORIENTED_EDGE ( 'NONE', *, *, #2587, .F. ) ;
#10332 = LINE ( 'NONE', #5320, #10368 ) ;
#10333 = ORIENTED_EDGE ( 'NONE', *, *, #5763, .T. ) ;
#10334 = CARTESIAN_POINT ( 'NONE',  ( -1.730000000000016191, 0.1230000000000000954, -1.599999999999980771 ) ) ;
#10335 = EDGE_CURVE ( 'NONE', #3914, #7979, #4802, .T. ) ;
#10336 = FACE_OUTER_BOUND ( 'NONE', #10506, .T. ) ;
#10337 = DIRECTION ( 'NONE',  ( -5.421010862427524142E-16, 0.000000000000000000, 1.000000000000000000 ) ) ;
#10338 = CARTESIAN_POINT ( 'NONE',  ( 0.8750000000000001110, 0.2030000000000000138, -1.600000000000000977 ) ) ;
#10339 = SURFACE_STYLE_USAGE ( .BOTH. , #9485 ) ;
#10340 = VECTOR ( 'NONE', #5036, 1000.000000000000000 ) ;
#10341 = VERTEX_POINT ( 'NONE', #6378 ) ;
#10342 = DIRECTION ( 'NONE',  ( -1.000000000000000000, 0.000000000000000000, 0.000000000000000000 ) ) ;
#10343 = ORIENTED_EDGE ( 'NONE', *, *, #5011, .F. ) ;
#10344 = CARTESIAN_POINT ( 'NONE',  ( 1.599999999999998979, 0.05000000000000023870, 0.3750000000000001110 ) ) ;
#10345 = DIRECTION ( 'NONE',  ( -1.000000000000000000, 0.000000000000000000, 3.491481338843133355E-15 ) ) ;
#10346 = CARTESIAN_POINT ( 'NONE',  ( -0.3749999999999994449, 0.000000000000000000, 1.600000000000001421 ) ) ;
#10347 = CARTESIAN_POINT ( 'NONE',  ( -1.999999999999999112, 0.05000000000000000278, 1.999999999999999556 ) ) ;
#10348 = CARTESIAN_POINT ( 'NONE',  ( 0.000000000000000000, 0.2030000000000000138, 0.000000000000000000 ) ) ;
#10349 = CARTESIAN_POINT ( 'NONE',  ( -1.599999999999998979, 0.05000000000000023870, -1.125000000000000000 ) ) ;
#10350 = DIRECTION ( 'NONE',  ( -8.673617379884037444E-16, 0.000000000000000000, -1.000000000000000000 ) ) ;
#10351 = VECTOR ( 'NONE', #6898, 1000.000000000000000 ) ;
#10352 = ORIENTED_EDGE ( 'NONE', *, *, #5434, .F. ) ;
#10353 = PRESENTATION_LAYER_ASSIGNMENT (  '', '', ( #2728 ) ) ;
#10354 = ORIENTED_EDGE ( 'NONE', *, *, #1628, .F. ) ;
#10355 = LINE ( 'NONE', #6761, #10382 ) ;
#10356 = DIRECTION ( 'NONE',  ( -0.000000000000000000, -0.000000000000000000, -1.000000000000000000 ) ) ;
#10357 = EDGE_CURVE ( 'NONE', #2490, #5018, #8478, .T. ) ;
#10358 = VECTOR ( 'NONE', #914, 1000.000000000000000 ) ;
#10359 = EDGE_LOOP ( 'NONE', ( #2790, #2614, #8829, #5387 ) ) ;
#10360 = CARTESIAN_POINT ( 'NONE',  ( 0.000000000000000000, 0.000000000000000000, -1.899999999999999467 ) ) ;
#10361 = DIRECTION ( 'NONE',  ( -1.000000000000000000, 0.000000000000000000, 0.000000000000000000 ) ) ;
#10362 = EDGE_LOOP ( 'NONE', ( #9901, #6564, #6510, #8931 ) ) ;
#10363 = LINE ( 'NONE', #8381, #3579 ) ;
#10364 = DIRECTION ( 'NONE',  ( 0.000000000000000000, -0.000000000000000000, 1.000000000000000000 ) ) ;
#10365 = ORIENTED_EDGE ( 'NONE', *, *, #5636, .T. ) ;
#10366 =( NAMED_UNIT ( * ) SI_UNIT ( $, .STERADIAN. ) SOLID_ANGLE_UNIT ( ) );
#10367 =( NAMED_UNIT ( * ) SI_UNIT ( $, .STERADIAN. ) SOLID_ANGLE_UNIT ( ) );
#10368 = VECTOR ( 'NONE', #2763, 1000.000000000000000 ) ;
#10369 = VERTEX_POINT ( 'NONE', #8845 ) ;
#10370 = VECTOR ( 'NONE', #4282, 1000.000000000000000 ) ;
#10371 = EDGE_CURVE ( 'NONE', #3632, #238, #1321, .T. ) ;
#10372 = VECTOR ( 'NONE', #3143, 1000.000000000000000 ) ;
#10373 = EDGE_CURVE ( 'NONE', #1885, #930, #1436, .T. ) ;
#10374 = ORIENTED_EDGE ( 'NONE', *, *, #6343, .F. ) ;
#10375 = ORIENTED_EDGE ( 'NONE', *, *, #8395, .F. ) ;
#10376 = ADVANCED_FACE ( 'NONE', ( #4940 ), #4036, .T. ) ;
#10377 = CARTESIAN_POINT ( 'NONE',  ( 1.250000000000000000, 0.2030000000000000693, -1.249999999999999778 ) ) ;
#10378 = EDGE_LOOP ( 'NONE', ( #6994, #670, #6144, #9957 ) ) ;
#10379 = CARTESIAN_POINT ( 'NONE',  ( 1.599999999999998979, 0.2030000000000000138, -1.125000000000000000 ) ) ;
#10380 = VERTEX_POINT ( 'NONE', #8283 ) ;
#10381 = DIRECTION ( 'NONE',  ( -1.000000000000000000, 3.614007241618349757E-16, 0.000000000000000000 ) ) ;
#10382 = VECTOR ( 'NONE', #7758, 1000.000000000000000 ) ;
#10383 = CARTESIAN_POINT ( 'NONE',  ( 0.8750000000000005551, 0.2030000000000000138, 2.000000000000000888 ) ) ;
#10384 = CARTESIAN_POINT ( 'NONE',  ( 1.749999999999998890, 0.2030000000000000693, -1.899999999999999467 ) ) ;
#10385 = CARTESIAN_POINT ( 'NONE',  ( -1.999999999999999112, 0.2030000000000000138, 1.125000000000000444 ) ) ;
#10386 = EDGE_CURVE ( 'NONE', #5252, #1920, #5006, .T. ) ;
#10387 =( LENGTH_UNIT ( ) NAMED_UNIT ( * ) SI_UNIT ( .MILLI., .METRE. ) );
#10388 = DIRECTION ( 'NONE',  ( -0.000000000000000000, -1.000000000000000000, -0.000000000000000000 ) ) ;
#10389 = DIRECTION ( 'NONE',  ( -0.000000000000000000, -1.000000000000000000, -0.000000000000000000 ) ) ;
#10390 = FACE_OUTER_BOUND ( 'NONE', #4488, .T. ) ;
#10391 = CARTESIAN_POINT ( 'NONE',  ( 1.730000000000005089, 0.2030000000000000970, 1.599999999999992983 ) ) ;
#10392 = DIRECTION ( 'NONE',  ( 0.000000000000000000, 0.000000000000000000, -1.000000000000000000 ) ) ;
#10393 = VERTEX_POINT ( 'NONE', #5819 ) ;
#10394 = EDGE_CURVE ( 'NONE', #7453, #9837, #1453, .T. ) ;
#10395 = EDGE_LOOP ( 'NONE', ( #6111, #10534, #9681, #9660 ) ) ;
#10396 = LINE ( 'NONE', #10110, #7078 ) ;
#10397 = CARTESIAN_POINT ( 'NONE',  ( 1.599999999999998979, 0.6746990566028303604, 0.3750000000000001110 ) ) ;
#10398 = VERTEX_POINT ( 'NONE', #7501 ) ;
#10399 = ADVANCED_FACE ( 'NONE', ( #8528 ), #291, .F. ) ;
#10400 = VECTOR ( 'NONE', #9333, 1000.000000000000000 ) ;
#10401 =( NAMED_UNIT ( * ) PLANE_ANGLE_UNIT ( ) SI_UNIT ( $, .RADIAN. ) );
#10402 = VERTEX_POINT ( 'NONE', #5687 ) ;
#10403 = FACE_OUTER_BOUND ( 'NONE', #10211, .T. ) ;
#10404 = DIRECTION ( 'NONE',  ( 1.000000000000000000, -0.000000000000000000, -0.000000000000000000 ) ) ;
#10405 = PLANE ( 'NONE',  #8781 ) ;
#10406 = ADVANCED_FACE ( 'NONE', ( #5103 ), #7576, .T. ) ;
#10407 = CARTESIAN_POINT ( 'NONE',  ( 2.000000000000000888, 0.05000000000000000278, 1.999999999999999112 ) ) ;
#10408 = VECTOR ( 'NONE', #7059, 1000.000000000000000 ) ;
#10409 = ORIENTED_EDGE ( 'NONE', *, *, #5494, .F. ) ;
#10410 = DIRECTION ( 'NONE',  ( -1.000000000000000000, 0.000000000000000000, 5.421010862427524142E-16 ) ) ;
#10411 = ORIENTED_EDGE ( 'NONE', *, *, #517, .F. ) ;
#10412 = DIRECTION ( 'NONE',  ( 0.000000000000000000, -0.000000000000000000, -1.000000000000000000 ) ) ;
#10413 = CARTESIAN_POINT ( 'NONE',  ( 1.375000000000000222, 0.000000000000000000, -1.600000000000000977 ) ) ;
#10414 = DIRECTION ( 'NONE',  ( -1.000000000000000000, 0.000000000000000000, 0.000000000000000000 ) ) ;
#10415 = CARTESIAN_POINT ( 'NONE',  ( -1.599999999999999201, 0.6746990566028303604, -1.375000000000000000 ) ) ;
#10416 = EDGE_CURVE ( 'NONE', #7529, #7719, #4841, .T. ) ;
#10417 = CARTESIAN_POINT ( 'NONE',  ( -1.899999999999981259, 0.1230000000000000676, 1.750000000000018874 ) ) ;
#10418 = LINE ( 'NONE', #6827, #7007 ) ;
#10419 = ORIENTED_EDGE ( 'NONE', *, *, #9742, .T. ) ;
#10420 = EDGE_CURVE ( 'NONE', #949, #1614, #8350, .T. ) ;
#10421 = FACE_OUTER_BOUND ( 'NONE', #313, .T. ) ;
#10422 = ORIENTED_EDGE ( 'NONE', *, *, #8291, .F. ) ;
#10423 = AXIS2_PLACEMENT_3D ( 'NONE', #8406, #9850, #9920 ) ;
#10424 = SURFACE_STYLE_FILL_AREA ( #392 ) ;
#10425 =( LENGTH_UNIT ( ) NAMED_UNIT ( * ) SI_UNIT ( .MILLI., .METRE. ) );
#10426 = ADVANCED_FACE ( 'NONE', ( #8618 ), #9799, .F. ) ;
#10427 = FACE_BOUND ( 'NONE', #10043, .T. ) ;
#10428 = EDGE_CURVE ( 'NONE', #6757, #3657, #1372, .T. ) ;
#10429 = ORIENTED_EDGE ( 'NONE', *, *, #9111, .T. ) ;
#10430 = FILL_AREA_STYLE ('',( #6393 ) ) ;
#10431 = DIRECTION ( 'NONE',  ( -1.000000000000000000, -0.000000000000000000, -5.421010862427523156E-16 ) ) ;
#10432 = ORIENTED_EDGE ( 'NONE', *, *, #2141, .T. ) ;
#10433 = CARTESIAN_POINT ( 'NONE',  ( 0.000000000000000000, 0.05000000000000000278, -0.6249999999999998890 ) ) ;
#10434 = DIRECTION ( 'NONE',  ( -1.000000000000000000, 0.000000000000000000, -1.734723475976807587E-16 ) ) ;
#10435 = AXIS2_PLACEMENT_3D ( 'NONE', #5673, #8199, #8966 ) ;
#10436 = ORIENTED_EDGE ( 'NONE', *, *, #9787, .T. ) ;
#10437 = CARTESIAN_POINT ( 'NONE',  ( 0.000000000000000000, 0.2030000000000000138, 0.000000000000000000 ) ) ;
#10438 = ORIENTED_EDGE ( 'NONE', *, *, #4092, .F. ) ;
#10439 = DIRECTION ( 'NONE',  ( 0.000000000000000000, 0.000000000000000000, 1.000000000000000000 ) ) ;
#10440 = AXIS2_PLACEMENT_3D ( 'NONE', #759, #10527, #3123 ) ;
#10441 = LINE ( 'NONE', #8972, #6979 ) ;
#10442 = ORIENTED_EDGE ( 'NONE', *, *, #9876, .F. ) ;
#10443 = EDGE_CURVE ( 'NONE', #4193, #3599, #4912, .T. ) ;
#10444 = ORIENTED_EDGE ( 'NONE', *, *, #2657, .T. ) ;
#10445 = CARTESIAN_POINT ( 'NONE',  ( 0.8750000000000001110, 0.2030000000000000970, -2.000000000000000888 ) ) ;
#10446 = VECTOR ( 'NONE', #5251, 1000.000000000000000 ) ;
#10447 = DIRECTION ( 'NONE',  ( -1.261823884255441284E-30, 1.000000000000000000, -3.614007241618349757E-16 ) ) ;
#10448 = ORIENTED_EDGE ( 'NONE', *, *, #8536, .F. ) ;
#10449 = CARTESIAN_POINT ( 'NONE',  ( -1.599999999999999201, 0.6746990566028303604, -0.3749999999999998890 ) ) ;
#10450 = DIRECTION ( 'NONE',  ( -0.000000000000000000, -0.000000000000000000, -1.000000000000000000 ) ) ;
#10451 = VECTOR ( 'NONE', #2361, 1000.000000000000000 ) ;
#10452 = VERTEX_POINT ( 'NONE', #3618 ) ;
#10453 = DIRECTION ( 'NONE',  ( 0.000000000000000000, -1.000000000000000000, 0.000000000000000000 ) ) ;
#10454 = LINE ( 'NONE', #1021, #6978 ) ;
#10455 = DIRECTION ( 'NONE',  ( 0.000000000000000000, -1.000000000000000000, 0.000000000000000000 ) ) ;
#10456 = CARTESIAN_POINT ( 'NONE',  ( -1.374999999999999556, 0.6746990566028302494, 1.600000000000001421 ) ) ;
#10457 = DIRECTION ( 'NONE',  ( -8.673617379884037444E-16, 0.000000000000000000, -1.000000000000000000 ) ) ;
#10458 = PLANE ( 'NONE',  #7446 ) ;
#10459 = LINE ( 'NONE', #8768, #10408 ) ;
#10460 = DIRECTION ( 'NONE',  ( 1.000000000000000000, 3.614007241618349264E-16, 0.000000000000000000 ) ) ;
#10461 = AXIS2_PLACEMENT_3D ( 'NONE', #3202, #5599, #6431 ) ;
#10462 = EDGE_LOOP ( 'NONE', ( #9579, #4198, #680, #7598 ) ) ;
#10463 = UNCERTAINTY_MEASURE_WITH_UNIT (LENGTH_MEASURE( 1.000000000000000082E-05 ), #213, 'distance_accuracy_value', 'NONE');
#10464 = PLANE ( 'NONE',  #10461 ) ;
#10465 = ORIENTED_EDGE ( 'NONE', *, *, #4496, .T. ) ;
#10466 = EDGE_CURVE ( 'NONE', #1403, #5821, #1501, .T. ) ;
#10467 = ADVANCED_FACE ( 'NONE', ( #8385 ), #8359, .F. ) ;
#10468 = VECTOR ( 'NONE', #8753, 1000.000000000000000 ) ;
#10469 = AXIS2_PLACEMENT_3D ( 'NONE', #1406, #783, #6997 ) ;
#10470 = DIRECTION ( 'NONE',  ( 8.673617379884037444E-16, 0.000000000000000000, -1.000000000000000000 ) ) ;
#10471 = ORIENTED_EDGE ( 'NONE', *, *, #7084, .T. ) ;
#10472 = LINE ( 'NONE', #6449, #3 ) ;
#10473 = CARTESIAN_POINT ( 'NONE',  ( -1.599999999999999201, 0.2030000000000000970, -1.375000000000000000 ) ) ;
#10474 = EDGE_LOOP ( 'NONE', ( #10480, #2231, #2469, #7581 ) ) ;
#10475 = VECTOR ( 'NONE', #9405, 1000.000000000000000 ) ;
#10476 = DIRECTION ( 'NONE',  ( -0.000000000000000000, -1.000000000000000000, -0.000000000000000000 ) ) ;
#10477 = CARTESIAN_POINT ( 'NONE',  ( -1.749999999999998890, 0.1230000000000000676, -1.999999999999999556 ) ) ;
#10478 = DIRECTION ( 'NONE',  ( 3.491481338843133355E-15, -3.614007241618349264E-16, 1.000000000000000000 ) ) ;
#10479 = LINE ( 'NONE', #3406, #3295 ) ;
#10480 = ORIENTED_EDGE ( 'NONE', *, *, #2190, .F. ) ;
#10481 = DIRECTION ( 'NONE',  ( 3.491481338843133355E-15, 0.000000000000000000, 1.000000000000000000 ) ) ;
#10482 =( NAMED_UNIT ( * ) SI_UNIT ( $, .STERADIAN. ) SOLID_ANGLE_UNIT ( ) );
#10483 = ORIENTED_EDGE ( 'NONE', *, *, #6889, .T. ) ;
#10484 = PRESENTATION_LAYER_ASSIGNMENT (  '', '', ( #4283 ) ) ;
#10485 =( LENGTH_UNIT ( ) NAMED_UNIT ( * ) SI_UNIT ( .MILLI., .METRE. ) );
#10486 = DIRECTION ( 'NONE',  ( -0.000000000000000000, 0.000000000000000000, -1.000000000000000000 ) ) ;
#10487 = DIRECTION ( 'NONE',  ( -1.000000000000000000, 0.000000000000000000, 1.047444401652940007E-14 ) ) ;
#10488 = CARTESIAN_POINT ( 'NONE',  ( -0.1249999999999998890, 0.6746990566028302494, -2.000000000000000888 ) ) ;
#10489 = VECTOR ( 'NONE', #7751, 1000.000000000000000 ) ;
#10490 = EDGE_CURVE ( 'NONE', #6491, #1344, #1284, .T. ) ;
#10491 = ORIENTED_EDGE ( 'NONE', *, *, #6526, .T. ) ;
#10492 = LINE ( 'NONE', #1304, #3465 ) ;
#10493 = CLOSED_SHELL ( 'NONE', ( #7368, #6539, #1528, #6230, #4663, #9805 ) ) ;
#10494 = FACE_OUTER_BOUND ( 'NONE', #8739, .T. ) ;
#10495 = CARTESIAN_POINT ( 'NONE',  ( 1.149999999999999911, 3.738533905932738044, -1.249999999999999778 ) ) ;
#10496 = LINE ( 'NONE', #1590, #10340 ) ;
#10497 = ORIENTED_EDGE ( 'NONE', *, *, #3467, .F. ) ;
#10498 = DIRECTION ( 'NONE',  ( 1.000000000000000000, 0.000000000000000000, -3.491481338843133355E-15 ) ) ;
#10499 = ORIENTED_EDGE ( 'NONE', *, *, #1909, .F. ) ;
#10500 = CARTESIAN_POINT ( 'NONE',  ( 0.000000000000000000, 0.2030000000000000138, 0.000000000000000000 ) ) ;
#10501 = EDGE_CURVE ( 'NONE', #7946, #6348, #8590, .T. ) ;
#10502 = FACE_OUTER_BOUND ( 'NONE', #8141, .T. ) ;
#10503 = MECHANICAL_DESIGN_GEOMETRIC_PRESENTATION_REPRESENTATION (  '', ( #1010 ), #6160 ) ;
#10504 = CARTESIAN_POINT ( 'NONE',  ( 1.999999999999999112, 0.2030000000000000970, -0.6249999999999998890 ) ) ;
#10505 = CARTESIAN_POINT ( 'NONE',  ( -1.999999999999999112, 0.2030000000000000970, -1.125000000000000000 ) ) ;
#10506 = EDGE_LOOP ( 'NONE', ( #5622, #2175, #532, #5746 ) ) ;
#10507 = EDGE_CURVE ( 'NONE', #7494, #388, #4997, .T. ) ;
#10508 = VECTOR ( 'NONE', #9202, 1000.000000000000000 ) ;
#10509 = ORIENTED_EDGE ( 'NONE', *, *, #10149, .F. ) ;
#10510 = DIRECTION ( 'NONE',  ( -0.000000000000000000, 0.000000000000000000, 1.000000000000000000 ) ) ;
#10511 = VECTOR ( 'NONE', #3713, 1000.000000000000000 ) ;
#10512 = ADVANCED_FACE ( 'NONE', ( #1557 ), #1789, .F. ) ;
#10513 = VECTOR ( 'NONE', #3655, 1000.000000000000000 ) ;
#10514 = VERTEX_POINT ( 'NONE', #2585 ) ;
#10515 = EDGE_LOOP ( 'NONE', ( #7731, #5513, #2136, #3421 ) ) ;
#10516 = CARTESIAN_POINT ( 'NONE',  ( -1.599999999999998979, 0.6746990566028303604, -0.6249999999999998890 ) ) ;
#10517 = FACE_OUTER_BOUND ( 'NONE', #4073, .T. ) ;
#10518 = DIRECTION ( 'NONE',  ( -0.000000000000000000, -0.000000000000000000, 1.000000000000000000 ) ) ;
#10519 = EDGE_CURVE ( 'NONE', #4544, #8142, #8366, .T. ) ;
#10520 = ORIENTED_EDGE ( 'NONE', *, *, #6772, .T. ) ;
#10521 = CARTESIAN_POINT ( 'NONE',  ( -1.250000000000000000, 0.05000000000000100198, 1.149999999999999023 ) ) ;
#10522 = VECTOR ( 'NONE', #3637, 1000.000000000000000 ) ;
#10523 = CLOSED_SHELL ( 'NONE', ( #718, #646, #8591, #4598, #8353, #3277, #8973, #4790, #7617, #137 ) ) ;
#10524 = CARTESIAN_POINT ( 'NONE',  ( -1.599999999999999201, 0.2030000000000000138, -0.8749999999999998890 ) ) ;
#10525 = EDGE_CURVE ( 'NONE', #1413, #1079, #8399, .T. ) ;
#10526 = LINE ( 'NONE', #696, #3497 ) ;
#10527 = DIRECTION ( 'NONE',  ( 0.000000000000000000, 1.000000000000000000, 0.000000000000000000 ) ) ;
#10528 = DIRECTION ( 'NONE',  ( -0.000000000000000000, -1.000000000000000000, -0.000000000000000000 ) ) ;
#10529 = LINE ( 'NONE', #6440, #10358 ) ;
#10530 = EDGE_CURVE ( 'NONE', #1279, #8795, #1359, .T. ) ;
#10531 = PLANE ( 'NONE',  #7500 ) ;
#10532 = ORIENTED_EDGE ( 'NONE', *, *, #8985, .T. ) ;
#10533 = CARTESIAN_POINT ( 'NONE',  ( -1.599999999999998979, 0.6746990566028303604, -0.1249999999999998890 ) ) ;
#10534 = ORIENTED_EDGE ( 'NONE', *, *, #790, .F. ) ;
#10535 = LINE ( 'NONE', #1070, #3245 ) ;
#10536 = ORIENTED_EDGE ( 'NONE', *, *, #1699, .T. ) ;
#10537 = LINE ( 'NONE', #8913, #6873 ) ;
#10538 = DIRECTION ( 'NONE',  ( 0.000000000000000000, 0.000000000000000000, -1.000000000000000000 ) ) ;
#10539 = EDGE_LOOP ( 'NONE', ( #3401, #7655, #653, #8080 ) ) ;
#10540 = CYLINDRICAL_SURFACE ( 'NONE', #8885, 0.1666666666666667407 ) ;
#10541 = CARTESIAN_POINT ( 'NONE',  ( -1.599999999999999201, 0.2030000000000000138, 0.6250000000000001110 ) ) ;
#10542 = EDGE_CURVE ( 'NONE', #10303, #6681, #1490, .T. ) ;
#10543 = DIRECTION ( 'NONE',  ( -1.000000000000000000, 0.000000000000000000, -0.000000000000000000 ) ) ;
#10544 = VECTOR ( 'NONE', #8992, 1000.000000000000000 ) ;
#10545 = ORIENTED_EDGE ( 'NONE', *, *, #1435, .F. ) ;
#10546 = EDGE_CURVE ( 'NONE', #7618, #7722, #4877, .T. ) ;
#10547 = DIRECTION ( 'NONE',  ( -0.000000000000000000, -1.000000000000000000, -0.000000000000000000 ) ) ;
#10548 = ORIENTED_EDGE ( 'NONE', *, *, #3576, .T. ) ;
#10549 =( NAMED_UNIT ( * ) SI_UNIT ( $, .STERADIAN. ) SOLID_ANGLE_UNIT ( ) );
#10550 = PLANE ( 'NONE',  #4271 ) ;
#10551 = ADVANCED_FACE ( 'NONE', ( #1392 ), #5438, .T. ) ;
#10552 = DIRECTION ( 'NONE',  ( 0.000000000000000000, -1.000000000000000000, 0.000000000000000000 ) ) ;
ENDSEC;
END-ISO-10303-21;
