ISO-10303-21;
HEADER;
FILE_DESCRIPTION (( 'STEP AP214' ),
    '1' );
FILE_NAME ('10.50.550.225.STEP',
    '2024-09-23T13:40:30',
    ( 'LENOVO' ),
    ( '' ),
    'SwSTEP 2.0',
    'SolidWorks 2021',
    '' );
FILE_SCHEMA (( 'AUTOMOTIVE_DESIGN' ));
ENDSEC;

DATA;
#1 = CARTESIAN_POINT ( 'NONE',  ( 0.2750000000000006328, 0.07999999999999998779, -0.1700000000000002343 ) ) ;
#2 =( LENGTH_UNIT ( ) NAMED_UNIT ( * ) SI_UNIT ( .MILLI., .METRE. ) );
#3 = CARTESIAN_POINT ( 'NONE',  ( 0.4200000000000003730, 0.5500000000000000444, 0.1700000000000000122 ) ) ;
#4 = ADVANCED_FACE ( 'NONE', ( #1066 ), #1016, .F. ) ;
#5 = DIRECTION ( 'NONE',  ( -1.000000000000000000, 0.000000000000000000, 0.000000000000000000 ) ) ;
#6 = CARTESIAN_POINT ( 'NONE',  ( 0.5000000000000004441, 0.07999999999999998779, 0.1699999999999999845 ) ) ;
#7 = DIRECTION ( 'NONE',  ( 1.000000000000000000, 0.000000000000000000, 0.000000000000000000 ) ) ;
#8 = CARTESIAN_POINT ( 'NONE',  ( 500000.0000000000582, 0.5233333333333333171, -0.1700000000433683489 ) ) ;
#9 = STYLED_ITEM ( 'NONE', ( #1308 ), #1207 ) ;
#10 = MECHANICAL_DESIGN_GEOMETRIC_PRESENTATION_REPRESENTATION (  '', ( #516 ), #876 ) ;
#11 = DIRECTION ( 'NONE',  ( 1.000000000000000000, -0.000000000000000000, -2.168404344971007882E-16 ) ) ;
#12 = ADVANCED_FACE ( 'NONE', ( #1090 ), #107, .F. ) ;
#13 = AXIS2_PLACEMENT_3D ( 'NONE', #996, #459, #806 ) ;
#14 = CARTESIAN_POINT ( 'NONE',  ( -0.4200000000000003175, 0.000000000000000000, -1.821459649775648189E-16 ) ) ;
#15 = DIRECTION ( 'NONE',  ( 0.000000000000000000, 0.000000000000000000, 1.000000000000000000 ) ) ;
#16 = CARTESIAN_POINT ( 'NONE',  ( -0.2750000000000006328, 0.5500000000000000444, -0.2500000000000002220 ) ) ;
#17 = CARTESIAN_POINT ( 'NONE',  ( -0.4200000000000003730, 0.5500000000000000444, 0.2500000000000000000 ) ) ;
#18 = PRODUCT_DEFINITION_SHAPE ( 'NONE', 'NONE',  #960 ) ;
#19 = CARTESIAN_POINT ( 'NONE',  ( -0.2750000000000005218, 0.5500000000000000444, 0.2500000000000000000 ) ) ;
#20 = MECHANICAL_DESIGN_GEOMETRIC_PRESENTATION_REPRESENTATION (  '', ( #679 ), #1040 ) ;
#21 = DIRECTION ( 'NONE',  ( 6.776263578034403699E-16, 0.000000000000000000, -1.000000000000000000 ) ) ;
#22 = DIRECTION ( 'NONE',  ( 1.000000000000000000, -0.000000000000000000, -2.168404344971007882E-16 ) ) ;
#23 =( GEOMETRIC_REPRESENTATION_CONTEXT ( 3 ) GLOBAL_UNCERTAINTY_ASSIGNED_CONTEXT ( ( #113 ) ) GLOBAL_UNIT_ASSIGNED_CONTEXT ( ( #1377, #1113, #1263 ) ) REPRESENTATION_CONTEXT ( 'NONE', 'WORKASPACE' ) );
#24 = ADVANCED_FACE ( 'NONE', ( #1119 ), #131, .T. ) ;
#25 = CARTESIAN_POINT ( 'NONE',  ( -0.4200000000000003175, 0.4700000000000000289, -1.821459649775648189E-16 ) ) ;
#26 = EDGE_CURVE ( 'NONE', #103, #1092, #588, .T. ) ;
#27 = PLANE ( 'NONE',  #1033 ) ;
#28 = SURFACE_SIDE_STYLE ('',( #233 ) ) ;
#29 = DIRECTION ( 'NONE',  ( -0.000000000000000000, -1.000000000000000000, 0.000000000000000000 ) ) ;
#30 = DIRECTION ( 'NONE',  ( -4.336808689942015764E-16, 0.000000000000000000, 1.000000000000000000 ) ) ;
#31 = AXIS2_PLACEMENT_3D ( 'NONE', #1045, #747, #1162 ) ;
#32 = DIRECTION ( 'NONE',  ( -1.000000000000000000, 0.000000000000000000, 0.000000000000000000 ) ) ;
#33 = EDGE_CURVE ( 'NONE', #846, #1309, #644, .T. ) ;
#34 = EDGE_CURVE ( 'NONE', #367, #702, #611, .T. ) ;
#35 = MANIFOLD_SOLID_BREP ( 'Boss-Extrude2', #1254 ) ;
#36 = FILL_AREA_STYLE_COLOUR ( '', #890 ) ;
#37 = CARTESIAN_POINT ( 'NONE',  ( 0.2750000000000006328, 0.5500000000000000444, -0.2500000000000002220 ) ) ;
#38 = UNCERTAINTY_MEASURE_WITH_UNIT (LENGTH_MEASURE( 1.000000000000000082E-05 ), #567, 'distance_accuracy_value', 'NONE');
#39 = DIRECTION ( 'NONE',  ( -1.000000000000000000, 0.000000000000000000, 0.000000000000000000 ) ) ;
#40 =( GEOMETRIC_REPRESENTATION_CONTEXT ( 3 ) GLOBAL_UNCERTAINTY_ASSIGNED_CONTEXT ( ( #1201 ) ) GLOBAL_UNIT_ASSIGNED_CONTEXT ( ( #568, #234, #1398 ) ) REPRESENTATION_CONTEXT ( 'NONE', 'WORKASPACE' ) );
#41 = CARTESIAN_POINT ( 'NONE',  ( 0.2749999999878127710, 0.07999999999999998779, 0.1699999999999999567 ) ) ;
#42 = AXIS2_PLACEMENT_3D ( 'NONE', #72, #1027, #726 ) ;
#43 = EDGE_CURVE ( 'NONE', #1101, #846, #626, .T. ) ;
#44 = DIRECTION ( 'NONE',  ( -2.168404344971007882E-16, 0.000000000000000000, 1.000000000000000000 ) ) ;
#45 = FILL_AREA_STYLE_COLOUR ( '', #1395 ) ;
#46 = DIRECTION ( 'NONE',  ( 4.336808689942015764E-16, 0.000000000000000000, -1.000000000000000000 ) ) ;
#47 = DIRECTION ( 'NONE',  ( 3.388131789017201849E-16, 2.295887403949780727E-31, -1.000000000000000000 ) ) ;
#48 = FILL_AREA_STYLE ('',( #1423 ) ) ;
#49 = AXIS2_PLACEMENT_3D ( 'NONE', #335, #345, #295 ) ;
#50 = AXIS2_PLACEMENT_3D ( 'NONE', #122, #1098, #15 ) ;
#51 = DIRECTION ( 'NONE',  ( 4.336808689942015764E-16, 0.000000000000000000, 1.000000000000000000 ) ) ;
#52 = AXIS2_PLACEMENT_3D ( 'NONE', #753, #1031, #1297 ) ;
#53 = SURFACE_STYLE_USAGE ( .BOTH. , #778 ) ;
#54 = SURFACE_SIDE_STYLE ('',( #331 ) ) ;
#55 = EDGE_CURVE ( 'NONE', #1110, #792, #590, .T. ) ;
#56 = ADVANCED_FACE ( 'NONE', ( #156 ), #598, .T. ) ;
#57 = DIRECTION ( 'NONE',  ( -0.000000000000000000, 1.000000000000000000, -0.000000000000000000 ) ) ;
#58 = CARTESIAN_POINT ( 'NONE',  ( 0.2750000000000005218, 0.5500000000000000444, 0.1700000000000000122 ) ) ;
#59 = PRODUCT_DEFINITION_CONTEXT ( 'detailed design', #360, 'design' ) ;
#60 = FILL_AREA_STYLE ('',( #1191 ) ) ;
#61 = FILL_AREA_STYLE_COLOUR ( '', #723 ) ;
#62 = DIRECTION ( 'NONE',  ( -1.000000000000000000, 0.000000000000000000, 4.336808689942015764E-16 ) ) ;
#63 = CARTESIAN_POINT ( 'NONE',  ( 500000.0000000000582, 0.4700000000000000289, -0.1700000000433683489 ) ) ;
#64 = PLANE ( 'NONE',  #1232 ) ;
#65 = ADVANCED_FACE ( 'NONE', ( #633 ), #214, .F. ) ;
#66 =( GEOMETRIC_REPRESENTATION_CONTEXT ( 3 ) GLOBAL_UNCERTAINTY_ASSIGNED_CONTEXT ( ( #666 ) ) GLOBAL_UNIT_ASSIGNED_CONTEXT ( ( #481, #1099, #1129 ) ) REPRESENTATION_CONTEXT ( 'NONE', 'WORKASPACE' ) );
#67 = EDGE_CURVE ( 'NONE', #1266, #683, #716, .T. ) ;
#68 = DIRECTION ( 'NONE',  ( -4.336808689942015764E-16, -0.000000000000000000, -1.000000000000000000 ) ) ;
#69 = DIRECTION ( 'NONE',  ( -1.000000000000000000, 0.000000000000000000, 0.000000000000000000 ) ) ;
#70 = EDGE_CURVE ( 'NONE', #276, #916, #1208, .T. ) ;
#71 = DIRECTION ( 'NONE',  ( 3.388131789017201849E-16, -2.295887403949780727E-31, 1.000000000000000000 ) ) ;
#72 = CARTESIAN_POINT ( 'NONE',  ( 0.4200000000000003175, 0.4700000000000000289, -1.821459649775648189E-16 ) ) ;
#73 = SURFACE_STYLE_USAGE ( .BOTH. , #539 ) ;
#74 = DIRECTION ( 'NONE',  ( 4.336808689942015764E-16, -0.000000000000000000, -1.000000000000000000 ) ) ;
#75 = CARTESIAN_POINT ( 'NONE',  ( -0.2750000000000005773, 0.4700000000000000289, -0.1700000000000002343 ) ) ;
#76 = AXIS2_PLACEMENT_3D ( 'NONE', #37, #155, #44 ) ;
#77 = ADVANCED_FACE ( 'NONE', ( #676 ), #737, .F. ) ;
#78 = MECHANICAL_DESIGN_GEOMETRIC_PRESENTATION_REPRESENTATION (  '', ( #682 ), #970 ) ;
#79 = EDGE_CURVE ( 'NONE', #734, #738, #720, .T. ) ;
#80 = CARTESIAN_POINT ( 'NONE',  ( 0.4200000000000002620, 0.07999999999999998779, -0.2500000000000002220 ) ) ;
#81 = SURFACE_STYLE_FILL_AREA ( #369 ) ;
#82 = CARTESIAN_POINT ( 'NONE',  ( 0.000000000000000000, 0.000000000000000000, 0.000000000000000000 ) ) ;
#83 = SHAPE_DEFINITION_REPRESENTATION ( #18, #1003 ) ;
#84 = DIRECTION ( 'NONE',  ( 0.000000000000000000, 0.000000000000000000, 1.000000000000000000 ) ) ;
#85 = ADVANCED_FACE ( 'NONE', ( #728 ), #714, .T. ) ;
#86 = FILL_AREA_STYLE ('',( #1274 ) ) ;
#87 = DIRECTION ( 'NONE',  ( -1.000000000000000000, -0.000000000000000000, 8.673617379884037937E-17 ) ) ;
#88 = AXIS2_PLACEMENT_3D ( 'NONE', #585, #1306, #986 ) ;
#89 = CARTESIAN_POINT ( 'NONE',  ( 0.000000000000000000, 0.000000000000000000, -0.1700000000000002343 ) ) ;
#90 = EDGE_CURVE ( 'NONE', #813, #797, #210, .T. ) ;
#91 = DIRECTION ( 'NONE',  ( 1.000000000000000000, -0.000000000000000000, -2.168404344971007882E-16 ) ) ;
#92 = DIRECTION ( 'NONE',  ( 0.000000000000000000, -1.000000000000000000, 0.000000000000000000 ) ) ;
#93 = DIRECTION ( 'NONE',  ( 0.000000000000000000, 0.000000000000000000, 1.000000000000000000 ) ) ;
#94 = DIRECTION ( 'NONE',  ( 4.336808689942015764E-16, 0.000000000000000000, 1.000000000000000000 ) ) ;
#95 = CARTESIAN_POINT ( 'NONE',  ( -0.5000000000000002220, 0.5500000000000000444, -0.2500000000000002220 ) ) ;
#96 = ORIENTED_EDGE ( 'NONE', *, *, #1281, .T. ) ;
#97 = DIRECTION ( 'NONE',  ( 0.000000000000000000, 0.000000000000000000, 1.000000000000000000 ) ) ;
#98 = MECHANICAL_DESIGN_GEOMETRIC_PRESENTATION_REPRESENTATION (  '', ( #1279 ), #66 ) ;
#99 = DIRECTION ( 'NONE',  ( 0.000000000000000000, -1.000000000000000000, 0.000000000000000000 ) ) ;
#100 = CARTESIAN_POINT ( 'NONE',  ( -0.2750000000000006328, 0.4700000000000000289, -0.1700000000000002343 ) ) ;
#101 = MECHANICAL_DESIGN_GEOMETRIC_PRESENTATION_REPRESENTATION (  '', ( #990 ), #1170 ) ;
#102 = AXIS2_PLACEMENT_3D ( 'NONE', #620, #688, #1355 ) ;
#103 = VERTEX_POINT ( 'NONE', #570 ) ;
#104 = DIRECTION ( 'NONE',  ( 0.000000000000000000, 0.000000000000000000, -1.000000000000000000 ) ) ;
#105 = EDGE_CURVE ( 'NONE', #1266, #1150, #1152, .T. ) ;
#106 = EDGE_LOOP ( 'NONE', ( #671, #1136, #614, #319 ) ) ;
#107 = PLANE ( 'NONE',  #474 ) ;
#108 = DIRECTION ( 'NONE',  ( 3.388131789017201849E-16, 2.295887403949780727E-31, -1.000000000000000000 ) ) ;
#109 = EDGE_LOOP ( 'NONE', ( #1133, #1376, #1157, #888 ) ) ;
#110 = DIRECTION ( 'NONE',  ( -1.000000000000000000, -0.000000000000000000, -0.000000000000000000 ) ) ;
#111 = ORIENTED_EDGE ( 'NONE', *, *, #518, .F. ) ;
#112 = ORIENTED_EDGE ( 'NONE', *, *, #1285, .F. ) ;
#113 = UNCERTAINTY_MEASURE_WITH_UNIT (LENGTH_MEASURE( 1.000000000000000082E-05 ), #1377, 'distance_accuracy_value', 'NONE');
#114 = PRESENTATION_STYLE_ASSIGNMENT (( #73 ) ) ;
#115 = CARTESIAN_POINT ( 'NONE',  ( -0.2750000000000005773, 0.07999999999999998779, -0.2233333333333335502 ) ) ;
#116 = SURFACE_STYLE_FILL_AREA ( #461 ) ;
#117 =( NAMED_UNIT ( * ) SI_UNIT ( $, .STERADIAN. ) SOLID_ANGLE_UNIT ( ) );
#118 = MANIFOLD_SOLID_BREP ( 'Fillet1', #338 ) ;
#119 = VECTOR ( 'NONE', #1004, 1000.000000000000000 ) ;
#120 = CARTESIAN_POINT ( 'NONE',  ( 0.2749999999878127710, 0.07999999999999998779, -0.2233333333333336057 ) ) ;
#121 = PRESENTATION_STYLE_ASSIGNMENT (( #53 ) ) ;
#122 = CARTESIAN_POINT ( 'NONE',  ( -0.5000000000000002220, 0.07999999999999998779, -0.1700000000000002343 ) ) ;
#123 = PRESENTATION_LAYER_ASSIGNMENT (  '', '', ( #1118 ) ) ;
#124 = ORIENTED_EDGE ( 'NONE', *, *, #146, .T. ) ;
#125 = EDGE_CURVE ( 'NONE', #265, #640, #1161, .T. ) ;
#126 = ORIENTED_EDGE ( 'NONE', *, *, #172, .T. ) ;
#127 = VECTOR ( 'NONE', #785, 1000.000000000000000 ) ;
#128 = VERTEX_POINT ( 'NONE', #552 ) ;
#129 = DIRECTION ( 'NONE',  ( 0.000000000000000000, 0.000000000000000000, -1.000000000000000000 ) ) ;
#130 = DIRECTION ( 'NONE',  ( -0.000000000000000000, -1.000000000000000000, 0.000000000000000000 ) ) ;
#131 = CYLINDRICAL_SURFACE ( 'NONE', #1041, 0.08000000000000000167 ) ;
#132 =( LENGTH_UNIT ( ) NAMED_UNIT ( * ) SI_UNIT ( .MILLI., .METRE. ) );
#133 = LINE ( 'NONE', #575, #606 ) ;
#134 = EDGE_LOOP ( 'NONE', ( #698, #1238, #705, #388 ) ) ;
#135 = EDGE_LOOP ( 'NONE', ( #776, #1057, #124, #810 ) ) ;
#136 = COLOUR_RGB ( '',0.7921568627450980005, 0.8196078431372548767, 0.9333333333333333481 ) ;
#137 = ORIENTED_EDGE ( 'NONE', *, *, #573, .F. ) ;
#138 = DIRECTION ( 'NONE',  ( 1.000000000000000000, 0.000000000000000000, 2.168404344971007882E-16 ) ) ;
#139 = ORIENTED_EDGE ( 'NONE', *, *, #1328, .F. ) ;
#140 = PRESENTATION_LAYER_ASSIGNMENT (  '', '', ( #854 ) ) ;
#141 = VERTEX_POINT ( 'NONE', #1141 ) ;
#142 = LINE ( 'NONE', #17, #127 ) ;
#143 = EDGE_CURVE ( 'NONE', #276, #367, #219, .T. ) ;
#144 = VERTEX_POINT ( 'NONE', #697 ) ;
#145 = ORIENTED_EDGE ( 'NONE', *, *, #125, .T. ) ;
#146 = EDGE_CURVE ( 'NONE', #756, #910, #248, .T. ) ;
#147 = ORIENTED_EDGE ( 'NONE', *, *, #450, .T. ) ;
#148 = FACE_OUTER_BOUND ( 'NONE', #740, .T. ) ;
#149 = DIRECTION ( 'NONE',  ( -1.000000000000000000, 0.000000000000000000, 6.776263578034403699E-16 ) ) ;
#150 =( NAMED_UNIT ( * ) SI_UNIT ( $, .STERADIAN. ) SOLID_ANGLE_UNIT ( ) );
#151 = SURFACE_STYLE_FILL_AREA ( #1059 ) ;
#152 = FILL_AREA_STYLE_COLOUR ( '', #1307 ) ;
#153 = ORIENTED_EDGE ( 'NONE', *, *, #498, .F. ) ;
#154 = CYLINDRICAL_SURFACE ( 'NONE', #102, 0.08000000000000000167 ) ;
#155 = DIRECTION ( 'NONE',  ( 1.000000000000000000, 0.000000000000000000, 2.168404344971007882E-16 ) ) ;
#156 = FACE_OUTER_BOUND ( 'NONE', #1153, .T. ) ;
#157 = DIRECTION ( 'NONE',  ( 6.776263578034402713E-16, 0.000000000000000000, 1.000000000000000000 ) ) ;
#158 = ORIENTED_EDGE ( 'NONE', *, *, #43, .T. ) ;
#159 = LINE ( 'NONE', #446, #602 ) ;
#160 = ORIENTED_EDGE ( 'NONE', *, *, #840, .T. ) ;
#161 = ORIENTED_EDGE ( 'NONE', *, *, #518, .T. ) ;
#162 = CIRCLE ( 'NONE', #709, 0.07999999999999998779 ) ;
#163 = AXIS2_PLACEMENT_3D ( 'NONE', #939, #1071, #1264 ) ;
#164 = ORIENTED_EDGE ( 'NONE', *, *, #1044, .T. ) ;
#165 = ORIENTED_EDGE ( 'NONE', *, *, #67, .T. ) ;
#166 = FACE_OUTER_BOUND ( 'NONE', #1104, .T. ) ;
#167 = DIRECTION ( 'NONE',  ( 0.000000000000000000, 1.000000000000000000, 0.000000000000000000 ) ) ;
#168 = AXIS2_PLACEMENT_3D ( 'NONE', #1212, #1361, #357 ) ;
#169 = DIRECTION ( 'NONE',  ( 0.000000000000000000, 1.000000000000000000, 0.000000000000000000 ) ) ;
#170 = VECTOR ( 'NONE', #591, 1000.000000000000000 ) ;
#171 = DIRECTION ( 'NONE',  ( 0.000000000000000000, 0.000000000000000000, 1.000000000000000000 ) ) ;
#172 = EDGE_CURVE ( 'NONE', #1337, #1100, #237, .T. ) ;
#173 = ORIENTED_EDGE ( 'NONE', *, *, #1413, .T. ) ;
#174 = LINE ( 'NONE', #560, #1143 ) ;
#175 = CARTESIAN_POINT ( 'NONE',  ( -0.4200000000000004285, 0.5500000000000000444, 0.2500000000000000555 ) ) ;
#176 = DIRECTION ( 'NONE',  ( 0.000000000000000000, -0.000000000000000000, 1.000000000000000000 ) ) ;
#177 = EDGE_LOOP ( 'NONE', ( #304, #404, #674, #1338 ) ) ;
#178 = CIRCLE ( 'NONE', #942, 0.08000000000000000167 ) ;
#179 = ORIENTED_EDGE ( 'NONE', *, *, #816, .T. ) ;
#180 = CIRCLE ( 'NONE', #953, 0.07999999999999998779 ) ;
#181 = VERTEX_POINT ( 'NONE', #950 ) ;
#182 = LINE ( 'NONE', #362, #1115 ) ;
#183 = DIRECTION ( 'NONE',  ( -1.000000000000000000, -0.000000000000000000, 8.673617379884037937E-17 ) ) ;
#184 = ADVANCED_FACE ( 'NONE', ( #245 ), #1178, .T. ) ;
#185 = CARTESIAN_POINT ( 'NONE',  ( 0.5000000000000002220, 0.5500000000000000444, -0.2500000000000002220 ) ) ;
#186 = ORIENTED_EDGE ( 'NONE', *, *, #1218, .F. ) ;
#187 = CIRCLE ( 'NONE', #787, 0.08000000000000000167 ) ;
#188 = VECTOR ( 'NONE', #957, 1000.000000000000000 ) ;
#189 = DIRECTION ( 'NONE',  ( 0.000000000000000000, 0.000000000000000000, 1.000000000000000000 ) ) ;
#190 = EDGE_LOOP ( 'NONE', ( #623, #1322, #1315, #421 ) ) ;
#191 = FACE_OUTER_BOUND ( 'NONE', #177, .T. ) ;
#192 = AXIS2_PLACEMENT_3D ( 'NONE', #1166, #47, #993 ) ;
#193 = ORIENTED_EDGE ( 'NONE', *, *, #1124, .T. ) ;
#194 = LINE ( 'NONE', #532, #199 ) ;
#195 = EDGE_CURVE ( 'NONE', #813, #1290, #251, .T. ) ;
#196 = ADVANCED_FACE ( 'NONE', ( #224 ), #701, .T. ) ;
#197 = ORIENTED_EDGE ( 'NONE', *, *, #1347, .T. ) ;
#198 = AXIS2_PLACEMENT_3D ( 'NONE', #1, #430, #1415 ) ;
#199 = VECTOR ( 'NONE', #1375, 1000.000000000000000 ) ;
#200 = DIRECTION ( 'NONE',  ( 1.000000000000000000, 0.000000000000000000, 0.000000000000000000 ) ) ;
#201 = FILL_AREA_STYLE_COLOUR ( '', #1087 ) ;
#202 = EDGE_CURVE ( 'NONE', #1337, #756, #1184, .T. ) ;
#203 = ORIENTED_EDGE ( 'NONE', *, *, #1095, .T. ) ;
#204 = FACE_OUTER_BOUND ( 'NONE', #363, .T. ) ;
#205 = DIRECTION ( 'NONE',  ( -0.000000000000000000, 1.000000000000000000, -0.000000000000000000 ) ) ;
#206 = ORIENTED_EDGE ( 'NONE', *, *, #275, .T. ) ;
#207 = VECTOR ( 'NONE', #1193, 1000.000000000000000 ) ;
#208 = ORIENTED_EDGE ( 'NONE', *, *, #974, .T. ) ;
#209 = VECTOR ( 'NONE', #32, 1000.000000000000000 ) ;
#210 = CIRCLE ( 'NONE', #962, 0.07999999999999998779 ) ;
#211 = ORIENTED_EDGE ( 'NONE', *, *, #1023, .T. ) ;
#212 = VECTOR ( 'NONE', #472, 1000.000000000000000 ) ;
#213 = CARTESIAN_POINT ( 'NONE',  ( 0.4200000000000003730, 0.5500000000000000444, 0.2500000000000000000 ) ) ;
#214 = PLANE ( 'NONE',  #766 ) ;
#215 = APPLICATION_PROTOCOL_DEFINITION ( 'draft international standard', 'automotive_design', 1998, #1250 ) ;
#216 = ADVANCED_FACE ( 'NONE', ( #706 ), #899, .T. ) ;
#217 = VERTEX_POINT ( 'NONE', #1235 ) ;
#218 = FACE_OUTER_BOUND ( 'NONE', #134, .T. ) ;
#219 = LINE ( 'NONE', #559, #659 ) ;
#220 = DIRECTION ( 'NONE',  ( 0.000000000000000000, 0.000000000000000000, -1.000000000000000000 ) ) ;
#221 = ORIENTED_EDGE ( 'NONE', *, *, #1095, .F. ) ;
#222 = VECTOR ( 'NONE', #936, 1000.000000000000000 ) ;
#223 = AXIS2_PLACEMENT_3D ( 'NONE', #82, #1276, #649 ) ;
#224 = FACE_OUTER_BOUND ( 'NONE', #293, .T. ) ;
#225 = EDGE_CURVE ( 'NONE', #683, #1346, #905, .T. ) ;
#226 = EDGE_LOOP ( 'NONE', ( #370, #206, #208, #629 ) ) ;
#227 = VECTOR ( 'NONE', #1288, 1000.000000000000000 ) ;
#228 = ORIENTED_EDGE ( 'NONE', *, *, #769, .T. ) ;
#229 = EDGE_CURVE ( 'NONE', #1290, #351, #1390, .T. ) ;
#230 = FACE_OUTER_BOUND ( 'NONE', #106, .T. ) ;
#231 = CARTESIAN_POINT ( 'NONE',  ( 0.2750000000000006328, 0.4700000000000000289, -0.1700000000000002343 ) ) ;
#232 = CARTESIAN_POINT ( 'NONE',  ( 0.2749999999878127710, 0.4700000000000000289, 0.2233333333333332726 ) ) ;
#233 = SURFACE_STYLE_FILL_AREA ( #86 ) ;
#234 =( NAMED_UNIT ( * ) PLANE_ANGLE_UNIT ( ) SI_UNIT ( $, .RADIAN. ) );
#235 = ORIENTED_EDGE ( 'NONE', *, *, #943, .T. ) ;
#236 = LINE ( 'NONE', #19, #212 ) ;
#237 = LINE ( 'NONE', #232, #664 ) ;
#238 = DIRECTION ( 'NONE',  ( 0.000000000000000000, 0.000000000000000000, -1.000000000000000000 ) ) ;
#239 = ADVANCED_FACE ( 'NONE', ( #438 ), #279, .F. ) ;
#240 = VERTEX_POINT ( 'NONE', #887 ) ;
#241 = LINE ( 'NONE', #14, #713 ) ;
#242 = ORIENTED_EDGE ( 'NONE', *, *, #1218, .T. ) ;
#243 = VECTOR ( 'NONE', #1234, 1000.000000000000000 ) ;
#244 = SURFACE_SIDE_STYLE ('',( #1314 ) ) ;
#245 = FACE_OUTER_BOUND ( 'NONE', #1291, .T. ) ;
#246 = ADVANCED_FACE ( 'NONE', ( #927 ), #312, .F. ) ;
#247 = CARTESIAN_POINT ( 'NONE',  ( 500000.0000000000582, 0.02666666666666666491, -0.1700000000433682379 ) ) ;
#248 = LINE ( 'NONE', #490, #188 ) ;
#249 = SURFACE_SIDE_STYLE ('',( #81 ) ) ;
#250 = AXIS2_PLACEMENT_3D ( 'NONE', #526, #605, #811 ) ;
#251 = LINE ( 'NONE', #1397, #1148 ) ;
#252 = DIRECTION ( 'NONE',  ( 0.000000000000000000, 0.000000000000000000, -1.000000000000000000 ) ) ;
#253 = AXIS2_PLACEMENT_3D ( 'NONE', #998, #1089, #542 ) ;
#254 = CYLINDRICAL_SURFACE ( 'NONE', #356, 0.07999999999999998779 ) ;
#255 = EDGE_CURVE ( 'NONE', #708, #702, #1408, .T. ) ;
#256 = LINE ( 'NONE', #1396, #1165 ) ;
#257 = DIRECTION ( 'NONE',  ( 0.000000000000000000, 1.000000000000000000, 0.000000000000000000 ) ) ;
#258 = LINE ( 'NONE', #1331, #1182 ) ;
#259 = CARTESIAN_POINT ( 'NONE',  ( 0.4200000000000003730, 0.08000000000000000167, 0.1700000000000000122 ) ) ;
#260 = DIRECTION ( 'NONE',  ( 0.000000000000000000, -1.000000000000000000, 0.000000000000000000 ) ) ;
#261 = LINE ( 'NONE', #1248, #209 ) ;
#262 = EDGE_LOOP ( 'NONE', ( #1373, #901, #837, #1379 ) ) ;
#263 = CARTESIAN_POINT ( 'NONE',  ( 0.000000000000000000, 0.4700000000000000289, 0.1700000000000000122 ) ) ;
#264 = CIRCLE ( 'NONE', #31, 0.07999999999999998779 ) ;
#265 = VERTEX_POINT ( 'NONE', #722 ) ;
#266 = CARTESIAN_POINT ( 'NONE',  ( 0.2750000001014996087, 0.5233333333333333171, 0.1699999999999998457 ) ) ;
#267 = EDGE_LOOP ( 'NONE', ( #1387, #1121, #165, #282 ) ) ;
#268 = DIRECTION ( 'NONE',  ( -2.168404344971007882E-16, -0.000000000000000000, -1.000000000000000000 ) ) ;
#269 = UNCERTAINTY_MEASURE_WITH_UNIT (LENGTH_MEASURE( 1.000000000000000082E-05 ), #604, 'distance_accuracy_value', 'NONE');
#270 = AXIS2_PLACEMENT_3D ( 'NONE', #95, #549, #1094 ) ;
#271 = FILL_AREA_STYLE_COLOUR ( '', #449 ) ;
#272 = ORIENTED_EDGE ( 'NONE', *, *, #1197, .T. ) ;
#273 = AXIS2_PLACEMENT_3D ( 'NONE', #913, #1056, #189 ) ;
#274 = ORIENTED_EDGE ( 'NONE', *, *, #1091, .F. ) ;
#275 = EDGE_CURVE ( 'NONE', #128, #1101, #1393, .T. ) ;
#276 = VERTEX_POINT ( 'NONE', #58 ) ;
#277 = ORIENTED_EDGE ( 'NONE', *, *, #1011, .F. ) ;
#278 = FILL_AREA_STYLE_COLOUR ( '', #798 ) ;
#279 = PLANE ( 'NONE',  #434 ) ;
#280 = ORIENTED_EDGE ( 'NONE', *, *, #1011, .T. ) ;
#281 = ORIENTED_EDGE ( 'NONE', *, *, #1200, .T. ) ;
#282 = ORIENTED_EDGE ( 'NONE', *, *, #225, .T. ) ;
#283 =( LENGTH_UNIT ( ) NAMED_UNIT ( * ) SI_UNIT ( .MILLI., .METRE. ) );
#284 = FACE_OUTER_BOUND ( 'NONE', #383, .T. ) ;
#285 = EDGE_LOOP ( 'NONE', ( #281, #1312, #1354, #668 ) ) ;
#286 = UNCERTAINTY_MEASURE_WITH_UNIT (LENGTH_MEASURE( 1.000000000000000082E-05 ), #283, 'distance_accuracy_value', 'NONE');
#287 = AXIS2_PLACEMENT_3D ( 'NONE', #1137, #719, #478 ) ;
#288 =( NAMED_UNIT ( * ) PLANE_ANGLE_UNIT ( ) SI_UNIT ( $, .RADIAN. ) );
#289 =( NAMED_UNIT ( * ) SI_UNIT ( $, .STERADIAN. ) SOLID_ANGLE_UNIT ( ) );
#290 = AXIS2_PLACEMENT_3D ( 'NONE', #533, #616, #480 ) ;
#291 = ORIENTED_EDGE ( 'NONE', *, *, #528, .F. ) ;
#292 = EDGE_CURVE ( 'NONE', #792, #376, #1406, .T. ) ;
#293 = EDGE_LOOP ( 'NONE', ( #678, #870, #139 ) ) ;
#294 = EDGE_LOOP ( 'NONE', ( #1142, #280, #1348, #392 ) ) ;
#295 = DIRECTION ( 'NONE',  ( -1.000000000000000000, 0.000000000000000000, 0.000000000000000000 ) ) ;
#296 = ORIENTED_EDGE ( 'NONE', *, *, #337, .T. ) ;
#297 =( LENGTH_UNIT ( ) NAMED_UNIT ( * ) SI_UNIT ( .MILLI., .METRE. ) );
#298 = SURFACE_SIDE_STYLE ('',( #934 ) ) ;
#299 = LINE ( 'NONE', #566, #770 ) ;
#300 = ORIENTED_EDGE ( 'NONE', *, *, #292, .T. ) ;
#301 = PRESENTATION_STYLE_ASSIGNMENT (( #721 ) ) ;
#302 = ORIENTED_EDGE ( 'NONE', *, *, #337, .F. ) ;
#303 = VECTOR ( 'NONE', #1287, 1000.000000000000000 ) ;
#304 = ORIENTED_EDGE ( 'NONE', *, *, #624, .F. ) ;
#306 = CARTESIAN_POINT ( 'NONE',  ( -0.2750000000000005773, 0.4700000000000000289, 0.1700000000000000122 ) ) ;
#305 = CIRCLE ( 'NONE', #744, 0.08000000000000000167 ) ;
#307 = CARTESIAN_POINT ( 'NONE',  ( 0.2750000000000005218, 0.4700000000000000289, 0.1700000000000000122 ) ) ;
#308 = AXIS2_PLACEMENT_3D ( 'NONE', #551, #777, #665 ) ;
#309 = EDGE_LOOP ( 'NONE', ( #242, #340, #1298 ) ) ;
#310 = AXIS2_PLACEMENT_3D ( 'NONE', #711, #845, #1026 ) ;
#311 = DIRECTION ( 'NONE',  ( 0.000000000000000000, 0.000000000000000000, -1.000000000000000000 ) ) ;
#312 = PLANE ( 'NONE',  #1065 ) ;
#313 = FACE_OUTER_BOUND ( 'NONE', #365, .T. ) ;
#314 = EDGE_LOOP ( 'NONE', ( #752, #197, #579, #1159, #893, #712, #638, #1382 ) ) ;
#315 = EDGE_CURVE ( 'NONE', #1336, #683, #425, .T. ) ;
#316 = CYLINDRICAL_SURFACE ( 'NONE', #530, 0.07999999999999998779 ) ;
#317 = EDGE_LOOP ( 'NONE', ( #652, #690, #1356 ) ) ;
#318 = FACE_OUTER_BOUND ( 'NONE', #862, .T. ) ;
#319 = ORIENTED_EDGE ( 'NONE', *, *, #195, .T. ) ;
#320 =( NAMED_UNIT ( * ) SI_UNIT ( $, .STERADIAN. ) SOLID_ANGLE_UNIT ( ) );
#321 = CARTESIAN_POINT ( 'NONE',  ( 0.4200000000000003730, 0.4700000000000000289, 0.1700000000000000122 ) ) ;
#322 = VECTOR ( 'NONE', #501, 1000.000000000000000 ) ;
#323 = EDGE_LOOP ( 'NONE', ( #347, #179, #850, #361 ) ) ;
#324 = CIRCLE ( 'NONE', #88, 0.05333333333333332288 ) ;
#325 = ADVANCED_FACE ( 'NONE', ( #924 ), #445, .T. ) ;
#326 = ORIENTED_EDGE ( 'NONE', *, *, #34, .T. ) ;
#327 = FACE_OUTER_BOUND ( 'NONE', #285, .T. ) ;
#328 = EDGE_LOOP ( 'NONE', ( #1190, #1171, #779, #866 ) ) ;
#329 = AXIS2_PLACEMENT_3D ( 'NONE', #1017, #257, #485 ) ;
#330 = ORIENTED_EDGE ( 'NONE', *, *, #730, .T. ) ;
#332 = DIRECTION ( 'NONE',  ( 2.168404344971007882E-16, -0.000000000000000000, -1.000000000000000000 ) ) ;
#331 = SURFACE_STYLE_FILL_AREA ( #576 ) ;
#333 = AXIS2_PLACEMENT_3D ( 'NONE', #536, #547, #104 ) ;
#334 = DIRECTION ( 'NONE',  ( 0.000000000000000000, 0.000000000000000000, 1.000000000000000000 ) ) ;
#335 = CARTESIAN_POINT ( 'NONE',  ( 0.4200000000000002620, 0.08000000000000000167, -0.1700000000000002343 ) ) ;
#336 = SURFACE_STYLE_FILL_AREA ( #844 ) ;
#337 = EDGE_CURVE ( 'NONE', #351, #1268, #435, .T. ) ;
#338 = CLOSED_SHELL ( 'NONE', ( #1084, #4, #1365, #12, #807, #971, #458, #521, #1388, #325, #56, #85, #610, #1049, #216, #643, #1164, #995 ) ) ;
#339 = DIRECTION ( 'NONE',  ( 0.000000000000000000, -1.000000000000000000, 0.000000000000000000 ) ) ;
#340 = ORIENTED_EDGE ( 'NONE', *, *, #452, .T. ) ;
#341 = VECTOR ( 'NONE', #883, 1000.000000000000000 ) ;
#342 = VERTEX_POINT ( 'NONE', #1043 ) ;
#343 = ORIENTED_EDGE ( 'NONE', *, *, #789, .T. ) ;
#344 = DIRECTION ( 'NONE',  ( -1.000000000000000000, -0.000000000000000000, -0.000000000000000000 ) ) ;
#345 = DIRECTION ( 'NONE',  ( 0.000000000000000000, -1.000000000000000000, 0.000000000000000000 ) ) ;
#346 = COLOUR_RGB ( '',0.7294117647058823151, 0.3568627450980392246, 0.02352941176470588203 ) ;
#347 = ORIENTED_EDGE ( 'NONE', *, *, #1411, .F. ) ;
#348 = CARTESIAN_POINT ( 'NONE',  ( -0.2750000000000005218, 0.4700000000000000289, 0.1700000000000000122 ) ) ;
#349 = LINE ( 'NONE', #586, #1269 ) ;
#350 = ADVANCED_FACE ( 'NONE', ( #1367 ), #64, .F. ) ;
#351 = VERTEX_POINT ( 'NONE', #1156 ) ;
#352 = LINE ( 'NONE', #1394, #1345 ) ;
#353 = ORIENTED_EDGE ( 'NONE', *, *, #146, .F. ) ;
#354 = AXIS2_PLACEMENT_3D ( 'NONE', #509, #71, #587 ) ;
#355 = ORIENTED_EDGE ( 'NONE', *, *, #1341, .T. ) ;
#356 = AXIS2_PLACEMENT_3D ( 'NONE', #1303, #51, #149 ) ;
#357 = DIRECTION ( 'NONE',  ( 0.000000000000000000, 0.000000000000000000, 1.000000000000000000 ) ) ;
#358 = DIRECTION ( 'NONE',  ( 8.673617379884037937E-17, -0.000000000000000000, 1.000000000000000000 ) ) ;
#359 = EDGE_CURVE ( 'NONE', #1268, #813, #896, .T. ) ;
#360 = APPLICATION_CONTEXT ( 'automotive_design' ) ;
#361 = ORIENTED_EDGE ( 'NONE', *, *, #465, .T. ) ;
#362 = CARTESIAN_POINT ( 'NONE',  ( 0.4200000000000004285, 0.5500000000000000444, 0.2500000000000000555 ) ) ;
#363 = EDGE_LOOP ( 'NONE', ( #330, #378, #1130, #903 ) ) ;
#364 = CIRCLE ( 'NONE', #287, 0.05333333333333329512 ) ;
#365 = EDGE_LOOP ( 'NONE', ( #221, #832, #1138, #799 ) ) ;
#366 = FACE_OUTER_BOUND ( 'NONE', #429, .T. ) ;
#367 = VERTEX_POINT ( 'NONE', #442 ) ;
#368 = CARTESIAN_POINT ( 'NONE',  ( 0.4200000000000002620, 0.4700000000000000289, -0.1700000000000002343 ) ) ;
#369 = FILL_AREA_STYLE ('',( #699 ) ) ;
#370 = ORIENTED_EDGE ( 'NONE', *, *, #581, .T. ) ;
#371 = CIRCLE ( 'NONE', #163, 0.07999999999999998779 ) ;
#372 = CARTESIAN_POINT ( 'NONE',  ( -0.2750000000000005773, 0.5233333333333333171, -0.1700000000000002343 ) ) ;
#373 = ORIENTED_EDGE ( 'NONE', *, *, #1032, .F. ) ;
#374 = CIRCLE ( 'NONE', #192, 0.07999999999999998779 ) ;
#375 = MECHANICAL_DESIGN_GEOMETRIC_PRESENTATION_REPRESENTATION (  '', ( #1118 ), #23 ) ;
#376 = VERTEX_POINT ( 'NONE', #451 ) ;
#377 = SURFACE_STYLE_USAGE ( .BOTH. , #244 ) ;
#378 = ORIENTED_EDGE ( 'NONE', *, *, #359, .T. ) ;
#379 = EDGE_CURVE ( 'NONE', #910, #1302, #1372, .T. ) ;
#381 = CARTESIAN_POINT ( 'NONE',  ( 0.000000000000000000, 0.4700000000000000289, 0.1700000000000000122 ) ) ;
#380 = CIRCLE ( 'NONE', #482, 0.08000000000000000167 ) ;
#382 = SURFACE_STYLE_FILL_AREA ( #402 ) ;
#383 = EDGE_LOOP ( 'NONE', ( #754, #387, #784, #373 ) ) ;
#384 = VECTOR ( 'NONE', #1237, 1000.000000000000000 ) ;
#385 = CARTESIAN_POINT ( 'NONE',  ( 0.4200000000000004285, 0.4700000000000000289, 0.1700000000000000122 ) ) ;
#386 = ORIENTED_EDGE ( 'NONE', *, *, #531, .F. ) ;
#387 = ORIENTED_EDGE ( 'NONE', *, *, #67, .F. ) ;
#388 = ORIENTED_EDGE ( 'NONE', *, *, #34, .F. ) ;
#390 = DIRECTION ( 'NONE',  ( 0.000000000000000000, 0.000000000000000000, 1.000000000000000000 ) ) ;
#389 = LINE ( 'NONE', #1015, #1327 ) ;
#391 = DIRECTION ( 'NONE',  ( 0.000000000000000000, -1.000000000000000000, 0.000000000000000000 ) ) ;
#392 = ORIENTED_EDGE ( 'NONE', *, *, #55, .T. ) ;
#393 = DIRECTION ( 'NONE',  ( -1.000000000000000000, 0.000000000000000000, 0.000000000000000000 ) ) ;
#394 = EDGE_LOOP ( 'NONE', ( #1079, #790, #1055, #1219 ) ) ;
#395 = CIRCLE ( 'NONE', #250, 0.07999999999999998779 ) ;
#396 = UNCERTAINTY_MEASURE_WITH_UNIT (LENGTH_MEASURE( 1.000000000000000082E-05 ), #508, 'distance_accuracy_value', 'NONE');
#397 = EDGE_CURVE ( 'NONE', #1100, #910, #1399, .T. ) ;
#398 = FACE_OUTER_BOUND ( 'NONE', #775, .T. ) ;
#399 = DIRECTION ( 'NONE',  ( 1.000000000000000000, 0.000000000000000000, -0.000000000000000000 ) ) ;
#400 = ORIENTED_EDGE ( 'NONE', *, *, #1200, .F. ) ;
#401 = CYLINDRICAL_SURFACE ( 'NONE', #874, 0.05333333333333332288 ) ;
#402 = FILL_AREA_STYLE ('',( #36 ) ) ;
#403 = EDGE_CURVE ( 'NONE', #1266, #625, #1385, .T. ) ;
#404 = ORIENTED_EDGE ( 'NONE', *, *, #275, .F. ) ;
#405 = CARTESIAN_POINT ( 'NONE',  ( 500000.0000000000582, 0.07999999999999998779, -0.2233333333767016649 ) ) ;
#406 = SURFACE_SIDE_STYLE ('',( #443 ) ) ;
#407 = CARTESIAN_POINT ( 'NONE',  ( -0.2750000000000006328, 0.4700000000000000289, -0.2500000000000002220 ) ) ;
#408 = VERTEX_POINT ( 'NONE', #900 ) ;
#409 = VECTOR ( 'NONE', #30, 1000.000000000000000 ) ;
#410 = ORIENTED_EDGE ( 'NONE', *, *, #1413, .F. ) ;
#411 = CARTESIAN_POINT ( 'NONE',  ( 500000.0000000000582, 0.07999999999999998779, -0.1700000000433683489 ) ) ;
#412 = VERTEX_POINT ( 'NONE', #1310 ) ;
#413 = SURFACE_STYLE_USAGE ( .BOTH. , #1154 ) ;
#414 = AXIS2_PLACEMENT_3D ( 'NONE', #100, #22, #93 ) ;
#415 = CARTESIAN_POINT ( 'NONE',  ( 500000.0000000000582, 0.5233333333333333171, -0.1700000000433683489 ) ) ;
#416 = ORIENTED_EDGE ( 'NONE', *, *, #1341, .F. ) ;
#417 = AXIS2_PLACEMENT_3D ( 'NONE', #1050, #1420, #200 ) ;
#418 = UNCERTAINTY_MEASURE_WITH_UNIT (LENGTH_MEASURE( 1.000000000000000082E-05 ), #660, 'distance_accuracy_value', 'NONE');
#419 = ORIENTED_EDGE ( 'NONE', *, *, #195, .F. ) ;
#420 =( GEOMETRIC_REPRESENTATION_CONTEXT ( 3 ) GLOBAL_UNCERTAINTY_ASSIGNED_CONTEXT ( ( #269 ) ) GLOBAL_UNIT_ASSIGNED_CONTEXT ( ( #604, #1352, #985 ) ) REPRESENTATION_CONTEXT ( 'NONE', 'WORKASPACE' ) );
#421 = ORIENTED_EDGE ( 'NONE', *, *, #1405, .T. ) ;
#422 = CARTESIAN_POINT ( 'NONE',  ( -0.2750000000000005773, 0.4700000000000000289, -0.1700000000000002343 ) ) ;
#423 = ORIENTED_EDGE ( 'NONE', *, *, #143, .T. ) ;
#424 = DIRECTION ( 'NONE',  ( 0.000000000000000000, 0.000000000000000000, 1.000000000000000000 ) ) ;
#425 = CIRCLE ( 'NONE', #1401, 0.08000000000000000167 ) ;
#426 = VERTEX_POINT ( 'NONE', #1418 ) ;
#427 = ORIENTED_EDGE ( 'NONE', *, *, #1174, .T. ) ;
#428 = LINE ( 'NONE', #983, #915 ) ;
#429 = EDGE_LOOP ( 'NONE', ( #1068, #582, #272, #211 ) ) ;
#430 = DIRECTION ( 'NONE',  ( 1.000000000000000000, 0.000000000000000000, 2.168404344971007882E-16 ) ) ;
#431 = CIRCLE ( 'NONE', #580, 0.08000000000000000167 ) ;
#432 =( NAMED_UNIT ( * ) PLANE_ANGLE_UNIT ( ) SI_UNIT ( $, .RADIAN. ) );
#433 = CARTESIAN_POINT ( 'NONE',  ( 500000.0000000000582, 0.08000000000000009881, 0.2233333332899652135 ) ) ;
#434 = AXIS2_PLACEMENT_3D ( 'NONE', #415, #339, #987 ) ;
#435 = LINE ( 'NONE', #978, #921 ) ;
#436 =( GEOMETRIC_REPRESENTATION_CONTEXT ( 3 ) GLOBAL_UNCERTAINTY_ASSIGNED_CONTEXT ( ( #923 ) ) GLOBAL_UNIT_ASSIGNED_CONTEXT ( ( #852, #894, #603 ) ) REPRESENTATION_CONTEXT ( 'NONE', 'WORKASPACE' ) );
#437 = EDGE_CURVE ( 'NONE', #240, #265, #428, .T. ) ;
#438 = FACE_OUTER_BOUND ( 'NONE', #394, .T. ) ;
#439 = CARTESIAN_POINT ( 'NONE',  ( 0.5000000000000002220, 0.4700000000000000289, -0.1700000000000002620 ) ) ;
#440 = DIRECTION ( 'NONE',  ( 0.000000000000000000, 1.000000000000000000, 0.000000000000000000 ) ) ;
#441 = DIRECTION ( 'NONE',  ( -1.000000000000000000, -0.000000000000000000, 8.673617379884037937E-17 ) ) ;
#442 = CARTESIAN_POINT ( 'NONE',  ( 0.2750000000000006328, 0.5500000000000000444, -0.1700000000000002343 ) ) ;
#443 = SURFACE_STYLE_FILL_AREA ( #823 ) ;
#444 = VECTOR ( 'NONE', #762, 1000.000000000000000 ) ;
#445 = SPHERICAL_SURFACE ( 'NONE', #782, 0.08000000000000000167 ) ;
#446 = CARTESIAN_POINT ( 'NONE',  ( 0.4200000000000003175, 0.000000000000000000, -1.821459649775648189E-16 ) ) ;
#447 = CARTESIAN_POINT ( 'NONE',  ( -0.4200000000000002620, 0.5500000000000000444, -0.2500000000000002220 ) ) ;
#448 = CARTESIAN_POINT ( 'NONE',  ( 0.4200000000000003730, 0.07999999999999998779, 0.2500000000000000000 ) ) ;
#449 = COLOUR_RGB ( '',0.7294117647058823151, 0.3568627450980392246, 0.02352941176470588203 ) ;
#450 = EDGE_CURVE ( 'NONE', #1228, #846, #431, .T. ) ;
#451 = CARTESIAN_POINT ( 'NONE',  ( -0.4200000000000003730, 0.5500000000000000444, 0.1700000000000000122 ) ) ;
#452 = EDGE_CURVE ( 'NONE', #1226, #683, #178, .T. ) ;
#453 = VECTOR ( 'NONE', #110, 1000.000000000000000 ) ;
#454 = CARTESIAN_POINT ( 'NONE',  ( -0.2750000000000005773, 0.4700000000000000289, 0.2233333333333333004 ) ) ;
#455 = CARTESIAN_POINT ( 'NONE',  ( -0.5000000000000004441, 0.4700000000000000289, 0.2500000000000000000 ) ) ;
#456 = DIRECTION ( 'NONE',  ( -1.000000000000000000, -0.000000000000000000, -0.000000000000000000 ) ) ;
#457 = DIRECTION ( 'NONE',  ( -1.000000000000000000, 0.000000000000000000, 0.000000000000000000 ) ) ;
#458 = ADVANCED_FACE ( 'NONE', ( #148 ), #639, .T. ) ;
#459 = DIRECTION ( 'NONE',  ( 0.000000000000000000, 1.000000000000000000, -0.000000000000000000 ) ) ;
#460 = AXIS2_PLACEMENT_3D ( 'NONE', #63, #868, #1414 ) ;
#461 = FILL_AREA_STYLE ('',( #201 ) ) ;
#462 = PLANE ( 'NONE',  #1321 ) ;
#463 = EDGE_CURVE ( 'NONE', #1309, #217, #180, .T. ) ;
#464 = CARTESIAN_POINT ( 'NONE',  ( -0.2750000000000006328, 0.5500000000000000444, -0.2500000000000002220 ) ) ;
#465 = EDGE_CURVE ( 'NONE', #702, #1247, #182, .T. ) ;
#466 = PLANE ( 'NONE',  #13 ) ;
#467 = FILL_AREA_STYLE ('',( #61 ) ) ;
#468 = DIRECTION ( 'NONE',  ( -1.000000000000000000, 0.000000000000000000, 2.168404344971007882E-16 ) ) ;
#469 = DIRECTION ( 'NONE',  ( 1.000000000000000000, 0.000000000000000000, 2.168404344971007882E-16 ) ) ;
#470 = PRESENTATION_LAYER_ASSIGNMENT (  '', '', ( #1279 ) ) ;
#471 = AXIS2_PLACEMENT_3D ( 'NONE', #672, #1103, #5 ) ;
#472 = DIRECTION ( 'NONE',  ( -0.000000000000000000, -1.000000000000000000, -0.000000000000000000 ) ) ;
#473 = DIRECTION ( 'NONE',  ( -0.000000000000000000, 1.000000000000000000, -0.000000000000000000 ) ) ;
#474 = AXIS2_PLACEMENT_3D ( 'NONE', #484, #556, #399 ) ;
#475 = DIRECTION ( 'NONE',  ( 0.000000000000000000, 0.000000000000000000, -1.000000000000000000 ) ) ;
#476 = ADVANCED_FACE ( 'NONE', ( #650 ), #654, .T. ) ;
#477 = DIRECTION ( 'NONE',  ( 1.000000000000000000, -0.000000000000000000, -0.000000000000000000 ) ) ;
#478 = DIRECTION ( 'NONE',  ( 0.000000000000000000, 0.000000000000000000, -1.000000000000000000 ) ) ;
#479 = CARTESIAN_POINT ( 'NONE',  ( 0.2750000001014996087, 0.5233333333333333171, -0.1700000000000002898 ) ) ;
#480 = DIRECTION ( 'NONE',  ( 0.000000000000000000, 0.000000000000000000, -1.000000000000000000 ) ) ;
#481 =( LENGTH_UNIT ( ) NAMED_UNIT ( * ) SI_UNIT ( .MILLI., .METRE. ) );
#482 = AXIS2_PLACEMENT_3D ( 'NONE', #1225, #1008, #825 ) ;
#483 = AXIS2_PLACEMENT_3D ( 'NONE', #628, #1319, #511 ) ;
#484 = CARTESIAN_POINT ( 'NONE',  ( -0.5000000000000002220, 0.5500000000000000444, -0.2500000000000002220 ) ) ;
#485 = DIRECTION ( 'NONE',  ( 1.000000000000000000, 0.000000000000000000, 0.000000000000000000 ) ) ;
#486 = AXIS2_PLACEMENT_3D ( 'NONE', #381, #1350, #97 ) ;
#487 = EDGE_CURVE ( 'NONE', #792, #738, #142, .T. ) ;
#488 = SURFACE_SIDE_STYLE ('',( #757 ) ) ;
#489 = UNCERTAINTY_MEASURE_WITH_UNIT (LENGTH_MEASURE( 1.000000000000000082E-05 ), #2, 'distance_accuracy_value', 'NONE');
#490 = CARTESIAN_POINT ( 'NONE',  ( -0.2750000000000005773, 0.4700000000000000289, 0.2233333333333333282 ) ) ;
#491 = DIRECTION ( 'NONE',  ( -0.000000000000000000, -1.000000000000000000, -0.000000000000000000 ) ) ;
#492 = CARTESIAN_POINT ( 'NONE',  ( 0.4200000000000003730, 0.5500000000000000444, 0.1700000000000000122 ) ) ;
#493 = SURFACE_SIDE_STYLE ('',( #382 ) ) ;
#494 = SURFACE_SIDE_STYLE ('',( #1240 ) ) ;
#495 = CARTESIAN_POINT ( 'NONE',  ( 0.4200000000000003730, 0.4700000000000000289, 0.1700000000000000122 ) ) ;
#496 = AXIS2_PLACEMENT_3D ( 'NONE', #307, #525, #920 ) ;
#497 = DIRECTION ( 'NONE',  ( -1.000000000000000000, -0.000000000000000000, 8.673617379884037937E-17 ) ) ;
#498 = EDGE_CURVE ( 'NONE', #144, #607, #1132, .T. ) ;
#499 = DIRECTION ( 'NONE',  ( 0.000000000000000000, 0.000000000000000000, 1.000000000000000000 ) ) ;
#500 = DIRECTION ( 'NONE',  ( -2.168404344971007882E-16, 0.000000000000000000, 1.000000000000000000 ) ) ;
#501 = DIRECTION ( 'NONE',  ( -4.336808689942015764E-16, 0.000000000000000000, 1.000000000000000000 ) ) ;
#502 = PRODUCT_RELATED_PRODUCT_CATEGORY ( 'part', '', ( #655 ) ) ;
#503 = CARTESIAN_POINT ( 'NONE',  ( 0.5000000000000002220, 0.07999999999999998779, -0.2500000000000002220 ) ) ;
#504 = MECHANICAL_DESIGN_GEOMETRIC_PRESENTATION_REPRESENTATION (  '', ( #1010 ), #833 ) ;
#505 = STYLED_ITEM ( 'NONE', ( #121 ), #65 ) ;
#506 = DIRECTION ( 'NONE',  ( -1.000000000000000000, -0.000000000000000000, -0.000000000000000000 ) ) ;
#507 = DIRECTION ( 'NONE',  ( -1.000000000000000000, -0.000000000000000000, 8.673617379884037937E-17 ) ) ;
#508 =( LENGTH_UNIT ( ) NAMED_UNIT ( * ) SI_UNIT ( .MILLI., .METRE. ) );
#509 = CARTESIAN_POINT ( 'NONE',  ( 0.4200000000000002620, 0.4700000000000000289, -0.1700000000000002343 ) ) ;
#510 = CARTESIAN_POINT ( 'NONE',  ( -0.2750000000000005773, 0.02666666666666666491, -0.1700000000000001232 ) ) ;
#511 = DIRECTION ( 'NONE',  ( -1.000000000000000000, 0.000000000000000000, 3.388131789017201849E-16 ) ) ;
#512 = SURFACE_STYLE_USAGE ( .BOTH. , #54 ) ;
#513 =( GEOMETRIC_REPRESENTATION_CONTEXT ( 3 ) GLOBAL_UNCERTAINTY_ASSIGNED_CONTEXT ( ( #555 ) ) GLOBAL_UNIT_ASSIGNED_CONTEXT ( ( #739, #729, #751 ) ) REPRESENTATION_CONTEXT ( 'NONE', 'WORKASPACE' ) );
#514 = CARTESIAN_POINT ( 'NONE',  ( 500000.0000000000582, 0.4700000000000000289, 0.1699999999566318976 ) ) ;
#515 = CARTESIAN_POINT ( 'NONE',  ( 0.5000000000000002220, 0.5500000000000000444, -0.2500000000000002220 ) ) ;
#516 = STYLED_ITEM ( 'NONE', ( #917 ), #239 ) ;
#517 = PRESENTATION_LAYER_ASSIGNMENT (  '', '', ( #1384 ) ) ;
#518 = EDGE_CURVE ( 'NONE', #181, #734, #174, .T. ) ;
#519 = DIRECTION ( 'NONE',  ( 0.000000000000000000, 0.000000000000000000, 1.000000000000000000 ) ) ;
#520 = FILL_AREA_STYLE_COLOUR ( '', #1106 ) ;
#521 = ADVANCED_FACE ( 'NONE', ( #1083 ), #154, .T. ) ;
#522 = DIRECTION ( 'NONE',  ( 0.000000000000000000, 0.000000000000000000, 1.000000000000000000 ) ) ;
#523 = DIRECTION ( 'NONE',  ( -1.000000000000000000, -0.000000000000000000, 8.673617379884037937E-17 ) ) ;
#524 = DIRECTION ( 'NONE',  ( -1.000000000000000000, 0.000000000000000000, -4.336808689942016257E-16 ) ) ;
#525 = DIRECTION ( 'NONE',  ( 1.000000000000000000, 0.000000000000000000, 2.168404344971007882E-16 ) ) ;
#526 = CARTESIAN_POINT ( 'NONE',  ( -0.4200000000000003730, 0.4700000000000000289, 0.1700000000000000122 ) ) ;
#527 = AXIS2_PLACEMENT_3D ( 'NONE', #411, #497, #959 ) ;
#528 = EDGE_CURVE ( 'NONE', #1092, #144, #642, .T. ) ;
#529 = CARTESIAN_POINT ( 'NONE',  ( -0.4200000000000002620, 0.4700000000000000289, -0.1700000000000002343 ) ) ;
#530 = AXIS2_PLACEMENT_3D ( 'NONE', #977, #1042, #956 ) ;
#531 = EDGE_CURVE ( 'NONE', #625, #877, #1134, .T. ) ;
#532 = CARTESIAN_POINT ( 'NONE',  ( 0.5000000000000002220, 0.4700000000000000289, -0.2500000000000002220 ) ) ;
#533 = CARTESIAN_POINT ( 'NONE',  ( 0.000000000000000000, 0.4700000000000000289, -0.1700000000000002343 ) ) ;
#534 = DIRECTION ( 'NONE',  ( 0.000000000000000000, 0.000000000000000000, -1.000000000000000000 ) ) ;
#535 = ADVANCED_FACE ( 'NONE', ( #166 ), #1140, .T. ) ;
#536 = CARTESIAN_POINT ( 'NONE',  ( 0.5000000000000004441, 0.07999999999999998779, 0.1700000000000000122 ) ) ;
#537 = CARTESIAN_POINT ( 'NONE',  ( 0.2750000000000005218, 0.4700000000000000289, 0.2500000000000000000 ) ) ;
#538 = AXIS2_PLACEMENT_3D ( 'NONE', #514, #441, #424 ) ;
#539 = SURFACE_SIDE_STYLE ('',( #151 ) ) ;
#540 = APPLICATION_PROTOCOL_DEFINITION ( 'draft international standard', 'automotive_design', 1998, #360 ) ;
#541 = EDGE_CURVE ( 'NONE', #738, #1295, #187, .T. ) ;
#542 = DIRECTION ( 'NONE',  ( -1.000000000000000000, 0.000000000000000000, -3.388131789017199384E-16 ) ) ;
#543 = ADVANCED_FACE ( 'NONE', ( #621 ), #663, .T. ) ;
#544 = EDGE_CURVE ( 'NONE', #1342, #1110, #162, .T. ) ;
#545 = CARTESIAN_POINT ( 'NONE',  ( 0.5000000000000002220, 0.07999999999999998779, -0.1700000000000002620 ) ) ;
#546 = DIRECTION ( 'NONE',  ( 1.000000000000000000, -0.000000000000000000, -0.000000000000000000 ) ) ;
#547 = DIRECTION ( 'NONE',  ( -1.000000000000000000, 0.000000000000000000, 0.000000000000000000 ) ) ;
#548 = PRESENTATION_LAYER_ASSIGNMENT (  '', '', ( #9 ) ) ;
#549 = DIRECTION ( 'NONE',  ( 1.000000000000000000, -0.000000000000000000, 4.336808689942015764E-16 ) ) ;
#550 = AXIS2_PLACEMENT_3D ( 'NONE', #925, #393, #220 ) ;
#551 = CARTESIAN_POINT ( 'NONE',  ( 0.4200000000000002620, 0.5500000000000000444, -0.1700000000000002343 ) ) ;
#552 = CARTESIAN_POINT ( 'NONE',  ( 0.2750000000000005218, 0.000000000000000000, 0.1700000000000000122 ) ) ;
#553 = AXIS2_PLACEMENT_3D ( 'NONE', #1052, #169, #7 ) ;
#554 = DIRECTION ( 'NONE',  ( -1.000000000000000000, 0.000000000000000000, 0.000000000000000000 ) ) ;
#555 = UNCERTAINTY_MEASURE_WITH_UNIT (LENGTH_MEASURE( 1.000000000000000082E-05 ), #739, 'distance_accuracy_value', 'NONE');
#556 = DIRECTION ( 'NONE',  ( 0.000000000000000000, 0.000000000000000000, 1.000000000000000000 ) ) ;
#557 =( NAMED_UNIT ( * ) SI_UNIT ( $, .STERADIAN. ) SOLID_ANGLE_UNIT ( ) );
#558 = SURFACE_STYLE_USAGE ( .BOTH. , #488 ) ;
#559 = CARTESIAN_POINT ( 'NONE',  ( 0.2750000000000006328, 0.5500000000000000444, -0.2500000000000002220 ) ) ;
#560 = CARTESIAN_POINT ( 'NONE',  ( 0.000000000000000000, 0.000000000000000000, 0.1700000000000000122 ) ) ;
#561 = AXIS2_PLACEMENT_3D ( 'NONE', #41, #1271, #129 ) ;
#562 = AXIS2_PLACEMENT_3D ( 'NONE', #495, #260, #681 ) ;
#563 = PRESENTATION_STYLE_ASSIGNMENT (( #1021 ) ) ;
#564 = SURFACE_STYLE_USAGE ( .BOTH. , #493 ) ;
#565 = EDGE_CURVE ( 'NONE', #1342, #596, #658, .T. ) ;
#566 = CARTESIAN_POINT ( 'NONE',  ( -0.5000000000000004441, 0.07999999999999998779, 0.2500000000000000000 ) ) ;
#567 =( LENGTH_UNIT ( ) NAMED_UNIT ( * ) SI_UNIT ( .MILLI., .METRE. ) );
#568 =( LENGTH_UNIT ( ) NAMED_UNIT ( * ) SI_UNIT ( .MILLI., .METRE. ) );
#569 =( NAMED_UNIT ( * ) SI_UNIT ( $, .STERADIAN. ) SOLID_ANGLE_UNIT ( ) );
#570 = CARTESIAN_POINT ( 'NONE',  ( -0.2750000000000005773, 0.07999999999999998779, -0.2233333333333335502 ) ) ;
#571 = AXIS2_PLACEMENT_3D ( 'NONE', #1243, #692, #791 ) ;
#572 = DIRECTION ( 'NONE',  ( 0.000000000000000000, 1.000000000000000000, 0.000000000000000000 ) ) ;
#573 = EDGE_CURVE ( 'NONE', #1302, #640, #1128, .T. ) ;
#574 = EDGE_LOOP ( 'NONE', ( #302, #743, #419, #1131 ) ) ;
#575 = CARTESIAN_POINT ( 'NONE',  ( 500000.0000000000582, 0.5233333333333333171, 0.1699999999566317865 ) ) ;
#576 = FILL_AREA_STYLE ('',( #152 ) ) ;
#577 = CARTESIAN_POINT ( 'NONE',  ( -0.5000000000000002220, 0.5500000000000000444, -0.1700000000000002620 ) ) ;
#578 = DIRECTION ( 'NONE',  ( 0.000000000000000000, -1.000000000000000000, -0.000000000000000000 ) ) ;
#579 = ORIENTED_EDGE ( 'NONE', *, *, #992, .F. ) ;
#580 = AXIS2_PLACEMENT_3D ( 'NONE', #1199, #205, #238 ) ;
#581 = EDGE_CURVE ( 'NONE', #589, #128, #600, .T. ) ;
#582 = ORIENTED_EDGE ( 'NONE', *, *, #1032, .T. ) ;
#583 = CARTESIAN_POINT ( 'NONE',  ( 0.4200000000000002620, 0.4700000000000000289, -0.1700000000000002343 ) ) ;
#584 = EDGE_CURVE ( 'NONE', #625, #1150, #1088, .T. ) ;
#585 = CARTESIAN_POINT ( 'NONE',  ( 0.2749999999878127710, 0.07999999999999998779, -0.1700000000000002898 ) ) ;
#586 = CARTESIAN_POINT ( 'NONE',  ( -0.2750000000000006328, 0.5500000000000000444, -0.2500000000000002220 ) ) ;
#587 = DIRECTION ( 'NONE',  ( 1.000000000000000000, 0.000000000000000000, -3.388131789017201849E-16 ) ) ;
#588 = LINE ( 'NONE', #115, #1076 ) ;
#589 = VERTEX_POINT ( 'NONE', #635 ) ;
#590 = LINE ( 'NONE', #455, #1072 ) ;
#591 = DIRECTION ( 'NONE',  ( 1.000000000000000000, 0.000000000000000000, 0.000000000000000000 ) ) ;
#592 = COLOUR_RGB ( '',0.7921568627450980005, 0.8196078431372548767, 0.9333333333333333481 ) ;
#593 = CARTESIAN_POINT ( 'NONE',  ( 0.4200000000000002620, 0.000000000000000000, -0.1700000000000002343 ) ) ;
#594 = VECTOR ( 'NONE', #933, 1000.000000000000000 ) ;
#595 = AXIS2_PLACEMENT_3D ( 'NONE', #1195, #534, #1053 ) ;
#596 = VERTEX_POINT ( 'NONE', #1075 ) ;
#597 = DIRECTION ( 'NONE',  ( 1.000000000000000000, 0.000000000000000000, 0.000000000000000000 ) ) ;
#598 = SPHERICAL_SURFACE ( 'NONE', #553, 0.08000000000000000167 ) ;
#599 = AXIS2_PLACEMENT_3D ( 'NONE', #1203, #138, #758 ) ;
#600 = CIRCLE ( 'NONE', #1067, 0.07999999999999998779 ) ;
#601 = EDGE_CURVE ( 'NONE', #1332, #426, #1081, .T. ) ;
#602 = VECTOR ( 'NONE', #68, 1000.000000000000000 ) ;
#603 =( NAMED_UNIT ( * ) SI_UNIT ( $, .STERADIAN. ) SOLID_ANGLE_UNIT ( ) );
#604 =( LENGTH_UNIT ( ) NAMED_UNIT ( * ) SI_UNIT ( .MILLI., .METRE. ) );
#605 = DIRECTION ( 'NONE',  ( 3.388131789017198891E-16, -0.000000000000000000, -1.000000000000000000 ) ) ;
#606 = VECTOR ( 'NONE', #1149, 1000.000000000000000 ) ;
#607 = VERTEX_POINT ( 'NONE', #1380 ) ;
#608 = CARTESIAN_POINT ( 'NONE',  ( -0.4200000000000003730, 0.4700000000000000289, 0.1700000000000000122 ) ) ;
#609 = SURFACE_STYLE_FILL_AREA ( #60 ) ;
#610 = ADVANCED_FACE ( 'NONE', ( #1112 ), #1108, .T. ) ;
#611 = LINE ( 'NONE', #895, #170 ) ;
#612 = CIRCLE ( 'NONE', #414, 0.08000000000000000167 ) ;
#613 = LINE ( 'NONE', #1038, #1093 ) ;
#614 = ORIENTED_EDGE ( 'NONE', *, *, #90, .F. ) ;
#615 = CARTESIAN_POINT ( 'NONE',  ( -0.2750000000000005773, 0.08000000000000009881, 0.2233333333333333282 ) ) ;
#616 = DIRECTION ( 'NONE',  ( 1.000000000000000000, -0.000000000000000000, 0.000000000000000000 ) ) ;
#617 = CARTESIAN_POINT ( 'NONE',  ( 500000.0000000000582, 0.02666666666666667185, 0.1699999999566318976 ) ) ;
#618 = PRESENTATION_LAYER_ASSIGNMENT (  '', '', ( #516 ) ) ;
#619 = EDGE_LOOP ( 'NONE', ( #228, #300, #416 ) ) ;
#620 = CARTESIAN_POINT ( 'NONE',  ( -0.4200000000000003730, 0.5500000000000000444, 0.1700000000000000122 ) ) ;
#621 = FACE_OUTER_BOUND ( 'NONE', #226, .T. ) ;
#622 = AXIS2_PLACEMENT_3D ( 'NONE', #25, #46, #524 ) ;
#623 = ORIENTED_EDGE ( 'NONE', *, *, #43, .F. ) ;
#624 = EDGE_CURVE ( 'NONE', #1101, #1332, #159, .T. ) ;
#625 = VERTEX_POINT ( 'NONE', #964 ) ;
#626 = CIRCLE ( 'NONE', #483, 0.07999999999999998779 ) ;
#627 = DIRECTION ( 'NONE',  ( 0.000000000000000000, 0.000000000000000000, -1.000000000000000000 ) ) ;
#628 = CARTESIAN_POINT ( 'NONE',  ( 0.4200000000000004285, 0.07999999999999998779, 0.1700000000000000122 ) ) ;
#629 = ORIENTED_EDGE ( 'NONE', *, *, #1305, .T. ) ;
#630 = PRODUCT_CONTEXT ( 'NONE', #1250, 'mechanical' ) ;
#631 = UNCERTAINTY_MEASURE_WITH_UNIT (LENGTH_MEASURE( 1.000000000000000082E-05 ), #680, 'distance_accuracy_value', 'NONE');
#632 = FACE_OUTER_BOUND ( 'NONE', #309, .T. ) ;
#633 = FACE_OUTER_BOUND ( 'NONE', #1221, .T. ) ;
#634 = ORIENTED_EDGE ( 'NONE', *, *, #999, .T. ) ;
#635 = CARTESIAN_POINT ( 'NONE',  ( 0.2750000000000005218, 0.07999999999999998779, 0.2500000000000000000 ) ) ;
#636 = VECTOR ( 'NONE', #1239, 1000.000000000000000 ) ;
#637 = ORIENTED_EDGE ( 'NONE', *, *, #855, .T. ) ;
#638 = ORIENTED_EDGE ( 'NONE', *, *, #954, .T. ) ;
#639 = CYLINDRICAL_SURFACE ( 'NONE', #814, 0.07999999999999998779 ) ;
#640 = VERTEX_POINT ( 'NONE', #510 ) ;
#641 = ORIENTED_EDGE ( 'NONE', *, *, #1124, .F. ) ;
#642 = CIRCLE ( 'NONE', #1213, 0.05333333333333329512 ) ;
#643 = ADVANCED_FACE ( 'NONE', ( #632 ), #1122, .T. ) ;
#644 = LINE ( 'NONE', #1214, #1114 ) ;
#645 = DIRECTION ( 'NONE',  ( 0.000000000000000000, 0.000000000000000000, 1.000000000000000000 ) ) ;
#646 = PRESENTATION_LAYER_ASSIGNMENT (  '', '', ( #849 ) ) ;
#647 = SURFACE_STYLE_USAGE ( .BOTH. , #406 ) ;
#648 = ORIENTED_EDGE ( 'NONE', *, *, #1328, .T. ) ;
#649 = DIRECTION ( 'NONE',  ( 1.000000000000000000, 0.000000000000000000, 0.000000000000000000 ) ) ;
#650 = FACE_OUTER_BOUND ( 'NONE', #317, .T. ) ;
#651 = EDGE_CURVE ( 'NONE', #1146, #607, #133, .T. ) ;
#652 = ORIENTED_EDGE ( 'NONE', *, *, #255, .F. ) ;
#653 = CARTESIAN_POINT ( 'NONE',  ( 0.000000000000000000, 0.000000000000000000, -0.1700000000000002343 ) ) ;
#654 = SPHERICAL_SURFACE ( 'NONE', #471, 0.08000000000000000167 ) ;
#655 = PRODUCT ( '10.50.550.225', '10.50.550.225', '', ( #630 ) ) ;
#656 = EDGE_CURVE ( 'NONE', #408, #1092, #613, .T. ) ;
#657 = ORIENTED_EDGE ( 'NONE', *, *, #33, .T. ) ;
#658 = LINE ( 'NONE', #464, #119 ) ;
#659 = VECTOR ( 'NONE', #667, 1000.000000000000000 ) ;
#660 =( LENGTH_UNIT ( ) NAMED_UNIT ( * ) SI_UNIT ( .MILLI., .METRE. ) );
#661 = ORIENTED_EDGE ( 'NONE', *, *, #1145, .T. ) ;
#662 = MANIFOLD_SOLID_BREP ( 'Mirror2', #1135 ) ;
#663 = CYLINDRICAL_SURFACE ( 'NONE', #333, 0.08000000000000000167 ) ;
#664 = VECTOR ( 'NONE', #99, 1000.000000000000000 ) ;
#665 = DIRECTION ( 'NONE',  ( 0.000000000000000000, 0.000000000000000000, -1.000000000000000000 ) ) ;
#666 = UNCERTAINTY_MEASURE_WITH_UNIT (LENGTH_MEASURE( 1.000000000000000082E-05 ), #481, 'distance_accuracy_value', 'NONE');
#667 = DIRECTION ( 'NONE',  ( 2.168404344971007882E-16, -0.000000000000000000, -1.000000000000000000 ) ) ;
#668 = ORIENTED_EDGE ( 'NONE', *, *, #904, .F. ) ;
#669 = DIRECTION ( 'NONE',  ( -2.168404344971008128E-16, 0.000000000000000000, 1.000000000000000000 ) ) ;
#670 = CIRCLE ( 'NONE', #1144, 0.05333333333333330900 ) ;
#671 = ORIENTED_EDGE ( 'NONE', *, *, #885, .F. ) ;
#672 = CARTESIAN_POINT ( 'NONE',  ( 0.4200000000000002620, 0.4700000000000000289, -0.1700000000000002343 ) ) ;
#673 = LINE ( 'NONE', #1069, #222 ) ;
#674 = ORIENTED_EDGE ( 'NONE', *, *, #687, .T. ) ;
#675 = FACE_OUTER_BOUND ( 'NONE', #323, .T. ) ;
#676 = FACE_OUTER_BOUND ( 'NONE', #135, .T. ) ;
#677 = CARTESIAN_POINT ( 'NONE',  ( -0.4200000000000004285, 0.07999999999999998779, 0.1700000000000000122 ) ) ;
#678 = ORIENTED_EDGE ( 'NONE', *, *, #463, .F. ) ;
#679 = STYLED_ITEM ( 'NONE', ( #821 ), #1077 ) ;
#680 =( LENGTH_UNIT ( ) NAMED_UNIT ( * ) SI_UNIT ( .MILLI., .METRE. ) );
#681 = DIRECTION ( 'NONE',  ( -1.000000000000000000, 0.000000000000000000, 0.000000000000000000 ) ) ;
#682 = STYLED_ITEM ( 'NONE', ( #718 ), #77 ) ;
#683 = VERTEX_POINT ( 'NONE', #984 ) ;
#684 = CYLINDRICAL_SURFACE ( 'NONE', #486, 0.07999999999999998779 ) ;
#685 = SURFACE_STYLE_FILL_AREA ( #467 ) ;
#686 = EDGE_LOOP ( 'NONE', ( #694, #410, #193, #1211 ) ) ;
#687 = EDGE_CURVE ( 'NONE', #128, #426, #258, .T. ) ;
#688 = DIRECTION ( 'NONE',  ( 0.000000000000000000, -1.000000000000000000, 0.000000000000000000 ) ) ;
#689 = COLOUR_RGB ( '',0.7921568627450980005, 0.8196078431372548767, 0.9333333333333333481 ) ;
#690 = ORIENTED_EDGE ( 'NONE', *, *, #885, .T. ) ;
#691 = LINE ( 'NONE', #1082, #1194 ) ;
#692 = DIRECTION ( 'NONE',  ( 0.000000000000000000, 0.000000000000000000, -1.000000000000000000 ) ) ;
#693 =( NAMED_UNIT ( * ) PLANE_ANGLE_UNIT ( ) SI_UNIT ( $, .RADIAN. ) );
#694 = ORIENTED_EDGE ( 'NONE', *, *, #840, .F. ) ;
#695 = FACE_OUTER_BOUND ( 'NONE', #843, .T. ) ;
#696 =( NAMED_UNIT ( * ) SI_UNIT ( $, .STERADIAN. ) SOLID_ANGLE_UNIT ( ) );
#697 = CARTESIAN_POINT ( 'NONE',  ( -0.2750000000000005773, 0.5233333333333333171, -0.1700000000000002343 ) ) ;
#698 = ORIENTED_EDGE ( 'NONE', *, *, #143, .F. ) ;
#699 = FILL_AREA_STYLE_COLOUR ( '', #592 ) ;
#700 = CIRCLE ( 'NONE', #1429, 0.08000000000000000167 ) ;
#701 = SPHERICAL_SURFACE ( 'NONE', #562, 0.08000000000000000167 ) ;
#702 = VERTEX_POINT ( 'NONE', #975 ) ;
#703 = CIRCLE ( 'NONE', #1022, 0.08000000000000000167 ) ;
#704 =( GEOMETRIC_REPRESENTATION_CONTEXT ( 3 ) GLOBAL_UNCERTAINTY_ASSIGNED_CONTEXT ( ( #418 ) ) GLOBAL_UNIT_ASSIGNED_CONTEXT ( ( #660, #804, #557 ) ) REPRESENTATION_CONTEXT ( 'NONE', 'WORKASPACE' ) );
#705 = ORIENTED_EDGE ( 'NONE', *, *, #465, .F. ) ;
#706 = FACE_OUTER_BOUND ( 'NONE', #829, .T. ) ;
#707 = PLANE ( 'NONE',  #988 ) ;
#708 = VERTEX_POINT ( 'NONE', #439 ) ;
#709 = AXIS2_PLACEMENT_3D ( 'NONE', #348, #11, #1227 ) ;
#710 = EDGE_CURVE ( 'NONE', #1146, #1337, #1147, .T. ) ;
#711 = CARTESIAN_POINT ( 'NONE',  ( -0.4200000000000002620, 0.07999999999999998779, -0.1700000000000002343 ) ) ;
#712 = ORIENTED_EDGE ( 'NONE', *, *, #544, .T. ) ;
#713 = VECTOR ( 'NONE', #1013, 1000.000000000000000 ) ;
#714 = CYLINDRICAL_SURFACE ( 'NONE', #290, 0.07999999999999998779 ) ;
#715 = FACE_OUTER_BOUND ( 'NONE', #860, .T. ) ;
#716 = LINE ( 'NONE', #447, #207 ) ;
#717 = DIRECTION ( 'NONE',  ( 0.000000000000000000, 0.000000000000000000, 1.000000000000000000 ) ) ;
#718 = PRESENTATION_STYLE_ASSIGNMENT (( #1204 ) ) ;
#719 = DIRECTION ( 'NONE',  ( 1.000000000000000000, 0.000000000000000000, 2.168404344971007882E-16 ) ) ;
#720 = CIRCLE ( 'NONE', #928, 0.07999999999999998779 ) ;
#721 = SURFACE_STYLE_USAGE ( .BOTH. , #494 ) ;
#722 = CARTESIAN_POINT ( 'NONE',  ( 0.2750000001014996087, 0.02666666666666666491, -0.1700000000000001787 ) ) ;
#723 = COLOUR_RGB ( '',0.7294117647058823151, 0.3568627450980392246, 0.02352941176470588203 ) ;
#724 = PRESENTATION_LAYER_ASSIGNMENT (  '', '', ( #505 ) ) ;
#725 = CIRCLE ( 'NONE', #1172, 0.08000000000000000167 ) ;
#726 = DIRECTION ( 'NONE',  ( 1.000000000000000000, 0.000000000000000000, -4.336808689942016257E-16 ) ) ;
#727 = MECHANICAL_DESIGN_GEOMETRIC_PRESENTATION_REPRESENTATION (  '', ( #1384 ), #436 ) ;
#728 = FACE_OUTER_BOUND ( 'NONE', #109, .T. ) ;
#729 =( NAMED_UNIT ( * ) PLANE_ANGLE_UNIT ( ) SI_UNIT ( $, .RADIAN. ) );
#730 = EDGE_CURVE ( 'NONE', #426, #1268, #1151, .T. ) ;
#731 = ORIENTED_EDGE ( 'NONE', *, *, #1034, .T. ) ;
#732 = DIRECTION ( 'NONE',  ( -1.000000000000000000, -0.000000000000000000, -0.000000000000000000 ) ) ;
#733 = ADVANCED_FACE ( 'NONE', ( #191 ), #1317, .F. ) ;
#734 = VERTEX_POINT ( 'NONE', #1035 ) ;
#735 = ORIENTED_EDGE ( 'NONE', *, *, #1260, .F. ) ;
#736 = DIRECTION ( 'NONE',  ( 1.000000000000000000, 0.000000000000000000, -8.673617379884036705E-17 ) ) ;
#737 = PLANE ( 'NONE',  #1216 ) ;
#738 = VERTEX_POINT ( 'NONE', #1424 ) ;
#739 =( LENGTH_UNIT ( ) NAMED_UNIT ( * ) SI_UNIT ( .MILLI., .METRE. ) );
#740 = EDGE_LOOP ( 'NONE', ( #767, #884, #1359, #872 ) ) ;
#741 = CARTESIAN_POINT ( 'NONE',  ( -0.4200000000000002620, 0.5500000000000000444, -0.1700000000000002343 ) ) ;
#742 = CARTESIAN_POINT ( 'NONE',  ( -0.4200000000000002620, 0.07999999999999998779, -0.1700000000000002343 ) ) ;
#743 = ORIENTED_EDGE ( 'NONE', *, *, #229, .F. ) ;
#744 = AXIS2_PLACEMENT_3D ( 'NONE', #1426, #968, #1340 ) ;
#745 = MECHANICAL_DESIGN_GEOMETRIC_PRESENTATION_REPRESENTATION (  '', ( #505 ), #1389 ) ;
#746 = ORIENTED_EDGE ( 'NONE', *, *, #1145, .F. ) ;
#747 = DIRECTION ( 'NONE',  ( 0.000000000000000000, 1.000000000000000000, -0.000000000000000000 ) ) ;
#748 = CARTESIAN_POINT ( 'NONE',  ( 500000.0000000000582, 0.07999999999999998779, -0.2233333333767016649 ) ) ;
#749 = EDGE_CURVE ( 'NONE', #702, #1290, #703, .T. ) ;
#750 = ORIENTED_EDGE ( 'NONE', *, *, #687, .F. ) ;
#751 =( NAMED_UNIT ( * ) SI_UNIT ( $, .STERADIAN. ) SOLID_ANGLE_UNIT ( ) );
#752 = ORIENTED_EDGE ( 'NONE', *, *, #930, .T. ) ;
#753 = CARTESIAN_POINT ( 'NONE',  ( -0.2750000000000005773, 0.07999999999999998779, 0.1700000000000000122 ) ) ;
#754 = ORIENTED_EDGE ( 'NONE', *, *, #315, .T. ) ;
#755 = LINE ( 'NONE', #175, #322 ) ;
#756 = VERTEX_POINT ( 'NONE', #454 ) ;
#757 = SURFACE_STYLE_FILL_AREA ( #1007 ) ;
#758 = DIRECTION ( 'NONE',  ( 0.000000000000000000, 0.000000000000000000, -1.000000000000000000 ) ) ;
#759 = ADVANCED_FACE ( 'NONE', ( #675 ), #1173, .T. ) ;
#760 = EDGE_LOOP ( 'NONE', ( #147, #657, #1125, #160 ) ) ;
#761 = ORIENTED_EDGE ( 'NONE', *, *, #1054, .T. ) ;
#762 = DIRECTION ( 'NONE',  ( 1.000000000000000000, -0.000000000000000000, -0.000000000000000000 ) ) ;
#763 = LINE ( 'NONE', #405, #801 ) ;
#764 =( GEOMETRIC_REPRESENTATION_CONTEXT ( 3 ) GLOBAL_UNCERTAINTY_ASSIGNED_CONTEXT ( ( #631 ) ) GLOBAL_UNIT_ASSIGNED_CONTEXT ( ( #680, #288, #696 ) ) REPRESENTATION_CONTEXT ( 'NONE', 'WORKASPACE' ) );
#765 = ORIENTED_EDGE ( 'NONE', *, *, #710, .F. ) ;
#766 = AXIS2_PLACEMENT_3D ( 'NONE', #748, #358, #1046 ) ;
#767 = ORIENTED_EDGE ( 'NONE', *, *, #544, .F. ) ;
#768 = ADVANCED_FACE ( 'NONE', ( #218 ), #1292, .T. ) ;
#769 = EDGE_CURVE ( 'NONE', #412, #792, #264, .T. ) ;
#770 = VECTOR ( 'NONE', #886, 1000.000000000000000 ) ;
#771 = ORIENTED_EDGE ( 'NONE', *, *, #531, .T. ) ;
#772 = LINE ( 'NONE', #577, #303 ) ;
#773 = ORIENTED_EDGE ( 'NONE', *, *, #79, .T. ) ;
#774 = CIRCLE ( 'NONE', #1299, 0.05333333333333332288 ) ;
#775 = EDGE_LOOP ( 'NONE', ( #112, #1351, #1329 ) ) ;
#776 = ORIENTED_EDGE ( 'NONE', *, *, #172, .F. ) ;
#777 = DIRECTION ( 'NONE',  ( 0.000000000000000000, -1.000000000000000000, 0.000000000000000000 ) ) ;
#778 = SURFACE_SIDE_STYLE ('',( #116 ) ) ;
#779 = ORIENTED_EDGE ( 'NONE', *, *, #769, .F. ) ;
#780 = MECHANICAL_DESIGN_GEOMETRIC_PRESENTATION_REPRESENTATION (  '', ( #980 ), #513 ) ;
#781 = ADVANCED_FACE ( 'NONE', ( #1202 ), #254, .T. ) ;
#782 = AXIS2_PLACEMENT_3D ( 'NONE', #608, #1428, #1206 ) ;
#783 = LINE ( 'NONE', #972, #788 ) ;
#784 = ORIENTED_EDGE ( 'NONE', *, *, #105, .T. ) ;
#785 = DIRECTION ( 'NONE',  ( 0.000000000000000000, -1.000000000000000000, 0.000000000000000000 ) ) ;
#786 = LINE ( 'NONE', #1205, #1275 ) ;
#787 = AXIS2_PLACEMENT_3D ( 'NONE', #946, #29, #1217 ) ;
#788 = VECTOR ( 'NONE', #1127, 1000.000000000000000 ) ;
#789 = EDGE_CURVE ( 'NONE', #607, #756, #670, .T. ) ;
#790 = ORIENTED_EDGE ( 'NONE', *, *, #1421, .T. ) ;
#791 = DIRECTION ( 'NONE',  ( -1.000000000000000000, 0.000000000000000000, -0.000000000000000000 ) ) ;
#792 = VERTEX_POINT ( 'NONE', #795 ) ;
#793 = LINE ( 'NONE', #1215, #341 ) ;
#794 = LINE ( 'NONE', #1417, #1256 ) ;
#795 = CARTESIAN_POINT ( 'NONE',  ( -0.4200000000000003730, 0.4700000000000000289, 0.2500000000000000000 ) ) ;
#796 =( NAMED_UNIT ( * ) PLANE_ANGLE_UNIT ( ) SI_UNIT ( $, .RADIAN. ) );
#797 = VERTEX_POINT ( 'NONE', #545 ) ;
#798 = COLOUR_RGB ( '',0.7294117647058823151, 0.3568627450980392246, 0.02352941176470588203 ) ;
#799 = ORIENTED_EDGE ( 'NONE', *, *, #1421, .F. ) ;
#800 = DIRECTION ( 'NONE',  ( 0.000000000000000000, 0.000000000000000000, 1.000000000000000000 ) ) ;
#801 = VECTOR ( 'NONE', #1323, 1000.000000000000000 ) ;
#802 = UNCERTAINTY_MEASURE_WITH_UNIT (LENGTH_MEASURE( 1.000000000000000082E-05 ), #297, 'distance_accuracy_value', 'NONE');
#803 = ORIENTED_EDGE ( 'NONE', *, *, #749, .T. ) ;
#804 =( NAMED_UNIT ( * ) PLANE_ANGLE_UNIT ( ) SI_UNIT ( $, .RADIAN. ) );
#805 = ORIENTED_EDGE ( 'NONE', *, *, #1044, .F. ) ;
#806 = DIRECTION ( 'NONE',  ( 0.000000000000000000, 0.000000000000000000, 1.000000000000000000 ) ) ;
#807 = ADVANCED_FACE ( 'NONE', ( #695 ), #27, .T. ) ;
#808 = AXIS2_PLACEMENT_3D ( 'NONE', #321, #456, #522 ) ;
#809 = SURFACE_STYLE_USAGE ( .BOTH. , #28 ) ;
#810 = ORIENTED_EDGE ( 'NONE', *, *, #397, .F. ) ;
#811 = DIRECTION ( 'NONE',  ( 1.000000000000000000, 0.000000000000000000, 3.388131789017201849E-16 ) ) ;
#812 = PRESENTATION_LAYER_ASSIGNMENT (  '', '', ( #982 ) ) ;
#813 = VERTEX_POINT ( 'NONE', #80 ) ;
#814 = AXIS2_PLACEMENT_3D ( 'NONE', #263, #554, #1369 ) ;
#815 = DIRECTION ( 'NONE',  ( 0.000000000000000000, 0.000000000000000000, 1.000000000000000000 ) ) ;
#816 = EDGE_CURVE ( 'NONE', #1309, #708, #194, .T. ) ;
#817 = ORIENTED_EDGE ( 'NONE', *, *, #710, .T. ) ;
#818 = FACE_OUTER_BOUND ( 'NONE', #686, .T. ) ;
#819 = DIRECTION ( 'NONE',  ( 1.000000000000000000, 0.000000000000000000, 3.388131789017201849E-16 ) ) ;
#820 = VERTEX_POINT ( 'NONE', #479 ) ;
#821 = PRESENTATION_STYLE_ASSIGNMENT (( #413 ) ) ;
#822 = DIRECTION ( 'NONE',  ( -6.776263578034402713E-16, 0.000000000000000000, 1.000000000000000000 ) ) ;
#823 = FILL_AREA_STYLE ('',( #271 ) ) ;
#824 = EDGE_LOOP ( 'NONE', ( #750, #1189, #641, #918, #423, #1163, #296, #1261 ) ) ;
#825 = DIRECTION ( 'NONE',  ( 0.000000000000000000, 8.470329472543003391E-16, 1.000000000000000000 ) ) ;
#826 = FACE_OUTER_BOUND ( 'NONE', #1391, .T. ) ;
#827 = LINE ( 'NONE', #1403, #409 ) ;
#828 = EDGE_LOOP ( 'NONE', ( #735, #145, #731, #1270 ) ) ;
#829 = EDGE_LOOP ( 'NONE', ( #853, #386, #1371, #1368 ) ) ;
#830 = VECTOR ( 'NONE', #669, 1000.000000000000000 ) ;
#831 = CARTESIAN_POINT ( 'NONE',  ( -0.2750000000000005218, 0.07999999999999998779, 0.1700000000000000122 ) ) ;
#832 = ORIENTED_EDGE ( 'NONE', *, *, #656, .T. ) ;
#833 =( GEOMETRIC_REPRESENTATION_CONTEXT ( 3 ) GLOBAL_UNCERTAINTY_ASSIGNED_CONTEXT ( ( #396 ) ) GLOBAL_UNIT_ASSIGNED_CONTEXT ( ( #508, #856, #1018 ) ) REPRESENTATION_CONTEXT ( 'NONE', 'WORKASPACE' ) );
#834 = DIRECTION ( 'NONE',  ( 1.000000000000000000, 0.000000000000000000, -8.673617379884036705E-17 ) ) ;
#835 = CARTESIAN_POINT ( 'NONE',  ( 500000.0000000000582, 0.4700000000000000289, 0.2233333332899651857 ) ) ;
#836 = EDGE_CURVE ( 'NONE', #141, #1266, #673, .T. ) ;
#837 = ORIENTED_EDGE ( 'NONE', *, *, #1405, .F. ) ;
#838 = PLANE ( 'NONE',  #1064 ) ;
#839 = ORIENTED_EDGE ( 'NONE', *, *, #584, .T. ) ;
#840 = EDGE_CURVE ( 'NONE', #217, #1228, #1158, .T. ) ;
#841 = CIRCLE ( 'NONE', #808, 0.07999999999999998779 ) ;
#842 = ORIENTED_EDGE ( 'NONE', *, *, #651, .T. ) ;
#843 = EDGE_LOOP ( 'NONE', ( #1273, #427, #634, #761 ) ) ;
#844 = FILL_AREA_STYLE ('',( #278 ) ) ;
#845 = DIRECTION ( 'NONE',  ( -0.000000000000000000, 1.000000000000000000, -0.000000000000000000 ) ) ;
#846 = VERTEX_POINT ( 'NONE', #6 ) ;
#847 = ORIENTED_EDGE ( 'NONE', *, *, #379, .T. ) ;
#848 = LINE ( 'NONE', #1024, #882 ) ;
#849 = STYLED_ITEM ( 'NONE', ( #865 ), #1102 ) ;
#850 = ORIENTED_EDGE ( 'NONE', *, *, #255, .T. ) ;
#851 = LINE ( 'NONE', #945, #384 ) ;
#852 =( LENGTH_UNIT ( ) NAMED_UNIT ( * ) SI_UNIT ( .MILLI., .METRE. ) );
#853 = ORIENTED_EDGE ( 'NONE', *, *, #1347, .F. ) ;
#854 = STYLED_ITEM ( 'NONE', ( #1246 ), #989 ) ;
#855 = EDGE_CURVE ( 'NONE', #351, #367, #700, .T. ) ;
#856 =( NAMED_UNIT ( * ) PLANE_ANGLE_UNIT ( ) SI_UNIT ( $, .RADIAN. ) );
#857 = CARTESIAN_POINT ( 'NONE',  ( 0.000000000000000000, 0.000000000000000000, 0.1700000000000000122 ) ) ;
#858 = ORIENTED_EDGE ( 'NONE', *, *, #79, .F. ) ;
#859 = FACE_OUTER_BOUND ( 'NONE', #1073, .T. ) ;
#860 = EDGE_LOOP ( 'NONE', ( #914, #771, #1362, #161 ) ) ;
#861 = FACE_OUTER_BOUND ( 'NONE', #1381, .T. ) ;
#862 = EDGE_LOOP ( 'NONE', ( #203, #1293, #817, #126, #661, #1334, #906, #164 ) ) ;
#863 = LINE ( 'NONE', #8, #1357 ) ;
#864 = CARTESIAN_POINT ( 'NONE',  ( 0.000000000000000000, 0.5500000000000000444, 0.000000000000000000 ) ) ;
#865 = PRESENTATION_STYLE_ASSIGNMENT (( #377 ) ) ;
#866 = ORIENTED_EDGE ( 'NONE', *, *, #1023, .F. ) ;
#867 = COLOUR_RGB ( '',0.7294117647058823151, 0.3568627450980392246, 0.02352941176470588203 ) ;
#868 = DIRECTION ( 'NONE',  ( -1.000000000000000000, -0.000000000000000000, 8.673617379884037937E-17 ) ) ;
#869 = DIRECTION ( 'NONE',  ( -0.000000000000000000, -1.000000000000000000, -0.000000000000000000 ) ) ;
#870 = ORIENTED_EDGE ( 'NONE', *, *, #1411, .T. ) ;
#871 = SPHERICAL_SURFACE ( 'NONE', #49, 0.08000000000000000167 ) ;
#872 = ORIENTED_EDGE ( 'NONE', *, *, #55, .F. ) ;
#873 = FACE_OUTER_BOUND ( 'NONE', #1241, .T. ) ;
#874 = AXIS2_PLACEMENT_3D ( 'NONE', #1320, #1422, #171 ) ;
#875 = CIRCLE ( 'NONE', #940, 0.07999999999999998779 ) ;
#876 =( GEOMETRIC_REPRESENTATION_CONTEXT ( 3 ) GLOBAL_UNCERTAINTY_ASSIGNED_CONTEXT ( ( #38 ) ) GLOBAL_UNIT_ASSIGNED_CONTEXT ( ( #567, #796, #938 ) ) REPRESENTATION_CONTEXT ( 'NONE', 'WORKASPACE' ) );
#877 = VERTEX_POINT ( 'NONE', #919 ) ;
#878 = SURFACE_SIDE_STYLE ('',( #609 ) ) ;
#879 = AXIS2_PLACEMENT_3D ( 'NONE', #259, #991, #390 ) ;
#880 = DIRECTION ( 'NONE',  ( -1.000000000000000000, 0.000000000000000000, 8.673617379884037937E-17 ) ) ;
#881 = ADVANCED_FACE ( 'NONE', ( #1155 ), #684, .T. ) ;
#882 = VECTOR ( 'NONE', #1383, 1000.000000000000000 ) ;
#883 = DIRECTION ( 'NONE',  ( -1.000000000000000000, 0.000000000000000000, 0.000000000000000000 ) ) ;
#884 = ORIENTED_EDGE ( 'NONE', *, *, #1054, .F. ) ;
#885 = EDGE_CURVE ( 'NONE', #708, #1290, #725, .T. ) ;
#886 = DIRECTION ( 'NONE',  ( 1.000000000000000000, 0.000000000000000000, 0.000000000000000000 ) ) ;
#887 = CARTESIAN_POINT ( 'NONE',  ( 0.2750000001014996087, 0.02666666666666667185, 0.1699999999999999567 ) ) ;
#888 = ORIENTED_EDGE ( 'NONE', *, *, #1174, .F. ) ;
#889 = FACE_OUTER_BOUND ( 'NONE', #314, .T. ) ;
#890 = COLOUR_RGB ( '',0.7294117647058823151, 0.3568627450980392246, 0.02352941176470588203 ) ;
#891 = ORIENTED_EDGE ( 'NONE', *, *, #403, .T. ) ;
#892 = LINE ( 'NONE', #1364, #830 ) ;
#893 = ORIENTED_EDGE ( 'NONE', *, *, #565, .F. ) ;
#894 =( NAMED_UNIT ( * ) PLANE_ANGLE_UNIT ( ) SI_UNIT ( $, .RADIAN. ) );
#895 = CARTESIAN_POINT ( 'NONE',  ( 0.5000000000000002220, 0.5500000000000000444, -0.1700000000000002343 ) ) ;
#896 = LINE ( 'NONE', #503, #929 ) ;
#897 = CARTESIAN_POINT ( 'NONE',  ( -0.5000000000000002220, 0.4700000000000000289, -0.1700000000000002620 ) ) ;
#898 = ORIENTED_EDGE ( 'NONE', *, *, #541, .T. ) ;
#899 = CYLINDRICAL_SURFACE ( 'NONE', #50, 0.08000000000000000167 ) ;
#900 = CARTESIAN_POINT ( 'NONE',  ( 0.2750000001014996087, 0.4699999999999999178, -0.2233333333333336057 ) ) ;
#901 = ORIENTED_EDGE ( 'NONE', *, *, #33, .F. ) ;
#902 = PRESENTATION_STYLE_ASSIGNMENT (( #1324 ) ) ;
#903 = ORIENTED_EDGE ( 'NONE', *, *, #601, .T. ) ;
#904 = EDGE_CURVE ( 'NONE', #734, #625, #241, .T. ) ;
#905 = LINE ( 'NONE', #1249, #1374 ) ;
#906 = ORIENTED_EDGE ( 'NONE', *, *, #1260, .T. ) ;
#907 = SURFACE_STYLE_USAGE ( .BOTH. , #878 ) ;
#908 = EDGE_CURVE ( 'NONE', #1332, #797, #1187, .T. ) ;
#909 = CARTESIAN_POINT ( 'NONE',  ( 0.2750000000000006328, 0.07999999999999998779, -0.2500000000000002220 ) ) ;
#910 = VERTEX_POINT ( 'NONE', #615 ) ;
#911 = ADVANCED_FACE ( 'NONE', ( #204 ), #1160, .T. ) ;
#912 = VECTOR ( 'NONE', #523, 1000.000000000000000 ) ;
#913 = CARTESIAN_POINT ( 'NONE',  ( -0.4200000000000003730, 0.4700000000000000289, 0.1700000000000000122 ) ) ;
#914 = ORIENTED_EDGE ( 'NONE', *, *, #904, .T. ) ;
#915 = VECTOR ( 'NONE', #1048, 1000.000000000000000 ) ;
#916 = VERTEX_POINT ( 'NONE', #537 ) ;
#917 = PRESENTATION_STYLE_ASSIGNMENT (( #647 ) ) ;
#918 = ORIENTED_EDGE ( 'NONE', *, *, #70, .F. ) ;
#919 = CARTESIAN_POINT ( 'NONE',  ( -0.2750000000000006328, 0.000000000000000000, -0.1700000000000002343 ) ) ;
#920 = DIRECTION ( 'NONE',  ( 0.000000000000000000, 0.000000000000000000, 1.000000000000000000 ) ) ;
#921 = VECTOR ( 'NONE', #578, 1000.000000000000000 ) ;
#922 = CARTESIAN_POINT ( 'NONE',  ( 0.4200000000000002620, 0.4700000000000000289, -0.2500000000000002220 ) ) ;
#923 = UNCERTAINTY_MEASURE_WITH_UNIT (LENGTH_MEASURE( 1.000000000000000082E-05 ), #852, 'distance_accuracy_value', 'NONE');
#924 = FACE_OUTER_BOUND ( 'NONE', #619, .T. ) ;
#925 = CARTESIAN_POINT ( 'NONE',  ( 0.000000000000000000, 0.4700000000000000289, -0.1700000000000002343 ) ) ;
#926 = MECHANICAL_DESIGN_GEOMETRIC_PRESENTATION_REPRESENTATION (  '', ( #854 ), #764 ) ;
#927 = FACE_OUTER_BOUND ( 'NONE', #574, .T. ) ;
#928 = AXIS2_PLACEMENT_3D ( 'NONE', #1425, #69, #334 ) ;
#929 = VECTOR ( 'NONE', #597, 1000.000000000000000 ) ;
#930 = EDGE_CURVE ( 'NONE', #181, #877, #256, .T. ) ;
#931 = DIRECTION ( 'NONE',  ( 1.000000000000000000, 0.000000000000000000, -3.388131789017199384E-16 ) ) ;
#932 =( LENGTH_UNIT ( ) NAMED_UNIT ( * ) SI_UNIT ( .MILLI., .METRE. ) );
#933 = DIRECTION ( 'NONE',  ( 0.000000000000000000, 0.000000000000000000, -1.000000000000000000 ) ) ;
#934 = SURFACE_STYLE_FILL_AREA ( #1169 ) ;
#935 = ADVANCED_FACE ( 'NONE', ( #230 ), #1209, .T. ) ;
#936 = DIRECTION ( 'NONE',  ( -1.000000000000000000, 0.000000000000000000, 0.000000000000000000 ) ) ;
#937 = UNCERTAINTY_MEASURE_WITH_UNIT (LENGTH_MEASURE( 1.000000000000000082E-05 ), #132, 'distance_accuracy_value', 'NONE');
#938 =( NAMED_UNIT ( * ) SI_UNIT ( $, .STERADIAN. ) SOLID_ANGLE_UNIT ( ) );
#939 = CARTESIAN_POINT ( 'NONE',  ( 0.4200000000000003730, 0.4700000000000000289, 0.1700000000000000122 ) ) ;
#940 = AXIS2_PLACEMENT_3D ( 'NONE', #831, #91, #1245 ) ;
#941 = CARTESIAN_POINT ( 'NONE',  ( -0.4200000000000002620, 0.4700000000000000289, -0.1700000000000002343 ) ) ;
#942 = AXIS2_PLACEMENT_3D ( 'NONE', #941, #1343, #84 ) ;
#943 = EDGE_CURVE ( 'NONE', #1247, #276, #261, .T. ) ;
#944 = DIRECTION ( 'NONE',  ( 1.000000000000000000, 0.000000000000000000, -8.673617379884036705E-17 ) ) ;
#945 = CARTESIAN_POINT ( 'NONE',  ( 0.5000000000000004441, 0.4700000000000000289, 0.2500000000000000000 ) ) ;
#946 = CARTESIAN_POINT ( 'NONE',  ( -0.4200000000000003730, 0.07999999999999998779, 0.1700000000000000122 ) ) ;
#947 = FILL_AREA_STYLE_COLOUR ( '', #867 ) ;
#948 = CARTESIAN_POINT ( 'NONE',  ( 0.4200000000000002620, 0.08000000000000000167, -0.1700000000000002343 ) ) ;
#949 = MECHANICAL_DESIGN_GEOMETRIC_PRESENTATION_REPRESENTATION (  '', ( #849 ), #704 ) ;
#950 = CARTESIAN_POINT ( 'NONE',  ( -0.2750000000000005218, 0.000000000000000000, 0.1700000000000000122 ) ) ;
#951 = CARTESIAN_POINT ( 'NONE',  ( -0.2750000000000005218, 0.5500000000000000444, 0.1700000000000000122 ) ) ;
#952 = PRESENTATION_LAYER_ASSIGNMENT (  '', '', ( #990 ) ) ;
#953 = AXIS2_PLACEMENT_3D ( 'NONE', #385, #491, #1009 ) ;
#954 = EDGE_CURVE ( 'NONE', #1110, #342, #236, .T. ) ;
#955 = CARTESIAN_POINT ( 'NONE',  ( 0.2750000001014996087, 0.08000000000000009881, 0.2233333333333332726 ) ) ;
#956 = DIRECTION ( 'NONE',  ( 1.000000000000000000, 0.000000000000000000, 6.776263578034403699E-16 ) ) ;
#957 = DIRECTION ( 'NONE',  ( 0.000000000000000000, -1.000000000000000000, 0.000000000000000000 ) ) ;
#958 = DIRECTION ( 'NONE',  ( 4.336808689942015764E-16, 0.000000000000000000, 1.000000000000000000 ) ) ;
#959 = DIRECTION ( 'NONE',  ( 0.000000000000000000, 0.000000000000000000, 1.000000000000000000 ) ) ;
#960 = PRODUCT_DEFINITION ( 'UNKNOWN', '', #1196, #59 ) ;
#961 = CARTESIAN_POINT ( 'NONE',  ( 0.4200000000000003730, 0.08000000000000000167, 0.1700000000000000122 ) ) ;
#962 = AXIS2_PLACEMENT_3D ( 'NONE', #1014, #391, #21 ) ;
#963 = EDGE_CURVE ( 'NONE', #708, #797, #691, .T. ) ;
#964 = CARTESIAN_POINT ( 'NONE',  ( -0.4200000000000002620, 0.000000000000000000, -0.1700000000000002343 ) ) ;
#965 = PLANE ( 'NONE',  #270 ) ;
#966 = CARTESIAN_POINT ( 'NONE',  ( -0.2750000000000005773, 0.07999999999999998779, -0.1700000000000002343 ) ) ;
#967 = CARTESIAN_POINT ( 'NONE',  ( 500000.0000000000582, 0.02666666666666666491, 0.1699999999566318976 ) ) ;
#968 = DIRECTION ( 'NONE',  ( -1.000000000000000000, 0.000000000000000000, 0.000000000000000000 ) ) ;
#969 = AXIS2_PLACEMENT_3D ( 'NONE', #742, #732, #1037 ) ;
#970 =( GEOMETRIC_REPRESENTATION_CONTEXT ( 3 ) GLOBAL_UNCERTAINTY_ASSIGNED_CONTEXT ( ( #979 ) ) GLOBAL_UNIT_ASSIGNED_CONTEXT ( ( #932, #1363, #150 ) ) REPRESENTATION_CONTEXT ( 'NONE', 'WORKASPACE' ) );
#971 = ADVANCED_FACE ( 'NONE', ( #715 ), #466, .F. ) ;
#972 = CARTESIAN_POINT ( 'NONE',  ( -0.2750000000000005218, 0.5500000000000000444, 0.1700000000000000122 ) ) ;
#973 =( NAMED_UNIT ( * ) PLANE_ANGLE_UNIT ( ) SI_UNIT ( $, .RADIAN. ) );
#974 = EDGE_CURVE ( 'NONE', #1101, #1228, #1177, .T. ) ;
#975 = CARTESIAN_POINT ( 'NONE',  ( 0.4200000000000002620, 0.5500000000000000444, -0.1700000000000002343 ) ) ;
#976 = PLANE ( 'NONE',  #595 ) ;
#977 = CARTESIAN_POINT ( 'NONE',  ( -0.4200000000000002620, 0.07999999999999998779, -0.2500000000000001665 ) ) ;
#978 = CARTESIAN_POINT ( 'NONE',  ( 0.2750000000000006328, 0.5500000000000000444, -0.2500000000000002220 ) ) ;
#979 = UNCERTAINTY_MEASURE_WITH_UNIT (LENGTH_MEASURE( 1.000000000000000082E-05 ), #932, 'distance_accuracy_value', 'NONE');
#980 = STYLED_ITEM ( 'NONE', ( #1311 ), #1313 ) ;
#981 = CARTESIAN_POINT ( 'NONE',  ( 0.2750000001014996087, 0.4700000000000000289, 0.2233333333333332449 ) ) ;
#982 = STYLED_ITEM ( 'NONE', ( #114 ), #35 ) ;
#983 = CARTESIAN_POINT ( 'NONE',  ( 0.2749999999878127710, 0.02666666666666666491, 0.1699999998482117358 ) ) ;
#984 = CARTESIAN_POINT ( 'NONE',  ( -0.4200000000000002620, 0.4700000000000000289, -0.2500000000000002220 ) ) ;
#985 =( NAMED_UNIT ( * ) SI_UNIT ( $, .STERADIAN. ) SOLID_ANGLE_UNIT ( ) );
#986 = DIRECTION ( 'NONE',  ( 0.000000000000000000, 0.000000000000000000, -1.000000000000000000 ) ) ;
#987 = DIRECTION ( 'NONE',  ( 0.000000000000000000, -0.000000000000000000, -1.000000000000000000 ) ) ;
#988 = AXIS2_PLACEMENT_3D ( 'NONE', #422, #944, #1258 ) ;
#989 = ADVANCED_FACE ( 'NONE', ( #1198 ), #1300, .T. ) ;
#990 = STYLED_ITEM ( 'NONE', ( #902 ), #350 ) ;
#991 = DIRECTION ( 'NONE',  ( -1.000000000000000000, -0.000000000000000000, -0.000000000000000000 ) ) ;
#992 = EDGE_CURVE ( 'NONE', #1346, #141, #349, .T. ) ;
#993 = DIRECTION ( 'NONE',  ( -1.000000000000000000, 0.000000000000000000, -3.388131789017201849E-16 ) ) ;
#994 = CARTESIAN_POINT ( 'NONE',  ( -0.2750000000000005773, 0.02666666666666666491, 0.1700000000000000122 ) ) ;
#995 = ADVANCED_FACE ( 'NONE', ( #284 ), #1277, .T. ) ;
#996 = CARTESIAN_POINT ( 'NONE',  ( 0.000000000000000000, 0.000000000000000000, 0.000000000000000000 ) ) ;
#997 = DIRECTION ( 'NONE',  ( 2.168404344971007882E-16, 0.000000000000000000, 1.000000000000000000 ) ) ;
#998 = CARTESIAN_POINT ( 'NONE',  ( -0.4200000000000002620, 0.08000000000000000167, -0.1700000000000002343 ) ) ;
#999 = EDGE_CURVE ( 'NONE', #1226, #376, #755, .T. ) ;
#1000 = EDGE_CURVE ( 'NONE', #1105, #103, #763, .T. ) ;
#1001 = DIRECTION ( 'NONE',  ( 0.000000000000000000, 0.000000000000000000, 1.000000000000000000 ) ) ;
#1002 = DIRECTION ( 'NONE',  ( 0.000000000000000000, -1.000000000000000000, 0.000000000000000000 ) ) ;
#1003 = ADVANCED_BREP_SHAPE_REPRESENTATION ( '10.50.550.225', ( #118, #662, #35, #223 ), #40 ) ;
#1004 = DIRECTION ( 'NONE',  ( -2.168404344971007882E-16, -0.000000000000000000, -1.000000000000000000 ) ) ;
#1005 = ADVANCED_FACE ( 'NONE', ( #313 ), #1253, .T. ) ;
#1006 = CARTESIAN_POINT ( 'NONE',  ( -0.5000000000000002220, 0.07999999999999998779, -0.1700000000000002620 ) ) ;
#1007 = FILL_AREA_STYLE ('',( #1058 ) ) ;
#1008 = DIRECTION ( 'NONE',  ( 1.000000000000000000, -0.000000000000000000, -2.168404344971007882E-16 ) ) ;
#1009 = DIRECTION ( 'NONE',  ( 0.000000000000000000, 0.000000000000000000, 1.000000000000000000 ) ) ;
#1010 = STYLED_ITEM ( 'NONE', ( #301 ), #1005 ) ;
#1011 = EDGE_CURVE ( 'NONE', #738, #342, #299, .T. ) ;
#1012 = DIRECTION ( 'NONE',  ( -1.000000000000000000, 0.000000000000000000, 0.000000000000000000 ) ) ;
#1013 = DIRECTION ( 'NONE',  ( 4.336808689942015764E-16, -0.000000000000000000, -1.000000000000000000 ) ) ;
#1014 = CARTESIAN_POINT ( 'NONE',  ( 0.4200000000000002620, 0.07999999999999998779, -0.1700000000000002343 ) ) ;
#1015 = CARTESIAN_POINT ( 'NONE',  ( 0.5000000000000002220, 0.07999999999999998779, -0.2500000000000002220 ) ) ;
#1016 = PLANE ( 'NONE',  #571 ) ;
#1017 = CARTESIAN_POINT ( 'NONE',  ( -0.4200000000000002620, 0.08000000000000000167, -0.1700000000000002343 ) ) ;
#1018 =( NAMED_UNIT ( * ) SI_UNIT ( $, .STERADIAN. ) SOLID_ANGLE_UNIT ( ) );
#1019 = AXIS2_PLACEMENT_3D ( 'NONE', #1025, #1139, #500 ) ;
#1020 = CARTESIAN_POINT ( 'NONE',  ( 0.2750000000000006328, 0.4700000000000000289, -0.2500000000000002220 ) ) ;
#1021 = SURFACE_STYLE_USAGE ( .BOTH. , #249 ) ;
#1022 = AXIS2_PLACEMENT_3D ( 'NONE', #583, #506, #519 ) ;
#1023 = EDGE_CURVE ( 'NONE', #1295, #412, #794, .T. ) ;
#1024 = CARTESIAN_POINT ( 'NONE',  ( 0.2750000000000005218, 0.5500000000000000444, 0.2500000000000000000 ) ) ;
#1025 = CARTESIAN_POINT ( 'NONE',  ( 0.2750000000000006328, 0.5500000000000000444, -0.2500000000000002220 ) ) ;
#1026 = DIRECTION ( 'NONE',  ( -6.776263578034403699E-16, 0.000000000000000000, -1.000000000000000000 ) ) ;
#1027 = DIRECTION ( 'NONE',  ( -4.336808689942015764E-16, 0.000000000000000000, -1.000000000000000000 ) ) ;
#1028 = CARTESIAN_POINT ( 'NONE',  ( -0.2750000000000005218, 0.4700000000000000289, 0.2500000000000000000 ) ) ;
#1029 = MECHANICAL_DESIGN_GEOMETRIC_PRESENTATION_REPRESENTATION (  '', ( #9 ), #1229 ) ;
#1030 = DIRECTION ( 'NONE',  ( -0.000000000000000000, 1.000000000000000000, 0.000000000000000000 ) ) ;
#1031 = DIRECTION ( 'NONE',  ( 1.000000000000000000, 0.000000000000000000, -8.673617379884036705E-17 ) ) ;
#1032 = EDGE_CURVE ( 'NONE', #1336, #1150, #772, .T. ) ;
#1033 = AXIS2_PLACEMENT_3D ( 'NONE', #1111, #1386, #645 ) ;
#1034 = EDGE_CURVE ( 'NONE', #640, #103, #774, .T. ) ;
#1035 = CARTESIAN_POINT ( 'NONE',  ( -0.4200000000000003730, 0.000000000000000000, 0.1700000000000000122 ) ) ;
#1036 = PLANE ( 'NONE',  #1019 ) ;
#1037 = DIRECTION ( 'NONE',  ( 0.000000000000000000, 0.000000000000000000, 1.000000000000000000 ) ) ;
#1038 = CARTESIAN_POINT ( 'NONE',  ( 500000.0000000000582, 0.4699999999999999178, -0.2233333333767016649 ) ) ;
#1039 = DIRECTION ( 'NONE',  ( -8.673617379884037937E-17, 0.000000000000000000, -1.000000000000000000 ) ) ;
#1040 =( GEOMETRIC_REPRESENTATION_CONTEXT ( 3 ) GLOBAL_UNCERTAINTY_ASSIGNED_CONTEXT ( ( #802 ) ) GLOBAL_UNIT_ASSIGNED_CONTEXT ( ( #297, #432, #569 ) ) REPRESENTATION_CONTEXT ( 'NONE', 'WORKASPACE' ) );
#1041 = AXIS2_PLACEMENT_3D ( 'NONE', #492, #1120, #1402 ) ;
#1042 = DIRECTION ( 'NONE',  ( -4.336808689942015764E-16, 0.000000000000000000, 1.000000000000000000 ) ) ;
#1043 = CARTESIAN_POINT ( 'NONE',  ( -0.2750000000000005218, 0.07999999999999998779, 0.2500000000000000000 ) ) ;
#1044 = EDGE_CURVE ( 'NONE', #1105, #408, #1265, .T. ) ;
#1045 = CARTESIAN_POINT ( 'NONE',  ( -0.4200000000000004285, 0.4700000000000000289, 0.1700000000000000122 ) ) ;
#1046 = DIRECTION ( 'NONE',  ( 1.000000000000000000, 0.000000000000000000, -8.673617379884037937E-17 ) ) ;
#1047 = CARTESIAN_POINT ( 'NONE',  ( -0.4200000000000002620, 0.07999999999999998779, -0.2500000000000002220 ) ) ;
#1048 = DIRECTION ( 'NONE',  ( 2.168404344971008128E-16, 0.000000000000000000, -1.000000000000000000 ) ) ;
#1049 = ADVANCED_FACE ( 'NONE', ( #327 ), #316, .T. ) ;
#1050 = CARTESIAN_POINT ( 'NONE',  ( -0.4200000000000002620, 0.4700000000000000289, -0.1700000000000002343 ) ) ;
#1051 = AXIS2_PLACEMENT_3D ( 'NONE', #741, #130, #311 ) ;
#1052 = CARTESIAN_POINT ( 'NONE',  ( -0.4200000000000003730, 0.08000000000000000167, 0.1700000000000000122 ) ) ;
#1053 = DIRECTION ( 'NONE',  ( 1.000000000000000000, 0.000000000000000000, 0.000000000000000000 ) ) ;
#1054 = EDGE_CURVE ( 'NONE', #376, #1342, #783, .T. ) ;
#1055 = ORIENTED_EDGE ( 'NONE', *, *, #498, .T. ) ;
#1056 = DIRECTION ( 'NONE',  ( -1.000000000000000000, 0.000000000000000000, 0.000000000000000000 ) ) ;
#1057 = ORIENTED_EDGE ( 'NONE', *, *, #202, .T. ) ;
#1058 = FILL_AREA_STYLE_COLOUR ( '', #346 ) ;
#1059 = FILL_AREA_STYLE ('',( #520 ) ) ;
#1060 = CARTESIAN_POINT ( 'NONE',  ( -0.2750000000000005773, 0.02666666666666667185, 0.1700000000000000122 ) ) ;
#1061 = ADVANCED_FACE ( 'NONE', ( #1272 ), #1409, .F. ) ;
#1062 = ORIENTED_EDGE ( 'NONE', *, *, #1034, .F. ) ;
#1063 = CARTESIAN_POINT ( 'NONE',  ( 0.2750000000000005218, 0.07999999999999998779, 0.1700000000000000122 ) ) ;
#1064 = AXIS2_PLACEMENT_3D ( 'NONE', #16, #468, #997 ) ;
#1065 = AXIS2_PLACEMENT_3D ( 'NONE', #515, #1410, #457 ) ;
#1066 = FACE_OUTER_BOUND ( 'NONE', #294, .T. ) ;
#1067 = AXIS2_PLACEMENT_3D ( 'NONE', #1063, #469, #800 ) ;
#1068 = ORIENTED_EDGE ( 'NONE', *, *, #1236, .T. ) ;
#1069 = CARTESIAN_POINT ( 'NONE',  ( -0.5000000000000002220, 0.07999999999999998779, -0.2500000000000002220 ) ) ;
#1070 = DIRECTION ( 'NONE',  ( -0.000000000000000000, 1.000000000000000000, -0.000000000000000000 ) ) ;
#1071 = DIRECTION ( 'NONE',  ( 3.388131789017198891E-16, 0.000000000000000000, 1.000000000000000000 ) ) ;
#1072 = VECTOR ( 'NONE', #344, 1000.000000000000000 ) ;
#1073 = EDGE_LOOP ( 'NONE', ( #291, #1251, #1062, #137, #1326, #353, #1080, #153 ) ) ;
#1074 = VECTOR ( 'NONE', #477, 1000.000000000000000 ) ;
#1075 = CARTESIAN_POINT ( 'NONE',  ( -0.2750000000000006328, 0.5500000000000000444, -0.1700000000000002343 ) ) ;
#1076 = VECTOR ( 'NONE', #440, 1000.000000000000000 ) ;
#1077 = ADVANCED_FACE ( 'NONE', ( #318 ), #1036, .T. ) ;
#1078 = VECTOR ( 'NONE', #815, 1000.000000000000000 ) ;
#1079 = ORIENTED_EDGE ( 'NONE', *, *, #1370, .F. ) ;
#1080 = ORIENTED_EDGE ( 'NONE', *, *, #789, .F. ) ;
#1081 = LINE ( 'NONE', #89, #636 ) ;
#1082 = CARTESIAN_POINT ( 'NONE',  ( 0.5000000000000002220, 0.5500000000000000444, -0.1700000000000002620 ) ) ;
#1083 = FACE_OUTER_BOUND ( 'NONE', #328, .T. ) ;
#1084 = ADVANCED_FACE ( 'NONE', ( #366 ), #965, .F. ) ;
#1085 = DIRECTION ( 'NONE',  ( -1.000000000000000000, -0.000000000000000000, 8.673617379884037937E-17 ) ) ;
#1086 = DIRECTION ( 'NONE',  ( 1.000000000000000000, 0.000000000000000000, 0.000000000000000000 ) ) ;
#1087 = COLOUR_RGB ( '',0.7294117647058823151, 0.3568627450980392246, 0.02352941176470588203 ) ;
#1088 = CIRCLE ( 'NONE', #253, 0.08000000000000004330 ) ;
#1089 = DIRECTION ( 'NONE',  ( 3.388131789017204315E-16, 0.000000000000000000, -1.000000000000000000 ) ) ;
#1090 = FACE_OUTER_BOUND ( 'NONE', #267, .T. ) ;
#1091 = EDGE_CURVE ( 'NONE', #342, #181, #875, .T. ) ;
#1092 = VERTEX_POINT ( 'NONE', #1123 ) ;
#1093 = VECTOR ( 'NONE', #183, 1000.000000000000000 ) ;
#1094 = DIRECTION ( 'NONE',  ( 4.336808689942015764E-16, 0.000000000000000000, -1.000000000000000000 ) ) ;
#1095 = EDGE_CURVE ( 'NONE', #408, #820, #364, .T. ) ;
#1096 = DIRECTION ( 'NONE',  ( 0.000000000000000000, 1.000000000000000000, 0.000000000000000000 ) ) ;
#1097 = PRESENTATION_STYLE_ASSIGNMENT (( #907 ) ) ;
#1098 = DIRECTION ( 'NONE',  ( -1.000000000000000000, 0.000000000000000000, 0.000000000000000000 ) ) ;
#1099 =( NAMED_UNIT ( * ) PLANE_ANGLE_UNIT ( ) SI_UNIT ( $, .RADIAN. ) );
#1100 = VERTEX_POINT ( 'NONE', #955 ) ;
#1101 = VERTEX_POINT ( 'NONE', #1294 ) ;
#1102 = ADVANCED_FACE ( 'NONE', ( #859 ), #707, .F. ) ;
#1103 = DIRECTION ( 'NONE',  ( 0.000000000000000000, -1.000000000000000000, 0.000000000000000000 ) ) ;
#1104 = EDGE_LOOP ( 'NONE', ( #637, #326, #803, #1180 ) ) ;
#1105 = VERTEX_POINT ( 'NONE', #1407 ) ;
#1106 = COLOUR_RGB ( '',0.7294117647058823151, 0.3568627450980392246, 0.02352941176470588203 ) ;
#1107 = ORIENTED_EDGE ( 'NONE', *, *, #437, .F. ) ;
#1108 = CYLINDRICAL_SURFACE ( 'NONE', #622, 0.07999999999999998779 ) ;
#1109 = FILL_AREA_STYLE ('',( #947 ) ) ;
#1110 = VERTEX_POINT ( 'NONE', #1028 ) ;
#1111 = CARTESIAN_POINT ( 'NONE',  ( 0.000000000000000000, 0.5500000000000000444, 0.000000000000000000 ) ) ;
#1112 = FACE_OUTER_BOUND ( 'NONE', #1126, .T. ) ;
#1113 =( NAMED_UNIT ( * ) PLANE_ANGLE_UNIT ( ) SI_UNIT ( $, .RADIAN. ) );
#1114 = VECTOR ( 'NONE', #1070, 1000.000000000000000 ) ;
#1115 = VECTOR ( 'NONE', #94, 1000.000000000000000 ) ;
#1116 = EDGE_LOOP ( 'NONE', ( #765, #842, #343, #1318 ) ) ;
#1117 = AXIS2_PLACEMENT_3D ( 'NONE', #864, #572, #717 ) ;
#1118 = STYLED_ITEM ( 'NONE', ( #1188 ), #118 ) ;
#1119 = FACE_OUTER_BOUND ( 'NONE', #760, .T. ) ;
#1120 = DIRECTION ( 'NONE',  ( 0.000000000000000000, -1.000000000000000000, 0.000000000000000000 ) ) ;
#1121 = ORIENTED_EDGE ( 'NONE', *, *, #836, .T. ) ;
#1122 = SPHERICAL_SURFACE ( 'NONE', #417, 0.08000000000000000167 ) ;
#1123 = CARTESIAN_POINT ( 'NONE',  ( -0.2750000000000005773, 0.4699999999999999178, -0.2233333333333335502 ) ) ;
#1124 = EDGE_CURVE ( 'NONE', #916, #589, #848, .T. ) ;
#1125 = ORIENTED_EDGE ( 'NONE', *, *, #463, .T. ) ;
#1126 = EDGE_LOOP ( 'NONE', ( #355, #1192, #186, #1257 ) ) ;
#1127 = DIRECTION ( 'NONE',  ( 1.000000000000000000, -0.000000000000000000, 0.000000000000000000 ) ) ;
#1128 = LINE ( 'NONE', #994, #594 ) ;
#1129 =( NAMED_UNIT ( * ) SI_UNIT ( $, .STERADIAN. ) SOLID_ANGLE_UNIT ( ) );
#1130 = ORIENTED_EDGE ( 'NONE', *, *, #1285, .T. ) ;
#1131 = ORIENTED_EDGE ( 'NONE', *, *, #359, .F. ) ;
#1132 = LINE ( 'NONE', #372, #1078 ) ;
#1133 = ORIENTED_EDGE ( 'NONE', *, *, #1430, .F. ) ;
#1134 = LINE ( 'NONE', #653, #1074 ) ;
#1135 = CLOSED_SHELL ( 'NONE', ( #1220, #1242, #1061, #246, #768, #733, #881, #24, #543, #196, #184, #535, #759, #781, #911, #476, #1231, #935 ) ) ;
#1136 = ORIENTED_EDGE ( 'NONE', *, *, #963, .T. ) ;
#1137 = CARTESIAN_POINT ( 'NONE',  ( 0.2749999999878127710, 0.4700000000000000289, -0.1700000000000002898 ) ) ;
#1138 = ORIENTED_EDGE ( 'NONE', *, *, #528, .T. ) ;
#1139 = DIRECTION ( 'NONE',  ( 1.000000000000000000, 0.000000000000000000, 2.168404344971007882E-16 ) ) ;
#1140 = CYLINDRICAL_SURFACE ( 'NONE', #550, 0.07999999999999998779 ) ;
#1141 = CARTESIAN_POINT ( 'NONE',  ( -0.2750000000000006328, 0.07999999999999998779, -0.2500000000000002220 ) ) ;
#1142 = ORIENTED_EDGE ( 'NONE', *, *, #487, .T. ) ;
#1143 = VECTOR ( 'NONE', #1392, 1000.000000000000000 ) ;
#1144 = AXIS2_PLACEMENT_3D ( 'NONE', #306, #736, #627 ) ;
#1145 = EDGE_CURVE ( 'NONE', #1100, #240, #1360, .T. ) ;
#1146 = VERTEX_POINT ( 'NONE', #266 ) ;
#1147 = CIRCLE ( 'NONE', #599, 0.05333333333333330900 ) ;
#1148 = VECTOR ( 'NONE', #473, 1000.000000000000000 ) ;
#1149 = DIRECTION ( 'NONE',  ( -1.000000000000000000, -0.000000000000000000, 8.673617379884037937E-17 ) ) ;
#1150 = VERTEX_POINT ( 'NONE', #1006 ) ;
#1151 = CIRCLE ( 'NONE', #198, 0.08000000000000000167 ) ;
#1152 = CIRCLE ( 'NONE', #310, 0.07999999999999998779 ) ;
#1153 = EDGE_LOOP ( 'NONE', ( #773, #898, #400 ) ) ;
#1154 = SURFACE_SIDE_STYLE ('',( #336 ) ) ;
#1155 = FACE_OUTER_BOUND ( 'NONE', #1176, .T. ) ;
#1156 = CARTESIAN_POINT ( 'NONE',  ( 0.2750000000000006328, 0.4700000000000000289, -0.2500000000000002220 ) ) ;
#1157 = ORIENTED_EDGE ( 'NONE', *, *, #452, .F. ) ;
#1158 = LINE ( 'NONE', #213, #243 ) ;
#1159 = ORIENTED_EDGE ( 'NONE', *, *, #1430, .T. ) ;
#1160 = CYLINDRICAL_SURFACE ( 'NONE', #168, 0.08000000000000000167 ) ;
#1161 = LINE ( 'NONE', #247, #1175 ) ;
#1162 = DIRECTION ( 'NONE',  ( 0.000000000000000000, 0.000000000000000000, 1.000000000000000000 ) ) ;
#1163 = ORIENTED_EDGE ( 'NONE', *, *, #855, .F. ) ;
#1164 = ADVANCED_FACE ( 'NONE', ( #861 ), #1358, .T. ) ;
#1165 = VECTOR ( 'NONE', #268, 1000.000000000000000 ) ;
#1166 = CARTESIAN_POINT ( 'NONE',  ( -0.4200000000000002620, 0.4700000000000000289, -0.1700000000000002343 ) ) ;
#1167 = AXIS2_PLACEMENT_3D ( 'NONE', #677, #108, #819 ) ;
#1168 = ORIENTED_EDGE ( 'NONE', *, *, #70, .T. ) ;
#1169 = FILL_AREA_STYLE ('',( #45 ) ) ;
#1170 =( GEOMETRIC_REPRESENTATION_CONTEXT ( 3 ) GLOBAL_UNCERTAINTY_ASSIGNED_CONTEXT ( ( #937 ) ) GLOBAL_UNIT_ASSIGNED_CONTEXT ( ( #132, #973, #289 ) ) REPRESENTATION_CONTEXT ( 'NONE', 'WORKASPACE' ) );
#1171 = ORIENTED_EDGE ( 'NONE', *, *, #487, .F. ) ;
#1172 = AXIS2_PLACEMENT_3D ( 'NONE', #368, #1096, #822 ) ;
#1173 = CYLINDRICAL_SURFACE ( 'NONE', #42, 0.07999999999999998779 ) ;
#1174 = EDGE_CURVE ( 'NONE', #596, #1226, #352, .T. ) ;
#1175 = VECTOR ( 'NONE', #1085, 1000.000000000000000 ) ;
#1176 = EDGE_LOOP ( 'NONE', ( #1168, #173, #648, #235 ) ) ;
#1177 = CIRCLE ( 'NONE', #879, 0.07999999999999998779 ) ;
#1178 = SPHERICAL_SURFACE ( 'NONE', #1255, 0.08000000000000000167 ) ;
#1179 = CARTESIAN_POINT ( 'NONE',  ( 0.000000000000000000, 0.000000000000000000, 0.000000000000000000 ) ) ;
#1180 = ORIENTED_EDGE ( 'NONE', *, *, #229, .T. ) ;
#1181 =( NAMED_UNIT ( * ) PLANE_ANGLE_UNIT ( ) SI_UNIT ( $, .RADIAN. ) );
#1182 = VECTOR ( 'NONE', #332, 1000.000000000000000 ) ;
#1183 = DIRECTION ( 'NONE',  ( -4.336808689942015764E-16, 0.000000000000000000, -1.000000000000000000 ) ) ;
#1184 = LINE ( 'NONE', #835, #227 ) ;
#1185 = ORIENTED_EDGE ( 'NONE', *, *, #105, .F. ) ;
#1186 = DIRECTION ( 'NONE',  ( 0.000000000000000000, 0.000000000000000000, -1.000000000000000000 ) ) ;
#1187 = CIRCLE ( 'NONE', #1404, 0.08000000000000004330 ) ;
#1188 = PRESENTATION_STYLE_ASSIGNMENT (( #809 ) ) ;
#1189 = ORIENTED_EDGE ( 'NONE', *, *, #581, .F. ) ;
#1190 = ORIENTED_EDGE ( 'NONE', *, *, #541, .F. ) ;
#1191 = FILL_AREA_STYLE_COLOUR ( '', #136 ) ;
#1192 = ORIENTED_EDGE ( 'NONE', *, *, #999, .F. ) ;
#1193 = DIRECTION ( 'NONE',  ( -0.000000000000000000, 1.000000000000000000, -0.000000000000000000 ) ) ;
#1194 = VECTOR ( 'NONE', #92, 1000.000000000000000 ) ;
#1195 = CARTESIAN_POINT ( 'NONE',  ( 0.5000000000000004441, 0.5500000000000000444, 0.2500000000000000000 ) ) ;
#1196 = PRODUCT_DEFINITION_FORMATION_WITH_SPECIFIED_SOURCE ( 'ANY', '', #655, .NOT_KNOWN. ) ;
#1197 = EDGE_CURVE ( 'NONE', #1150, #1295, #827, .T. ) ;
#1198 = FACE_OUTER_BOUND ( 'NONE', #1116, .T. ) ;
#1199 = CARTESIAN_POINT ( 'NONE',  ( 0.4200000000000003730, 0.07999999999999998779, 0.1700000000000000122 ) ) ;
#1200 = EDGE_CURVE ( 'NONE', #734, #1295, #1316, .T. ) ;
#1201 = UNCERTAINTY_MEASURE_WITH_UNIT (LENGTH_MEASURE( 1.000000000000000082E-05 ), #568, 'distance_accuracy_value', 'NONE');
#1202 = FACE_OUTER_BOUND ( 'NONE', #190, .T. ) ;
#1203 = CARTESIAN_POINT ( 'NONE',  ( 0.2749999999878127710, 0.4700000000000000289, 0.1699999999999999567 ) ) ;
#1204 = SURFACE_STYLE_USAGE ( .BOTH. , #1224 ) ;
#1205 = CARTESIAN_POINT ( 'NONE',  ( -0.5000000000000002220, 0.4700000000000000289, -0.2500000000000002220 ) ) ;
#1206 = DIRECTION ( 'NONE',  ( 1.000000000000000000, 0.000000000000000000, 0.000000000000000000 ) ) ;
#1207 = ADVANCED_FACE ( 'NONE', ( #1325 ), #1330, .T. ) ;
#1208 = CIRCLE ( 'NONE', #496, 0.07999999999999998779 ) ;
#1209 = CYLINDRICAL_SURFACE ( 'NONE', #308, 0.07999999999999998779 ) ;
#1210 = ORIENTED_EDGE ( 'NONE', *, *, #656, .F. ) ;
#1211 = ORIENTED_EDGE ( 'NONE', *, *, #1305, .F. ) ;
#1212 = CARTESIAN_POINT ( 'NONE',  ( 0.5000000000000002220, 0.07999999999999998779, -0.1700000000000002343 ) ) ;
#1213 = AXIS2_PLACEMENT_3D ( 'NONE', #75, #1252, #252 ) ;
#1214 = CARTESIAN_POINT ( 'NONE',  ( 0.5000000000000004441, 0.5500000000000000444, 0.1700000000000000122 ) ) ;
#1215 = CARTESIAN_POINT ( 'NONE',  ( 0.5000000000000004441, 0.07999999999999998779, 0.2500000000000000000 ) ) ;
#1216 = AXIS2_PLACEMENT_3D ( 'NONE', #1339, #1039, #880 ) ;
#1217 = DIRECTION ( 'NONE',  ( 0.000000000000000000, 0.000000000000000000, -1.000000000000000000 ) ) ;
#1218 = EDGE_CURVE ( 'NONE', #1336, #1226, #374, .T. ) ;
#1219 = ORIENTED_EDGE ( 'NONE', *, *, #651, .F. ) ;
#1220 = ADVANCED_FACE ( 'NONE', ( #1349 ), #462, .F. ) ;
#1221 = EDGE_LOOP ( 'NONE', ( #805, #1278, #1233, #1210 ) ) ;
#1222 = ORIENTED_EDGE ( 'NONE', *, *, #573, .T. ) ;
#1223 = DIRECTION ( 'NONE',  ( 1.000000000000000000, 0.000000000000000000, 2.168404344971007882E-16 ) ) ;
#1224 = SURFACE_SIDE_STYLE ('',( #685 ) ) ;
#1225 = CARTESIAN_POINT ( 'NONE',  ( -0.2750000000000006328, 0.07999999999999998779, -0.1700000000000002343 ) ) ;
#1226 = VERTEX_POINT ( 'NONE', #1333 ) ;
#1227 = DIRECTION ( 'NONE',  ( 0.000000000000000000, 0.000000000000000000, 1.000000000000000000 ) ) ;
#1228 = VERTEX_POINT ( 'NONE', #448 ) ;
#1229 =( GEOMETRIC_REPRESENTATION_CONTEXT ( 3 ) GLOBAL_UNCERTAINTY_ASSIGNED_CONTEXT ( ( #286 ) ) GLOBAL_UNIT_ASSIGNED_CONTEXT ( ( #283, #693, #117 ) ) REPRESENTATION_CONTEXT ( 'NONE', 'WORKASPACE' ) );
#1230 = EDGE_LOOP ( 'NONE', ( #1107, #96, #1222, #1280 ) ) ;
#1231 = ADVANCED_FACE ( 'NONE', ( #398 ), #871, .T. ) ;
#1232 = AXIS2_PLACEMENT_3D ( 'NONE', #967, #1335, #176 ) ;
#1233 = ORIENTED_EDGE ( 'NONE', *, *, #26, .T. ) ;
#1234 = DIRECTION ( 'NONE',  ( 0.000000000000000000, -1.000000000000000000, 0.000000000000000000 ) ) ;
#1235 = CARTESIAN_POINT ( 'NONE',  ( 0.4200000000000003730, 0.4700000000000000289, 0.2500000000000000000 ) ) ;
#1236 = EDGE_CURVE ( 'NONE', #412, #1336, #786, .T. ) ;
#1237 = DIRECTION ( 'NONE',  ( 1.000000000000000000, -0.000000000000000000, -0.000000000000000000 ) ) ;
#1238 = ORIENTED_EDGE ( 'NONE', *, *, #943, .F. ) ;
#1239 = DIRECTION ( 'NONE',  ( -1.000000000000000000, -0.000000000000000000, -0.000000000000000000 ) ) ;
#1240 = SURFACE_STYLE_FILL_AREA ( #48 ) ;
#1241 = EDGE_LOOP ( 'NONE', ( #274, #277, #858, #111 ) ) ;
#1242 = ADVANCED_FACE ( 'NONE', ( #818 ), #976, .F. ) ;
#1243 = CARTESIAN_POINT ( 'NONE',  ( -0.5000000000000004441, 0.5500000000000000444, 0.2500000000000000000 ) ) ;
#1244 = ORIENTED_EDGE ( 'NONE', *, *, #1281, .F. ) ;
#1245 = DIRECTION ( 'NONE',  ( 0.000000000000000000, 0.000000000000000000, 1.000000000000000000 ) ) ;
#1246 = PRESENTATION_STYLE_ASSIGNMENT (( #558 ) ) ;
#1247 = VERTEX_POINT ( 'NONE', #3 ) ;
#1248 = CARTESIAN_POINT ( 'NONE',  ( 0.2750000000000005218, 0.5500000000000000444, 0.1700000000000000122 ) ) ;
#1249 = CARTESIAN_POINT ( 'NONE',  ( -0.2750000000000006328, 0.4700000000000000289, -0.2500000000000002220 ) ) ;
#1250 = APPLICATION_CONTEXT ( 'automotive_design' ) ;
#1251 = ORIENTED_EDGE ( 'NONE', *, *, #26, .F. ) ;
#1252 = DIRECTION ( 'NONE',  ( 1.000000000000000000, 0.000000000000000000, -8.673617379884036705E-17 ) ) ;
#1253 = CYLINDRICAL_SURFACE ( 'NONE', #460, 0.05333333333333330900 ) ;
#1254 = CLOSED_SHELL ( 'NONE', ( #1077, #1102, #65, #1207, #350, #1313, #77, #989, #239, #1005 ) ) ;
#1255 = AXIS2_PLACEMENT_3D ( 'NONE', #961, #1002, #39 ) ;
#1256 = VECTOR ( 'NONE', #57, 1000.000000000000000 ) ;
#1257 = ORIENTED_EDGE ( 'NONE', *, *, #1236, .F. ) ;
#1258 = DIRECTION ( 'NONE',  ( -8.673617379884036705E-17, 0.000000000000000000, -1.000000000000000000 ) ) ;
#1259 = AXIS2_PLACEMENT_3D ( 'NONE', #1179, #167, #499 ) ;
#1260 = EDGE_CURVE ( 'NONE', #265, #1105, #324, .T. ) ;
#1261 = ORIENTED_EDGE ( 'NONE', *, *, #730, .F. ) ;
#1262 = DIRECTION ( 'NONE',  ( 3.388131789017204315E-16, -0.000000000000000000, 1.000000000000000000 ) ) ;
#1263 =( NAMED_UNIT ( * ) SI_UNIT ( $, .STERADIAN. ) SOLID_ANGLE_UNIT ( ) );
#1264 = DIRECTION ( 'NONE',  ( -1.000000000000000000, 0.000000000000000000, 3.388131789017201849E-16 ) ) ;
#1265 = LINE ( 'NONE', #120, #1282 ) ;
#1266 = VERTEX_POINT ( 'NONE', #1047 ) ;
#1267 = COLOUR_RGB ( '',0.7294117647058823151, 0.3568627450980392246, 0.02352941176470588203 ) ;
#1268 = VERTEX_POINT ( 'NONE', #909 ) ;
#1269 = VECTOR ( 'NONE', #1296, 1000.000000000000000 ) ;
#1270 = ORIENTED_EDGE ( 'NONE', *, *, #1000, .F. ) ;
#1271 = DIRECTION ( 'NONE',  ( 1.000000000000000000, 0.000000000000000000, 2.168404344971007882E-16 ) ) ;
#1272 = FACE_OUTER_BOUND ( 'NONE', #824, .T. ) ;
#1273 = ORIENTED_EDGE ( 'NONE', *, *, #565, .T. ) ;
#1274 = FILL_AREA_STYLE_COLOUR ( '', #689 ) ;
#1275 = VECTOR ( 'NONE', #74, 1000.000000000000000 ) ;
#1276 = DIRECTION ( 'NONE',  ( 0.000000000000000000, 0.000000000000000000, 1.000000000000000000 ) ) ;
#1277 = CYLINDRICAL_SURFACE ( 'NONE', #1051, 0.07999999999999998779 ) ;
#1278 = ORIENTED_EDGE ( 'NONE', *, *, #1000, .T. ) ;
#1279 = STYLED_ITEM ( 'NONE', ( #563 ), #1003 ) ;
#1280 = ORIENTED_EDGE ( 'NONE', *, *, #125, .F. ) ;
#1281 = EDGE_CURVE ( 'NONE', #240, #1302, #1289, .T. ) ;
#1282 = VECTOR ( 'NONE', #1030, 1000.000000000000000 ) ;
#1283 = ORIENTED_EDGE ( 'NONE', *, *, #397, .T. ) ;
#1284 = VECTOR ( 'NONE', #507, 1000.000000000000000 ) ;
#1285 = EDGE_CURVE ( 'NONE', #813, #1332, #305, .T. ) ;
#1286 = ORIENTED_EDGE ( 'NONE', *, *, #450, .F. ) ;
#1287 = DIRECTION ( 'NONE',  ( 0.000000000000000000, -1.000000000000000000, 0.000000000000000000 ) ) ;
#1288 = DIRECTION ( 'NONE',  ( -1.000000000000000000, -0.000000000000000000, 8.673617379884037937E-17 ) ) ;
#1289 = LINE ( 'NONE', #617, #1284 ) ;
#1290 = VERTEX_POINT ( 'NONE', #922 ) ;
#1291 = EDGE_LOOP ( 'NONE', ( #1304, #158, #1286 ) ) ;
#1292 = PLANE ( 'NONE',  #1117 ) ;
#1293 = ORIENTED_EDGE ( 'NONE', *, *, #1370, .T. ) ;
#1294 = CARTESIAN_POINT ( 'NONE',  ( 0.4200000000000003730, 0.000000000000000000, 0.1700000000000000122 ) ) ;
#1295 = VERTEX_POINT ( 'NONE', #1416 ) ;
#1296 = DIRECTION ( 'NONE',  ( -0.000000000000000000, -1.000000000000000000, -0.000000000000000000 ) ) ;
#1297 = DIRECTION ( 'NONE',  ( 0.000000000000000000, 0.000000000000000000, -1.000000000000000000 ) ) ;
#1298 = ORIENTED_EDGE ( 'NONE', *, *, #315, .F. ) ;
#1299 = AXIS2_PLACEMENT_3D ( 'NONE', #966, #834, #1186 ) ;
#1300 = CYLINDRICAL_SURFACE ( 'NONE', #538, 0.05333333333333332288 ) ;
#1301 = MECHANICAL_DESIGN_GEOMETRIC_PRESENTATION_REPRESENTATION (  '', ( #982 ), #420 ) ;
#1302 = VERTEX_POINT ( 'NONE', #1060 ) ;
#1303 = CARTESIAN_POINT ( 'NONE',  ( 0.4200000000000002620, 0.07999999999999998779, -0.2500000000000001665 ) ) ;
#1304 = ORIENTED_EDGE ( 'NONE', *, *, #974, .F. ) ;
#1305 = EDGE_CURVE ( 'NONE', #1228, #589, #793, .T. ) ;
#1306 = DIRECTION ( 'NONE',  ( 1.000000000000000000, 0.000000000000000000, 2.168404344971007882E-16 ) ) ;
#1307 = COLOUR_RGB ( '',0.7294117647058823151, 0.3568627450980392246, 0.02352941176470588203 ) ;
#1308 = PRESENTATION_STYLE_ASSIGNMENT (( #564 ) ) ;
#1309 = VERTEX_POINT ( 'NONE', #1353 ) ;
#1310 = CARTESIAN_POINT ( 'NONE',  ( -0.5000000000000004441, 0.4700000000000000289, 0.1699999999999999845 ) ) ;
#1311 = PRESENTATION_STYLE_ASSIGNMENT (( #512 ) ) ;
#1312 = ORIENTED_EDGE ( 'NONE', *, *, #1197, .F. ) ;
#1313 = ADVANCED_FACE ( 'NONE', ( #826 ), #401, .T. ) ;
#1314 = SURFACE_STYLE_FILL_AREA ( #1109 ) ;
#1315 = ORIENTED_EDGE ( 'NONE', *, *, #908, .T. ) ;
#1316 = CIRCLE ( 'NONE', #1167, 0.07999999999999998779 ) ;
#1317 = PLANE ( 'NONE',  #1259 ) ;
#1318 = ORIENTED_EDGE ( 'NONE', *, *, #202, .F. ) ;
#1319 = DIRECTION ( 'NONE',  ( 3.388131789017201849E-16, -2.295887403949780727E-31, 1.000000000000000000 ) ) ;
#1320 = CARTESIAN_POINT ( 'NONE',  ( 500000.0000000000582, 0.07999999999999998779, 0.1699999999566318976 ) ) ;
#1321 = AXIS2_PLACEMENT_3D ( 'NONE', #185, #62, #1183 ) ;
#1322 = ORIENTED_EDGE ( 'NONE', *, *, #624, .T. ) ;
#1323 = DIRECTION ( 'NONE',  ( -1.000000000000000000, -0.000000000000000000, 8.673617379884037937E-17 ) ) ;
#1324 = SURFACE_STYLE_USAGE ( .BOTH. , #298 ) ;
#1325 = FACE_OUTER_BOUND ( 'NONE', #828, .T. ) ;
#1326 = ORIENTED_EDGE ( 'NONE', *, *, #379, .F. ) ;
#1327 = VECTOR ( 'NONE', #958, 1000.000000000000000 ) ;
#1328 = EDGE_CURVE ( 'NONE', #217, #1247, #841, .T. ) ;
#1329 = ORIENTED_EDGE ( 'NONE', *, *, #908, .F. ) ;
#1330 = CYLINDRICAL_SURFACE ( 'NONE', #527, 0.05333333333333332288 ) ;
#1331 = CARTESIAN_POINT ( 'NONE',  ( 0.2750000000000006328, 0.000000000000000000, -0.2500000000000002220 ) ) ;
#1332 = VERTEX_POINT ( 'NONE', #593 ) ;
#1333 = CARTESIAN_POINT ( 'NONE',  ( -0.4200000000000002620, 0.5500000000000000444, -0.1700000000000002343 ) ) ;
#1334 = ORIENTED_EDGE ( 'NONE', *, *, #437, .T. ) ;
#1335 = DIRECTION ( 'NONE',  ( 0.000000000000000000, 1.000000000000000000, 0.000000000000000000 ) ) ;
#1336 = VERTEX_POINT ( 'NONE', #897 ) ;
#1337 = VERTEX_POINT ( 'NONE', #981 ) ;
#1338 = ORIENTED_EDGE ( 'NONE', *, *, #601, .F. ) ;
#1339 = CARTESIAN_POINT ( 'NONE',  ( 500000.0000000000582, 0.4700000000000000289, 0.2233333332899652135 ) ) ;
#1340 = DIRECTION ( 'NONE',  ( 0.000000000000000000, 0.000000000000000000, 1.000000000000000000 ) ) ;
#1341 = EDGE_CURVE ( 'NONE', #412, #376, #395, .T. ) ;
#1342 = VERTEX_POINT ( 'NONE', #951 ) ;
#1343 = DIRECTION ( 'NONE',  ( -1.000000000000000000, 0.000000000000000000, 0.000000000000000000 ) ) ;
#1344 = CYLINDRICAL_SURFACE ( 'NONE', #1400, 0.08000000000000000167 ) ;
#1345 = VECTOR ( 'NONE', #1012, 1000.000000000000000 ) ;
#1346 = VERTEX_POINT ( 'NONE', #407 ) ;
#1347 = EDGE_CURVE ( 'NONE', #877, #141, #380, .T. ) ;
#1348 = ORIENTED_EDGE ( 'NONE', *, *, #954, .F. ) ;
#1349 = FACE_OUTER_BOUND ( 'NONE', #262, .T. ) ;
#1350 = DIRECTION ( 'NONE',  ( 1.000000000000000000, 0.000000000000000000, 0.000000000000000000 ) ) ;
#1351 = ORIENTED_EDGE ( 'NONE', *, *, #90, .T. ) ;
#1352 =( NAMED_UNIT ( * ) PLANE_ANGLE_UNIT ( ) SI_UNIT ( $, .RADIAN. ) );
#1353 = CARTESIAN_POINT ( 'NONE',  ( 0.5000000000000004441, 0.4700000000000000289, 0.1699999999999999845 ) ) ;
#1354 = ORIENTED_EDGE ( 'NONE', *, *, #584, .F. ) ;
#1355 = DIRECTION ( 'NONE',  ( 0.000000000000000000, 0.000000000000000000, -1.000000000000000000 ) ) ;
#1356 = ORIENTED_EDGE ( 'NONE', *, *, #749, .F. ) ;
#1357 = VECTOR ( 'NONE', #87, 1000.000000000000000 ) ;
#1358 = SPHERICAL_SURFACE ( 'NONE', #329, 0.08000000000000000167 ) ;
#1359 = ORIENTED_EDGE ( 'NONE', *, *, #292, .F. ) ;
#1360 = CIRCLE ( 'NONE', #561, 0.05333333333333332288 ) ;
#1361 = DIRECTION ( 'NONE',  ( 1.000000000000000000, 0.000000000000000000, 0.000000000000000000 ) ) ;
#1362 = ORIENTED_EDGE ( 'NONE', *, *, #930, .F. ) ;
#1363 =( NAMED_UNIT ( * ) PLANE_ANGLE_UNIT ( ) SI_UNIT ( $, .RADIAN. ) );
#1364 = CARTESIAN_POINT ( 'NONE',  ( 0.2749999999878127710, 0.5233333333333333171, -0.1700000001517885106 ) ) ;
#1365 = ADVANCED_FACE ( 'NONE', ( #889 ), #838, .F. ) ;
#1366 = PRESENTATION_LAYER_ASSIGNMENT (  '', '', ( #682 ) ) ;
#1367 = FACE_OUTER_BOUND ( 'NONE', #1230, .T. ) ;
#1368 = ORIENTED_EDGE ( 'NONE', *, *, #836, .F. ) ;
#1369 = DIRECTION ( 'NONE',  ( 0.000000000000000000, 0.000000000000000000, 1.000000000000000000 ) ) ;
#1370 = EDGE_CURVE ( 'NONE', #820, #1146, #892, .T. ) ;
#1371 = ORIENTED_EDGE ( 'NONE', *, *, #403, .F. ) ;
#1372 = CIRCLE ( 'NONE', #52, 0.05333333333333332288 ) ;
#1373 = ORIENTED_EDGE ( 'NONE', *, *, #816, .F. ) ;
#1374 = VECTOR ( 'NONE', #546, 1000.000000000000000 ) ;
#1375 = DIRECTION ( 'NONE',  ( -4.336808689942015764E-16, -0.000000000000000000, -1.000000000000000000 ) ) ;
#1376 = ORIENTED_EDGE ( 'NONE', *, *, #225, .F. ) ;
#1377 =( LENGTH_UNIT ( ) NAMED_UNIT ( * ) SI_UNIT ( .MILLI., .METRE. ) );
#1378 = CARTESIAN_POINT ( 'NONE',  ( -0.5000000000000004441, 0.07999999999999998779, 0.1700000000000000122 ) ) ;
#1379 = ORIENTED_EDGE ( 'NONE', *, *, #963, .F. ) ;
#1380 = CARTESIAN_POINT ( 'NONE',  ( -0.2750000000000005773, 0.5233333333333333171, 0.1699999999999999012 ) ) ;
#1381 = EDGE_LOOP ( 'NONE', ( #891, #839, #1185 ) ) ;
#1382 = ORIENTED_EDGE ( 'NONE', *, *, #1091, .T. ) ;
#1383 = DIRECTION ( 'NONE',  ( 0.000000000000000000, -1.000000000000000000, -0.000000000000000000 ) ) ;
#1384 = STYLED_ITEM ( 'NONE', ( #1097 ), #662 ) ;
#1385 = CIRCLE ( 'NONE', #969, 0.08000000000000000167 ) ;
#1386 = DIRECTION ( 'NONE',  ( 0.000000000000000000, 1.000000000000000000, -0.000000000000000000 ) ) ;
#1387 = ORIENTED_EDGE ( 'NONE', *, *, #992, .T. ) ;
#1388 = ADVANCED_FACE ( 'NONE', ( #873 ), #1344, .T. ) ;
#1389 =( GEOMETRIC_REPRESENTATION_CONTEXT ( 3 ) GLOBAL_UNCERTAINTY_ASSIGNED_CONTEXT ( ( #489 ) ) GLOBAL_UNIT_ASSIGNED_CONTEXT ( ( #2, #1181, #320 ) ) REPRESENTATION_CONTEXT ( 'NONE', 'WORKASPACE' ) );
#1390 = LINE ( 'NONE', #1020, #453 ) ;
#1391 = EDGE_LOOP ( 'NONE', ( #746, #1283, #847, #1244 ) ) ;
#1392 = DIRECTION ( 'NONE',  ( -1.000000000000000000, -0.000000000000000000, -0.000000000000000000 ) ) ;
#1393 = LINE ( 'NONE', #857, #444 ) ;
#1394 = CARTESIAN_POINT ( 'NONE',  ( -0.5000000000000002220, 0.5500000000000000444, -0.1700000000000002343 ) ) ;
#1395 = COLOUR_RGB ( '',0.7294117647058823151, 0.3568627450980392246, 0.02352941176470588203 ) ;
#1396 = CARTESIAN_POINT ( 'NONE',  ( -0.2750000000000006328, 0.000000000000000000, -0.2500000000000002220 ) ) ;
#1397 = CARTESIAN_POINT ( 'NONE',  ( 0.4200000000000002620, 0.5500000000000000444, -0.2500000000000002220 ) ) ;
#1398 =( NAMED_UNIT ( * ) SI_UNIT ( $, .STERADIAN. ) SOLID_ANGLE_UNIT ( ) );
#1399 = LINE ( 'NONE', #433, #912 ) ;
#1400 = AXIS2_PLACEMENT_3D ( 'NONE', #1378, #1086, #475 ) ;
#1401 = AXIS2_PLACEMENT_3D ( 'NONE', #529, #869, #157 ) ;
#1402 = DIRECTION ( 'NONE',  ( 0.000000000000000000, 0.000000000000000000, -1.000000000000000000 ) ) ;
#1403 = CARTESIAN_POINT ( 'NONE',  ( -0.5000000000000002220, 0.07999999999999998779, -0.2500000000000002220 ) ) ;
#1404 = AXIS2_PLACEMENT_3D ( 'NONE', #948, #1262, #931 ) ;
#1405 = EDGE_CURVE ( 'NONE', #797, #846, #389, .T. ) ;
#1406 = CIRCLE ( 'NONE', #273, 0.07999999999999998779 ) ;
#1407 = CARTESIAN_POINT ( 'NONE',  ( 0.2750000001014996087, 0.07999999999999998779, -0.2233333333333336057 ) ) ;
#1408 = CIRCLE ( 'NONE', #354, 0.07999999999999998779 ) ;
#1409 = PLANE ( 'NONE',  #76 ) ;
#1410 = DIRECTION ( 'NONE',  ( 0.000000000000000000, 0.000000000000000000, 1.000000000000000000 ) ) ;
#1411 = EDGE_CURVE ( 'NONE', #1309, #1247, #371, .T. ) ;
#1412 = PRESENTATION_LAYER_ASSIGNMENT (  '', '', ( #679 ) ) ;
#1413 = EDGE_CURVE ( 'NONE', #916, #217, #851, .T. ) ;
#1414 = DIRECTION ( 'NONE',  ( 0.000000000000000000, 0.000000000000000000, 1.000000000000000000 ) ) ;
#1415 = DIRECTION ( 'NONE',  ( 0.000000000000000000, 8.470329472543003391E-16, 1.000000000000000000 ) ) ;
#1416 = CARTESIAN_POINT ( 'NONE',  ( -0.5000000000000004441, 0.07999999999999998779, 0.1699999999999999845 ) ) ;
#1417 = CARTESIAN_POINT ( 'NONE',  ( -0.5000000000000004441, 0.5500000000000000444, 0.1700000000000000122 ) ) ;
#1418 = CARTESIAN_POINT ( 'NONE',  ( 0.2750000000000006328, 0.000000000000000000, -0.1700000000000002343 ) ) ;
#1419 = PRESENTATION_LAYER_ASSIGNMENT (  '', '', ( #1010 ) ) ;
#1420 = DIRECTION ( 'NONE',  ( 0.000000000000000000, 1.000000000000000000, 0.000000000000000000 ) ) ;
#1421 = EDGE_CURVE ( 'NONE', #820, #144, #863, .T. ) ;
#1422 = DIRECTION ( 'NONE',  ( -1.000000000000000000, -0.000000000000000000, 8.673617379884037937E-17 ) ) ;
#1423 = FILL_AREA_STYLE_COLOUR ( '', #1267 ) ;
#1424 = CARTESIAN_POINT ( 'NONE',  ( -0.4200000000000003730, 0.07999999999999998779, 0.2500000000000000000 ) ) ;
#1425 = CARTESIAN_POINT ( 'NONE',  ( -0.4200000000000003730, 0.08000000000000000167, 0.1700000000000000122 ) ) ;
#1426 = CARTESIAN_POINT ( 'NONE',  ( 0.4200000000000002620, 0.07999999999999998779, -0.1700000000000002343 ) ) ;
#1427 = PRESENTATION_LAYER_ASSIGNMENT (  '', '', ( #980 ) ) ;
#1428 = DIRECTION ( 'NONE',  ( 0.000000000000000000, 1.000000000000000000, 0.000000000000000000 ) ) ;
#1429 = AXIS2_PLACEMENT_3D ( 'NONE', #231, #1223, #1001 ) ;
#1430 = EDGE_CURVE ( 'NONE', #1346, #596, #612, .T. ) ;
ENDSEC;
END-ISO-10303-21;
